Timestamp,total_connections,sum_syn_ack_rst_flags,unique_dest_ports,avg_bytes_per_sec,avg_packets_per_sec,avg_iat_mean,avg_iat_variance,attack_fraction,dominant_attack_type,pkt_ttl_variance,pkt_tcp_window_avg,pkt_ip_frag_fraction,pkt_payload_mean,pkt_payload_std,pkt_retrans_count,pkt_portscan_delta_std,source_file
2017-07-03 01:01:50,1,0,1,601307.1895424837,26143.7908496732,1.0,0.0,0.0,BENIGN,2048.0,0.0,0.0,41.0,29.698484809834994,1,0.0,File_10
2017-07-03 01:03:40,1,0,1,1675324.6753246754,25974.02597402597,3.0,0.0,0.0,BENIGN,0.0,0.0,0.0,35.0,11.313708498984761,1,0.0,File_10
2017-07-03 01:04:50,2,0,1,776844.070961718,24976.657329598507,2.0,0.0,0.0,BENIGN,1365.3333333333333,0.0,0.0,42.0,35.59026084010437,2,12021.286684692099,File_10
2017-07-03 01:06:40,3,0,1,1254826.431333645,17818.747381295252,3.0,0.0,0.0,BENIGN,0.0,0.0,0.0,78.33333333333333,90.43376950380133,3,24201.87923777821,File_10
2017-07-03 01:07:30,1,0,1,1414.1293769488968,23.833641184531967,30713.0,2829220171.0000005,0.0,BENIGN,0.0,0.0,0.0,77.66666666666667,73.90083445627211,2,32062.0,File_10
2017-07-03 01:07:40,2,0,1,182871.93037379172,2272.5292524265838,3.5,0.0,0.0,BENIGN,0.0,0.0,0.0,61.25,48.616698091636515,2,28296.47669862019,File_10
2017-07-03 01:10:20,1,0,1,1092592.5925925926,18518.51851851852,46.0,0.0,0.0,BENIGN,2048.0,0.0,0.0,76.0,82.02438661763951,1,0.0,File_10
2017-07-03 01:15:10,1,0,1,1467625.8992805756,28776.97841726619,3.0,0.0,0.0,BENIGN,0.0,0.0,0.0,108.0,90.50966799187809,1,0.0,File_10
2017-07-03 01:15:30,1,0,1,4525.777253049981,65.59097468188378,4.0,0.0,0.0,BENIGN,2048.0,0.0,0.0,62.0,56.568542494923804,1,0.0,File_10
2017-07-03 01:16:50,1,0,1,601307.1895424837,26143.7908496732,1.0,0.0,0.0,BENIGN,2048.0,0.0,0.0,57.0,48.08326112068523,1,0.0,File_10
2017-07-03 01:17:50,1,0,1,874316.9398907104,21857.92349726776,3.0,0.0,0.0,BENIGN,0.0,0.0,0.0,47.0,26.870057685088806,1,0.0,File_10
2017-07-03 01:19:50,1,0,1,621621.6216216217,27027.027027027027,1.0,0.0,0.0,BENIGN,2048.0,0.0,0.0,106.5,125.15790027001891,1,0.0,File_10
2017-07-03 01:21:00,1,0,1,8029.825064525379,127.45754070675206,1.0,0.0,0.0,BENIGN,2048.0,0.0,0.0,70.0,67.88225099390856,1,0.0,File_10
2017-07-03 01:21:10,3,0,1,1296501.7810401728,16013.683865577195,3.0,0.0,0.0,BENIGN,0.0,0.0,0.0,83.33333333333333,88.21262192377385,3,29235.820964016042,File_10
2017-07-03 01:22:00,1,0,1,10729.546801409811,124.76217210941644,3.0,0.0,0.0,BENIGN,2048.0,0.0,0.0,89.5,84.14570696119915,1,0.0,File_10
2017-07-03 01:23:40,1,0,1,12938.525909237203,128.7415513356936,3.0,0.0,0.0,BENIGN,0.0,0.0,0.0,120.0,90.50966799187809,1,0.0,File_10
2017-07-03 01:25:00,1,0,1,8139.937651541392,115.46010853250202,2.0,0.0,0.0,BENIGN,2048.0,0.0,0.0,37.5,26.16295090390226,1,0.0,File_10
2017-07-03 01:25:30,1,0,1,935483.870967742,16129.032258064515,48.0,0.0,0.0,BENIGN,0.0,0.0,0.0,62.333333333333336,64.66323014923809,2,0.0,File_10
2017-07-03 01:26:30,1,0,1,12144.765606023804,145.73718727228564,8325.333333333332,207783696.3333334,0.0,BENIGN,0.0,0.0,0.0,36.0,11.313708498984761,1,0.0,File_10
2017-07-03 01:26:40,1,0,1,1540540.5405405406,27027.027027027027,4.0,0.0,0.0,BENIGN,0.0,0.0,0.0,44.0,19.79898987322333,1,0.0,File_10
2017-07-03 01:26:50,2,0,1,1109884.9067599068,24402.680652680647,26.5,0.0,0.0,BENIGN,0.0,0.0,0.0,37.5,9.39858145324779,2,1874.775779185933,File_10
2017-07-03 01:27:00,3,0,1,10833.913584700445,100.33036722902983,18.666666666666668,0.0,0.0,BENIGN,0.0,0.0,0.0,56.285714285714285,41.90351729753437,4,26532.41168468399,File_10
2017-07-03 01:28:30,4,0,1,272077.27266520035,6571.995622934409,8651.75,305758546.5,0.0,BENIGN,0.0,0.0,0.0,45.18181818181818,27.741010009796618,7,26066.026921071036,File_10
2017-07-03 01:29:10,1,0,1,1319327.731092437,16806.72268907563,1.0,0.0,0.0,BENIGN,2048.0,0.0,0.0,75.5,75.66042558696059,1,0.0,File_10
2017-07-03 01:29:30,1,0,1,2069651.7412935323,19900.49751243781,4.0,0.0,0.0,BENIGN,0.0,0.0,0.0,41.0,34.64101615137755,2,26385.0,File_10
2017-07-03 01:30:30,3,0,1,534549.5924712482,6936.155510835455,1.3333333333333333,0.0,0.0,BENIGN,975.2380952380954,0.0,0.0,45.857142857142854,35.1588233185193,4,21355.508545806162,File_10
2017-07-03 01:30:40,2,0,1,531459.2631522054,12040.064292386998,2.5,0.0,0.0,BENIGN,0.0,0.0,0.0,47.75,22.246722605064026,2,1810.1933598375617,File_10
2017-07-03 01:31:30,1,0,1,1132947.9768786128,23121.387283237,3.0,0.0,0.0,BENIGN,0.0,0.0,0.0,37.0,11.313708498984761,1,0.0,File_10
2017-07-03 01:31:50,2,0,1,1620430.9656823622,25458.898643256187,3.0,0.0,0.0,BENIGN,0.0,0.0,0.0,42.6,14.976648490233053,3,23452.514826506347,File_10
2017-07-03 01:32:20,1,0,1,1591078.0669144983,14869.888475836431,1.0,0.0,0.0,BENIGN,2048.0,0.0,0.0,79.0,70.71067811865476,1,0.0,File_10
2017-07-03 01:32:30,3,0,1,8168.527874547796,104.82443050670531,5.0,0.0,0.0,BENIGN,1228.8,0.0,0.0,53.833333333333336,42.29144909632048,3,21873.849290876995,File_10
2017-07-03 01:33:30,3,0,1,483599.4203195897,5964.001718129678,80.66666666666667,0.0,0.0,BENIGN,1228.8,0.0,0.0,46.666666666666664,27.565679143940326,3,13085.090058536089,File_10
2017-07-03 01:34:00,1,0,1,4932.542908556135,36.53735487819359,4.0,0.0,0.0,BENIGN,2048.0,0.0,0.0,47.0,36.76955262170047,1,0.0,File_10
2017-07-03 01:34:30,1,0,1,877005.3475935829,21390.374331550804,48.0,0.0,0.0,BENIGN,0.0,0.0,0.0,43.333333333333336,30.02221399786054,2,25276.5,File_10
2017-07-03 01:34:40,2,0,1,1548872.1804511277,28195.48872180451,3.5,0.0,0.0,BENIGN,0.0,0.0,0.0,108.75,108.73630181927898,2,26727.24323399046,File_10
2017-07-03 01:35:00,1,0,1,1210256.4102564105,20512.82051282051,48.0,0.0,0.0,BENIGN,2048.0,0.0,0.0,52.0,42.42640687119285,1,0.0,File_10
2017-07-03 01:35:10,1,0,1,1410071.9424460432,28776.97841726619,4.0,0.0,0.0,BENIGN,0.0,0.0,0.0,45.0,11.313708498984761,1,0.0,File_10
2017-07-03 01:35:20,1,0,1,921052.6315789472,13157.894736842103,1.0,0.0,0.0,BENIGN,2048.0,0.0,0.0,33.0,22.627416997969522,1,0.0,File_10
2017-07-03 01:36:50,1,0,1,5078.37296743005,65.1073457362827,3.0,0.0,0.0,BENIGN,2048.0,0.0,0.0,130.5,147.78531726798843,1,0.0,File_10
2017-07-03 01:37:00,5,0,1,664155.0216639915,6341.377578495531,2020.6,61072752.60000001,0.0,BENIGN,1092.2666666666669,0.0,0.0,59.6,51.27745876871998,5,10473.453204396885,File_10
2017-07-03 01:37:50,2,0,1,6396.579791360581,96.4110476010492,2.5,0.0,0.0,BENIGN,1228.8,0.0,0.0,68.0,56.032133637761824,4,2480.116803700987,File_10
2017-07-03 01:38:20,2,0,1,714390.6418206786,12409.257866018947,3.5,0.0,0.0,BENIGN,0.0,0.0,0.0,86.33333333333333,62.291786510475575,4,26257.384373924222,File_10
2017-07-03 01:38:50,4,0,1,559060.499776192,6100.794413214107,2.5,0.0,0.0,BENIGN,0.0,0.0,0.0,61.0,52.7852793332167,4,27809.630854164494,File_10
2017-07-03 01:39:30,18,0,1,1651110.7995276563,18073.65485672973,9.88888888888889,0.0,0.0,BENIGN,1053.2571428571428,0.0,0.0,65.22222222222223,52.15368011182288,18,17663.164354910234,File_10
2017-07-03 01:39:40,3,0,1,1304209.8967500294,14858.652197577103,2.3333333333333335,0.0,0.0,BENIGN,1092.2666666666669,0.0,0.0,80.33333333333333,96.9735359088585,3,17944.768211375704,File_10
2017-07-03 01:40:00,1,0,1,2238095.2380952383,23809.52380952381,3.0,0.0,0.0,BENIGN,2048.0,0.0,0.0,87.0,90.50966799187809,1,0.0,File_10
2017-07-03 01:40:10,1,0,1,11796.55772577838,128.9241281505834,3.0,0.0,0.0,BENIGN,2048.0,0.0,0.0,87.0,90.50966799187809,1,0.0,File_10
2017-07-03 01:40:40,3,0,1,544685.0141499647,6404.783194737261,1.6666666666666667,0.0,0.0,BENIGN,1228.8,0.0,0.0,67.16666666666667,72.4055706880808,3,14673.993354230472,File_10
2017-07-03 01:40:50,2,0,1,2046382.9787234042,23971.63120567376,3.5,0.0,0.0,BENIGN,0.0,0.0,0.0,57.0,58.240879114244144,3,26327.74793231468,File_10
2017-07-03 01:41:00,2,0,1,5690.217436191371,112.5451405606384,3.0,0.0,0.0,BENIGN,0.0,0.0,0.0,99.25,109.86468950486321,2,22757.065208169723,File_10
2017-07-03 01:41:40,1,0,1,1809954.7511312217,18099.547511312216,1.0,0.0,0.0,BENIGN,2048.0,0.0,0.0,59.5,37.476659402887016,1,0.0,File_10
2017-07-03 01:42:20,1,0,1,8193.548387096775,193.5483870967742,7781.333333333334,181507408.3333333,0.0,BENIGN,0.0,0.0,0.0,28.0,11.313708498984761,1,0.0,File_10
2017-07-03 01:43:00,4,0,1,1057924.0817296025,18641.695792773884,3.0,0.0,0.0,BENIGN,0.0,0.0,0.0,69.5,81.83781871133034,4,18494.665516613935,File_10
2017-07-03 01:43:20,1,0,1,1319327.731092437,16806.72268907563,1.0,0.0,0.0,BENIGN,2048.0,0.0,0.0,108.5,106.77312395916867,1,0.0,File_10
2017-07-03 01:43:30,1,0,1,2719211.8226600983,19704.433497536946,3.0,0.0,0.0,BENIGN,0.0,0.0,0.0,46.0,33.94112549695428,1,0.0,File_10
2017-07-03 01:43:50,1,0,1,1650485.436893204,19417.47572815534,1.0,0.0,0.0,BENIGN,2048.0,0.0,0.0,128.0,144.2497833620557,1,0.0,File_10
2017-07-03 01:44:20,5,0,1,652850.9720001675,8367.765604359878,6.2,0.0,0.0,BENIGN,1137.7777777777778,0.0,0.0,65.6,67.74494651099651,5,15052.437336782963,File_10
2017-07-03 01:45:20,3,0,1,1385167.9285575617,16404.581634634054,18.0,0.0,0.0,BENIGN,1228.8,0.0,0.0,89.16666666666667,80.45474918652513,3,8330.89756508865,File_10
2017-07-03 01:46:30,7,0,1,1176516.003201492,16207.944804911158,21.857142857142858,0.0,0.0,BENIGN,1102.7692307692307,0.0,0.0,61.785714285714285,54.88194122411736,7,17767.80597750994,File_10
2017-07-03 01:46:40,1,0,1,4909.9304155557,65.03219093451258,3.0,0.0,0.0,BENIGN,2048.0,0.0,0.0,36.5,13.435028842544403,1,0.0,File_10
2017-07-03 01:47:20,2,0,1,1878348.5833976408,21000.99217285856,25.5,0.0,0.0,BENIGN,1365.3333333333333,0.0,0.0,70.25,66.40469360921209,2,18105.19819155691,File_10
2017-07-03 01:47:40,1,0,1,1106382.9787234042,21276.595744680853,49.0,0.0,0.0,BENIGN,0.0,0.0,0.0,80.66666666666667,98.14954576223639,2,25522.5,File_10
2017-07-03 01:48:10,3,0,1,1306410.3590567908,13754.170330794734,6920.111111111112,428793653.77777785,0.0,BENIGN,1092.2666666666669,0.0,0.0,53.0,32.67414880299103,3,20887.94456714207,File_10
2017-07-03 01:48:40,3,0,1,735379.6645347088,9685.684845517977,2.3333333333333335,0.0,0.0,BENIGN,682.6666666666666,0.0,0.0,43.833333333333336,26.286244818662606,3,25677.85791377466,File_10
2017-07-03 01:48:50,9,0,1,1295264.4917717548,13555.345042212875,7.777777777777778,0.0,0.0,BENIGN,870.065359477124,0.0,0.0,60.94444444444444,46.73891466209769,9,23474.941786559408,File_10
2017-07-03 01:49:10,3,0,1,740657.7589502599,14626.504591077748,3.0,0.0,0.0,BENIGN,0.0,0.0,0.0,94.66666666666667,88.17860662692888,3,26883.584101826902,File_10
2017-07-03 01:49:20,10,0,1,1516908.9750179346,16539.10149548352,2.6,0.0,0.0,BENIGN,980.884210526316,0.0,0.0,57.0,42.610846160646894,10,20066.417079952083,File_10
2017-07-03 01:49:30,3,0,1,412495.1018272712,6558.144589385384,17.666666666666668,0.0,0.0,BENIGN,682.6666666666666,0.0,0.0,73.83333333333333,61.17978969125888,3,23352.286221267503,File_10
2017-07-03 01:49:40,1,0,1,7881.483419451893,65.40650140623978,3.0,0.0,0.0,BENIGN,0.0,0.0,0.0,37.0,11.313708498984761,1,0.0,File_10
2017-07-03 01:49:50,4,0,1,1955356.56700667,19059.02469822502,14.0,0.0,0.0,BENIGN,877.7142857142857,0.0,0.0,68.875,52.14112032332474,4,24780.233574363258,File_10
2017-07-03 01:50:00,4,0,1,1272599.3485586164,10967.121791824644,3.25,0.0,0.0,BENIGN,0.0,0.0,0.0,56.875,40.66742290475616,4,25646.339039372637,File_10
2017-07-03 01:50:30,1,0,1,3882.3015577735,64.70502596289167,3.0,0.0,0.0,BENIGN,2048.0,0.0,0.0,31.0,11.313708498984761,1,0.0,File_10
2017-07-03 01:51:00,1,0,1,15544.205817974176,126.89147606509532,49.0,0.0,0.0,BENIGN,2048.0,0.0,0.0,41.0,29.698484809834994,1,0.0,File_10
2017-07-03 01:51:20,6,0,1,1026967.7895436083,10455.828450330104,2.6666666666666665,0.0,0.0,BENIGN,0.0,0.0,0.0,52.083333333333336,32.67876244828612,6,30787.96031750718,File_10
2017-07-03 01:51:30,2,0,1,6444.025047355275,129.07291709275052,3.0,0.0,0.0,BENIGN,1024.0,0.0,0.0,59.75,41.16126820203673,2,953.179941039466,File_10
2017-07-03 01:51:40,1,0,1,15839.560579932298,191.60758766047127,9931.333333333332,295715408.33333343,0.0,BENIGN,0.0,0.0,0.0,40.333333333333336,16.165807537309522,2,0.0,File_10
2017-07-03 01:53:00,4,0,1,1004955.2300690585,10708.831896492338,2.25,0.0,0.0,BENIGN,1170.2857142857142,0.0,0.0,69.625,55.76465214247668,4,15673.879425493167,File_10
2017-07-03 01:53:10,36,0,1,587860.8988044177,9449.259612125981,6061.222222222223,292231409.0092593,0.0,BENIGN,93.06602512697145,0.0,0.0,61.71264367816092,48.09557056575976,51,27696.006851759703,File_10
2017-07-03 01:53:30,8,0,1,1304864.1536939745,16009.974548435648,7.75,0.0,0.0,BENIGN,1092.2666666666667,0.0,0.0,78.9375,68.92940228958902,8,12963.697679631721,File_10
2017-07-03 01:53:40,2,0,1,1603809.2695191689,18868.344347284336,1.0,0.0,0.0,BENIGN,1365.3333333333333,0.0,0.0,54.25,39.10136400007891,2,16047.768089882988,File_10
2017-07-03 01:54:10,2,0,1,646770.1811910899,7608.295360259828,2.5,0.0,0.0,BENIGN,1365.3333333333333,0.0,0.0,56.25,42.758040179596634,2,25291.1581431579,File_10
2017-07-03 01:54:50,4,0,1,1215963.788386214,15770.141671667601,3.25,0.0,0.0,BENIGN,1170.2857142857142,0.0,0.0,81.75,75.06140343554925,4,19625.112162424834,File_10
2017-07-03 01:55:20,2,0,1,693833.4567715086,9633.88787657067,26.0,0.0,0.0,BENIGN,0.0,0.0,0.0,91.5,109.21996154549771,2,1631.5310464577606,File_10
2017-07-03 01:55:40,3,0,1,1189834.0007489936,13998.04706763522,1.0,0.0,0.0,BENIGN,1228.8,0.0,0.0,66.0,55.8139767441812,3,16033.631149555611,File_10
2017-07-03 01:57:00,1,0,1,1064748.201438849,28776.97841726619,3.0,0.0,0.0,BENIGN,2048.0,0.0,0.0,47.0,33.94112549695428,1,0.0,File_10
2017-07-03 01:57:40,1,0,1,9193.021072734924,194.21875505778007,7818.333333333334,183238305.33333334,0.0,BENIGN,0.0,0.0,0.0,68.0,67.88225099390856,1,0.0,File_10
2017-07-03 01:58:30,1,0,1,1360000.0000000002,26666.666666666668,3.0,0.0,0.0,BENIGN,0.0,0.0,0.0,47.666666666666664,46.188021535170066,2,31558.5,File_10
2017-07-03 01:59:30,2,0,1,16591.133243228327,128.83910348246184,3.5,0.0,0.0,BENIGN,0.0,0.0,0.0,61.75,44.34241761564202,2,5107.6679827708285,File_10
2017-07-03 02:00:40,2,0,1,1268722.901064249,17277.62449086848,0.5,0.0,0.0,BENIGN,1365.3333333333333,0.0,0.0,63.25,53.98996820397903,2,5329.699512063404,File_10
2017-07-03 02:01:20,1,0,1,1033112.5827814568,26490.06622516556,4.0,0.0,0.0,BENIGN,0.0,0.0,0.0,59.0,39.59797974644666,1,0.0,File_10
2017-07-03 02:01:30,5,0,1,668125.1880941888,15543.380683128333,7927763.6000000015,941772634422148.2,0.0,BENIGN,0.0,0.0,0.0,56.0,39.78190543450628,6,23286.707737247874,File_10
2017-07-03 02:01:40,3,0,1,644027.0323457634,5274.043251729908,33.333333333333336,0.0,0.0,BENIGN,0.0,0.0,0.0,49.666666666666664,20.944370763206678,3,24495.80351488801,File_10
2017-07-03 02:02:10,1,0,1,3207.7168941032364,22.96694673582269,20353.0,1239561316.0,0.0,BENIGN,0.0,0.0,0.0,72.5,57.27564927611035,1,0.0,File_10
2017-07-03 02:03:30,7,0,1,682814.7246278937,10028.637478121278,6239.809523809525,807506694.3333333,0.0,BENIGN,0.0,0.0,0.0,66.3125,62.540353639337006,9,19948.33685253541,File_10
2017-07-03 02:03:40,2,0,1,1495384.5508402137,10875.489680224175,3.5,0.0,0.0,BENIGN,0.0,0.0,0.0,94.25,75.55737334414601,2,23079.954799686144,File_10
2017-07-03 02:03:50,1,0,1,3429.904834197838,56.22794810160391,3.0,0.0,0.0,BENIGN,2048.0,0.0,0.0,60.0,42.42640687119285,1,0.0,File_10
2017-07-03 02:04:50,1,0,1,4327.902240325866,84.86082824168365,3.0,0.0,0.0,BENIGN,2048.0,0.0,0.0,52.5,33.23401871576773,1,0.0,File_10
2017-07-03 02:05:10,1,0,1,1639344.262295082,21857.92349726776,1.0,0.0,0.0,BENIGN,0.0,0.0,0.0,62.5,60.10407640085654,1,0.0,File_10
2017-07-03 02:05:20,1,0,1,15149.308084486524,129.48126567937203,20546.333333333336,1266024004.3333333,0.0,BENIGN,0.0,0.0,0.0,60.0,42.42640687119285,1,0.0,File_10
2017-07-03 02:05:30,1,0,1,2470588.2352941176,23529.41176470588,4.0,0.0,0.0,BENIGN,0.0,0.0,0.0,40.0,22.627416997969522,1,0.0,File_10
2017-07-03 02:07:00,1,0,1,1378048.780487805,24390.243902439022,4.0,0.0,0.0,BENIGN,0.0,0.0,0.0,37.0,11.313708498984761,1,0.0,File_10
2017-07-03 02:07:30,3,0,1,1941303.1713356867,22621.97166128588,3.0,0.0,0.0,BENIGN,0.0,0.0,0.0,45.42857142857143,34.19969367726921,4,23400.4736609231,File_10
2017-07-03 02:09:30,2,0,1,1597496.3890226288,27828.59894077997,3.0,0.0,0.0,BENIGN,0.0,0.0,0.0,56.333333333333336,43.95300520631856,4,23059.11381298076,File_10
2017-07-03 02:10:40,2,0,1,888507.971687551,9065.443408610196,3979.333333333333,93773066.66666667,0.0,BENIGN,0.0,0.0,0.0,61.666666666666664,47.98610910114162,4,24743.800697548468,File_10
2017-07-03 02:11:30,1,0,1,9801.33086698537,96.09147908809187,3.0,0.0,0.0,BENIGN,2048.0,0.0,0.0,70.0,60.81118318204309,1,0.0,File_10
2017-07-03 02:11:40,1,0,1,2214285.714285714,17857.14285714286,4.0,0.0,0.0,BENIGN,0.0,0.0,0.0,32.0,11.313708498984761,1,0.0,File_10
2017-07-03 02:13:00,3,0,1,383844.794486687,8892.932169499682,3.0,0.0,0.0,BENIGN,0.0,0.0,0.0,74.66666666666667,47.86090958879351,3,4494.514727976759,File_10
2017-07-03 02:13:10,4,0,1,1811956.2670747554,24032.03498913158,3.25,0.0,0.0,BENIGN,0.0,0.0,0.0,71.875,55.68133182930985,4,27659.11908966601,File_10
2017-07-03 02:13:50,1,0,1,1637583.89261745,26845.63758389261,3.0,0.0,0.0,BENIGN,0.0,0.0,0.0,146.0,171.1198410471445,1,0.0,File_10
2017-07-03 02:14:00,1,0,1,1146067.4157303371,22471.91011235955,4.0,0.0,0.0,BENIGN,0.0,0.0,0.0,56.0,55.42562584220407,2,27323.5,File_10
2017-07-03 02:14:10,24,0,1,883274.3981111296,13345.045944989033,3961.8888888888887,155294129.87500003,0.0,BENIGN,0.0,0.0,0.0,59.69491525423729,53.143998992096975,35,27243.474871477578,File_10
2017-07-03 02:15:10,1,0,1,20445.324729259177,255.5665591157397,10368.666666666668,322434436.33333325,0.0,BENIGN,0.0,0.0,0.0,63.333333333333336,62.93117934166921,2,0.0,File_10
2017-07-03 02:15:40,1,0,1,10662.213372727858,192.69060312158777,9485.0,269724972.00000006,0.0,BENIGN,0.0,0.0,0.0,59.5,57.27564927611035,1,0.0,File_10
2017-07-03 02:16:30,3,0,1,1138627.9634401784,22280.617134413074,16.666666666666668,0.0,0.0,BENIGN,1228.8,0.0,0.0,60.166666666666664,37.370665857951565,3,20566.634522935445,File_10
2017-07-03 02:16:50,1,0,1,1741496.598639456,27210.884353741498,3.0,0.0,0.0,BENIGN,0.0,0.0,0.0,49.0,36.76955262170047,1,0.0,File_10
2017-07-03 02:17:00,1,0,1,8130.081300813008,130.08130081300814,4.0,0.0,0.0,BENIGN,0.0,0.0,0.0,71.5,68.58935777509511,1,0.0,File_10
2017-07-03 02:17:30,3,0,1,759039.712220494,17046.424079123408,3451.555555555556,104585871.44444446,0.0,BENIGN,0.0,0.0,0.0,37.5,9.456668093391638,5,28853.300032674084,File_10
2017-07-03 02:18:10,1,0,1,5277.302711947227,65.15188533268181,3.0,0.0,0.0,BENIGN,2048.0,0.0,0.0,60.5,41.71930009000631,1,0.0,File_10
2017-07-03 02:18:30,1,0,1,1632653.06122449,27210.884353741498,3.0,0.0,0.0,BENIGN,0.0,0.0,0.0,28.0,11.313708498984761,1,0.0,File_10
2017-07-03 02:20:50,1,0,1,958083.8323353294,23952.09580838324,47.0,0.0,0.0,BENIGN,0.0,0.0,0.0,28.0,11.313708498984761,1,0.0,File_10
2017-07-03 02:21:00,3,0,1,1461893.4442463852,26426.405838170544,3.3333333333333335,0.0,0.0,BENIGN,0.0,0.0,0.0,50.0,37.218275080933026,3,5086.041981737862,File_10
2017-07-03 02:21:20,1,0,1,7534.256423528735,86.27011171979468,10051.0,302856769.0,0.0,BENIGN,0.0,0.0,0.0,109.66666666666667,129.32646029847618,2,24952.5,File_10
2017-07-03 02:21:30,2,0,1,2251985.4453409268,22907.767758266098,3.0,0.0,0.0,BENIGN,0.0,0.0,0.0,43.5,13.771952173409064,2,21029.879320201107,File_10
2017-07-03 02:23:00,2,0,1,679087.243653593,12803.247076706073,3.5,0.0,0.0,BENIGN,0.0,0.0,0.0,59.25,35.57503806510027,2,1896.9317916631114,File_10
2017-07-03 02:23:10,1,0,1,1840909.090909091,22727.272727272728,3.0,0.0,0.0,BENIGN,0.0,0.0,0.0,36.666666666666664,21.93931022920578,2,30454.0,File_10
2017-07-03 02:23:40,1,0,1,3310.058625913972,32.935906725512154,3.0,0.0,0.0,BENIGN,0.0,0.0,0.0,70.0,22.627416997969522,1,0.0,File_10
2017-07-03 02:23:50,1,0,1,1040000.0,20000.0,3.0,0.0,0.0,BENIGN,0.0,0.0,0.0,66.5,57.27564927611035,1,0.0,File_10
2017-07-03 02:24:00,3,0,1,1404296.67864714,26825.134755493036,18.333333333333332,0.0,0.0,BENIGN,0.0,0.0,0.0,116.83333333333333,97.34354969214277,3,27826.624258073418,File_10
2017-07-03 02:24:10,6,0,1,452805.1785828097,8223.92710284733,7289.444444444445,242565771.83333334,0.0,BENIGN,0.0,0.0,0.0,54.857142857142854,53.95561871769047,8,19772.167098604747,File_10
2017-07-03 02:24:30,1,0,1,2731707.3170731706,19512.19512195122,3.0,0.0,0.0,BENIGN,0.0,0.0,0.0,35.0,11.313708498984761,1,0.0,File_10
2017-07-03 02:24:40,3,0,1,1908453.7934183432,13647.422688061779,3.3333333333333335,0.0,0.0,BENIGN,0.0,0.0,0.0,62.0,45.36077600747148,3,24772.91017543155,File_10
2017-07-03 02:25:10,1,0,1,9247.284014485256,129.33264355923436,3.0,0.0,0.0,BENIGN,1365.3333333333333,0.0,0.0,68.0,50.05996404313531,3,3375.2563688637865,File_10
2017-07-03 02:25:30,1,0,1,2857142.8571428573,20408.163265306124,3.0,0.0,0.0,BENIGN,0.0,0.0,0.0,66.0,46.66904755831214,1,0.0,File_10
2017-07-03 02:25:40,1,0,1,1872340.425531915,21276.595744680853,3.0,0.0,0.0,BENIGN,0.0,0.0,0.0,49.5,27.577164466275352,1,0.0,File_10
2017-07-03 02:27:20,1,0,1,15023.23508816602,190.97332739194093,8618.0,222628831.00000003,0.0,BENIGN,0.0,0.0,0.0,77.0,73.53910524340094,1,0.0,File_10
2017-07-03 02:27:30,1,0,1,1142857.1428571427,21978.021978021978,49.0,0.0,0.0,BENIGN,0.0,0.0,0.0,79.0,45.254833995939045,1,0.0,File_10
2017-07-03 02:27:50,1,0,1,2828282.8282828284,20202.020202020205,3.0,0.0,0.0,BENIGN,0.0,0.0,0.0,58.5,43.1335136523794,1,0.0,File_10
2017-07-03 02:28:00,1,0,1,3111111.111111111,22222.222222222223,3.0,0.0,0.0,BENIGN,0.0,0.0,0.0,112.0,127.27922061357856,1,0.0,File_10
2017-07-03 02:29:10,2,0,1,1535442.8556630667,10993.879951698018,3.5,0.0,0.0,BENIGN,0.0,0.0,0.0,72.25,54.76236542249309,2,28831.200799750874,File_10
2017-07-03 02:31:00,21,0,1,828492.2165785157,12913.610134081964,2951.6984126984125,90727215.92063491,0.0,BENIGN,0.0,0.0,0.0,54.79245283018868,45.689738997253585,32,26554.697097481247,File_10
2017-07-03 02:31:10,3,0,1,1273352.673173026,11871.950825695463,3373.444444444444,101310935.11111115,0.0,BENIGN,0.0,0.0,0.0,52.4,43.125656194685575,7,24801.73493483425,File_10
2017-07-03 02:31:40,1,0,1,15199.81966315654,193.21804656554923,10101.333333333332,305929008.3333334,0.0,BENIGN,0.0,0.0,0.0,59.0,39.59797974644666,1,0.0,File_10
2017-07-03 02:31:50,5,0,1,267685.1406319398,3810.971274427193,21.2,0.0,0.0,BENIGN,1137.7777777777778,0.0,0.0,69.0,47.537119998773356,5,19187.045244379777,File_10
2017-07-03 02:32:30,3,0,1,786864.837493965,7107.652188215748,18.0,0.0,0.0,BENIGN,0.0,0.0,0.0,80.66666666666667,88.99812732112214,3,22003.746559165782,File_10
2017-07-03 02:34:10,1,0,1,8021.566177920968,98.62581366296271,8842.333333333332,234374924.3333333,0.0,BENIGN,0.0,0.0,0.0,41.0,11.313708498984761,1,0.0,File_10
2017-07-03 02:34:20,2,0,1,3404.433111181461,49.505936258268235,24.0,0.0,0.0,BENIGN,1365.3333333333333,0.0,0.0,45.0,19.782146833277054,2,20509.266247235664,File_10
2017-07-03 02:35:10,2,0,1,1668633.8523355098,22413.360120542442,26.0,0.0,0.0,BENIGN,0.0,0.0,0.0,66.6,54.46374941187946,3,26899.960162609907,File_10
2017-07-03 02:35:40,2,0,1,576966.1170696653,15172.968547587749,15222.166666666668,1387730288.1666665,0.0,BENIGN,0.0,0.0,0.0,36.5,10.598742063723098,2,27315.909881727657,File_10
2017-07-03 02:37:40,2,0,1,554199.2305491081,11523.957902769389,3837.833333333333,88235680.16666667,0.0,BENIGN,0.0,0.0,0.0,46.75,23.17146233336745,2,3176.3236610899717,File_10
2017-07-03 02:37:50,6,0,1,722990.0552925277,14568.895957334475,3385.055555555555,101340043.72222221,0.0,BENIGN,0.0,0.0,0.0,52.785714285714285,48.57377983966337,8,27012.752893104127,File_10
2017-07-03 02:38:40,2,0,1,8346.40564689234,82.27835749646545,8781.333333333332,235808622.33333337,0.0,BENIGN,0.0,0.0,0.0,44.0,39.91866731242415,3,27102.615524151908,File_10
2017-07-03 02:40:10,4,0,1,1048282.4730407896,17982.818196050008,25.25,0.0,0.0,BENIGN,0.0,0.0,0.0,74.5,63.8234171086802,4,23605.467029344483,File_10
2017-07-03 02:40:50,3,0,1,297496.3114101912,6579.380189657425,2.3333333333333335,0.0,0.0,BENIGN,1228.8,0.0,0.0,79.0,56.70626067728325,3,20120.917965142642,File_10
2017-07-03 02:41:00,2,0,1,630494.9958365503,11086.366173174545,4181.666666666666,104754995.16666664,0.0,BENIGN,0.0,0.0,0.0,73.25,53.71142026298194,2,27754.305647953075,File_10
2017-07-03 02:43:50,1,0,1,1570.134780369547,37.68323472886912,12547.333333333332,472043264.3333333,0.0,BENIGN,0.0,0.0,0.0,37.0,11.313708498984761,1,0.0,File_10
2017-07-03 02:44:00,1,0,1,11378.977820636452,192.8640308582449,10256.0,314051329.0,0.0,BENIGN,0.0,0.0,0.0,48.333333333333336,16.165807537309522,2,28639.0,File_10
2017-07-03 02:45:10,1,0,1,9934.7237701003,127.36825346282438,0.0,0.0,0.0,BENIGN,2048.0,0.0,0.0,81.5,82.73149339882606,1,0.0,File_10
2017-07-03 02:49:10,1,0,1,4835.074779758246,81.95041999590248,4.0,0.0,0.0,BENIGN,0.0,0.0,0.0,89.5,94.04520189781083,1,0.0,File_10
2017-07-03 02:49:50,4,0,1,1106210.683029567,13036.896347829736,1.75,0.0,0.0,BENIGN,1170.2857142857142,0.0,0.0,58.75,31.05180003984126,4,13749.36093505618,File_10
2017-07-03 02:51:10,11,0,1,860983.6256536447,11550.982611675303,11.0,0.0,0.0,BENIGN,420.1025641025642,0.0,0.0,61.333333333333336,42.93734254253964,16,27817.350381312135,File_10
2017-07-03 02:52:20,2,0,1,1455300.4919084623,23882.512297711557,3.0,0.0,0.0,BENIGN,1365.3333333333333,0.0,0.0,49.0,32.09361307176243,2,12545.813352137304,File_10
2017-07-03 02:53:40,1,0,1,2996721.31147541,13114.754098360656,3.0,0.0,0.0,BENIGN,2048.0,0.0,0.0,47.0,33.94112549695428,1,0.0,File_10
2017-07-03 02:55:50,1,0,1,471.6479017400205,9.825997952917094,30304.333333333336,2754512405.3333335,0.0,BENIGN,0.0,0.0,0.0,112.0,127.27922061357856,1,0.0,File_10
2017-07-03 02:56:50,1,0,1,780487.8048780488,19512.19512195122,4.0,0.0,0.0,BENIGN,0.0,0.0,0.0,34.0,11.313708498984761,1,0.0,File_10
2017-07-03 02:57:10,1,0,1,5089.556621317412,130.5014518286516,3.0,0.0,0.0,BENIGN,0.0,0.0,0.0,60.0,46.66904755831214,1,0.0,File_10
2017-07-03 02:58:00,4,0,1,808887.334425729,8505.281010682755,2527.5,75978168.75,0.0,BENIGN,1024.0,0.0,0.0,39.333333333333336,30.785548557724283,5,20684.18604272356,File_10
2017-07-03 02:58:10,1,0,1,300636.94267515925,5095.541401273886,3.0,0.0,0.0,BENIGN,0.0,0.0,0.0,26.0,18.475208614068023,3,23690.905596874087,File_10
2017-07-03 02:58:50,2,0,1,1260646.4742687652,18619.151746086725,1.0,0.0,0.0,BENIGN,1365.3333333333333,0.0,0.0,58.0,47.37791327893902,2,3819.3194274489388,File_10
2017-07-03 02:59:00,1,0,1,12401.738196377131,65.1009879074915,3.0,0.0,0.0,BENIGN,2048.0,0.0,0.0,100.5,113.84419177103415,1,0.0,File_10
2017-07-03 03:02:40,1,0,1,2680203.045685279,20304.568527918786,4.0,0.0,0.0,BENIGN,0.0,0.0,0.0,70.0,58.88972745734183,2,30815.5,File_10
2017-07-03 03:03:00,1,0,1,4584.690643063187,43.87263773266208,46.0,0.0,0.0,BENIGN,0.0,0.0,0.0,75.5,70.0035713374682,1,0.0,File_10
2017-07-03 03:04:40,1,0,1,1061224.4897959183,20408.163265306124,3.0,0.0,0.0,BENIGN,0.0,0.0,0.0,37.0,11.313708498984761,1,0.0,File_10
2017-07-03 03:05:40,2,0,1,715879.4464170573,10228.413420917841,48.0,0.0,0.0,BENIGN,0.0,0.0,0.0,64.2,60.763475871612215,3,27025.934521307492,File_10
2017-07-03 03:07:20,2,0,1,1236714.9758454107,24154.589371980677,26.0,0.0,0.0,BENIGN,0.0,0.0,0.0,60.2,77.87618377912467,3,26665.856113202142,File_10
2017-07-03 03:07:30,1,0,1,1383928.5714285714,17857.14285714286,1.0,0.0,0.0,BENIGN,2048.0,0.0,0.0,57.0,29.698484809834994,1,0.0,File_10
2017-07-03 03:08:00,1,0,1,1407.1602809681572,23.194949686288307,37787.0,4277566586.9999995,0.0,BENIGN,0.0,0.0,0.0,53.0,19.79898987322333,1,0.0,File_10
2017-07-03 03:08:10,2,0,1,839.1279849404201,19.719120546781657,33166.83333333333,3315433864.833333,0.0,BENIGN,0.0,0.0,0.0,49.8,39.73914946246333,3,26225.02576738486,File_10
2017-07-03 03:09:20,1,0,1,11683.380391393242,129.81533768214717,1.0,0.0,0.0,BENIGN,0.0,0.0,0.0,81.0,77.78174593052023,1,0.0,File_10
2017-07-03 03:09:50,1,0,1,5422.355784934997,97.99438165545176,9551.0,273492912.00000006,0.0,BENIGN,0.0,0.0,0.0,38.333333333333336,36.950417228136054,2,0.0,File_10
2017-07-03 03:10:30,1,0,1,2527607.36196319,24539.87730061349,3.0,0.0,0.0,BENIGN,0.0,0.0,0.0,72.0,67.88225099390856,1,0.0,File_10
2017-07-03 03:13:30,1,0,1,2858.5483892412217,26.591147806895084,47.0,0.0,0.0,BENIGN,2048.0,0.0,0.0,51.5,38.890872965260115,1,0.0,File_10
2017-07-03 03:14:10,1,0,1,1288590.6040268457,26845.63758389261,3.0,0.0,0.0,BENIGN,0.0,0.0,0.0,52.0,38.1051177665153,2,28891.0,File_10
2017-07-03 03:14:30,2,0,1,657784.0292717009,11133.17520731057,2.0,0.0,0.0,BENIGN,1365.3333333333333,0.0,0.0,77.5,61.065538563088104,2,7190.819023047528,File_10
2017-07-03 03:14:40,2,0,1,6761.288809140628,107.78474792252237,1.0,0.0,0.0,BENIGN,1365.3333333333333,0.0,0.0,64.5,44.071910933533765,2,11006.352751429007,File_10
2017-07-03 03:15:00,1,0,1,4125.344466262933,66.00551146020692,1.0,0.0,0.0,BENIGN,2048.0,0.0,0.0,66.5,44.54772721475249,1,0.0,File_10
2017-07-03 03:15:20,2,0,1,898865.6562227092,11376.950790483574,28.0,0.0,0.0,BENIGN,1365.3333333333333,0.0,0.0,65.0,47.42010825237187,2,1828.5781361484119,File_10
2017-07-03 03:15:30,4,0,1,231664.5176558276,5489.198472747438,5068.5,153997928.66666666,0.0,BENIGN,0.0,0.0,0.0,59.09090909090909,58.732366792858855,7,27709.484043554472,File_10
2017-07-03 03:15:40,22,0,1,936160.7696967717,13497.320354824651,3825.409090909091,209498119.71212122,0.0,BENIGN,0.0,0.0,0.0,56.25925925925926,41.293786450759754,32,27913.7788930816,File_10
2017-07-03 03:15:50,1,0,1,20690.97643527684,255.44415352193627,10388.333333333332,322165450.3333334,0.0,BENIGN,0.0,0.0,0.0,63.5,43.1335136523794,1,0.0,File_10
2017-07-03 03:16:40,1,0,1,1027667.9841897232,15810.276679841896,1.0,0.0,0.0,BENIGN,2048.0,0.0,0.0,52.0,43.840620433565945,1,0.0,File_10
2017-07-03 03:18:00,1,0,1,6122.781305976226,130.27194268034523,3.0,0.0,0.0,BENIGN,0.0,0.0,0.0,50.0,34.64101615137755,2,28767.5,File_10
2017-07-03 03:18:20,2,0,1,701360.0242602569,13487.692774235707,2.5,0.0,0.0,BENIGN,0.0,0.0,0.0,36.0,14.375905768565216,2,1164.8405708746393,File_10
2017-07-03 03:20:10,1,0,1,16560.404073859405,165.60404073859402,3.0,0.0,0.0,BENIGN,0.0,0.0,0.0,28.0,11.313708498984761,1,0.0,File_10
2017-07-03 03:21:20,3,0,1,865221.9044465978,14432.836826040677,2.6666666666666665,0.0,0.0,BENIGN,1092.2666666666669,0.0,0.0,86.16666666666667,100.60699114210038,3,19907.258640003653,File_10
2017-07-03 03:21:30,5,0,1,219269.41345600603,2410.175314257763,2.2,0.0,0.0,BENIGN,1137.7777777777778,0.0,0.0,80.2,88.85543815033995,5,22070.46976794508,File_10
2017-07-03 03:21:40,1,0,1,939759.0361445784,12048.192771084336,1.0,0.0,0.0,BENIGN,2048.0,0.0,0.0,65.0,48.08326112068523,1,0.0,File_10
2017-07-03 03:22:30,1,0,1,12526.96200431392,165.92002654720423,3.0,0.0,0.0,BENIGN,2048.0,0.0,0.0,72.0,60.81118318204309,1,0.0,File_10
2017-07-03 03:22:50,1,0,1,1760869.5652173914,21739.130434782608,3.0,0.0,0.0,BENIGN,2048.0,0.0,0.0,58.5,50.204581464244875,1,0.0,File_10
2017-07-03 03:24:20,2,0,1,675602.7903053486,14027.11128386665,3.5,0.0,0.0,BENIGN,0.0,0.0,0.0,69.0,58.88972745734183,2,29268.634113823777,File_10
2017-07-03 03:25:20,1,0,1,2654205.6074766354,18691.58878504673,4.0,0.0,0.0,BENIGN,0.0,0.0,0.0,37.0,22.627416997969522,1,0.0,File_10
2017-07-03 03:25:30,1,0,1,1244444.4444444445,17777.777777777777,1.0,0.0,0.0,BENIGN,2048.0,0.0,0.0,99.5,98.2878425849301,1,0.0,File_10
2017-07-03 03:25:40,1,0,1,500.74579160451736,7.102777185879679,1.0,0.0,0.0,BENIGN,2048.0,0.0,0.0,69.0,41.012193308819754,1,0.0,File_10
2017-07-03 03:26:20,6,0,1,212143.29138471672,3019.8237375602416,6299.222222222223,254199723.77777776,0.0,BENIGN,0.0,0.0,0.0,64.5,54.50382249591919,10,25065.328524211818,File_10
2017-07-03 03:26:30,1,0,1,1631284.9162011174,22346.3687150838,3.0,0.0,0.0,BENIGN,0.0,0.0,0.0,86.33333333333333,104.50039872332226,2,28616.0,File_10
2017-07-03 03:27:20,3,0,1,1313687.760001466,22854.67610664158,2.6666666666666665,0.0,0.0,BENIGN,682.6666666666666,0.0,0.0,61.333333333333336,31.860110901669294,3,16658.61022534593,File_10
2017-07-03 03:28:00,2,0,1,650480.9676264832,11406.662846436528,3.0,0.0,0.0,BENIGN,1365.3333333333333,0.0,0.0,79.75,95.05568543403037,2,14258.585491633532,File_10
2017-07-03 03:28:10,1,0,1,8325.585913108634,55.503906087390895,48.0,0.0,0.0,BENIGN,2048.0,0.0,0.0,49.0,41.012193308819754,1,0.0,File_10
2017-07-03 03:28:50,2,0,1,6691.10293270549,80.07868624122379,10664.666666666666,341464504.1666667,0.0,BENIGN,0.0,0.0,0.0,34.0,16.206994374857626,2,21705.743218481755,File_10
2017-07-03 03:29:50,1,0,1,1550802.1390374333,21390.374331550804,4.0,0.0,0.0,BENIGN,2048.0,0.0,0.0,81.5,82.73149339882606,1,0.0,File_10
2017-07-03 03:30:20,1,0,1,3820.280707582426,83.04958059961797,3.0,0.0,0.0,BENIGN,0.0,0.0,0.0,38.0,11.313708498984761,1,0.0,File_10
2017-07-03 03:34:50,1,0,1,5087.535537932066,66.5037325219878,49.0,0.0,0.0,BENIGN,2048.0,0.0,0.0,59.5,61.518289963229634,1,0.0,File_10
2017-07-03 03:35:00,1,0,1,1290836.6533864543,15936.254980079682,1.0,0.0,0.0,BENIGN,2048.0,0.0,0.0,68.0,43.840620433565945,1,0.0,File_10
2017-07-03 03:37:10,1,0,1,1171974.5222929935,25477.707006369423,3.0,0.0,0.0,BENIGN,0.0,0.0,0.0,31.0,11.313708498984761,1,0.0,File_10
2017-07-03 03:38:10,1,0,1,2400000.0,20000.0,3.0,0.0,0.0,BENIGN,0.0,0.0,0.0,64.0,45.254833995939045,1,0.0,File_10
2017-07-03 03:38:40,2,0,1,4328.179564537169,97.52306153035958,3.0,0.0,0.0,BENIGN,1365.3333333333333,0.0,0.0,49.25,28.546745290254485,2,13316.234903305063,File_10
2017-07-03 03:41:00,2,0,1,7620.767630567698,122.5088576726198,5527.833333333334,183126126.16666657,0.0,BENIGN,0.0,0.0,0.0,58.142857142857146,39.21491455823312,5,29300.022785353292,File_10
2017-07-03 03:42:30,10,0,1,1135642.6668127782,16177.210603333024,2031.4666666666667,61420954.533333324,0.0,BENIGN,0.0,0.0,0.0,56.24242424242424,59.99220277618912,23,28263.18541565766,File_10
2017-07-03 03:42:50,8,0,1,439396.01795427594,9159.088291808728,4069.0416666666665,132616507.04166666,0.0,BENIGN,0.0,0.0,0.0,58.31818181818182,45.782494433318035,14,28038.828464225433,File_10
2017-07-03 03:43:00,7,0,1,6786.665281511041,91.75552807934176,10204.619047619048,311824892.09523815,0.0,BENIGN,0.0,0.0,0.0,57.6,48.57484729233521,13,26307.009322638427,File_10
2017-07-03 03:43:40,1,0,1,1155172.4137931035,17241.379310344826,3.0,0.0,0.0,BENIGN,0.0,0.0,0.0,49.5,27.577164466275352,1,0.0,File_10
2017-07-03 03:46:20,1,0,1,8152.78446477291,128.39030653185685,1.0,0.0,0.0,BENIGN,2048.0,0.0,0.0,112.0,113.13708498984761,1,0.0,File_10
2017-07-03 03:46:30,1,0,1,10725.051562747898,126.92368713311122,1.0,0.0,0.0,BENIGN,2048.0,0.0,0.0,97.5,78.48885271170677,1,0.0,File_10
2017-07-03 03:47:50,2,0,1,1449695.1219512196,24695.12195121951,3.5,0.0,0.0,BENIGN,0.0,0.0,0.0,52.25,41.62831568375866,2,4158.730682418482,File_10
2017-07-03 03:48:20,1,0,1,7822.940773819225,130.38234623032042,2.0,0.0,0.0,BENIGN,0.0,0.0,0.0,69.0,72.12489168102785,1,0.0,File_10
2017-07-03 03:49:00,3,0,1,1357408.6874471984,18762.274667281086,32.666666666666664,0.0,0.0,BENIGN,1228.8,0.0,0.0,42.333333333333336,31.270859704630233,3,22148.172767973436,File_10
2017-07-03 03:49:20,1,0,1,1714285.7142857143,27210.884353741498,4.0,0.0,0.0,BENIGN,0.0,0.0,0.0,41.0,32.90896534380867,2,24958.5,File_10
2017-07-03 03:49:30,1,0,1,4009.003828270049,32.86068711696762,3.0,0.0,0.0,BENIGN,2048.0,0.0,0.0,74.0,73.53910524340094,1,0.0,File_10
2017-07-03 03:50:20,1,0,1,1666666.6666666667,22988.50574712644,3.0,0.0,0.0,BENIGN,2048.0,0.0,0.0,42.5,34.64823227814083,1,0.0,File_10
2017-07-03 03:51:10,2,0,1,10153.369597139144,94.86044521042467,2.0,0.0,0.0,BENIGN,1365.3333333333333,0.0,0.0,52.0,30.177254127350068,2,14114.794161525071,File_10
2017-07-03 03:51:20,1,0,1,793103.448275862,17241.379310344826,1.0,0.0,0.0,BENIGN,2048.0,0.0,0.0,51.0,36.76955262170047,1,0.0,File_10
2017-07-03 03:52:50,2,0,1,1817991.0044977511,24662.668665667166,3.0,0.0,0.0,BENIGN,0.0,0.0,0.0,131.5,127.97265332874832,2,453.4911490009725,File_10
2017-07-03 03:53:20,2,0,1,759000.7176107221,12869.69879267356,5203.0,162193203.49999997,0.0,BENIGN,0.0,0.0,0.0,51.2,39.65728180296779,3,24412.045032882845,File_10
2017-07-03 03:54:30,2,0,1,1032142.3446692495,11712.584301908451,1.5,0.0,0.0,BENIGN,819.2,0.0,0.0,48.2,30.849635330097502,3,17793.40172648277,File_10
2017-07-03 03:55:00,1,0,1,12665.959430353298,192.88263091908573,8333.0,208141711.00000006,0.0,BENIGN,0.0,0.0,0.0,132.0,90.50966799187809,1,0.0,File_10
2017-07-03 03:55:30,2,0,1,1069517.2806655685,12081.210237323978,26.5,0.0,0.0,BENIGN,0.0,0.0,0.0,41.5,35.331760971303616,2,24174.424956966403,File_10
2017-07-03 03:56:00,2,0,1,1600038.535645472,18227.360308285166,26.0,0.0,0.0,BENIGN,1024.0,0.0,0.0,48.75,31.573987183545043,2,19227.647594024602,File_10
2017-07-03 03:56:30,1,0,1,17.418273338830314,0.2453277935046522,10869768.0,354455373465675.06,0.0,BENIGN,0.0,0.0,0.0,31.0,11.313708498984761,1,0.0,File_10
2017-07-03 03:56:40,1,0,1,1541666.6666666665,20833.33333333333,49.0,0.0,0.0,BENIGN,0.0,0.0,0.0,39.5,24.748737341529164,1,0.0,File_10
2017-07-03 03:57:00,1,0,1,1908629.4416243653,20304.568527918786,47.0,0.0,0.0,BENIGN,0.0,0.0,0.0,39.5,26.16295090390226,1,0.0,File_10
2017-07-03 03:57:20,2,0,1,515072.0608532612,10934.218996404687,25.5,0.0,0.0,BENIGN,0.0,0.0,0.0,63.25,48.971930735881756,2,22656.013261138618,File_10
2017-07-03 03:58:00,3,0,1,1719054.580896686,19792.220450115186,2.3333333333333335,0.0,0.0,BENIGN,796.4444444444443,0.0,0.0,33.111111111111114,16.609067135486903,6,22940.82768743044,File_10
2017-07-03 03:58:40,10,0,1,884158.8646052716,16167.937738527642,3215.166666666667,173753716.43333334,0.0,BENIGN,0.0,0.0,0.0,59.03703703703704,43.44092494542399,17,27692.812784709935,File_10
2017-07-03 03:58:50,3,0,1,928504.8384562986,16218.841992455396,3636.888888888889,118846336.1111111,0.0,BENIGN,0.0,0.0,0.0,51.857142857142854,37.00643444694706,4,28733.148497085305,File_10
2017-07-03 03:59:10,1,0,1,1472222.2222222222,27777.777777777777,3.0,0.0,0.0,BENIGN,0.0,0.0,0.0,32.0,11.313708498984761,1,0.0,File_10
2017-07-03 04:00:40,2,0,1,3317.357578456179,32.86513883803964,2230917.238095238,68659170178681.92,0.0,BENIGN,0.0,0.0,0.0,31.8,14.024977718342372,3,26990.28967054633,File_10
2017-07-03 04:01:30,2,0,1,2193961.029302395,20377.807526401903,2.0,0.0,0.0,BENIGN,1024.0,0.0,0.0,110.0,115.59411749738825,2,8996.283874776047,File_10
2017-07-03 04:01:50,4,0,1,644636.3049896224,10637.016360586813,14.25,0.0,0.0,BENIGN,1097.142857142857,0.0,0.0,78.5,53.78794341804544,4,24578.150690964427,File_10
2017-07-03 04:02:00,1,0,1,1274.9966447456716,20.1315259696685,31170.0,2909940147.000001,0.0,BENIGN,0.0,0.0,0.0,38.333333333333336,23.09401076758503,2,0.0,File_10
2017-07-03 04:03:10,2,0,1,13290.830258350052,178.481071669271,5781.666666666666,200305926.16666672,0.0,BENIGN,0.0,0.0,0.0,43.8,29.819456735494025,3,24709.89495121337,File_10
2017-07-03 04:06:00,2,0,1,9494.602080606259,109.53714080020589,25.5,0.0,0.0,BENIGN,1024.0,0.0,0.0,48.25,26.004807247891687,2,15292.944713167572,File_10
2017-07-03 04:07:10,11,0,1,1083382.9983045668,21022.64731724102,11.090909090909092,0.0,0.0,BENIGN,1072.7619047619048,0.0,0.0,64.18181818181819,56.64478823891951,11,20762.94160997713,File_10
2017-07-03 04:08:30,1,0,1,1461538.4615384615,25641.02564102564,3.0,0.0,0.0,BENIGN,0.0,0.0,0.0,47.0,11.313708498984761,1,0.0,File_10
2017-07-03 04:08:40,2,0,1,1195656.2218212693,10869.612149660588,14199673.833333332,1209783910650104.2,0.0,BENIGN,0.0,0.0,0.0,78.0,69.01811356448393,3,22139.84232526284,File_10
2017-07-03 04:09:30,1,0,1,10042.164215134057,257.4913901316425,10301.0,318208204.0,0.0,BENIGN,0.0,0.0,0.0,51.8,39.10498689425685,4,21835.09850561705,File_10
2017-07-03 04:09:40,1,0,1,8129.560875688132,128.02458071949815,47.0,0.0,0.0,BENIGN,0.0,0.0,0.0,50.666666666666664,32.331615074619044,2,0.0,File_10
2017-07-03 04:10:20,1,0,1,4598.975830914251,97.85054959392022,10085.333333333332,304960336.3333334,0.0,BENIGN,0.0,0.0,0.0,42.0,11.313708498984761,1,0.0,File_10
2017-07-03 04:10:30,1,0,1,1157894.7368421052,26315.78947368421,3.0,0.0,0.0,BENIGN,0.0,0.0,0.0,60.0,42.42640687119285,1,0.0,File_10
2017-07-03 04:12:10,4,0,1,982685.7707538499,15645.601303542922,48.5,0.0,0.0,BENIGN,1137.7777777777778,0.0,0.0,66.2,59.56844802410081,6,16168.018585703516,File_10
2017-07-03 04:12:20,1,0,1,1221621.6216216215,21621.621621621623,3.0,0.0,0.0,BENIGN,2048.0,0.0,0.0,50.0,38.18376618407357,1,0.0,File_10
2017-07-03 04:14:50,1,0,1,22.906943086801213,0.3059358008253918,7471203.714285715,389901495156344.9,0.0,BENIGN,0.0,0.0,0.0,34.333333333333336,26.558112382722786,2,25553.0,File_10
2017-07-03 04:15:00,1,0,1,951456.3106796116,19417.47572815534,48.0,0.0,0.0,BENIGN,0.0,0.0,0.0,52.5,32.605871513315776,7,26783.44394492651,File_10
2017-07-03 04:15:30,3,0,1,1958529.6724778677,22157.99361739177,18.666666666666668,0.0,0.0,BENIGN,0.0,0.0,0.0,68.16666666666667,53.86804866213985,3,24271.42068689017,File_10
2017-07-03 04:15:40,1,0,1,1202453.9877300614,24539.87730061349,49.0,0.0,0.0,BENIGN,0.0,0.0,0.0,75.5,57.27564927611035,1,0.0,File_10
2017-07-03 04:17:20,5,0,1,1021522.0386694262,17518.57980440045,4.6,0.0,0.0,BENIGN,1137.7777777777778,0.0,0.0,73.2,67.39073460878069,5,20568.257404716296,File_10
2017-07-03 04:17:30,1,0,1,1820224.719101124,22471.91011235955,5.0,0.0,0.0,BENIGN,0.0,0.0,0.0,75.5,70.0035713374682,1,0.0,File_10
2017-07-03 04:17:40,2,0,1,3819.9291676235516,41.7989086685407,49055.0,14430265509.499998,0.0,BENIGN,0.0,0.0,0.0,42.0,15.01110699893027,2,3708.067960542255,File_10
2017-07-03 04:18:00,2,0,1,9192.086922784209,129.07764316065078,2.0,0.0,0.0,BENIGN,1365.3333333333333,0.0,0.0,71.0,55.226805085936306,2,17713.50741352172,File_10
2017-07-03 04:19:00,1,0,1,1643979.057591623,20942.40837696335,1.0,0.0,0.0,BENIGN,2048.0,0.0,0.0,53.5,27.577164466275352,1,0.0,File_10
2017-07-03 04:19:20,2,0,1,1224724.3360770307,28782.937309105968,3.0,0.0,0.0,BENIGN,0.0,0.0,0.0,34.57142857142857,12.97249838256742,5,21367.317402987206,File_10
2017-07-03 04:20:20,8,0,1,592870.298013899,7706.736280666652,7516.375,439475174.29166675,0.0,BENIGN,0.0,0.0,0.0,54.1,47.53602512001321,12,26400.17107243322,File_10
2017-07-03 04:20:50,1,0,1,1421052.6315789472,17543.859649122805,49.0,0.0,0.0,BENIGN,2048.0,0.0,0.0,32.0,11.313708498984761,1,0.0,File_10
2017-07-03 04:22:20,1,0,1,1232704.4025157234,25157.23270440252,3.0,0.0,0.0,BENIGN,0.0,0.0,0.0,80.5,74.24621202458749,1,0.0,File_10
2017-07-03 04:23:00,1,0,1,8757.56150565187,64.87082596779163,4.0,0.0,0.0,BENIGN,2048.0,0.0,0.0,55.5,36.062445840513924,1,0.0,File_10
2017-07-03 04:23:30,1,0,1,8378.90562537977,127.92222328824076,4.0,0.0,0.0,BENIGN,2048.0,0.0,0.0,60.5,41.71930009000631,1,0.0,File_10
2017-07-03 04:23:40,1,0,1,4060.53121795006,83.72229315360947,1.0,0.0,0.0,BENIGN,2048.0,0.0,0.0,166.5,194.45436482630058,1,0.0,File_10
2017-07-03 04:23:50,1,0,1,1175257.731958763,20618.556701030928,4.0,0.0,0.0,BENIGN,2048.0,0.0,0.0,81.0,91.92388155425118,1,0.0,File_10
2017-07-03 04:25:40,2,0,1,822810.4190905902,12376.926408396006,5059.666666666666,153419266.6666667,0.0,BENIGN,0.0,0.0,0.0,38.0,9.521904571390467,2,4177.115458729332,File_10
2017-07-03 04:31:10,4,0,1,1018564.2835581262,17938.454768819716,1701.5833333333335,33947932.58333333,0.0,BENIGN,0.0,0.0,0.0,46.44444444444444,32.57725859825805,5,19716.27137512314,File_10
2017-07-03 04:31:20,32,0,1,779084.7710794711,10570.395922763613,5243.895833333334,353830653.59375,0.0,BENIGN,0.0,0.0,0.0,60.46052631578947,46.93781440430127,44,28606.343612885743,File_10
2017-07-03 04:31:30,1,0,1,5695.977216091136,129.4540276384349,4.0,0.0,0.0,BENIGN,0.0,0.0,0.0,63.25,48.04425043644661,3,29721.112226832967,File_10
2017-07-03 04:32:10,3,0,1,1558276.617271725,13103.228952035648,3.6666666666666665,0.0,0.0,BENIGN,512.0,0.0,0.0,38.5,23.591766118106303,5,26467.307458871765,File_10
2017-07-03 04:32:30,1,0,1,989247.311827957,21505.376344086024,1.0,0.0,0.0,BENIGN,2048.0,0.0,0.0,50.0,46.66904755831214,1,0.0,File_10
2017-07-03 04:32:50,1,0,1,1784.7655302971689,30.949691276829512,31052.0,2892121203.0,0.0,BENIGN,0.0,0.0,0.0,42.333333333333336,16.165807537309522,2,0.0,File_10
2017-07-03 04:33:00,1,0,1,1118881.1188811187,27972.02797202797,3.0,0.0,0.0,BENIGN,2048.0,0.0,0.0,102.5,113.84419177103415,1,0.0,File_10
2017-07-03 04:33:20,1,0,1,8284.28166557663,124.57566414400948,1.0,0.0,0.0,BENIGN,2048.0,0.0,0.0,33.0,22.627416997969522,1,0.0,File_10
2017-07-03 04:35:40,3,0,1,469744.01125329285,9020.88945048854,3673.7777777777774,121238450.77777778,0.0,BENIGN,0.0,0.0,0.0,60.5,39.21606813539573,3,27807.90564282035,File_10
2017-07-03 04:36:40,1,0,1,2431034.4827586208,17241.379310344826,3.0,0.0,0.0,BENIGN,2048.0,0.0,0.0,32.0,11.313708498984761,1,0.0,File_10
2017-07-03 04:37:00,1,0,1,16559.71848478576,165.5971848478576,1.0,0.0,0.0,BENIGN,2048.0,0.0,0.0,38.0,19.79898987322333,1,0.0,File_10
2017-07-03 04:37:10,2,0,1,817755.5849727035,9625.337785718195,25.0,0.0,0.0,BENIGN,1365.3333333333333,0.0,0.0,87.25,63.741012438356094,2,9589.782166451958,File_10
2017-07-03 04:37:50,1,0,1,460000.0,20000.0,49.0,0.0,0.0,BENIGN,2048.0,0.0,0.0,66.5,50.204581464244875,1,0.0,File_10
2017-07-03 04:40:10,5,0,1,988525.5751760711,12141.837708985053,3392.4,170464728.2,0.0,BENIGN,0.0,0.0,0.0,80.54545454545455,75.0351432814833,6,20736.905375682265,File_10
2017-07-03 04:40:30,1,0,1,405835.5437665783,5305.039787798409,4.0,0.0,0.0,BENIGN,0.0,0.0,0.0,82.0,90.50966799187809,1,0.0,File_10
2017-07-03 04:42:40,1,0,1,8069.982891636269,129.11972626618032,3.0,0.0,0.0,BENIGN,0.0,0.0,0.0,34.0,19.79898987322333,1,0.0,File_10
2017-07-03 04:42:50,1,0,1,17094.017094017094,192.06760779794487,10205.333333333332,312262816.33333343,0.0,BENIGN,0.0,0.0,0.0,47.666666666666664,37.52776749732568,2,30502.5,File_10
2017-07-03 04:43:10,2,0,1,714428.6619211733,8953.307351220194,24.0,0.0,0.0,BENIGN,1365.3333333333333,0.0,0.0,67.75,50.979571071819215,2,8681.823937911255,File_10
2017-07-03 04:43:30,1,0,1,4119.826264690853,63.87327542156362,3.0,0.0,0.0,BENIGN,2048.0,0.0,0.0,60.5,41.71930009000631,1,0.0,File_10
2017-07-03 04:44:40,37,0,1,585862.4098985145,8975.86755095486,5717.72072072072,265125005.04504502,0.0,BENIGN,0.0,0.0,0.0,57.06521739130435,56.44287286942807,55,27120.894385327956,File_10
2017-07-03 04:44:50,8,0,1,798593.5794947132,10505.956089910196,4984219.541666667,595301809767179.4,0.0,BENIGN,0.0,0.0,0.0,52.88235294117647,35.7489201811418,9,26608.383260658542,File_10
2017-07-03 04:45:10,2,0,1,700783.9313115694,7672.394607067973,5033.0,151850673.50000003,0.0,BENIGN,819.2,0.0,0.0,74.6,70.98802715951473,3,23343.0,File_10
2017-07-03 04:46:20,28,0,1,925566.5155974851,14373.834752426092,22395.809523809523,31490168586.011906,0.0,BENIGN,0.0,0.0,0.0,54.95454545454545,40.80664795695081,38,27071.796253158827,File_10
2017-07-03 04:46:40,7,0,1,1211226.4802938774,17127.81912529919,1465.4285714285713,44117706.85714286,0.0,BENIGN,0.0,0.0,0.0,77.94736842105263,80.49325277742265,12,21625.5282895579,File_10
2017-07-03 04:46:50,15,0,1,1152440.0962071132,15237.566720893152,2662.577777777778,111789211.44444443,0.0,BENIGN,117.02857142857142,0.0,0.0,59.57142857142857,43.02344484955486,20,25735.76319890146,File_10
2017-07-03 04:47:10,1,0,1,15123.35789810958,192.24607497596924,8332.666666666668,208150040.3333333,0.0,BENIGN,0.0,0.0,0.0,85.0,110.85125168440814,2,27618.5,File_10
2017-07-03 04:48:50,19,0,1,879724.4872855246,14206.5034051676,332229.898245614,6182918356110.909,0.0,BENIGN,0.0,0.0,0.0,62.348837209302324,51.83806457702598,24,28186.645029363426,File_10
2017-07-03 04:49:00,7,0,1,926290.8274193612,17122.66423641718,2518.3333333333335,65570212.95238096,0.0,BENIGN,0.0,0.0,0.0,64.52941176470588,42.153169582871854,10,28442.983426277562,File_10
2017-07-03 04:49:10,7,0,1,412241.9450830595,7911.941052452795,5954.428571428572,185602474.57142857,0.0,BENIGN,407.20467836257313,0.0,0.0,66.36842105263158,75.04606772311095,12,24771.693753800908,File_10
2017-07-03 04:49:20,15,0,1,1131861.1968802519,11898.945606923311,3538.0666666666666,112111791.84444445,0.0,BENIGN,128.0,0.0,0.0,47.0625,26.962264550245393,17,26869.943094432165,File_10
2017-07-03 04:49:30,1,0,1,809248.5549132947,23121.387283237,48.0,0.0,0.0,BENIGN,0.0,0.0,0.0,51.5,26.16295090390226,1,0.0,File_10
2017-07-03 04:49:40,7,0,1,769311.4337363589,9729.364174157588,6901.761904761904,351585444.3809524,0.0,BENIGN,0.0,0.0,0.0,60.666666666666664,35.436327875971195,14,23858.60333485596,File_10
2017-07-03 04:50:20,1,0,1,1216931.216931217,21164.021164021164,3.0,0.0,0.0,BENIGN,2048.0,0.0,0.0,61.5,54.44722215136416,1,0.0,File_10
2017-07-03 04:50:30,1,0,1,10938.84936464202,164.49397540815067,0.0,0.0,0.0,BENIGN,2048.0,0.0,0.0,36.0,11.313708498984761,1,0.0,File_10
2017-07-03 04:50:50,3,0,1,1669531.430076723,22347.349819443072,2.6666666666666665,0.0,0.0,BENIGN,0.0,0.0,0.0,62.25,45.24457347098576,5,28321.64380678437,File_10
2017-07-03 04:51:00,15,0,1,730095.5603549758,9838.534664950213,5483.022222222222,217293077.86666667,0.0,BENIGN,0.0,0.0,0.0,59.18421052631579,41.84905647369203,23,24840.16622677573,File_10
2017-07-03 04:51:20,1,0,1,5633.0154907926,64.50017737548778,7980.0,190897586.99999997,0.0,BENIGN,0.0,0.0,0.0,64.0,38.1051177665153,3,30011.968816161032,File_10
2017-07-03 04:52:10,3,0,1,599691.6633663147,10009.29054700973,3.6666666666666665,0.0,0.0,BENIGN,682.6666666666666,0.0,0.0,44.333333333333336,22.214109630292786,3,21308.082087320767,File_10
2017-07-03 04:53:00,5,0,1,1174693.0726438588,24260.424162971467,12.2,0.0,0.0,BENIGN,0.0,0.0,0.0,69.2,55.95942407545974,10,27711.784979959517,File_10
2017-07-03 04:53:10,12,0,1,1127852.5147265128,17341.658082393074,687880.5444444445,28123474578668.527,0.0,BENIGN,0.0,0.0,0.0,60.625,50.65299405219412,20,26976.887196249456,File_10
2017-07-03 04:53:40,8,0,1,691381.1587096722,8509.260342558408,3835720.791666666,352062086356101.06,0.0,BENIGN,0.0,0.0,0.0,63.473684210526315,44.894157527644495,11,28013.297954269707,File_10
2017-07-03 04:53:50,12,0,1,378677.14287988545,6222.475088249055,7679.388888888888,274600662.77777773,0.0,BENIGN,0.0,0.0,0.0,77.75,65.6590217933312,24,27976.186692256684,File_10
2017-07-03 04:54:00,1,0,1,16682.654210284858,166.82654210284858,3.0,0.0,0.0,BENIGN,0.0,0.0,0.0,67.0,33.94112549695428,1,0.0,File_10
2017-07-03 04:54:10,1,0,1,13510.678471027566,167.8345151680443,48.0,0.0,0.0,BENIGN,0.0,0.0,0.0,60.0,39.59797974644666,1,0.0,File_10
2017-07-03 04:54:50,2,0,1,838373.7279855105,14465.813493482041,38.0,0.0,0.0,BENIGN,1365.3333333333333,0.0,0.0,65.25,45.28704744920634,2,19774.35168764495,File_10
2017-07-03 04:55:10,6,0,1,1344524.835891917,17990.449036323855,17.333333333333332,0.0,0.0,BENIGN,787.6923076923077,0.0,0.0,53.69230769230769,41.65009927035912,7,25813.788664630814,File_10
2017-07-03 04:55:20,6,0,1,453766.40164055116,8033.386159615028,7906.944444444445,297308683.4444445,0.0,BENIGN,0.0,0.0,0.0,42.2,16.768167120214077,9,28219.341676103166,File_10
2017-07-03 04:56:00,1,0,1,1589403.9735099336,26490.06622516556,3.0,0.0,0.0,BENIGN,0.0,0.0,0.0,75.5,70.0035713374682,1,0.0,File_10
2017-07-03 04:56:40,1,0,1,1275862.0689655172,22988.50574712644,1.0,0.0,0.0,BENIGN,2048.0,0.0,0.0,95.5,89.80256121069154,1,0.0,File_10
2017-07-03 04:57:10,8,0,1,466314.63868795545,5767.387861437597,8080.666666666666,323916907.37500006,0.0,BENIGN,0.0,0.0,0.0,71.52380952380952,61.51879310228627,13,25742.283475393164,File_10
2017-07-03 04:57:20,9,0,1,1002539.6467340708,16189.010283915717,4412.185185185186,265118330.1851851,0.0,BENIGN,0.0,0.0,0.0,67.85714285714286,54.287106637671776,19,28588.57655042829,File_10
2017-07-03 05:00:00,1,0,1,2869.4820439987247,57.96933422219647,1.0,0.0,0.0,BENIGN,2048.0,0.0,0.0,55.0,45.254833995939045,1,0.0,File_10
2017-07-03 05:00:30,1,0,1,2906.930057014374,32.120774110656065,3.0,0.0,0.0,BENIGN,2048.0,0.0,0.0,50.5,26.16295090390226,1,0.0,File_10
2017-07-03 08:56:30,1,0,1,56.96509797081942,0.9630616732175726,2245089.8918918907,74521964675038.48,0.0,BENIGN,0.0,0.0,0.0,53.0,3.286335345030997,5,0.0,File_10
2017-07-03 08:56:50,3,0,2,2216.5950716948146,21.934995051103403,4367406.466666667,270046879131323.75,0.0,BENIGN,4301.066666666667,0.0,0.0,77.66666666666667,60.70474995143845,3,30159.73926545122,File_10
2017-07-03 08:57:00,2,0,1,4133.312738298182,49.19078998409479,0.0,0.0,0.0,BENIGN,4838.7,0.0,0.0,67.83333333333333,34.48719569154133,4,30168.942835969574,File_10
2017-07-03 08:57:20,12,0,4,8331048.936471385,45319.700990070975,866647.1971731046,39740851309144.945,0.0,BENIGN,5587.501893939394,0.0,0.0,70.37837837837837,57.3068501583805,25,28397.149599231103,File_10
2017-07-03 08:57:30,8,0,4,3057.9160736954623,45.57575793034758,2613660.5841042246,157581820918700.5,0.0,BENIGN,3900.1247311827956,0.0,0.0,61.096774193548384,52.28342939447749,23,21468.610171571167,File_10
2017-07-03 08:57:40,4,0,1,5152.446198300626,65.86219689680959,0.0,0.0,0.0,BENIGN,4301.066666666667,0.0,0.0,76.25,47.323707941509966,12,30286.458523020923,File_10
2017-07-03 08:57:50,5,0,3,1087.5452037804876,13.158153445961744,29412180.332727272,223656693705551.7,0.0,BENIGN,3376.601449275362,0.0,0.0,56.75,52.74817120258665,19,23254.02277957283,File_10
2017-07-03 08:58:10,1,0,1,2.995596332971953,0.0624082569369156,63999960.0,0.0,0.0,BENIGN,58.8,0.0,0.0,36.0,0.0,5,0.0,File_10
2017-07-03 08:58:20,2,0,2,893221.9416096342,11310.766515808504,22694.77142857144,17492368059.06891,0.0,BENIGN,240.94117647058826,0.0,0.0,42.8235294117647,22.313771796016603,15,5012.636531416751,File_10
2017-07-03 08:58:30,4,0,3,3196.614054169328,46.08916348967283,82966.85284280939,1257987813549.9045,0.0,BENIGN,5062.5,0.0,0.0,50.46341463414634,43.345182870173474,37,24362.288965479005,File_10
2017-07-03 08:58:40,1,0,1,2190.289715594199,22.12413854135555,0.0,0.0,0.0,BENIGN,8064.5,0.0,0.0,77.0,60.81118318204309,1,0.0,File_10
2017-07-03 08:59:10,5,0,3,672976.2845255343,10778.740035125327,649401.8899399673,48005342796826.86,0.0,BENIGN,3383.5571428571434,0.0,0.0,71.47619047619048,53.45523271637591,16,26243.8045071594,File_10
2017-07-03 08:59:20,4,0,1,91164.80295939083,1031.0819924954335,0.0,0.0,0.0,BENIGN,4301.066666666667,0.0,0.0,59.1875,37.25268446702868,12,30814.895236917848,File_10
2017-07-03 08:59:30,6,0,1,40309.33178558289,511.84545548714215,0.0,0.0,0.0,BENIGN,4207.565217391304,0.0,0.0,68.70833333333333,40.190285616937516,18,29608.235303578305,File_10
2017-07-03 09:00:20,3,0,1,5226.906736885133,65.217018772587,0.0,0.0,0.0,BENIGN,4608.285714285715,0.0,0.0,60.75,35.33816229355616,5,29722.887294171822,File_10
2017-07-03 09:01:00,1,0,1,4557.440020834011,65.10628601191445,0.0,0.0,0.0,BENIGN,5376.333333333333,0.0,0.0,118.25,86.76933021907377,3,28624.153906952237,File_10
2017-07-03 09:01:10,1,0,1,1468085.1063829788,21276.595744680853,3.0,0.0,0.0,BENIGN,2048.0,0.0,0.0,87.0,90.50966799187809,1,0.0,File_10
2017-07-03 09:01:20,1,0,1,1895.5589761131064,14.252323128669971,0.0,0.0,0.0,BENIGN,5376.333333333333,0.0,0.0,73.25,62.84040632162292,3,0.0,File_10
2017-07-03 09:01:30,4,0,1,582516.5927339738,9196.913536149745,1.0,0.0,0.0,BENIGN,5495.071428571428,0.0,0.0,67.25,48.15080477001397,4,20692.778110209547,File_10
2017-07-03 09:01:40,11,0,1,84626.32709568794,1053.1681694229248,0.2727272727272727,0.0,0.0,BENIGN,4467.761111111111,0.0,0.0,74.47222222222223,58.72039612123645,25,29931.723395373392,File_10
2017-07-03 09:01:50,9,0,1,228979.6741380729,2900.2395796055207,0.3333333333333333,0.0,0.0,BENIGN,4586.078042328042,0.0,0.0,84.96428571428571,76.5426446827287,19,27871.099288806843,File_10
2017-07-03 09:02:00,12,0,1,21945.24253963343,399.6297264210707,0.3333333333333333,0.0,0.0,BENIGN,4134.656349206348,0.0,0.0,77.38888888888889,47.63988591672665,24,29385.98378408263,File_10
2017-07-03 09:02:10,31,0,1,133198.62902473932,1858.0928538371393,0.1935483870967742,0.0,0.0,BENIGN,4065.910794020577,0.0,0.0,78.04901960784314,58.20438169531797,71,30390.92362738256,File_10
2017-07-03 09:02:20,5,0,1,68947.98726996753,951.4952429466282,0.0,0.0,0.0,BENIGN,4342.423076923077,0.0,0.0,50.5,19.242381109655604,9,29545.545613670216,File_10
2017-07-03 09:02:30,12,0,4,57900.9608816483,741.8701238475346,907656.3960539461,51759202838727.914,0.0,BENIGN,5619.675675675676,0.0,0.0,61.473684210526315,40.34428647187367,26,29394.843373051393,File_10
2017-07-03 09:02:40,4,0,2,303747.50498298794,1958.245379932904,16499975.25,0.0,0.0,BENIGN,6961.333333333333,0.0,0.0,57.3125,43.344694023605705,12,28880.1138568085,File_10
2017-07-03 09:02:50,1,0,1,4115.6295933366,65.32745386248571,0.0,0.0,0.0,BENIGN,8064.5,0.0,0.0,69.0,35.35533905932738,1,0.0,File_10
2017-07-03 09:03:00,13,0,3,3384.6057448717816,40.20514039842995,10235180.635897435,640150640408.4009,0.0,BENIGN,5723.870567375887,0.0,0.0,62.416666666666664,46.247637470807156,35,29999.262748825422,File_10
2017-07-03 09:03:10,3,0,2,1582.9196330962866,29.123688050555625,4367985.133333334,270054168024669.4,0.0,BENIGN,4301.0666666666675,0.0,0.0,67.0,43.62975539188314,7,28762.663741492597,File_10
2017-07-03 09:03:20,3,0,2,3658.4937650041907,57.99785452436862,2811.476722532587,2109483084.5053885,0.0,BENIGN,3840.2380952380954,0.0,0.0,47.857142857142854,22.05620526011196,4,30693.55885605317,File_10
2017-07-03 09:03:30,5,0,1,1728.3657130610743,19.023383605743266,0.0,0.0,0.0,BENIGN,4301.066666666667,0.0,0.0,78.5,57.674951235349994,11,28738.305325123114,File_10
2017-07-03 09:03:40,3,0,1,2508.1700617971783,20.708122846884038,0.0,0.0,0.0,BENIGN,4342.423076923077,0.0,0.0,75.5,40.763388550927,11,21944.519545230556,File_10
2017-07-03 09:04:00,1,0,1,3946.6666666666665,42.66666666666666,0.0,0.0,0.0,BENIGN,5376.333333333333,0.0,0.0,83.0,51.10120676983405,3,28461.519347279333,File_10
2017-07-03 09:04:10,4,0,1,5253.946019987887,55.23248000183422,0.0,0.0,0.0,BENIGN,4480.277777777777,0.0,0.0,65.2,36.635744536965234,6,25343.695095844076,File_10
2017-07-03 09:04:20,7,0,1,123537.73695266593,1199.0520909391432,0.0,0.0,0.0,BENIGN,4224.261904761905,0.0,0.0,80.22727272727273,61.80301411834664,15,29697.395824429357,File_10
2017-07-03 09:04:30,8,0,4,192539.58350817586,2789.07296906166,2151586.3888619435,143787293773555.78,0.0,BENIGN,5417.337301587301,0.0,0.0,71.07142857142857,57.964183431206564,20,30275.461598576145,File_10
2017-07-03 09:04:40,1,0,1,5364.21303588914,85.14623866490697,0.0,0.0,0.0,BENIGN,5376.333333333333,0.0,0.0,70.5,42.83689998120779,3,29277.049168247813,File_10
2017-07-03 09:05:00,3,0,1,527100.5916777026,6508.336258141207,39574695.0,0.0,0.0,BENIGN,4320.267857142857,0.0,0.0,71.25,42.022952911814414,5,27536.460595407847,File_10
2017-07-03 09:05:30,7,0,1,4168.646580610802,41.99587657347763,21080004.714285713,0.0,0.0,BENIGN,4224.261904761905,0.0,0.0,90.18181818181819,51.948359306450044,15,27563.559921588876,File_10
2017-07-03 09:05:40,2,0,1,1791.348221849606,21.082173090447014,12757542.0,73409612979481.03,0.0,BENIGN,4838.7,0.0,0.0,87.0,69.45790091847003,4,619.2310069755874,File_10
2017-07-03 09:05:50,24,0,1,26344.23658375899,306.41969301404407,1531373.9166666667,62465526189456.34,0.0,BENIGN,4089.042253521127,0.0,0.0,79.70833333333333,50.809347454306035,48,29785.417188354248,File_10
2017-07-03 09:06:00,1,0,1,7797.437984662182,85.68613169958442,0.0,0.0,0.0,BENIGN,5376.333333333333,0.0,0.0,51.25,17.211914478058507,3,28502.53154058815,File_10
2017-07-03 09:06:10,9,0,1,65712.08308279785,521.4370428583995,0.0,0.0,0.0,BENIGN,4193.54,0.0,0.0,80.76923076923077,66.01957751595064,17,28292.720721033533,File_10
2017-07-03 09:06:20,60,0,1,100482.18985330896,1533.500384747688,5265611.266666667,833573017232.0334,0.0,BENIGN,4027.511750881316,0.0,0.0,78.76756756756757,60.71006494724694,125,30344.504474958616,File_10
2017-07-03 09:06:30,85,0,1,39675.050454000266,364.9290399637151,2259105.5411764705,1145867377573.8823,0.0,BENIGN,4043.287363758523,0.0,0.0,75.6443661971831,50.610027113934635,199,30240.618296587985,File_10
2017-07-03 09:06:40,102,0,1,60155.7307906848,728.2355594430146,1833002.3921568627,8142259341.352942,0.0,BENIGN,4038.8300424281983,0.0,0.0,76.90104166666667,55.806974296347065,282,30361.62646703627,File_10
2017-07-03 09:06:50,97,0,1,27933.81074136894,280.64282339774076,970874.8247422681,0.0,0.0,BENIGN,4043.2755546459266,0.0,0.0,75.63428571428571,53.02594889911597,253,30291.658058115394,File_10
2017-07-03 09:07:00,40,0,1,17084.551929755326,228.7048477756843,4010817.1625,144800290849.5125,0.0,BENIGN,4315.880119825708,0.0,0.0,75.25,50.13134600079926,96,28992.12864717458,File_10
2017-07-03 09:07:10,4,0,1,3037.0873201214627,41.7147670009578,0.0,0.0,0.0,BENIGN,4480.277777777777,0.0,0.0,66.4,45.326470068701454,6,28360.887304373216,File_10
2017-07-03 09:07:20,7,0,1,4048.1405915104524,40.90797203937648,0.0,0.0,0.0,BENIGN,4269.441176470588,0.0,0.0,74.72222222222223,40.20507073017408,11,27543.300656832405,File_10
2017-07-03 09:07:40,5,0,1,92931.65718738627,762.2622811012483,18991618.0,0.0,0.0,BENIGN,4269.441176470588,0.0,0.0,73.33333333333333,50.34002033232429,13,30082.69527756165,File_10
2017-07-03 09:07:50,3,0,1,92938.63728938335,1146.7102989551759,28660630.0,0.0,0.0,BENIGN,4608.285714285715,0.0,0.0,66.25,32.51263490662405,5,30215.711998081733,File_10
2017-07-03 09:08:10,3,0,3,2066.1355808257194,37.71847512337101,4401711.913967438,273588798817105.97,0.0,BENIGN,2304.1428571428573,0.0,0.0,45.0,17.841898254763514,4,28589.526670132585,File_10
2017-07-03 09:08:20,2,0,1,877.8546861894687,8.279273919404549,33761466.0,0.0,0.0,BENIGN,4838.7,0.0,0.0,72.83333333333333,49.84542774083363,4,29559.18001975021,File_10
2017-07-03 09:08:30,1,0,1,5580.029368575624,65.26350138684941,0.0,0.0,0.0,BENIGN,8064.5,0.0,0.0,43.0,11.313708498984761,1,0.0,File_10
2017-07-03 09:08:40,4,0,1,2730.222172423377,24.70538583929458,0.0,0.0,0.0,BENIGN,4398.818181818182,0.0,0.0,72.08333333333333,40.73519437299962,8,17781.086591661526,File_10
2017-07-03 09:09:10,19,0,1,13482.280614902782,205.46352997646204,6835868.184210527,694418849076.0262,0.0,BENIGN,4091.166569257744,0.0,0.0,62.94915254237288,38.126569488921646,40,29785.322020911866,File_10
2017-07-03 09:09:20,65,0,1,37536.88211035839,799.0065142579676,5127579.666666667,108306761.48717946,0.0,BENIGN,4034.1252272439015,0.0,0.0,70.92660550458716,44.93204421836259,153,30207.42131523244,File_10
2017-07-03 09:09:30,4,0,1,4762.551246142378,57.255353602431924,0.0,0.0,0.0,BENIGN,4480.277777777777,0.0,0.0,65.4,33.56320736891647,6,30262.56241058118,File_10
2017-07-03 09:09:40,2,0,1,684686.8813450895,9009.031772329265,43914068.5,0.0,0.0,BENIGN,4301.066666666667,0.0,0.0,53.333333333333336,27.54390434681813,4,30206.404032257797,File_10
2017-07-03 09:09:50,2,0,1,6374.372930298084,65.21988333192145,0.0,0.0,0.0,BENIGN,4608.285714285715,0.0,0.0,55.75,22.467436753793574,6,30180.05122322914,File_10
2017-07-03 09:10:00,1,0,1,3981.463350956204,65.26989099928203,0.0,0.0,0.0,BENIGN,4838.7,0.0,0.0,77.66666666666667,42.60829340241952,5,29840.66384248179,File_10
2017-07-03 09:10:10,11,0,1,4149.120848178923,51.40184108688504,4889613.090909091,0.0,0.0,BENIGN,4154.439393939394,0.0,0.0,78.1470588235294,53.37524812400843,23,30475.69297795679,File_10
2017-07-03 09:10:20,2,0,1,5795.601445033601,65.1200941330494,0.0,0.0,0.0,BENIGN,4838.7,0.0,0.0,88.83333333333333,62.54411776231772,4,30313.595693021965,File_10
2017-07-03 09:10:30,7,0,1,2934.114608726017,33.50487582891585,0.0,0.0,0.0,BENIGN,4224.261904761905,0.0,0.0,77.54545454545455,43.357568980269036,15,30028.470895803803,File_10
2017-07-03 09:10:40,2,0,1,1817.4705436243808,20.66719229539418,0.0,0.0,0.0,BENIGN,4480.277777777777,0.0,0.0,70.1,52.27161966327639,8,30142.104885252793,File_10
2017-07-03 09:10:50,20,0,1,14666.60369927637,211.69051033509626,6249997.85,0.0,0.0,BENIGN,4102.991228070176,0.0,0.0,71.58620689655173,49.004487615039736,38,29308.17901719221,File_10
2017-07-03 09:11:00,22,0,1,23051.41808356583,257.64205587980865,4121067.3636363638,0.0,0.0,BENIGN,4084.616883116883,0.0,0.0,77.94871794871794,51.952750120549396,56,30410.645154614056,File_10
2017-07-03 09:11:10,2,0,1,3733.454241755307,65.54707799360101,0.0,0.0,0.0,BENIGN,4608.285714285715,0.0,0.0,89.5,62.232283767005875,6,30080.400755851857,File_10
2017-07-03 09:11:20,9,0,1,239353.82190309226,2166.5854107230643,7344553.0,0.0,0.0,BENIGN,4146.063508064516,0.0,0.0,78.0625,52.24751113072123,23,29779.595956737125,File_10
2017-07-03 09:11:40,7,0,1,450911.15983265423,2974.097839235818,6385477.142857143,0.0,0.0,BENIGN,4178.346014492754,0.0,0.0,73.875,54.104016165321696,17,28066.325593450605,File_10
2017-07-03 09:11:50,1,0,1,3414.6501625242145,65.66634927931182,0.0,0.0,0.0,BENIGN,8064.5,0.0,0.0,47.0,22.627416997969522,1,0.0,File_10
2017-07-03 09:12:00,3,0,1,126272.35127006612,1303.1944000143328,0.0,0.0,0.0,BENIGN,4342.423076923077,0.0,0.0,87.35714285714286,59.12126669671562,11,27936.618000850493,File_10
2017-07-03 09:12:10,9,0,1,3272.282607593587,34.92929298125999,12844591.222222222,0.0,0.0,BENIGN,4096.253968253969,0.0,0.0,74.25,54.59251407100238,19,30321.598451482554,File_10
2017-07-03 09:12:20,22,0,1,18661.20070576856,210.02272533438526,2134264.6111111115,84944328223.94444,0.0,BENIGN,4089.538797814207,0.0,0.0,78.55737704918033,54.59808439562812,39,30390.25079054502,File_10
2017-07-03 09:12:30,24,0,1,1750.7201309353832,24.554860743589884,4062533.0833333335,119065596.12499999,0.0,BENIGN,4083.1836842105267,0.0,0.0,68.26315789473684,41.080853097618004,52,29507.937139589336,File_10
2017-07-03 09:12:40,7,0,1,1040.7408864738125,14.127934090794444,0.0,0.0,0.0,BENIGN,4269.441176470588,0.0,0.0,73.66666666666667,47.59881362831987,11,30368.023754735277,File_10
2017-07-03 09:12:50,3,0,1,3189.971060926792,32.88203957347184,39634696.0,0.0,0.0,BENIGN,4838.7,0.0,0.0,59.666666666666664,37.765945859552716,3,29636.413699366523,File_10
2017-07-03 09:13:00,1,0,1,5543.201521157626,64.45583164136775,0.0,0.0,0.0,BENIGN,8064.5,0.0,0.0,132.0,137.17871555019022,1,0.0,File_10
2017-07-03 09:13:10,5,0,1,4545.03401740112,39.54355145260508,20293268.0,0.0,0.0,BENIGN,4398.818181818182,0.0,0.0,69.16666666666667,53.583975442686445,7,23681.476629189383,File_10
2017-07-03 09:13:30,1,0,1,2367.8663214330404,19.250945702707646,0.0,0.0,0.0,BENIGN,8064.5,0.0,0.0,186.5,202.93964620053913,1,0.0,File_10
2017-07-03 09:13:50,2,0,1,4674.382465798498,53.8005261071291,0.0,0.0,0.0,BENIGN,5376.333333333333,0.0,0.0,49.5,25.72288216096063,2,324.7977148250208,File_10
2017-07-03 09:14:10,20,0,1,2549.674632967541,32.047664363617486,11608622.75,0.0,0.0,BENIGN,4087.9953917050693,0.0,0.0,73.88888888888889,51.82791348768977,43,30045.255948076592,File_10
2017-07-03 09:14:40,3,0,1,4849.056746507661,47.78450768560648,0.0,0.0,0.0,BENIGN,4480.277777777777,0.0,0.0,83.5,53.91196527673611,7,28385.05125528985,File_10
2017-07-03 09:14:50,57,0,1,43668.489023977025,587.1428852843683,9955816.280701755,0.0,0.0,BENIGN,4049.8273757628594,0.0,0.0,79.29032258064517,54.968606400609325,129,30346.26687843081,File_10
2017-07-03 09:15:00,3,0,1,1379.8728743734862,23.11890425646004,19104025.0,0.0,0.0,BENIGN,4480.277777777777,0.0,0.0,77.1,44.478334301345214,7,28994.219101123428,File_10
2017-07-03 09:15:10,26,0,1,30449.04297679829,301.1172043841377,3043943.205128205,8957468249671.053,0.0,BENIGN,4083.1836842105267,0.0,0.0,82.5,67.52214451570684,50,30243.247672677837,File_10
2017-07-03 09:15:20,38,0,1,158105.13464430388,1302.859316720024,1068823.2368421052,0.0,0.0,BENIGN,4043.5357856857263,0.0,0.0,74.21951219512195,55.4991561869639,85,30271.624652843046,File_10
2017-07-03 09:15:30,57,0,1,54567.04981244127,735.3183382986782,1572758.1929824562,0.0,0.0,BENIGN,4050.8915577889443,0.0,0.0,76.705,50.38961740987491,143,30457.567167415593,File_10
2017-07-03 09:15:40,8,0,1,50354.7904722165,587.3071621662016,0.0,0.0,0.0,BENIGN,4181.592592592592,0.0,0.0,81.39285714285714,59.70566030968816,20,29990.356019761486,File_10
2017-07-03 09:15:50,9,0,1,99940.17250630436,893.9364743793699,15707552.333333334,0.0,0.0,BENIGN,4162.322580645161,0.0,0.0,73.875,50.9096289770476,23,27999.48411387396,File_10
2017-07-03 09:16:00,1,0,1,2523.74166458168,21.756393660186887,0.0,0.0,0.0,BENIGN,8064.5,0.0,0.0,90.5,82.73149339882606,1,0.0,File_10
2017-07-03 09:16:10,11,0,1,5031.520696292866,49.03369505507797,0.0,0.0,0.0,BENIGN,4135.641025641025,0.0,0.0,85.125,73.58622624042961,29,30366.411493091906,File_10
2017-07-03 09:16:20,3,0,1,116846.57434010935,1330.422615716376,0.0,0.0,0.0,BENIGN,4480.277777777777,0.0,0.0,72.4,40.227685325738875,7,30020.038478438255,File_10
2017-07-03 09:16:40,2,0,1,183507.20064398408,2061.8724750707215,59493936.5,0.0,0.0,BENIGN,4480.277777777777,0.0,0.0,70.7,54.19522324174172,8,19005.918593434173,File_10
2017-07-03 09:16:50,8,0,1,63575.66031595493,543.1222245677368,30107904.25,0.0,0.0,BENIGN,4143.814229249012,0.0,0.0,71.8695652173913,63.43020813735224,15,27304.856362774288,File_10
2017-07-03 09:17:00,1,0,1,1694.904731453831,12.416884479515245,0.0,0.0,0.0,BENIGN,8064.5,0.0,0.0,89.0,33.94112549695428,1,0.0,File_10
2017-07-03 09:17:20,1,0,1,5850.899575809781,32.50499764338767,0.0,0.0,0.0,BENIGN,5376.333333333333,0.0,0.0,97.75,67.71693535101343,3,28613.783007494832,File_10
2017-07-03 09:17:30,25,0,1,58286.62490185669,815.1975439235608,4899365.94,2933244967111.219,0.0,BENIGN,4071.837307152875,0.0,0.0,82.18279569892474,55.50224167751737,68,30339.238687748475,File_10
2017-07-03 09:17:40,3,0,1,3763.774183858339,42.72899197266065,14962825.0,0.0,0.0,BENIGN,4838.7,0.0,0.0,74.16666666666667,35.36335202814726,3,30031.050388556177,File_10
2017-07-03 09:17:50,15,0,3,51693.99148407921,511.42232956063464,1698296.0339181283,91490348423833.94,0.0,BENIGN,4169.554732945532,0.0,0.0,75.09677419354838,46.93585077298846,47,29869.94917175532,File_10
2017-07-03 09:18:00,32,0,1,76237.81472784515,1128.2831055314364,2073591.8125,0.0,0.0,BENIGN,4545.846122908624,0.0,0.0,78.58035714285714,54.802781278939996,80,28941.91619112981,File_10
2017-07-03 09:18:10,17,0,1,31835.336252668127,271.9212961477604,16254825.235294119,0.0,0.0,BENIGN,4094.087784241142,0.0,0.0,67.79032258064517,41.89883878698209,45,30213.09305670658,File_10
2017-07-03 09:18:20,9,0,1,4063.9067015154847,38.81270871821657,9788803.222222222,0.0,0.0,BENIGN,4135.641025641025,0.0,0.0,71.4074074074074,46.82558411419261,18,26921.61156056137,File_10
2017-07-03 09:18:30,8,0,1,3002.6681089915573,32.64538223826249,11907600.75,0.0,0.0,BENIGN,4097.136781609195,0.0,0.0,79.8,78.31651078839612,22,30246.77709013096,File_10
2017-07-03 09:18:40,15,0,1,70298.54060609544,1311.580877991302,3.2666666666666666,0.0,0.0,BENIGN,4095.3435277382655,0.0,0.0,76.84210526315789,56.30780576476652,23,29957.5485488911,File_10
2017-07-03 09:18:50,2,0,1,5508.158672844978,51.79380094787065,0.0,0.0,0.0,BENIGN,4608.285714285715,0.0,0.0,100.875,82.68086235641232,6,30411.30676211714,File_10
2017-07-03 09:19:00,2,0,1,2389.765264324029,32.57026395645714,0.0,0.0,0.0,BENIGN,4838.7,0.0,0.0,92.33333333333333,59.83198698578099,4,29542.63867294186,File_10
2017-07-03 09:19:10,3,0,1,236353.08537807013,2264.896500118926,0.0,0.0,0.0,BENIGN,4838.7,0.0,0.0,63.333333333333336,58.96665724514717,3,29530.262938213065,File_10
2017-07-03 09:19:30,3,0,1,1155.3456418660267,15.58765182507036,36067954.333333336,0.0,0.0,BENIGN,4608.285714285715,0.0,0.0,82.625,48.61198411914494,5,428.5926185237693,File_10
2017-07-03 09:19:40,18,0,1,2471.685625684538,31.056019216742698,17484517.666666668,0.0,0.0,BENIGN,4118.04255319149,0.0,0.0,78.83333333333333,48.7400107969035,30,30151.741080951957,File_10
2017-07-03 09:19:50,5,0,1,175524.65918534243,5375.190693496707,15838528.0,0.0,0.0,BENIGN,4963.995833333333,0.0,0.0,87.0,56.29920070480575,11,29936.45304128953,File_10
2017-07-03 09:20:00,12,0,1,37093.04979045794,405.02733397170505,23977419.166666668,0.0,0.0,BENIGN,4154.439393939394,0.0,0.0,87.5,61.555715092963226,22,29884.92536687443,File_10
2017-07-03 09:20:10,9,0,1,3980.3881345395566,51.655863999176276,8540098.888888888,0.0,0.0,BENIGN,4140.064171122994,0.0,0.0,62.55882352941177,34.99367144210818,25,29155.057022879348,File_10
2017-07-03 09:20:20,4,0,1,134935.52737399872,1138.860098361738,16072851.916666666,85194527677.58334,0.0,BENIGN,4253.802197802199,0.0,0.0,68.07142857142857,35.763032666351236,10,21972.82665599576,File_10
2017-07-03 09:20:30,2,0,1,6638.289658270106,48.32013775532528,0.5,0.0,0.0,BENIGN,6067.466666666667,0.0,0.0,72.66666666666667,55.50015014994704,4,27649.880140065707,File_10
2017-07-03 09:20:50,1,0,1,1717.9537777571416,23.215591591312723,0.0,0.0,0.0,BENIGN,5376.333333333333,0.0,0.0,75.5,51.176166327695945,3,29029.561794832523,File_10
2017-07-03 09:21:00,6,0,1,2690.2507539524863,34.18687929286642,0.0,0.0,0.0,BENIGN,4244.473684210527,0.0,0.0,62.15,40.24042874104546,14,30232.62822096045,File_10
2017-07-03 09:21:10,9,0,2,105137.93802787061,2591.115510771019,808952.0512820514,2365637376177.2334,0.0,BENIGN,3707.8160919540223,0.0,0.0,71.76666666666667,62.86311529321321,21,28037.49588413759,File_10
2017-07-03 09:21:20,31,0,2,89476.54137350207,1390.678389282986,6300039.838709678,26141036279439.234,0.0,BENIGN,4046.9127272727274,0.0,0.0,71.23,53.48913889564852,69,29884.020649169408,File_10
2017-07-03 09:21:30,17,0,2,177219.75199279166,2692.9602550570553,1975726.775443511,80009988550789.56,0.0,BENIGN,5821.694444444444,0.0,0.0,64.01234567901234,58.825057124315755,64,28090.38761943309,File_10
2017-07-03 09:21:40,5,0,1,161632.46969715104,3545.4288184813463,1.2,0.0,0.0,BENIGN,3763.4333333333334,0.0,0.0,85.6,87.66121656062553,5,28814.512620904192,File_10
2017-07-03 09:21:50,2,0,1,3110.100461255272,41.88177606261469,0.0,0.0,0.0,BENIGN,4398.818181818182,0.0,0.0,67.08333333333333,39.05115138177649,10,29259.006702888422,File_10
2017-07-03 09:22:10,2,0,1,360932.93580913916,9001.274659356002,24.0,0.0,0.0,BENIGN,6410.916666666667,0.0,0.0,54.25,28.335784207723396,2,12196.177761905572,File_10
2017-07-03 09:22:20,2,0,1,896.0735114423469,13.571841911635884,58779539.5,0.0,0.0,BENIGN,5376.333333333333,0.0,0.0,90.0,64.61166045433802,2,28305.842439719436,File_10
2017-07-03 09:22:30,7,0,1,5210.168457018163,57.44746773851015,0.0,0.0,0.0,BENIGN,4181.592592592592,0.0,0.0,75.60714285714286,56.37200466590584,21,27662.537300940527,File_10
2017-07-03 09:22:40,5,0,1,5530.832455350273,70.911173897248,0.6,0.0,0.0,BENIGN,4276.628787878788,0.0,0.0,76.25,44.873812974931056,7,21666.60752066519,File_10
2017-07-03 09:22:50,1,0,1,3.444606265664371,0.0381673824450345,104801088.0,0.0,0.0,BENIGN,4838.7,0.0,0.0,65.33333333333333,30.519938837859208,5,0.0,File_10
2017-07-03 09:23:10,4,0,1,201809.08718402637,3048.799931153828,0.25,0.0,0.0,BENIGN,5230.683006535947,0.0,0.0,80.22222222222223,53.60811566693496,14,29844.458111786167,File_10
2017-07-03 09:23:40,3,0,1,4604.398847305275,41.686851082009305,0.0,0.0,0.0,BENIGN,4269.441176470588,0.0,0.0,81.94444444444444,63.756404266295625,15,27595.35438975542,File_10
2017-07-03 09:23:50,1,0,1,8.128914190949546,0.0844562513345407,47361261.0,0.0,0.0,BENIGN,8064.5,0.0,0.0,54.0,19.79898987322333,1,0.0,File_10
2017-07-03 09:24:00,10,0,1,3275.9890394152853,33.143620670496524,15549878.4,0.0,0.0,BENIGN,4141.22972972973,0.0,0.0,79.57894736842105,51.815489481557265,28,30135.206612010737,File_10
2017-07-03 09:24:10,9,0,1,1418.3391125227654,21.62450901929608,8808845.185185185,4053145631167.1475,0.0,BENIGN,4130.59756097561,0.0,0.0,78.71428571428571,44.676771786715186,33,29967.84581664065,File_10
2017-07-03 09:24:20,18,0,1,78054.75968332251,1367.308109884037,8867490.611111112,0.0,0.0,BENIGN,4021.638015373866,0.0,0.0,67.46296296296296,56.5060400721915,36,28883.02057121441,File_10
2017-07-03 09:24:30,26,0,1,200094.60163853038,3216.099608416508,9357370.923076924,0.0,0.0,BENIGN,3856.7409783480343,0.0,0.0,66.7816091954023,46.648219709132974,61,29178.369683487967,File_10
2017-07-03 09:24:40,33,0,1,117591.22098520545,1281.6718374852771,2163480.742424242,4361057919412.7417,0.0,BENIGN,4150.003350379122,0.0,0.0,78.33644859813084,47.89117851673092,74,29541.075712777743,File_10
2017-07-03 09:24:50,8,0,1,3339.3927767713835,45.21747299758395,11836223.875,0.0,0.0,BENIGN,4244.473684210527,0.0,0.0,107.8,96.04856227861754,12,29152.43649881043,File_10
2017-07-03 09:25:00,6,0,1,395058.6469427203,3668.3017159168007,13288160.277777778,959183500.3888888,0.0,BENIGN,3225.8,0.0,0.0,57.1875,35.12875128248464,10,27748.804102679613,File_10
2017-07-03 09:25:10,2,0,1,4854.841127535046,62.98312463502232,0.0,0.0,0.0,BENIGN,4608.285714285715,0.0,0.0,98.125,62.233288060789,6,10.84774028946836,File_10
2017-07-03 09:25:20,2,0,1,4655.682692348797,30.79505074692213,0.0,0.0,0.0,BENIGN,5376.333333333333,0.0,0.0,57.75,28.58175408659634,2,28706.061733059487,File_10
2017-07-03 09:25:30,4,0,1,2494.5952308382425,43.81749153802447,0.0,0.0,0.0,BENIGN,4480.277777777777,0.0,0.0,74.4,68.6572809119486,6,30287.135596112155,File_10
2017-07-03 09:25:50,1,0,1,534883.7209302326,23255.81395348837,1.0,0.0,0.0,BENIGN,2048.0,0.0,0.0,106.5,125.15790027001891,1,0.0,File_10
2017-07-03 09:26:00,2,0,1,3530.2144887067366,29.45343250792317,0.0,0.0,0.0,BENIGN,5376.333333333333,0.0,0.0,123.75,99.95457301527863,2,146.60680596601082,File_10
2017-07-03 09:26:20,38,0,1,60255.87362010581,692.8443196930914,7234339.236842105,0.0,0.0,BENIGN,4047.9679160419782,0.0,0.0,80.17241379310344,58.293153578468704,78,30339.684891248697,File_10
2017-07-03 09:26:40,4,0,1,6070.063536909099,82.7328872376521,23.75,0.0,0.0,BENIGN,2620.9625,0.0,0.0,60.1875,43.77247041996449,12,29609.59338878008,File_10
2017-07-03 09:26:50,1,0,1,5378.72827408626,28.610256777054577,0.0,0.0,0.0,BENIGN,8064.5,0.0,0.0,110.0,90.50966799187809,1,0.0,File_10
2017-07-03 09:27:00,2,0,1,3064.8634635323015,46.00388386303558,0.0,0.0,0.0,BENIGN,4608.285714285715,0.0,0.0,80.75,56.18782277835144,6,30266.768775712564,File_10
2017-07-03 09:27:10,2,0,1,192320.50860708256,1637.5035150533004,0.0,0.0,0.0,BENIGN,4838.7,0.0,0.0,67.33333333333333,30.01110905425967,4,29761.653646260987,File_10
2017-07-03 09:27:20,7,0,1,410642.48726674437,6135.930978160234,26458986.785714287,156580667776625.78,0.0,BENIGN,3795.058823529412,0.0,0.0,74.16666666666667,53.697683157382016,11,27908.496373948048,File_10
2017-07-03 09:27:30,5,0,1,241856.54363397922,4413.925908063388,0.8,0.0,0.0,BENIGN,4032.25,0.0,0.0,54.75,26.355265128622783,11,25102.594177229308,File_10
2017-07-03 09:27:40,1,0,1,4.16458927429268,0.0560258646765831,53535012.5,5419844902748281.0,0.0,BENIGN,8064.5,0.0,0.0,45.0,11.313708498984761,1,0.0,File_10
2017-07-03 09:27:50,1,0,1,2.876624413087681,0.0424594009311834,94177315.0,0.0,0.0,BENIGN,8064.5,0.0,0.0,117.0,111.72287142747452,1,0.0,File_10
2017-07-03 09:28:00,2,0,2,983.453629616495,16.685652353928106,6111071.777777778,206223155409328.16,0.0,BENIGN,6529.344444444445,0.0,0.0,46.8,23.417941839538337,8,19241.880676031054,File_10
2017-07-03 09:28:10,13,0,2,1619.9855973717517,20.888924934729083,8479151.698565323,229862267556321.66,0.0,BENIGN,5626.487455197134,0.0,0.0,47.53968253968254,30.099204467477424,50,25927.71996093233,File_10
2017-07-03 09:28:20,12,0,2,70338.54883285034,1013.5083623498848,15900557.197222224,119673398184690.62,0.0,BENIGN,6215.636447733579,0.0,0.0,67.57446808510639,56.07593635685339,35,30160.37553568732,File_10
2017-07-03 09:28:30,11,0,2,4622.894043334619,48.444179405499106,2825204.5454545454,44181958277518.16,0.0,BENIGN,5797.97165991903,0.0,0.0,64.23076923076923,50.332296599416765,28,29629.098149540845,File_10
2017-07-03 09:28:40,6,0,1,3241.0694227301296,35.93539259718808,21587597.166666668,0.0,0.0,BENIGN,4269.441176470588,0.0,0.0,60.44444444444444,33.84953248825163,12,29848.78187854938,File_10
2017-07-03 09:28:50,4,0,1,469104.9798143347,4695.112738160708,0.75,0.0,0.0,BENIGN,4320.267857142857,0.0,0.0,54.5,25.399662539940508,4,20931.388083498925,File_10
2017-07-03 09:29:00,5,0,1,4296.556108085102,38.607028091611184,3119761.6,0.0,0.0,BENIGN,4224.261904761905,0.0,0.0,69.36363636363636,39.381583143762654,17,28890.024776195,File_10
2017-07-03 09:29:10,7,0,1,112567.26187595955,1831.0438900515562,7.0,0.0,0.0,BENIGN,4253.802197802198,0.0,0.0,68.78571428571429,44.81616907979765,7,27721.960645374067,File_10
2017-07-03 09:29:20,9,0,1,149881.23038347007,2133.383470372104,17263067.055555556,561992460166022.56,0.0,BENIGN,4672.954710144927,0.0,0.0,74.33333333333333,49.4048639276554,15,28858.502406689433,File_10
2017-07-03 09:29:30,2,0,1,11.982448769230832,0.1485267728852512,50882759.5,0.0,0.0,BENIGN,4480.277777777777,0.0,0.0,85.4,55.91104045217227,8,25364.904646546474,File_10
2017-07-03 09:29:40,5,0,1,5217.284231373556,46.32842192254951,0.0,0.0,0.0,BENIGN,4301.066666666667,0.0,0.0,72.875,53.27147454313612,11,30340.692088055974,File_10
2017-07-03 09:30:10,8,0,1,199358.59859155913,2362.3861482787556,2578.208333333333,159438995.04166666,0.0,BENIGN,4062.797348484848,0.0,0.0,72.06060606060606,55.62201643343409,25,30050.19466139113,File_10
2017-07-03 09:30:20,8,0,1,166978.10172489547,2563.216856902153,0.875,0.0,0.0,BENIGN,4090.688405797102,0.0,0.0,86.125,58.19331539379535,16,29024.52227521321,File_10
2017-07-03 09:30:40,2,0,1,3691.1065606144434,43.6175884084449,0.0,0.0,0.0,BENIGN,5376.333333333333,0.0,0.0,100.25,52.90478869314825,2,28157.12297092869,File_10
2017-07-03 09:30:50,15,0,1,646658.6216841707,10641.123601268533,4332.644444444444,282351880.15555555,0.0,BENIGN,1301.1630252100842,0.0,0.0,69.22857142857143,58.46974366601711,20,29448.464405201074,File_10
2017-07-03 09:31:00,34,0,1,350229.0416137408,6672.339992416337,4235.0,260214142.7843137,0.0,BENIGN,1858.608740465883,0.0,0.0,70.53535353535354,59.7293749102538,65,28232.781418661227,File_10
2017-07-03 09:31:10,1,0,1,3941.7143226390094,64.61826758424607,0.0,0.0,0.0,BENIGN,5376.333333333333,0.0,0.0,63.5,32.05724047179773,3,0.0,File_10
2017-07-03 09:31:20,3,0,1,4506.168386048234,55.80885488847684,34363923.0,0.0,0.0,BENIGN,3456.214285714286,0.0,0.0,71.0,53.01212799242938,5,20629.60685173479,File_10
2017-07-03 09:31:30,1,0,1,4418.597095422203,64.97936905032653,0.0,0.0,0.0,BENIGN,5376.333333333333,0.0,0.0,56.75,33.78732503962593,3,28356.86754366372,File_10
2017-07-03 09:31:50,2,0,1,207203.32534715786,2250.8407146430955,0.0,0.0,0.0,BENIGN,5376.333333333333,0.0,0.0,60.25,36.481730587605995,2,28818.140016316112,File_10
2017-07-03 09:32:00,3,0,1,2307.201383282938,20.642792392931096,13509280.0,0.0,0.0,BENIGN,4301.066666666667,0.0,0.0,70.9375,56.7632143205439,13,27066.62169257347,File_10
2017-07-03 09:32:20,1,0,1,7.118188377017459,0.1024199766477332,39023782.0,0.0,0.0,BENIGN,8064.5,0.0,0.0,79.0,55.154328932550705,1,0.0,File_10
2017-07-03 09:33:00,8,0,2,1998.6759496510094,23.49766659207003,7322921.553571429,51769051534938.516,0.0,BENIGN,5149.206153846154,0.0,0.0,67.34615384615384,46.516184114944174,18,28224.192737833975,File_10
2017-07-03 09:33:10,7,0,1,274071.7549528521,5593.227589136394,75149.57142857143,171059948731.80954,0.0,BENIGN,1686.692810457516,0.0,0.0,66.66666666666667,49.268770683932054,11,26606.86058689859,File_10
2017-07-03 09:33:20,6,0,1,708189.8457304746,9965.355504944802,5293.666666666667,167731072.7777778,0.0,BENIGN,0.0,0.0,0.0,51.57142857142857,36.550732468119485,8,23971.960156638823,File_10
2017-07-03 09:33:30,1,0,1,9545.51317882788,85.9956142236746,0.0,0.0,0.0,BENIGN,8064.5,0.0,0.0,70.5,43.1335136523794,1,0.0,File_10
2017-07-03 09:34:00,11,0,1,233776.8375408399,3181.8435345281828,0.5454545454545454,0.0,0.0,BENIGN,4557.646405919662,0.0,0.0,73.3409090909091,52.86575503072181,33,29708.4980435984,File_10
2017-07-03 09:34:10,6,0,1,900639.3484267225,11979.973897996628,3.0,0.0,0.0,BENIGN,4575.629166666667,0.0,0.0,56.8125,37.90904685340075,10,24471.5111229364,File_10
2017-07-03 09:34:50,6,0,1,355236.89450786164,2965.6154665660683,1.1666666666666667,0.0,0.0,BENIGN,4377.731601731601,0.0,0.0,95.18181818181819,58.32881862553948,16,27222.353788177603,File_10
2017-07-03 09:35:00,7,0,1,5165.667033497911,60.763816025591986,6.857142857142857,0.0,0.0,BENIGN,4160.257936507936,0.0,0.0,70.85714285714286,39.79830099269015,21,29987.027611243433,File_10
2017-07-03 09:35:50,1,0,1,4731.798481052924,39.763012445822895,0.0,0.0,0.0,BENIGN,8064.5,0.0,0.0,94.0,90.50966799187809,1,0.0,File_10
2017-07-03 09:36:50,2,0,1,2296.722523724364,21.438204821801676,3575351.833333333,76474751258504.69,0.0,BENIGN,0.0,0.0,0.0,61.0,39.43095230906806,4,27385.55710296944,File_10
2017-07-03 09:37:00,5,0,1,969256.027927634,11636.709972813322,10.4,0.0,0.0,BENIGN,4906.844444444445,0.0,0.0,63.7,37.38998677602215,5,24259.139645110823,File_10
2017-07-03 09:37:10,12,0,1,676707.8872115434,11231.841617330354,3028.4722222222226,175470390.22222224,0.0,BENIGN,868.6059113300496,0.0,0.0,58.310344827586206,51.66727580550925,17,25822.45728505559,File_10
2017-07-03 09:37:20,2,0,1,1058064.5161290322,22427.03533026114,3.0,0.0,0.0,BENIGN,0.0,0.0,0.0,64.5,66.0328201225219,2,24999.912413179904,File_10
2017-07-03 09:38:00,13,0,1,387480.3424911999,6449.671565289749,7469480.0,0.0,0.0,BENIGN,4025.062388591799,0.0,0.0,73.58823529411765,50.71675214666842,21,28685.88423643376,File_10
2017-07-03 09:38:10,2,0,1,744491.9467529139,10111.400575023526,1.5,0.0,0.0,BENIGN,4301.0666666666675,0.0,0.0,58.0,38.486361220567474,4,25713.488122773233,File_10
2017-07-03 09:38:20,3,0,2,465115.6280400359,7703.574783242853,5421.166666666667,175057213.5,0.0,BENIGN,2952.5999999999995,41441.6,0.0,193.53333333333333,583.4847123308455,6,25098.751159679443,File_10
2017-07-03 09:38:30,4,0,1,51969.73685511438,539.5599973860378,12.5,0.0,0.0,BENIGN,5575.344444444443,0.0,0.0,80.0,54.984846397287804,6,19465.37680150814,File_10
2017-07-03 09:38:40,2,0,1,2547.518223918603,42.454437821187426,14860305.0,0.0,0.0,BENIGN,5376.333333333333,0.0,0.0,115.25,52.620496640251,2,28797.60705722304,File_10
2017-07-03 09:38:50,4,0,1,1461.3205914205541,19.44138545904989,1518433.6666666667,76358598.08333333,0.0,BENIGN,4105.563636363637,0.0,0.0,82.18181818181819,45.37139667636028,7,26721.725100749012,File_10
2017-07-03 09:39:00,5,0,1,2845.023064385066,37.350250787694804,0.0,0.0,0.0,BENIGN,4480.277777777777,0.0,0.0,62.6,42.432168090835155,5,18623.50440096706,File_10
2017-07-03 09:39:10,23,0,1,540097.9777059585,7135.339805752337,3552.1594202898555,323811219.46376806,0.0,BENIGN,2768.294711538462,0.0,0.0,65.93846153846154,44.28313622414467,42,29598.087215369065,File_10
2017-07-03 09:39:20,1,0,1,1816.8329573498463,30.280549289164107,0.0,0.0,0.0,BENIGN,5376.333333333333,0.0,0.0,110.0,78.83315715272772,3,28691.56475342535,File_10
2017-07-03 09:39:40,1,0,1,6.664021865414933,0.0674837657257208,59250066.0,0.0,0.0,BENIGN,8064.5,0.0,0.0,78.5,61.518289963229634,1,0.0,File_10
2017-07-03 09:39:50,1,0,1,793.6286376307593,7.97616721236944,0.0,0.0,0.0,BENIGN,8064.5,0.0,0.0,71.0,33.94112549695428,1,0.0,File_10
2017-07-03 09:40:00,3,0,1,569173.6697972823,5364.173225520352,2.3333333333333335,0.0,0.0,BENIGN,2473.0,0.0,0.0,72.77777777777777,61.56455509824175,6,18910.536612808613,File_10
2017-07-03 09:40:10,4,0,1,931405.8978000928,12115.634165548337,1.75,0.0,0.0,BENIGN,4318.044444444446,0.0,0.0,56.3,34.38685149232997,6,23792.237404064334,File_10
2017-07-03 09:40:30,1,0,1,3.955750311199562,0.0391658446653422,101880583.0,0.0,0.0,BENIGN,5376.333333333333,0.0,0.0,100.5,85.17628778010932,3,0.0,File_10
2017-07-03 09:40:40,5,0,1,1937.3230099896632,24.646168365971,22700699.133333333,372265012737.4501,0.0,BENIGN,4032.25,0.0,0.0,82.6875,60.34756968318332,11,29145.650618154945,File_10
2017-07-03 09:41:10,3,0,1,839374.9169559268,13189.73133969366,6891.222222222222,426987120.11111116,0.0,BENIGN,0.0,0.0,0.0,72.42857142857143,78.35359413763808,4,21967.307350292664,File_10
2017-07-03 09:41:20,31,0,1,388794.0633529991,5401.034987566382,2575113.064516129,217269011.44086024,0.0,BENIGN,2417.2171613282403,0.0,0.0,62.28915662650602,45.096246699179055,52,27814.615634463134,File_10
2017-07-03 09:42:00,1,0,1,3639.237215879552,41.59128246719488,0.0,0.0,0.0,BENIGN,8064.5,0.0,0.0,43.0,11.313708498984761,1,0.0,File_10
2017-07-03 09:42:10,2,0,1,5187.208989625098,102.77935858059712,5233.0,164195859.49999997,0.0,BENIGN,3456.214285714286,0.0,0.0,72.0,57.723478758647246,6,29228.11484980633,File_10
2017-07-03 09:42:30,5,0,2,1914.3548159721163,15.870161339665122,2770129.3947368423,13235711947464.418,0.0,BENIGN,0.0,992.1395348837209,0.0,32.69565217391305,107.47875646744076,30,12687.237383593576,File_10
2017-07-03 09:42:40,3,2,3,193058.98494624184,31803.953950013947,3445.2222222222226,106784667.11111109,0.0,BENIGN,845.5588235294117,9608.857142857143,0.0,51.294117647058826,192.18863282784264,11,15559.59168997033,File_10
2017-07-03 09:43:00,4,0,1,8454.83067518496,58.1106488516459,0.0,0.0,0.0,BENIGN,4342.423076923077,0.0,0.0,78.57142857142857,55.82763898576828,10,30206.698695339182,File_10
2017-07-03 09:43:10,11,0,1,1041112.4883077405,15246.237015191897,1456453.1818181819,0.0,0.0,BENIGN,3219.7984615384617,0.0,0.0,72.03846153846153,48.630427322186485,15,26007.89415186089,File_10
2017-07-03 09:43:20,5,0,1,806704.6199432334,13662.167823340327,2.0,0.0,0.0,BENIGN,2867.3777777777777,0.0,0.0,77.9,59.590174432442204,5,27071.040384628235,File_10
2017-07-03 09:43:30,8,0,1,179965.7459429962,2232.0348518386136,2556.708333333333,156644496.29166672,0.0,BENIGN,2775.8242753623185,0.0,0.0,85.125,76.78049599486442,16,27619.482636770615,File_10
2017-07-03 09:43:50,2,0,1,989687.3357856018,22924.330005254866,2.0,0.0,0.0,BENIGN,819.2000000000003,0.0,0.0,71.6,71.14632808515138,3,21070.739502625434,File_10
2017-07-03 09:44:00,1,0,1,1219512.1951219512,24390.243902439022,3.0,0.0,0.0,BENIGN,0.0,0.0,0.0,77.5,71.4177848998413,1,0.0,File_10
2017-07-03 09:44:10,2,0,1,2901.927979488936,51.23964772060094,5094.0,155601337.50000003,0.0,BENIGN,4301.0666666666675,0.0,0.0,64.5,38.38098487532596,4,30047.553819903544,File_10
2017-07-03 09:44:50,1,0,1,1452.9240095692585,25.05041395809065,0.0,0.0,0.0,BENIGN,5376.333333333333,0.0,0.0,59.0,32.65986323710904,3,0.0,File_10
2017-07-03 09:45:00,1,0,1,1869.2201744605493,32.79333639404473,0.0,0.0,0.0,BENIGN,8064.5,0.0,0.0,75.5,43.1335136523794,1,0.0,File_10
2017-07-03 09:45:30,3,0,1,2439.9267519251384,32.014639469032446,30958592.666666668,0.0,0.0,BENIGN,4342.423076923077,0.0,0.0,83.85714285714286,59.12159197249883,11,30189.203525089724,File_10
2017-07-03 09:45:40,27,0,1,311895.60825742246,4679.4784083880695,7161550.197530865,132186694867401.97,0.0,BENIGN,3326.4694708276793,0.0,0.0,68.07462686567165,52.13220764289862,40,29461.655442962692,File_10
2017-07-03 09:45:50,6,1,2,502638.1485617766,51772.4873416346,1.3333333333333333,0.0,0.0,BENIGN,5755.804615384616,5725.25,0.0,64.1923076923077,154.1933900608633,18,28444.441895428357,File_10
2017-07-03 09:46:00,3,0,1,586218.3531304881,5878.476353833299,2.0,0.0,0.0,BENIGN,3519.054545454544,0.0,0.0,76.27272727272727,60.96243254511898,8,18132.700643037155,File_10
2017-07-03 09:46:10,11,0,2,858527.8391017071,13045.217022532155,1921814.8831168832,95899526628293.55,0.0,BENIGN,2316.0173160173163,0.0,0.0,62.54545454545455,46.20629443075526,11,23713.27895137765,File_10
2017-07-03 09:46:20,2,0,1,644846.3764310759,12381.1242936926,3.0,0.0,0.0,BENIGN,0.0,0.0,0.0,34.5,9.255628917943215,2,2721.418298526626,File_10
2017-07-03 09:46:40,1,0,1,3847.0315913017967,65.20392527630163,0.0,0.0,0.0,BENIGN,8064.5,0.0,0.0,88.5,60.10407640085654,1,0.0,File_10
2017-07-03 09:46:50,6,0,1,190560.34882577937,8260.71947923873,27913850.833333332,0.0,0.0,BENIGN,4658.628787878788,0.0,0.0,68.58333333333333,51.94307781921796,6,24564.104747569912,File_10
2017-07-03 09:47:10,2,0,1,2199658.994032395,16538.789428815006,3.0,0.0,0.0,BENIGN,0.0,0.0,0.0,63.25,53.77344449943051,2,56.568542494923804,File_10
2017-07-03 09:47:20,5,0,1,500687.70610814274,9617.9940934329,8430.666666666666,546221370.7333333,0.0,BENIGN,1612.8999999999999,0.0,0.0,78.8,59.385370439378605,5,26459.327109012585,File_10
2017-07-03 09:47:30,5,0,1,696962.0105122009,6561.2978663948625,2474705.8,0.0,0.0,BENIGN,3687.525641025641,0.0,0.0,56.92307692307692,36.185774227039225,8,22260.46956474763,File_10
2017-07-03 09:47:40,5,0,1,835774.8122980136,7929.212751152816,2.4,0.0,0.0,BENIGN,2867.3777777777777,0.0,0.0,62.4,55.333734938301625,5,27540.193376406718,File_10
2017-07-03 09:48:00,1,0,1,2162601.62601626,16260.162601626014,47.0,0.0,0.0,BENIGN,0.0,0.0,0.0,55.0,49.49747468305833,1,0.0,File_10
2017-07-03 09:48:10,2,0,1,2492.159080091874,23.951084739096114,10212.666666666668,625607548.1666666,0.0,BENIGN,4032.25,0.0,0.0,44.0,9.309493362512628,2,1641.9019459151634,File_10
2017-07-03 09:48:20,1,0,1,1905.7591623036649,20.94240837696335,0.0,0.0,0.0,BENIGN,5376.333333333333,0.0,0.0,77.0,65.00256405199208,3,0.0,File_10
2017-07-03 09:48:40,1,0,1,1247524.7524752475,19801.980198019803,48.0,0.0,0.0,BENIGN,0.0,0.0,0.0,67.5,43.1335136523794,1,0.0,File_10
2017-07-03 09:48:50,1,0,1,256.0172474777248,6.7372959862559165,0.0,0.0,0.0,BENIGN,8064.5,0.0,0.0,46.0,11.313708498984761,1,0.0,File_10
2017-07-03 09:49:10,11,0,1,824901.8891524543,9880.591763682069,9360569.272727273,0.0,0.0,BENIGN,4733.678571428572,0.0,0.0,83.13888888888889,71.29181591089552,25,27751.937174289553,File_10
2017-07-03 09:49:20,3,0,1,237412.05883519977,5901.0711390532015,16.333333333333332,0.0,0.0,BENIGN,4301.0666666666675,0.0,0.0,106.4,89.00836415129136,7,27540.262815569087,File_10
2017-07-03 09:49:30,18,0,1,792483.6076255009,12550.464461258409,4641.407407407407,420925475.1666667,0.0,BENIGN,0.0,0.0,0.0,54.68292682926829,39.3931713780385,23,27908.030729299047,File_10
2017-07-03 09:49:40,50,0,1,625405.3046620825,8275.855527884738,1306264.56,8001988365418.315,0.0,BENIGN,1054.9491279069766,0.0,0.0,60.906976744186046,50.00022529019012,79,28192.666061547974,File_10
2017-07-03 09:49:50,8,0,1,1232908.584703796,13668.396506613592,2.875,0.0,0.0,BENIGN,0.0,0.0,0.0,60.95454545454545,52.9010552354265,14,25864.348626410076,File_10
2017-07-03 09:50:20,5,0,1,357144.52684023144,3148.95871877128,29.4,0.0,0.0,BENIGN,1612.8999999999999,0.0,0.0,70.3,56.57060485210789,5,26974.620625257052,File_10
2017-07-03 09:50:50,1,0,1,1500000.0,21739.130434782608,4.0,0.0,0.0,BENIGN,0.0,0.0,0.0,11.0,0.0,0,0.0,File_10
2017-07-03 09:51:00,1,0,1,7207.439106792368,128.70426976414942,4.0,0.0,0.0,BENIGN,0.0,0.0,0.0,27.333333333333332,9.237604307034012,2,25136.5,File_10
2017-07-03 09:51:10,1,0,1,6367.048191646283,37.34339115335064,0.0,0.0,0.0,BENIGN,8064.5,0.0,0.0,51.0,11.313708498984761,1,0.0,File_10
2017-07-03 09:51:30,5,0,1,1069104.4979246976,15433.724130124456,3.2,0.0,0.0,BENIGN,955.7333333333331,0.0,0.0,65.0,49.07816894166557,5,24603.13739704304,File_10
2017-07-03 09:51:40,2,0,1,472111.12628759095,8190.623150366511,48.0,0.0,0.0,BENIGN,1024.0,0.0,0.0,79.25,58.57402723619631,2,6253.180968293035,File_10
2017-07-03 09:51:50,1,0,1,7808.499743983614,128.00819252432154,3.0,0.0,0.0,BENIGN,0.0,0.0,0.0,99.0,90.50966799187809,1,0.0,File_10
2017-07-03 09:52:00,2,0,1,247.5807512647545,5.634070674335868,6366127.5,0.0,0.0,BENIGN,6410.916666666667,0.0,0.0,100.5,75.91442550661897,2,28226.32582458361,File_10
2017-07-03 09:52:10,10,0,1,911622.2222582403,14748.510859909065,6.8,0.0,0.0,BENIGN,1968.5552631578948,0.0,0.0,67.3,52.15775665179024,10,23531.729991863587,File_10
2017-07-03 09:53:00,3,0,1,7951.480120035961,87.08529313469027,1.0,0.0,0.0,BENIGN,5433.155555555556,0.0,0.0,59.3,37.38998677602215,7,27115.755237477075,File_10
2017-07-03 09:53:10,1,0,1,5972.951064465207,85.32787234950295,0.0,0.0,0.0,BENIGN,8064.5,0.0,0.0,63.5,38.890872965260115,1,0.0,File_10
2017-07-03 09:53:20,1,0,1,1851239.6694214875,16528.92561983471,48.0,0.0,0.0,BENIGN,0.0,0.0,0.0,60.0,39.59797974644666,1,0.0,File_10
2017-07-03 09:53:30,1,0,1,6490.45092407795,97.35676386116926,19391.333333333336,1127722408.3333335,0.0,BENIGN,0.0,0.0,0.0,39.0,22.627416997969522,1,0.0,File_10
2017-07-03 09:53:40,3,0,1,177511.6800693289,2751.4463814227115,17.0,0.0,0.0,BENIGN,3456.214285714286,0.0,0.0,64.5,54.76443058357183,5,3650.4812374954245,File_10
2017-07-03 09:53:50,1,0,1,936936.9369369368,18018.018018018018,3.0,0.0,0.0,BENIGN,0.0,0.0,0.0,64.0,45.254833995939045,1,0.0,File_10
2017-07-03 09:54:10,5,0,1,1031952.0551629392,11934.407368611286,3.4,0.0,0.0,BENIGN,0.0,0.0,0.0,58.36363636363637,43.02620765829293,6,28834.774690293663,File_10
2017-07-03 09:54:20,1,0,1,402948.4029484029,4914.004914004914,3.0,0.0,0.0,BENIGN,0.0,0.0,0.0,75.5,70.0035713374682,1,0.0,File_10
2017-07-03 09:54:30,2,0,1,855341.7204153584,7783.993376213011,24.5,0.0,0.0,BENIGN,6067.466666666666,0.0,0.0,67.66666666666667,35.73047252229764,4,24059.608229561847,File_10
2017-07-03 09:54:40,13,0,1,1292297.1404514068,20131.849418436832,13.384615384615385,0.0,0.0,BENIGN,0.0,0.0,0.0,52.970588235294116,45.59072559468158,21,27412.473418435577,File_10
2017-07-03 09:54:50,2,0,1,804498.0038571975,6244.2336047551025,4.0,0.0,0.0,BENIGN,0.0,0.0,0.0,52.5,46.256531070397685,2,28219.641201750874,File_10
2017-07-03 09:55:10,8,0,1,661099.0067399631,10143.700982700426,8.125,0.0,0.0,BENIGN,1092.2666666666667,0.0,0.0,57.0625,40.286422443961605,8,25321.858385899635,File_10
2017-07-03 09:55:20,1,0,1,12.208593312313452,0.452170122678276,1667221.6666666665,8338874254081.335,0.0,BENIGN,2048.0,0.0,0.0,41.0,18.384776310850235,1,0.0,File_10
2017-07-03 09:55:40,7,0,1,262427.8649534253,5538.525693972084,7280.0,575983899.2380954,0.0,BENIGN,1603.4678362573102,0.0,0.0,65.36842105263158,51.05901871180904,12,24618.877504284952,File_10
2017-07-03 09:55:50,4,0,1,261759.96443433297,4912.2271394728195,3.0,0.0,0.0,BENIGN,0.0,0.0,0.0,46.55555555555556,33.102534310499216,5,25923.456945399856,File_10
2017-07-03 09:56:30,1,0,1,16.474114018715966,0.6101523710635544,1666886.6666666665,8335498473950.333,0.0,BENIGN,2048.0,0.0,0.0,52.0,43.840620433565945,1,0.0,File_10
2017-07-03 09:56:40,1,0,1,2214592.2746781115,17167.38197424893,49.0,0.0,0.0,BENIGN,0.0,0.0,0.0,165.0,182.43354954612926,1,0.0,File_10
2017-07-03 09:57:00,1,0,1,47.27477948138156,0.4703958157351399,8452525.0,0.0,0.0,BENIGN,8064.5,0.0,0.0,73.0,11.313708498984761,1,0.0,File_10
2017-07-03 09:57:10,3,0,1,619682.5845339637,7650.42516004419,2.0,0.0,0.0,BENIGN,3456.214285714286,0.0,0.0,73.25,43.414118835762565,5,26194.11189951058,File_10
2017-07-03 09:57:30,1,0,1,738.8750761796383,10.786497462476472,4.0,0.0,0.0,BENIGN,0.0,0.0,0.0,118.0,90.50966799187809,1,0.0,File_10
2017-07-03 09:57:50,3,0,1,830.2322371930586,13.3026330169427,63986480.55555556,425150034.11111116,0.0,BENIGN,3840.2380952380954,0.0,0.0,56.857142857142854,36.60340863648526,4,22415.163732145455,File_10
2017-07-03 09:58:00,2,0,1,1105470.8367250897,10530.09176820737,1.5,0.0,0.0,BENIGN,4032.25,0.0,0.0,64.75,35.76194439158289,2,24601.97827185629,File_10
2017-07-03 09:58:20,1,0,1,4062.398440038999,64.99837504062398,3.0,0.0,0.0,BENIGN,0.0,0.0,0.0,49.5,27.577164466275352,1,0.0,File_10
2017-07-03 09:58:30,1,0,1,9914.467402125108,81.26612624692713,3.0,0.0,0.0,BENIGN,0.0,0.0,0.0,67.5,64.34671708797582,1,0.0,File_10
2017-07-03 09:58:40,1,0,1,1734.447030900543,18.25733716737414,0.0,0.0,0.0,BENIGN,8064.5,0.0,0.0,122.5,126.572113832392,1,0.0,File_10
2017-07-03 09:58:50,4,0,1,996641.1123686049,16547.166983593394,14.75,0.0,0.0,BENIGN,0.0,0.0,0.0,69.33333333333333,63.54132513569417,5,25640.45989709184,File_10
2017-07-03 09:59:20,3,0,1,486850.7548301634,7861.780938604872,15948622.555555554,1268411426180980.8,0.0,BENIGN,3136.1944444444443,0.0,0.0,40.333333333333336,17.03672503740082,6,24728.94957711508,File_10
2017-07-03 09:59:30,2,0,1,3932.2736679035006,48.046395961945024,0.0,0.0,0.0,BENIGN,5376.333333333333,0.0,0.0,47.5,9.255628917943215,2,152.26366021550322,File_10
2017-07-03 09:59:40,7,0,1,210464.6859481209,3808.420079204698,6222.52380952381,407397441.3809524,0.0,BENIGN,407.20467836257313,0.0,0.0,68.3157894736842,55.455740742384364,12,29116.576349793144,File_10
2017-07-03 09:59:50,3,0,1,7541.698650222243,84.03607412239894,7665.888888888888,528455806.7777776,0.0,BENIGN,0.0,0.0,0.0,53.25,34.980606872134985,5,29722.61753930423,File_10
2017-07-03 10:00:10,3,0,1,818441.4763438855,6189.125402477115,3559.555555555556,113841786.77777778,0.0,BENIGN,0.0,0.0,0.0,55.375,33.44905507954277,5,26587.798940299588,File_10
2017-07-03 10:00:30,1,0,1,5128.844407244493,53.42546257546346,10170.0,310103667.0,0.0,BENIGN,0.0,0.0,0.0,40.0,22.627416997969522,1,0.0,File_10
2017-07-03 10:01:00,8,0,1,783061.1695141757,15101.318055086065,8.25,0.0,0.0,BENIGN,665.6,0.0,0.0,67.125,51.88304154538359,8,25037.20971265679,File_10
2017-07-03 10:01:10,2,0,1,3887.824319795546,47.76922404994234,0.5,0.0,0.0,BENIGN,6067.466666666667,0.0,0.0,85.66666666666667,74.37651959231937,4,28950.85585332496,File_10
2017-07-03 10:01:20,1,0,1,3046.7305429483945,42.02386955790889,0.0,0.0,0.0,BENIGN,8064.5,0.0,0.0,93.5,88.38834764831844,1,0.0,File_10
2017-07-03 10:01:50,2,0,1,363477.94736209593,15803.389015743298,25.0,0.0,0.0,BENIGN,1365.3333333333333,0.0,0.0,67.0,60.343461396686,2,14122.134147815226,File_10
2017-07-03 10:02:00,2,0,1,1217440.720190647,9324.154291544537,10225.166666666668,625577168.1666666,0.0,BENIGN,0.0,0.0,0.0,89.25,89.55584849690165,2,21902.49548947943,File_10
2017-07-03 10:02:20,1,0,1,1517241.3793103448,17241.379310344826,48.0,0.0,0.0,BENIGN,0.0,0.0,0.0,25.0,0.0,1,0.0,File_10
2017-07-03 10:02:40,1,0,1,1297297.2972972973,21621.621621621623,3.0,0.0,0.0,BENIGN,0.0,0.0,0.0,75.33333333333333,66.39528095680696,2,32510.5,File_10
2017-07-03 10:02:50,1,0,1,1110000.0,20000.0,1.0,0.0,0.0,BENIGN,2048.0,0.0,0.0,51.0,22.627416997969522,1,0.0,File_10
2017-07-03 10:03:20,2,0,1,798573.1685630276,9299.756861085816,26.0,0.0,0.0,BENIGN,0.0,0.0,0.0,60.25,43.200115740585694,2,1873.8329701443508,File_10
2017-07-03 10:03:30,1,0,1,6232.972839098489,82.5559316436886,3.0,0.0,0.0,BENIGN,0.0,0.0,0.0,61.0,45.254833995939045,1,0.0,File_10
2017-07-03 10:04:00,1,0,1,5246.832101372756,65.99788806758184,4.0,0.0,0.0,BENIGN,0.0,0.0,0.0,40.666666666666664,34.06366588218792,2,29927.5,File_10
2017-07-03 10:04:10,1,0,1,1476635.5140186916,18691.58878504673,3.0,0.0,0.0,BENIGN,2048.0,0.0,0.0,58.0,45.254833995939045,1,0.0,File_10
2017-07-03 10:04:20,1,0,1,1147679.3248945149,16877.63713080169,4.0,0.0,0.0,BENIGN,2048.0,0.0,0.0,66.0,69.29646455628166,1,0.0,File_10
2017-07-03 10:04:40,1,0,1,1223628.6919831224,16877.63713080169,4.0,0.0,0.0,BENIGN,2048.0,0.0,0.0,36.5,17.67766952966369,1,0.0,File_10
2017-07-03 10:04:50,2,0,1,221536.32545821153,9521.422643784726,24.0,0.0,0.0,BENIGN,6410.916666666667,0.0,0.0,55.25,31.899582024429932,2,3435.1247430042476,File_10
2017-07-03 10:05:50,1,0,1,4975.77241702704,78.15349346115771,21188.333333333336,1346455045.3333333,0.0,BENIGN,0.0,0.0,0.0,103.0,57.982756057296896,1,0.0,File_10
2017-07-03 10:06:00,3,0,1,1223019.4055321391,16496.850962046206,2.6666666666666665,0.0,0.0,BENIGN,682.6666666666666,0.0,0.0,69.0,62.52039667180623,3,16803.017010049116,File_10
2017-07-03 10:06:10,3,0,1,512124.8936116113,6493.543567157816,17.666666666666668,0.0,0.0,BENIGN,1228.8,0.0,0.0,49.833333333333336,36.58096043936882,3,13627.372043060981,File_10
2017-07-03 10:06:20,5,0,1,1091637.5654982382,10946.439606379072,1.2,0.0,0.0,BENIGN,4421.969696969699,0.0,0.0,71.83333333333333,60.574271966259936,7,24897.83762358849,File_10
2017-07-03 10:06:30,3,0,1,545711.9573484586,6723.975457595207,5.666666666666667,0.0,0.0,BENIGN,1228.8,0.0,0.0,75.16666666666667,76.69006889204537,3,6510.555171412036,File_10
2017-07-03 10:07:50,2,0,1,1060148.8218272014,23494.5569794681,2.0,0.0,0.0,BENIGN,1365.3333333333333,0.0,0.0,43.0,32.78210894171799,2,16943.51971174296,File_10
2017-07-03 10:08:00,8,0,1,717841.5724049048,12841.474631195913,2.875,0.0,0.0,BENIGN,407.20467836257313,0.0,0.0,45.10526315789474,23.373524283404514,11,26557.776667921768,File_10
2017-07-03 10:08:10,54,0,1,1145543.2866803461,14201.153553845326,810.6604938271604,51674570.654321,0.0,BENIGN,0.0,0.0,0.0,58.83802816901409,47.344914773917964,88,27998.586882884978,File_10
2017-07-03 10:08:20,4,0,1,395605.40351875545,5316.348829145751,17.75,0.0,0.0,BENIGN,0.0,0.0,0.0,47.8,33.865091826901114,6,26821.710102816076,File_10
2017-07-03 10:08:30,4,0,1,289074.03519730916,5535.574092094116,2.75,0.0,0.0,BENIGN,796.4444444444443,0.0,0.0,47.666666666666664,29.077482697097423,5,26030.783867375183,File_10
2017-07-03 10:09:30,4,0,1,9236.293311235127,121.07893763589621,5115.5,156911888.6666667,0.0,BENIGN,2473.0,0.0,0.0,52.333333333333336,44.50842616853577,5,29455.140801044814,File_10
2017-07-03 10:10:00,2,0,1,533.9135982017555,9.69709821053269,6221559.5,0.0,0.0,BENIGN,4032.25,0.0,0.0,71.0,55.17849822772152,2,1556.5777276519866,File_10
2017-07-03 10:10:10,2,0,1,468307.3656371697,5812.013047429503,48.0,0.0,0.0,BENIGN,0.0,0.0,0.0,77.5,100.01833165308581,2,23265.624976680847,File_10
2017-07-03 10:10:40,1,0,1,4315.841098577734,65.39153179663234,3.0,0.0,0.0,BENIGN,2048.0,0.0,0.0,69.0,41.012193308819754,1,0.0,File_10
2017-07-03 10:10:50,1,0,1,444444.4444444445,19323.671497584543,45.0,0.0,0.0,BENIGN,2048.0,0.0,0.0,71.0,53.74011537017761,1,0.0,File_10
2017-07-03 10:11:40,1,0,1,621553.8847117794,10025.062656641603,4.0,0.0,0.0,BENIGN,0.0,0.0,0.0,120.0,90.50966799187809,1,0.0,File_10
2017-07-03 10:11:50,1,0,1,1482352.9411764704,23529.41176470588,3.0,0.0,0.0,BENIGN,0.0,0.0,0.0,96.0,90.50966799187809,1,0.0,File_10
2017-07-03 10:12:00,1,0,1,2077922.0779220776,17316.017316017314,49.0,0.0,0.0,BENIGN,0.0,0.0,0.0,45.0,28.284271247461902,1,0.0,File_10
2017-07-03 10:12:20,1,0,1,685534.5911949686,12578.61635220126,3.0,0.0,0.0,BENIGN,0.0,0.0,0.0,135.5,120.91525958289962,1,0.0,File_10
2017-07-03 10:12:40,1,0,1,1145510.8359133126,12383.90092879257,1.0,0.0,0.0,BENIGN,2048.0,0.0,0.0,57.0,48.08326112068523,1,0.0,File_10
2017-07-03 10:13:20,3,0,1,756362.9931544686,14537.79409972987,6664.444444444445,397577013.77777797,0.0,BENIGN,0.0,0.0,0.0,59.666666666666664,46.17647308604964,3,23890.70790412038,File_10
2017-07-03 10:13:30,3,0,1,784027.819527534,14521.81736054957,10332.0,960194169.0,0.0,BENIGN,0.0,0.0,0.0,35.125,15.486745484906947,5,24528.797080250013,File_10
2017-07-03 10:13:50,3,0,1,176784.95440292524,7586.841479093317,17.333333333333332,0.0,0.0,BENIGN,4453.97435897436,0.0,0.0,71.76923076923077,46.576377857868835,10,27496.67281829547,File_10
2017-07-03 10:14:40,2,0,1,863637.7574758896,11992.461258096357,1.5,0.0,0.0,BENIGN,4301.066666666667,0.0,0.0,77.0,47.83304297240559,4,21051.56346117789,File_10
2017-07-03 10:16:00,2,0,1,6573.771344020846,95.91315315794454,2.5,0.0,0.0,BENIGN,1365.3333333333333,0.0,0.0,85.0,81.15417426109393,2,25660.100402505574,File_10
2017-07-03 10:16:10,2,0,1,738411.4998759261,9603.571301965432,3743.5,83925600.00000003,0.0,BENIGN,0.0,0.0,0.0,57.8,46.553195379049974,3,29482.677515788826,File_10
2017-07-03 10:17:00,1,0,1,8639.159582555809,138.22655332089295,48.0,0.0,0.0,BENIGN,2048.0,0.0,0.0,47.0,33.94112549695428,1,0.0,File_10
2017-07-03 10:18:00,1,0,1,879464.2857142857,8928.57142857143,1.0,0.0,0.0,BENIGN,2048.0,0.0,0.0,56.0,53.74011537017761,1,0.0,File_10
2017-07-03 10:18:10,1,0,1,1311475.4098360655,21857.92349726776,4.0,0.0,0.0,BENIGN,0.0,0.0,0.0,64.0,45.254833995939045,1,0.0,File_10
2017-07-03 10:18:40,1,0,1,8991.9393686374,128.45627669482,2.0,0.0,0.0,BENIGN,2048.0,0.0,0.0,50.0,39.59797974644666,1,0.0,File_10
2017-07-03 10:19:00,1,0,1,1651515.1515151514,15151.51515151515,1.0,0.0,0.0,BENIGN,2048.0,0.0,0.0,51.0,43.840620433565945,1,0.0,File_10
2017-07-03 10:19:10,2,0,1,950704.7432283368,19806.348817257014,26.0,0.0,0.0,BENIGN,1365.3333333333333,0.0,0.0,69.5,56.92392584259569,2,25897.38733712127,File_10
2017-07-03 10:19:40,1,0,1,9218.626677190212,126.28255722178372,48.0,0.0,0.0,BENIGN,0.0,0.0,0.0,56.0,22.627416997969522,1,0.0,File_10
2017-07-03 10:19:50,2,0,1,267485.433282367,11492.853240032877,2.5,0.0,0.0,BENIGN,1024.0,0.0,0.0,54.5,53.45091205957107,2,12347.027208558702,File_10
2017-07-03 10:20:00,1,0,1,11170.743884173738,187.2191712431353,10168.666666666668,309961345.3333333,0.0,BENIGN,0.0,0.0,0.0,36.0,11.313708498984761,1,0.0,File_10
2017-07-03 10:20:10,1,0,1,517.8831526136915,11.770071650311172,4.0,0.0,0.0,BENIGN,0.0,0.0,0.0,53.0,19.79898987322333,1,0.0,File_10
2017-07-03 10:21:30,3,0,1,555526.5738305593,5160.571340163093,16.666666666666668,0.0,0.0,BENIGN,1228.8,0.0,0.0,78.83333333333333,59.780989174374376,3,17143.299208728757,File_10
2017-07-03 10:22:40,4,0,1,306589.3525713815,4965.4915607269995,12.75,0.0,0.0,BENIGN,4906.844444444445,0.0,0.0,63.1,35.89630126411974,6,26292.72411819581,File_10
2017-07-03 10:22:50,1,0,1,6650.095231946282,193.6920941343577,10219.0,313038675.00000006,0.0,BENIGN,0.0,0.0,0.0,60.0,42.42640687119285,1,0.0,File_10
2017-07-03 10:23:30,3,0,1,4166.841834702506,67.90751426402976,1.0,0.0,0.0,BENIGN,4320.267857142857,0.0,0.0,82.625,65.2838582105649,5,21603.952526690813,File_10
2017-07-03 10:23:40,6,0,1,1486130.0630184142,16906.391546599854,3.3333333333333335,0.0,0.0,BENIGN,0.0,0.0,0.0,80.0,87.75249284208398,7,27294.019422251138,File_10
2017-07-03 10:24:40,1,0,1,491.76709910186537,4.797727796115759,0.0,0.0,0.0,BENIGN,5376.333333333333,0.0,0.0,74.75,48.396797414705034,3,0.0,File_10
2017-07-03 10:24:50,1,0,1,566265.0602409638,12048.192771084336,15.0,0.0,0.0,BENIGN,2048.0,0.0,0.0,49.0,33.94112549695428,1,0.0,File_10
2017-07-03 10:25:00,1,0,1,4439.511653718091,65.28693608408958,0.0,0.0,0.0,BENIGN,8064.5,0.0,0.0,121.5,125.15790027001891,1,0.0,File_10
2017-07-03 10:25:10,1,0,1,1413043.4782608696,21739.130434782608,3.0,0.0,0.0,BENIGN,2048.0,0.0,0.0,61.0,56.568542494923804,1,0.0,File_10
2017-07-03 10:25:20,3,0,1,519577.5402189792,7534.804749513519,18.333333333333332,0.0,0.0,BENIGN,0.0,0.0,0.0,59.833333333333336,31.965085119027396,3,23000.68917576167,File_10
2017-07-03 10:25:30,3,0,1,1081448.7575161576,10518.61828380204,32.666666666666664,0.0,0.0,BENIGN,0.0,0.0,0.0,57.166666666666664,50.439733015418184,3,29457.292688908125,File_10
2017-07-03 10:25:50,2,0,1,19420.271616659018,190.6911175562325,5268.666666666666,165669395.16666666,0.0,BENIGN,0.0,0.0,0.0,37.0,29.949958263743873,5,27287.757410095506,File_10
2017-07-03 10:26:00,2,0,1,1171157.6011157602,15034.867503486752,25.0,0.0,0.0,BENIGN,819.2000000000003,0.0,0.0,51.0,38.54218468120353,3,21380.94161133929,File_10
2017-07-03 10:27:50,1,0,1,3505.6967572305,64.92031031908333,3.0,0.0,0.0,BENIGN,2048.0,0.0,0.0,59.5,37.476659402887016,1,0.0,File_10
2017-07-03 10:28:00,6,0,1,461907.9168342846,7395.619337640036,1020.4444444444443,18645689.055555556,0.0,BENIGN,620.6060606060606,0.0,0.0,75.41666666666667,71.195579961544,6,24654.402450309317,File_10
2017-07-03 10:28:10,5,0,1,1862191.266333331,18937.002547368655,12.4,0.0,0.0,BENIGN,0.0,0.0,0.0,37.9,15.03662196106559,5,22837.548883092826,File_10
2017-07-03 10:28:20,5,0,1,1153360.7043635785,17495.115602957914,12.4,0.0,0.0,BENIGN,0.0,0.0,0.0,53.0,41.041983924323695,5,27855.18128986703,File_10
2017-07-03 10:28:40,2,0,1,2455.985120415136,65.56782058415531,484920.1666666666,1410801033657.1667,0.0,BENIGN,0.0,0.0,0.0,82.0,114.8999564838908,2,28100.73038592097,File_10
2017-07-03 10:28:50,3,0,2,11582975.278480195,235869.79684069965,1.861111111111111,0.6944444444444443,0.0,BENIGN,1228.8,0.0,0.0,43.2,18.349386910739007,2,10855.228060708812,File_10
2017-07-03 10:29:00,6,0,1,905723.2253220221,11640.103409052974,5163.499999999999,268222466.9444445,0.0,BENIGN,0.0,0.0,0.0,49.833333333333336,27.86602145113564,6,26419.892921811777,File_10
2017-07-03 10:30:30,2,0,1,11590.982814465655,128.44561812385862,3.5,0.0,0.0,BENIGN,0.0,0.0,0.0,48.0,26.956755492207638,2,27405.903224589325,File_10
2017-07-03 10:31:50,2,0,2,16251818.667412786,325038.1538618067,5111.166666666667,156585743.65151513,0.0,BENIGN,1365.3333333333333,0.0,0.0,41.333333333333336,8.504900548115383,1,27239.5,File_10
2017-07-03 10:32:00,1,0,1,1121495.327102804,18691.58878504673,3.0,0.0,0.0,BENIGN,0.0,0.0,0.0,72.0,60.81118318204309,1,0.0,File_10
2017-07-03 10:32:10,5,0,1,849880.2877570095,14624.822929384109,15.0,0.0,0.0,BENIGN,315.07692307692315,0.0,0.0,58.46153846153846,35.5331192565832,8,24970.333726438705,File_10
2017-07-03 10:33:20,1,0,1,1365853.6585365853,16260.162601626014,49.0,0.0,0.0,BENIGN,2048.0,0.0,0.0,50.0,38.18376618407357,1,0.0,File_10
2017-07-03 10:34:20,2,0,1,726317.8381071502,9311.88977306175,5108.333333333334,156371255.16666666,0.0,BENIGN,0.0,0.0,0.0,51.75,41.87580844990737,2,148.49242404917499,File_10
2017-07-03 10:34:50,1,0,1,30952380.952380955,619047.619047619,1.7499999999999998,2.0227272727272725,0.0,BENIGN,0.0,0.0,0.0,38.0,0.0,0,0.0,File_10
2017-07-03 10:35:00,2,0,1,4933.606808479077,81.86039161945848,2.5,0.0,0.0,BENIGN,1365.3333333333333,0.0,0.0,62.0,46.45427859734774,2,17772.893242863476,File_10
2017-07-03 10:36:40,1,0,1,4353.893385431203,55.8191459670667,4.0,0.0,0.0,BENIGN,0.0,0.0,0.0,32.0,17.320508075688775,2,24718.5,File_10
2017-07-03 10:36:50,2,0,1,697269.0744490632,9748.40859699446,25.0,0.0,0.0,BENIGN,1365.3333333333333,0.0,0.0,55.75,45.988223130130464,2,7065.882362136774,File_10
2017-07-03 10:37:00,3,0,1,890324.3235845942,16766.918678350536,296315.5185185185,620440261363.5928,0.0,BENIGN,0.0,0.0,0.0,75.0,89.16725856501365,3,28947.375892125354,File_10
2017-07-03 10:37:50,1,0,1,32500000.0,650000.0,1.6666666666666667,2.0606060606060606,0.0,BENIGN,0.0,0.0,0.0,38.0,0.0,0,0.0,File_10
2017-07-03 10:39:00,1,0,1,5827.279437473292,77.69705916631055,11030.666666666668,364828296.3333333,0.0,BENIGN,0.0,0.0,0.0,39.333333333333336,21.361959960016154,2,32604.0,File_10
2017-07-03 10:39:30,1,0,1,8414.342629482071,127.49003984063744,1.0,0.0,0.0,BENIGN,2048.0,0.0,0.0,53.5,41.71930009000631,1,0.0,File_10
2017-07-03 10:39:50,3,0,1,565250.2134537454,7921.662165814642,7007.555555555555,220347678.55555558,0.0,BENIGN,0.0,0.0,0.0,53.23076923076923,33.4518406223879,10,26169.961815345978,File_10
2017-07-03 10:40:10,4,0,1,460722.13670437905,3909.2511311367275,13.5,0.0,0.0,BENIGN,1170.2857142857142,0.0,0.0,65.25,44.3967502028181,4,19180.206067076295,File_10
2017-07-03 10:40:50,1,0,1,34210526.31578947,684210.5263157894,1.5833333333333337,2.083333333333333,0.0,BENIGN,0.0,0.0,0.0,38.0,0.0,0,0.0,File_10
2017-07-03 10:41:10,1,0,1,179.82230612161675,1.9891848022302736,984020.0,4535449026068.5,0.0,BENIGN,0.0,0.0,0.0,43.0,19.79898987322333,1,0.0,File_10
2017-07-03 10:41:30,6,0,1,1165092.0061443748,19890.129242973904,10.833333333333334,0.0,0.0,BENIGN,0.0,0.0,0.0,79.66666666666667,80.9784857324163,6,27112.081168535482,File_10
2017-07-03 10:42:20,2,0,1,1860.17156277814,41.29950205115082,12987168.833333332,1011998936218001.4,0.0,BENIGN,1365.3333333333333,0.0,0.0,46.75,30.434355587066403,2,16888.780463833245,File_10
2017-07-03 10:43:20,5,0,1,205198.6483982271,4724.958378171971,4111.9333333333325,126615398.93333335,0.0,BENIGN,0.0,0.0,0.0,49.294117647058826,35.96137633955761,12,27324.37667168446,File_10
2017-07-03 10:43:30,2,0,1,1623497.267759563,19307.83242258652,25.5,0.0,0.0,BENIGN,1024.0,0.0,0.0,58.75,43.41562698691183,2,22539.63963529339,File_10
2017-07-03 10:43:50,1,0,1,32500000.0,650000.0,1.6666666666666663,2.9696969696969693,0.0,BENIGN,0.0,0.0,0.0,38.0,0.0,0,0.0,File_10
2017-07-03 10:44:00,3,0,1,412873.6178638085,5090.090189428662,32.333333333333336,0.0,0.0,BENIGN,1228.8,0.0,0.0,52.333333333333336,55.759005251767775,3,22327.22009924209,File_10
2017-07-03 10:46:00,1,0,1,1223529.4117647058,23529.41176470588,3.0,0.0,0.0,BENIGN,0.0,0.0,0.0,35.0,11.313708498984761,1,0.0,File_10
2017-07-03 10:46:10,1,0,1,1372972.972972973,21621.621621621623,3.0,0.0,0.0,BENIGN,0.0,0.0,0.0,60.0,39.59797974644666,1,0.0,File_10
2017-07-03 10:47:30,1,0,1,7757.290228251157,81.22816992933149,4.0,0.0,0.0,BENIGN,2048.0,0.0,0.0,72.5,57.27564927611035,1,0.0,File_10
2017-07-03 10:49:50,2,0,1,281540.4191964137,12162.603706302873,1.5,0.0,0.0,BENIGN,819.2000000000003,0.0,0.0,37.0,19.183326093250876,3,27093.41928402541,File_10
2017-07-03 10:50:00,2,0,1,4305.873606755473,69.71947198547963,20853.333333333336,1304300028.333333,0.0,BENIGN,0.0,0.0,0.0,37.8,23.68966019173766,3,22229.023561551236,File_10
2017-07-03 10:50:10,1,0,1,1698.9683432112463,19.64125252267337,1.0,0.0,0.0,BENIGN,1365.3333333333333,0.0,0.0,72.25,55.57802323460836,3,12084.454890478097,File_10
2017-07-03 10:50:20,4,0,1,640272.1224354585,10394.757773108227,10014.583333333332,1202901752.0833335,0.0,BENIGN,1024.0,0.0,0.0,79.33333333333333,74.37573529048301,5,25532.079919191856,File_10
2017-07-03 10:50:30,1,0,1,2046511.6279069767,18604.6511627907,3.0,0.0,0.0,BENIGN,0.0,0.0,0.0,50.0,33.94112549695428,1,0.0,File_10
2017-07-03 10:51:40,1,0,1,1219512.1951219512,12195.121951219511,3.0,0.0,0.0,BENIGN,2048.0,0.0,0.0,59.5,54.44722215136416,1,0.0,File_10
2017-07-03 10:52:20,8,0,1,501877.2337405531,8227.788504904507,5922.833333333334,219160176.37499997,0.0,BENIGN,0.0,0.0,0.0,62.05263157894737,50.557419154649764,11,28292.416025694725,File_10
2017-07-03 10:52:30,19,0,1,474973.10649770126,8191.151798944269,5656.000000000001,545016036.245614,0.0,BENIGN,0.0,0.0,0.0,63.108695652173914,46.604352806182085,27,27933.039576675124,File_10
2017-07-03 10:52:50,2,0,1,12123.602405489433,147.84598112732576,3617.0,78355134.49999999,0.0,BENIGN,0.0,0.0,0.0,57.75,41.08020610139795,2,25169.80422384462,File_10
2017-07-03 10:53:00,1,0,1,3360.086497276168,33.2681831413482,49.0,0.0,0.0,BENIGN,2048.0,0.0,0.0,75.5,58.68986283848344,1,0.0,File_10
2017-07-03 10:53:40,4,0,1,347143.0522072046,4831.689355512694,14.5,0.0,0.0,BENIGN,1170.2857142857142,0.0,0.0,82.0,77.03987835623091,4,7665.8824378554355,File_10
2017-07-03 10:54:40,3,0,1,1370398.9610383643,13805.999722711435,3.0,0.0,0.0,BENIGN,0.0,0.0,0.0,74.25,56.927899261133064,5,23480.63575348323,File_10
2017-07-03 10:54:50,3,0,1,746549.7477187176,13104.034140436494,29475.333333333332,7813764604.333332,0.0,BENIGN,682.6666666666666,0.0,0.0,57.333333333333336,43.18641761788845,3,20409.796794676815,File_10
2017-07-03 10:55:00,1,0,1,3996.3490144805983,49.33764215408146,4.0,0.0,0.0,BENIGN,0.0,0.0,0.0,72.0,60.81118318204309,1,0.0,File_10
2017-07-03 10:57:00,8,0,1,425375.13672962144,5591.997701549996,7.375,0.0,0.0,BENIGN,1092.2666666666667,0.0,0.0,70.3125,63.80043756380777,8,20627.429716978528,File_10
2017-07-03 10:57:10,3,0,2,770945.5021282978,10634.362584087814,190527.16666666666,200244682204.16663,0.0,BENIGN,623.4560439560439,4474.6,0.0,116.71428571428571,247.77732825180843,5,17347.08373833631,File_10
2017-07-03 10:58:50,2,0,1,277110.950390406,11999.236489224162,5024.666666666666,151363082.66666672,0.0,BENIGN,819.2000000000003,0.0,0.0,32.8,19.162463307205574,3,19965.050688640888,File_10
2017-07-03 11:00:00,1,0,1,4665.010080172535,70.32678512822918,19786.0,1174101267.0,0.0,BENIGN,0.0,0.0,0.0,27.0,11.313708498984761,1,0.0,File_10
2017-07-03 11:00:10,1,0,1,11260.064174491625,118.11256127089116,10398.333333333332,322849806.3333333,0.0,BENIGN,0.0,0.0,0.0,49.666666666666664,32.331615074619044,2,0.0,File_10
2017-07-03 11:00:20,1,0,1,2130.027239771432,27.30804153553117,3.0,0.0,0.0,BENIGN,2048.0,0.0,0.0,47.5,30.405591591021544,1,0.0,File_10
2017-07-03 11:00:30,5,0,1,48505.921589560065,959.4142745344,11.2,0.0,0.0,BENIGN,1137.7777777777778,0.0,0.0,53.8,55.99563475049739,5,25552.904210289817,File_10
2017-07-03 11:00:40,3,0,1,504126.5269936668,6679.763033417011,17.0,0.0,0.0,BENIGN,1228.8,0.0,0.0,117.83333333333333,147.04069731426966,3,20792.70645779428,File_10
2017-07-03 11:01:20,4,0,1,277738.651994075,5859.792531512134,2529.083333333333,76558008.58333334,0.0,BENIGN,0.0,0.0,0.0,62.9,46.083137431771675,6,26115.398246160355,File_10
2017-07-03 11:01:30,1,0,1,22939.00873669828,165.6246118173161,3.0,0.0,0.0,BENIGN,0.0,0.0,0.0,58.75,43.6300737259672,3,30129.81994635879,File_10
2017-07-03 11:02:00,1,0,1,1172995.7805907174,16877.63713080169,49.0,0.0,0.0,BENIGN,2048.0,0.0,0.0,41.5,33.23401871576773,1,0.0,File_10
2017-07-03 11:04:00,12,0,1,927476.4842533948,12161.292443567325,11.416666666666666,0.0,0.0,BENIGN,0.0,0.0,0.0,63.708333333333336,58.04007548512356,12,26221.740076272577,File_10
2017-07-03 11:05:10,1,0,1,990099.00990099,19801.980198019803,3.0,0.0,0.0,BENIGN,0.0,0.0,0.0,52.333333333333336,52.53887449625594,2,27855.5,File_10
2017-07-03 11:05:30,8,0,1,378313.4438679308,5111.003094753466,488710.5,5731883619315.875,0.0,BENIGN,0.0,0.0,0.0,65.625,65.1939414363022,8,27623.18956641724,File_10
2017-07-03 11:05:40,3,0,1,1044979.9957327597,21814.940643696795,3.0,0.0,0.0,BENIGN,0.0,0.0,0.0,65.66666666666667,57.02514065451015,3,27460.432606934657,File_10
2017-07-03 11:06:00,1,0,1,8060.391563184059,122.74707964239684,10288.666666666668,317384816.3333333,0.0,BENIGN,0.0,0.0,0.0,52.0,58.88972745734183,2,29934.5,File_10
2017-07-03 11:07:00,3,0,1,8748.198260131832,125.32220484872482,2.6666666666666665,0.0,0.0,BENIGN,0.0,0.0,0.0,110.16666666666667,95.18070532763804,3,587.3370412293099,File_10
2017-07-03 11:07:20,1,0,1,761904.7619047619,21164.021164021164,2.0,0.0,0.0,BENIGN,0.0,0.0,0.0,66.0,59.39696961966999,1,0.0,File_10
2017-07-03 11:07:50,1,0,1,5296.1945861122,65.3851183470642,3.0,0.0,0.0,BENIGN,0.0,0.0,0.0,43.0,29.444863728670914,2,0.0,File_10
2017-07-03 11:08:30,2,0,1,1072981.3664596274,23291.92546583851,48.0,0.0,0.0,BENIGN,0.0,0.0,0.0,48.25,41.41155233345723,2,1237.4368670764582,File_10
2017-07-03 11:09:00,9,0,1,780936.5126471282,13394.416594698374,2371.296296296296,74967715.1851852,0.0,BENIGN,0.0,0.0,0.0,57.166666666666664,50.36274215232377,15,26309.48910884136,File_10
2017-07-03 11:09:10,2,0,1,507594.450404045,10560.266651259724,10715.0,688417393.4999999,0.0,BENIGN,0.0,0.0,0.0,55.0,42.079290234825336,2,25361.63835839913,File_10
2017-07-03 11:09:30,2,0,1,3261.9311955542958,60.56616902094828,23.5,0.0,0.0,BENIGN,1024.0,0.0,0.0,65.75,51.700257897487,2,22549.775800807125,File_10
2017-07-03 11:09:50,2,0,1,843140.9665801156,10041.879554401541,26.5,0.0,0.0,BENIGN,0.0,0.0,0.0,73.75,69.74417538404192,2,25527.7815896503,File_10
2017-07-03 11:10:50,1,0,1,3585.9820700896494,65.19967400162999,3.0,0.0,0.0,BENIGN,0.0,0.0,0.0,34.0,17.320508075688775,2,0.0,File_10
2017-07-03 11:11:10,4,0,1,938424.527728827,9431.998320184384,5273.5,333401291.99999994,0.0,BENIGN,0.0,0.0,0.0,59.333333333333336,66.16645675869307,5,26968.73824912838,File_10
2017-07-03 11:11:30,2,0,1,672119.4840008332,11782.442353859298,10690.0,685239753.5000004,0.0,BENIGN,0.0,0.0,0.0,39.2,33.44697295720496,3,25976.102011031217,File_10
2017-07-03 11:12:00,3,0,1,1338109.6028154853,21279.537456008045,33.333333333333336,0.0,0.0,BENIGN,0.0,0.0,0.0,59.833333333333336,38.747473035885406,3,24214.649736058538,File_10
2017-07-03 11:12:50,2,0,1,1375757.5757575757,21212.121212121216,3.5,0.0,0.0,BENIGN,0.0,0.0,0.0,50.8,44.8408296087394,3,26756.372945290997,File_10
2017-07-03 11:13:50,2,0,1,805536.8499812945,20351.664796109242,93.5,0.0,0.0,BENIGN,1365.3333333333333,0.0,0.0,79.25,90.66559435640401,2,7224.274281122561,File_10
2017-07-03 11:14:50,7,2,4,230352.8801621756,9974.79271726771,2383599.341269841,12089348223733.236,0.0,BENIGN,1391.334754797441,10624.212121212122,0.0,189.38059701492537,428.23729973444796,80,21216.286254162515,File_10
2017-07-03 11:15:00,2,1,2,69123.52144632455,9481.515642818498,11828.8125,175725223.2767857,0.0,BENIGN,1415.7212945784381,7447.575757575758,0.0,376.77777777777777,586.8072999343445,34,24488.569970131113,File_10
2017-07-03 11:15:20,1,0,1,1264516.1290322582,25806.451612903227,3.0,0.0,0.0,BENIGN,0.0,0.0,0.0,39.5,24.748737341529164,1,0.0,File_10
2017-07-03 11:15:30,4,0,1,805643.8126865496,12789.088922318537,41.0,0.0,0.0,BENIGN,1170.2857142857142,0.0,0.0,66.75,63.69065865572439,4,24231.659183297998,File_10
2017-07-03 11:16:40,2,0,1,730711.0887662489,9023.583648165235,5047.0,151986775.99999997,0.0,BENIGN,0.0,0.0,0.0,46.4,26.187783411354232,3,23384.798229832988,File_10
2017-07-03 11:16:50,7,0,1,546323.3834175972,9167.96675242642,4781.666666666667,160562352.04761904,0.0,BENIGN,273.0666666666667,0.0,0.0,67.46666666666667,61.47457856320618,8,26573.16639747238,File_10
2017-07-03 11:20:00,1,0,1,11592.976517876032,169.24053310767928,4.0,0.0,0.0,BENIGN,0.0,0.0,0.0,32.0,11.313708498984761,1,0.0,File_10
2017-07-03 11:20:10,2,0,1,423622.53110242164,10297.873064271604,26.5,0.0,0.0,BENIGN,0.0,0.0,0.0,70.75,57.23271209136723,2,23287.45960573821,File_10
2017-07-03 11:20:40,7,0,1,4114.163981722247,72.22300329802046,10775.095238095237,399814858.28571427,0.0,BENIGN,0.0,0.0,0.0,71.41176470588235,61.476681375470946,10,27530.417768848765,File_10
2017-07-03 11:20:50,2,0,1,639846.1590381565,10075.866376183732,3510.666666666667,72846957.16666664,0.0,BENIGN,0.0,0.0,0.0,51.0,28.696689704563486,3,30471.628377886205,File_10
2017-07-03 11:21:10,1,0,1,1938864.6288209609,17467.248908296944,3.0,0.0,0.0,BENIGN,0.0,0.0,0.0,32.0,11.313708498984761,1,0.0,File_10
2017-07-03 11:21:40,2,0,1,520802.57866980793,10099.707240455491,4985.833333333334,149031568.16666666,0.0,BENIGN,1024.0,0.0,0.0,59.75,43.09969064080777,2,20296.21427754447,File_10
2017-07-03 11:22:00,2,0,1,1773328.5233285236,19159.852493185826,26.0,0.0,0.0,BENIGN,0.0,0.0,0.0,49.0,30.528675044947494,2,25272.183869930108,File_10
2017-07-03 11:22:10,1,0,1,8537.539103232533,130.34410844629824,3.0,0.0,0.0,BENIGN,0.0,0.0,0.0,64.5,62.932503525602726,1,0.0,File_10
2017-07-03 11:22:30,1,0,1,8806.326535082915,65.71885473942474,5332.666666666666,85200052.33333334,0.0,BENIGN,0.0,0.0,0.0,49.5,27.577164466275352,1,0.0,File_10
2017-07-03 11:22:50,3,0,1,523473.36094335746,14975.611690256941,1.0,0.0,0.0,BENIGN,1228.8,0.0,0.0,86.0,87.96817606384708,3,10422.444665240493,File_10
2017-07-03 11:23:00,2,0,1,424354.1930832152,9883.518559956241,5232.166666666666,161938782.16666666,0.0,BENIGN,0.0,0.0,0.0,39.4,12.83744522870497,3,25735.492252917953,File_10
2017-07-03 11:23:40,2,0,1,12441.771477986742,125.09506791217467,24.5,0.0,0.0,BENIGN,682.6666666666666,0.0,0.0,42.0,22.208106627986098,4,21658.883356258233,File_10
2017-07-03 11:23:50,1,0,1,4463.936095230637,31.32586733495184,48.0,0.0,0.0,BENIGN,2048.0,0.0,0.0,63.0,39.59797974644666,1,0.0,File_10
2017-07-03 11:24:30,1,0,1,6931.764757333566,65.60029738801482,10151.666666666668,308590634.33333325,0.0,BENIGN,0.0,0.0,0.0,39.0,11.313708498984761,1,0.0,File_10
2017-07-03 11:25:10,1,0,1,227848.1012658228,3894.839337877313,4.0,0.0,0.0,BENIGN,0.0,0.0,0.0,27.0,11.313708498984761,1,0.0,File_10
2017-07-03 11:25:30,3,0,1,908046.1324946386,17795.548979969975,3.3333333333333335,0.0,0.0,BENIGN,0.0,0.0,0.0,66.0,45.37400136642128,3,22322.24923254823,File_10
2017-07-03 11:27:30,2,0,1,11981.824932391723,191.4478265972378,5208.333333333334,161170568.66666663,0.0,BENIGN,819.2000000000003,0.0,0.0,72.2,80.0699694017676,3,24561.171760524783,File_10
2017-07-03 11:28:20,1,0,1,1243523.316062176,20725.38860103627,3.0,0.0,0.0,BENIGN,0.0,0.0,0.0,107.0,98.72689603142601,2,26847.0,File_10
2017-07-03 11:28:50,3,0,1,611793.3583783665,14516.508962287468,2.6666666666666665,0.0,0.0,BENIGN,682.6666666666666,0.0,0.0,88.33333333333333,58.52065162544473,3,20454.051270102947,File_10
2017-07-03 11:29:10,2,0,1,1527067.0779652817,22077.058005201725,3.5,0.0,0.0,BENIGN,0.0,0.0,0.0,47.2,38.002631487832524,3,25860.609162392135,File_10
2017-07-03 11:29:50,1,0,1,14309.548254620122,192.50513347022587,10145.666666666668,308621061.3333333,0.0,BENIGN,0.0,0.0,0.0,31.666666666666668,18.475208614068027,2,32527.5,File_10
2017-07-03 11:30:40,1,0,1,3659.6523330283626,46.91861965420978,4.0,0.0,0.0,BENIGN,0.0,0.0,0.0,61.0,45.254833995939045,1,0.0,File_10
2017-07-03 11:30:50,1,0,1,1281045.7516339868,26143.7908496732,3.0,0.0,0.0,BENIGN,0.0,0.0,0.0,61.0,45.254833995939045,1,0.0,File_10
2017-07-03 11:31:00,5,0,1,637987.2410358625,7208.899095448217,177805.46666666667,372257296910.75,0.0,BENIGN,0.0,0.0,0.0,67.8,69.9393387952096,5,27302.530206087515,File_10
2017-07-03 11:31:30,1,0,1,15592.077538980191,168.56300042140748,3.0,0.0,0.0,BENIGN,0.0,0.0,0.0,63.666666666666664,58.312377188152205,2,27206.5,File_10
2017-07-03 11:31:50,1,0,1,351145.0381679389,15267.175572519083,1.0,0.0,0.0,BENIGN,2048.0,0.0,0.0,82.0,76.36753236814714,1,0.0,File_10
2017-07-03 11:32:00,1,0,1,5753.004346714395,127.84454103809766,3.0,0.0,0.0,BENIGN,2048.0,0.0,0.0,60.5,41.71930009000631,1,0.0,File_10
2017-07-03 11:32:10,7,0,1,496737.38969811465,8374.812520510108,6076.428571428572,194478206.5238095,0.0,BENIGN,0.0,0.0,0.0,67.61111111111111,49.00436821932473,11,29431.350795370206,File_10
2017-07-03 11:33:20,1,0,1,858.7630850323517,14.806260086764684,1.0,0.0,0.0,BENIGN,1365.3333333333333,0.0,0.0,56.25,40.71342939784529,3,0.0,File_10
2017-07-03 11:33:40,1,0,1,1277777.7777777778,18518.51851851852,3.0,0.0,0.0,BENIGN,0.0,0.0,0.0,47.0,11.313708498984761,1,0.0,File_10
2017-07-03 11:35:00,2,0,1,4455.424840170759,79.04722529668115,10607.333333333332,338099668.3333334,0.0,BENIGN,0.0,0.0,0.0,36.5,24.0762677063258,2,6466.255811690582,File_10
2017-07-03 11:35:30,4,0,1,517490.30498402525,6005.115038464226,3.25,0.0,0.0,BENIGN,0.0,0.0,0.0,54.0,32.941506600986806,4,19329.00049465696,File_10
2017-07-03 11:36:30,2,0,1,640986.3455117038,10686.306321827537,5199.166666666666,161985300.16666672,0.0,BENIGN,0.0,0.0,0.0,71.8,41.913005141602525,3,1058.0,File_10
2017-07-03 11:37:00,1,0,1,2181818.1818181816,19138.75598086124,1.0,0.0,0.0,BENIGN,2048.0,0.0,0.0,63.0,62.22539674441618,1,0.0,File_10
2017-07-03 11:37:30,2,0,1,8461.616325993491,141.78749111289375,5141.0,158363437.49999997,0.0,BENIGN,0.0,0.0,0.0,39.333333333333336,24.768259257902372,4,29671.575526756245,File_10
2017-07-03 11:39:00,1,0,1,8465.474761513677,126.350369574831,10146.666666666668,308651490.3333333,0.0,BENIGN,0.0,0.0,0.0,76.5,60.10407640085654,1,0.0,File_10
2017-07-03 11:39:40,1,0,1,10002.119093028185,169.52744225471497,3.0,0.0,0.0,BENIGN,0.0,0.0,0.0,71.0,59.39696961966999,1,0.0,File_10
2017-07-03 11:42:10,1,0,1,772946.8599033817,19323.671497584543,67.0,0.0,0.0,BENIGN,0.0,0.0,0.0,136.0,90.50966799187809,1,0.0,File_10
2017-07-03 11:42:30,1,0,1,1254437.8698224854,23668.63905325444,3.0,0.0,0.0,BENIGN,0.0,0.0,0.0,61.0,45.254833995939045,1,0.0,File_10
2017-07-03 11:42:40,4,0,1,361804.9613872253,3641.455929939525,13.25,0.0,0.0,BENIGN,1170.2857142857142,0.0,0.0,80.25,73.158829171292,4,14720.931987188465,File_10
2017-07-03 11:43:00,6,0,1,182842.1560274329,3207.5236347282494,3979.6666666666665,141517260.61111113,0.0,BENIGN,0.0,0.0,0.0,63.05882352941177,55.997176924639795,11,26424.59153059123,File_10
2017-07-03 11:43:30,1,0,1,788177.3399014778,19704.433497536946,3.0,0.0,0.0,BENIGN,2048.0,0.0,0.0,69.0,72.12489168102785,1,0.0,File_10
2017-07-03 11:43:40,1,0,1,5631.159080244017,85.32059212490935,4.0,0.0,0.0,BENIGN,2048.0,0.0,0.0,50.5,45.96194077712559,1,0.0,File_10
2017-07-03 11:43:50,1,0,1,464646.4646464647,20202.020202020205,2.0,0.0,0.0,BENIGN,2048.0,0.0,0.0,55.5,45.96194077712559,1,0.0,File_10
2017-07-03 11:44:30,1,0,1,3354.508669308342,83.86271673270855,4.0,0.0,0.0,BENIGN,0.0,0.0,0.0,75.5,57.27564927611035,1,0.0,File_10
2017-07-03 11:45:30,2,0,1,978401.851790081,9510.958128159467,3.5,0.0,0.0,BENIGN,0.0,0.0,0.0,52.6,37.60053191113126,3,26415.671867047033,File_10
2017-07-03 11:46:10,1,0,1,941176.4705882352,16806.72268907563,47.0,0.0,0.0,BENIGN,2048.0,0.0,0.0,114.0,124.45079348883236,1,0.0,File_10
2017-07-03 11:46:40,1,0,1,1258.51410301108,17.00694733798757,3.0,0.0,0.0,BENIGN,0.0,0.0,0.0,37.0,11.313708498984761,1,0.0,File_10
2017-07-03 11:47:00,1,0,1,1311475.4098360655,21857.92349726776,3.0,0.0,0.0,BENIGN,0.0,0.0,0.0,126.0,147.07821048680188,1,0.0,File_10
2017-07-03 11:47:20,1,0,1,1022508.0385852088,12861.736334405145,1.0,0.0,0.0,BENIGN,2048.0,0.0,0.0,38.0,11.313708498984761,1,0.0,File_10
2017-07-03 11:48:00,1,0,1,895348.8372093022,11627.906976744183,48.0,0.0,0.0,BENIGN,2048.0,0.0,0.0,42.5,26.16295090390226,1,0.0,File_10
2017-07-03 11:48:10,4,0,1,284810.34231330693,3515.646648107823,12.75,0.0,0.0,BENIGN,1170.2857142857142,0.0,0.0,63.125,56.932133783504526,4,11447.911842385072,File_10
2017-07-03 11:48:20,1,0,1,1430107.5268817204,21505.376344086024,3.0,0.0,0.0,BENIGN,0.0,0.0,0.0,60.0,39.59797974644666,1,0.0,File_10
2017-07-03 11:49:00,2,0,1,5703.492724254822,81.25657772720601,3.5,0.0,0.0,BENIGN,0.0,0.0,0.0,53.25,48.334770093587906,2,3597.287898156363,File_10
2017-07-03 11:49:20,1,0,1,1278538.812785388,18264.8401826484,3.0,0.0,0.0,BENIGN,0.0,0.0,0.0,56.0,36.359317925395686,4,25994.5,File_10
2017-07-03 11:49:50,2,0,1,242588.79334585293,10533.00761239136,5553.166666666666,184792800.66666666,0.0,BENIGN,1024.0,0.0,0.0,32.0,13.21615173439934,2,23433.476514498558,File_10
2017-07-03 11:50:40,1,0,1,1561224.4897959183,20408.163265306124,3.0,0.0,0.0,BENIGN,2048.0,0.0,0.0,52.0,36.76955262170047,1,0.0,File_10
2017-07-03 11:53:10,2,0,1,505190.4746925037,8537.491115944062,4.5,0.0,0.0,BENIGN,1365.3333333333333,0.0,0.0,71.0,65.69119677196734,2,16219.896471789072,File_10
2017-07-03 11:53:20,1,0,1,838150.289017341,11560.693641618496,2.0,0.0,0.0,BENIGN,2048.0,0.0,0.0,65.0,69.29646455628166,1,0.0,File_10
2017-07-03 11:53:30,2,0,1,824118.5897435897,10950.854700854701,3.0,0.0,0.0,BENIGN,0.0,0.0,0.0,58.0,45.0111097397076,2,25822.33691120065,File_10
2017-07-03 11:54:30,1,0,1,181.99109633837705,5.055308231621585,239742.4,220444352142.29996,0.0,BENIGN,0.0,0.0,0.0,35.333333333333336,9.237604307034013,2,0.0,File_10
2017-07-03 11:55:00,2,0,1,754761.860879044,8227.773111566908,2.5,0.0,0.0,BENIGN,1365.3333333333333,0.0,0.0,43.5,28.803934916373258,2,15626.738502394614,File_10
2017-07-03 11:55:20,1,0,1,10248.80752868377,128.91581797086502,48.0,0.0,0.0,BENIGN,2048.0,0.0,0.0,71.5,68.58935777509511,1,0.0,File_10
2017-07-03 11:55:40,2,0,1,1111067.2200400208,10014.822500555843,3.0,0.0,0.0,BENIGN,0.0,0.0,0.0,56.75,47.6611302146029,2,28028.9291387785,File_10
2017-07-03 11:57:40,1,0,1,5200.208008320333,130.00520020800832,4.0,0.0,0.0,BENIGN,2048.0,0.0,0.0,42.0,38.18376618407357,1,0.0,File_10
2017-07-03 11:58:00,4,0,1,789401.021397324,12151.95875820798,3.25,0.0,0.0,BENIGN,0.0,0.0,0.0,81.375,85.98328325901495,4,27051.55573782652,File_10
2017-07-03 11:58:50,1,0,1,571428.5714285714,24844.72049689441,1.0,0.0,0.0,BENIGN,2048.0,0.0,0.0,129.5,153.4421715174808,1,0.0,File_10
2017-07-03 11:59:10,7,0,1,436964.255429196,5437.532129052258,7325.0,224596809.6190476,0.0,BENIGN,0.0,0.0,0.0,47.10526315789474,32.42751701331946,12,28467.29297802855,File_10
2017-07-03 12:00:40,1,0,1,1355191.256830601,21857.92349726776,3.0,0.0,0.0,BENIGN,0.0,0.0,0.0,59.0,43.840620433565945,1,0.0,File_10
2017-07-03 12:02:20,4,0,1,1539628.8408329692,23457.066246256512,2.0,0.0,0.0,BENIGN,1170.2857142857142,0.0,0.0,64.875,41.79007913710758,4,10533.54838754031,File_10
2017-07-03 12:02:30,1,0,1,1303167.4208144797,18099.547511312216,3.0,0.0,0.0,BENIGN,2048.0,0.0,0.0,27.0,12.727922061357855,1,0.0,File_10
2017-07-03 12:02:40,3,0,1,655084.7594083468,14250.584201486223,16.666666666666668,0.0,0.0,BENIGN,1228.8,0.0,0.0,37.333333333333336,40.60870185892017,3,10731.837132569613,File_10
2017-07-03 12:03:00,1,0,1,6606.8900424728645,67.41724533135576,3.0,0.0,0.0,BENIGN,0.0,0.0,0.0,36.0,11.313708498984761,1,0.0,File_10
2017-07-03 12:03:10,1,0,1,6012.950971322849,77.08911501695961,20811.0,1298918592.0,0.0,BENIGN,0.0,0.0,0.0,48.0,22.627416997969522,1,0.0,File_10
2017-07-03 12:03:20,1,0,1,1367924.5283018867,18867.924528301886,3.0,0.0,0.0,BENIGN,2048.0,0.0,0.0,57.0,35.35533905932738,1,0.0,File_10
2017-07-03 12:04:40,9,0,1,653863.7055014282,10435.089126094255,6781.518518518519,272786183.7777778,0.0,BENIGN,0.0,0.0,0.0,51.54545454545455,39.51820228310382,13,25920.574637484697,File_10
2017-07-03 12:05:20,1,0,1,3973.904692519124,66.23174487531874,3.0,0.0,0.0,BENIGN,0.0,0.0,0.0,34.0,9.237604307034012,3,27068.51898834183,File_10
2017-07-03 12:06:00,1,0,1,10287.366094201669,127.52933174630164,10363.666666666668,322030241.3333333,0.0,BENIGN,0.0,0.0,0.0,46.0,33.94112549695428,1,0.0,File_10
2017-07-03 12:07:10,1,0,1,6491.616208663251,87.33115975780159,20710.0,1286339546.9999998,0.0,BENIGN,0.0,0.0,0.0,72.5,57.27564927611035,1,0.0,File_10
2017-07-03 12:07:50,3,0,1,578677.349075831,25159.88474242744,1.0,0.0,0.0,BENIGN,1228.8,0.0,0.0,41.0,28.8166618469246,3,10181.23458132657,File_10
2017-07-03 12:09:20,2,0,1,7069.40955286364,92.21148290947957,10410.333333333332,325055059.3333334,0.0,BENIGN,0.0,0.0,0.0,49.8,34.44851230459742,3,26405.759182420792,File_10
2017-07-03 12:12:40,1,0,1,772946.8599033817,19323.671497584543,49.0,0.0,0.0,BENIGN,2048.0,0.0,0.0,66.0,50.91168824543142,1,0.0,File_10
2017-07-03 12:13:50,1,0,1,621621.6216216217,27027.027027027027,1.0,0.0,0.0,BENIGN,2048.0,0.0,0.0,166.5,194.45436482630058,1,0.0,File_10
2017-07-03 12:18:00,1,0,1,948717.9487179487,25641.02564102564,4.0,0.0,0.0,BENIGN,0.0,0.0,0.0,68.0,67.88225099390856,1,0.0,File_10
2017-07-03 12:18:10,10,0,1,703813.8962848492,10052.337568949617,178263.63333333333,1451373047091.2502,0.0,BENIGN,0.0,0.0,0.0,66.18181818181819,52.72266736119914,12,26170.694494799638,File_10
2017-07-03 12:18:20,19,0,1,794895.960464478,12263.801633943473,2462.2807017543855,101535899.66666669,0.0,BENIGN,0.0,0.0,0.0,61.148936170212764,62.80680478343515,28,27639.906522709534,File_10
2017-07-03 12:18:50,2,0,1,6945.490222695726,99.02312474689562,7800.0,181848597.33333334,0.0,BENIGN,0.0,0.0,0.0,64.5,39.83716857408418,2,28165.98106857909,File_10
2017-07-03 12:19:20,6,0,1,306495.83546028857,3790.0203086442143,3002.1666666666665,93631574.33333333,0.0,BENIGN,0.0,0.0,0.0,56.642857142857146,48.95147855527199,8,27786.078700285536,File_10
2017-07-03 12:19:50,3,0,1,518738.396996504,16017.64142730814,5731.555555555555,295415885.7777778,0.0,BENIGN,512.0,0.0,0.0,50.375,42.76493055897888,5,25834.756436290412,File_10
2017-07-03 12:20:30,1,0,1,1098360.6557377048,16393.44262295082,1.0,0.0,0.0,BENIGN,2048.0,0.0,0.0,60.0,53.74011537017761,1,0.0,File_10
2017-07-03 12:22:50,1,0,1,462311.5577889447,20100.502512562813,48.0,0.0,0.0,BENIGN,2048.0,0.0,0.0,62.0,60.81118318204309,1,0.0,File_10
2017-07-03 12:28:10,1,0,1,14244.195330714449,191.6259461531092,10224.0,313345200.00000006,0.0,BENIGN,0.0,0.0,0.0,44.5,31.81980515339464,1,0.0,File_10
2017-07-03 12:28:50,2,0,1,552329.7491039427,24014.336917562723,1.0,0.0,0.0,BENIGN,1365.3333333333333,0.0,0.0,87.75,75.3585872125179,2,7129.501525352246,File_10
2017-07-03 12:29:30,1,0,1,2197309.4170403588,17937.219730941702,3.0,0.0,0.0,BENIGN,2048.0,0.0,0.0,78.0,90.50966799187809,1,0.0,File_10
2017-07-03 12:29:50,1,0,1,3563.0864246407223,79.17969832534938,1.0,0.0,0.0,BENIGN,2048.0,0.0,0.0,53.5,27.577164466275352,1,0.0,File_10
2017-07-03 12:30:30,1,0,1,4289.968554113997,83.30036027405819,49.0,0.0,0.0,BENIGN,2048.0,0.0,0.0,100.5,79.90306627407988,1,0.0,File_10
2017-07-03 12:31:50,1,0,1,457711.4427860697,19900.49751243781,48.0,0.0,0.0,BENIGN,2048.0,0.0,0.0,76.5,70.0035713374682,1,0.0,File_10
2017-07-03 12:34:50,1,0,1,541176.4705882353,23529.41176470588,3.0,0.0,0.0,BENIGN,2048.0,0.0,0.0,106.5,125.15790027001891,1,0.0,File_10
2017-07-03 12:36:00,1,0,1,7530.378230361116,93.35179624414609,8655.666666666668,224657841.33333328,0.0,BENIGN,0.0,0.0,0.0,44.0,25.948667274704754,3,0.0,File_10
2017-07-03 12:37:40,1,0,1,6510.5464208603225,66.43414715163594,3.0,0.0,0.0,BENIGN,2048.0,0.0,0.0,69.0,72.12489168102785,1,0.0,File_10
2017-07-03 12:39:40,1,0,1,912751.677852349,26845.63758389261,4.0,0.0,0.0,BENIGN,0.0,0.0,0.0,99.0,57.982756057296896,1,0.0,File_10
2017-07-03 12:40:50,1,0,1,538011.6959064327,23391.812865497075,1.0,0.0,0.0,BENIGN,2048.0,0.0,0.0,38.0,11.313708498984761,1,0.0,File_10
2017-07-03 12:48:20,1,0,1,1073825.5033557047,26845.63758389261,3.0,0.0,0.0,BENIGN,2048.0,0.0,0.0,11.0,0.0,1,0.0,File_10
2017-07-03 12:49:30,1,0,1,1446540.8805031448,25157.23270440252,3.0,0.0,0.0,BENIGN,2048.0,0.0,0.0,49.0,33.94112549695428,1,0.0,File_10
2017-07-03 12:49:50,2,0,1,523091.5426037378,22743.110547988595,24.5,0.0,0.0,BENIGN,1365.3333333333333,0.0,0.0,58.75,40.03644173333423,2,16361.308674906039,File_10
2017-07-03 12:51:10,1,0,1,17377.761383663266,163.9411451288987,4.0,0.0,0.0,BENIGN,0.0,0.0,0.0,52.0,27.712812921102035,2,0.0,File_10
2017-07-03 12:52:00,1,0,1,976190.4761904762,23809.52380952381,3.0,0.0,0.0,BENIGN,2048.0,0.0,0.0,54.0,43.840620433565945,1,0.0,File_10
2017-07-03 12:53:10,1,0,1,7203.699196884887,64.8981909629269,3.0,0.0,0.0,BENIGN,2048.0,0.0,0.0,48.5,27.577164466275352,1,0.0,File_10
2017-07-03 12:54:20,1,0,1,1388235.294117647,23529.41176470588,49.0,0.0,0.0,BENIGN,0.0,0.0,0.0,45.5,27.577164466275352,1,0.0,File_10
2017-07-03 12:54:40,2,0,1,11596.329866661086,168.0471482562025,24.5,0.0,0.0,BENIGN,0.0,0.0,0.0,46.8,42.62276387096454,3,784.5,File_10
2017-07-03 12:54:50,1,0,1,8545.34861138085,129.47497896031592,4.0,0.0,0.0,BENIGN,0.0,0.0,0.0,31.0,11.313708498984761,1,0.0,File_10
2017-07-03 12:55:00,4,0,1,680461.7709591791,13565.450034536672,3.5,0.0,0.0,BENIGN,0.0,0.0,0.0,71.33333333333333,57.20510678623232,8,28169.17452590818,File_10
2017-07-03 12:57:40,1,0,1,1315068.493150685,27397.260273972603,4.0,0.0,0.0,BENIGN,0.0,0.0,0.0,61.0,42.42640687119285,1,0.0,File_10
2017-07-04 01:11:00,1,0,1,1274900.398,15936.25498,3.0,0.0,0.0,BENIGN,0.0,0.0,0.0,69.0,67.88225099390856,1,0.0,File_10
2017-07-04 01:15:00,1,0,1,1543859.649,17543.85965,3.0,0.0,0.0,BENIGN,0.0,0.0,0.0,45.5,26.16295090390226,1,0.0,File_10
2017-07-04 01:25:00,1,0,1,11605.41586,193.4235977,10095.66667,302866816.18774307,0.0,BENIGN,0.0,0.0,0.0,75.0,73.53910524340094,1,0.0,File_10
2017-07-04 01:29:00,1,0,1,13039.86711,166.1129568,3.0,0.0,0.0,BENIGN,0.0,0.0,0.0,58.5,35.21836642056717,3,0.0,File_10
2017-07-04 01:38:00,3,0,1,987534.964639,16869.595262766667,3.0,0.0,0.0,BENIGN,0.0,0.0,0.0,57.625,40.98061388370987,5,25134.269451431104,File_10
2017-07-04 01:43:00,2,0,1,590075.4362715,13108.94526939,5248.5,165091621.45993137,0.0,BENIGN,0.0,0.0,0.0,51.25,42.129759869558555,2,3589.274021302915,File_10
2017-07-04 01:49:00,1,0,1,14680.07021,319.1319611,8316.333333,207284656.25323498,0.0,BENIGN,0.0,0.0,0.0,39.0,11.313708498984761,1,0.0,File_10
2017-07-04 01:54:00,1,0,1,1454545.455,25974.02597,4.0,0.0,0.0,BENIGN,0.0,0.0,0.0,36.0,11.313708498984761,1,0.0,File_10
2017-07-04 01:56:00,1,0,1,861788.6179,16260.1626,3.0,0.0,0.0,BENIGN,0.0,0.0,0.0,61.0,45.254833995939045,1,0.0,File_10
2017-07-04 02:04:00,1,0,1,3022.851316,47.98176693,1.0,0.0,0.0,BENIGN,2048.0,0.0,0.0,38.0,26.870057685088806,1,0.0,File_10
2017-07-04 02:05:00,2,0,1,1081022.6309,17610.257205,25.5,0.0,0.0,BENIGN,0.0,0.0,0.0,48.75,43.4923364897005,2,4942.676400493967,File_10
2017-07-04 02:07:00,1,0,1,40824.4947,800.4802882,1.0,0.0,0.0,BENIGN,2048.0,0.0,0.0,45.0,38.18376618407357,1,0.0,File_10
2017-07-04 02:12:00,1,0,1,4852.364237,103.2417923,49.0,0.0,0.0,BENIGN,0.0,0.0,0.0,35.0,11.313708498984761,1,0.0,File_10
2017-07-04 02:13:00,1,0,1,9041.176663,131.0315458,49.0,0.0,0.0,BENIGN,0.0,0.0,0.0,40.0,22.627416997969522,1,0.0,File_10
2017-07-04 02:17:00,2,0,1,798542.693978,9864.5386519,3.5,0.0,0.0,BENIGN,0.0,0.0,0.0,104.0,108.94341038661616,2,26126.351295196197,File_10
2017-07-04 02:18:00,1,0,1,9897.336107,100.6508757,10187.33333,311131384.4662089,0.0,BENIGN,0.0,0.0,0.0,51.0,45.254833995939045,1,0.0,File_10
2017-07-04 02:20:00,1,0,1,3384.817614,65.72461387,3.0,0.0,0.0,BENIGN,0.0,0.0,0.0,48.0,31.11269837220809,1,0.0,File_10
2017-07-04 02:23:00,4,0,1,895012.69728325,8893.043161759999,2658.1666675,84575025.6062823,0.0,BENIGN,0.0,0.0,0.0,72.81818181818181,74.02812733254595,7,27772.290420669306,File_10
2017-07-04 02:25:00,1,0,1,927419.3548,16129.03226,49.0,0.0,0.0,BENIGN,2048.0,0.0,0.0,140.0,158.39191898578665,1,0.0,File_10
2017-07-04 02:27:00,3,0,1,673680.3386659999,5042.647543953333,7267.222223333333,474854944.87390167,0.0,BENIGN,0.0,0.0,0.0,74.5,62.07746057234551,7,23796.587764002565,File_10
2017-07-04 02:32:00,1,0,1,13805.72189,166.3339987,48.0,0.0,0.0,BENIGN,0.0,0.0,0.0,36.0,11.313708498984761,1,0.0,File_10
2017-07-04 02:33:00,1,0,1,2046153.846,15384.61538,3.0,0.0,0.0,BENIGN,0.0,0.0,0.0,39.0,11.313708498984761,1,0.0,File_10
2017-07-04 02:37:00,1,0,1,1347639.485,17167.38197,48.0,0.0,0.0,BENIGN,0.0,0.0,0.0,53.666666666666664,51.3841739578767,2,31907.0,File_10
2017-07-04 02:39:00,1,0,1,5149.704552,66.02185323,48.0,0.0,0.0,BENIGN,0.0,0.0,0.0,84.0,90.50966799187809,1,0.0,File_10
2017-07-04 02:43:00,1,0,1,2594.255926,48.94822501,4.0,0.0,0.0,BENIGN,0.0,0.0,0.0,45.0,28.284271247461902,1,0.0,File_10
2017-07-04 02:44:00,1,0,1,1213592.233,9708.737864,1.0,0.0,0.0,BENIGN,2048.0,0.0,0.0,43.0,36.76955262170047,1,0.0,File_10
2017-07-04 02:45:00,2,0,1,1226918.540444,9537.4015124,2.5,0.0,0.0,BENIGN,0.0,0.0,0.0,49.2,60.05997002996255,3,25577.644930436814,File_10
2017-07-04 02:49:00,2,0,1,8309.1740555,107.48149458500001,26.0,0.0,0.0,BENIGN,0.0,0.0,0.0,76.5,100.16486409914407,2,29804.811762905367,File_10
2017-07-04 02:57:00,1,0,1,1480.592886,21.61449468,1.0,0.0,0.0,BENIGN,2048.0,0.0,0.0,59.0,39.59797974644666,1,0.0,File_10
2017-07-04 02:59:00,2,0,1,1635659.3235,20607.146625,3.5,0.0,0.0,BENIGN,0.0,0.0,0.0,68.6,53.76151039544927,3,22088.27028509702,File_10
2017-07-04 03:05:00,1,0,1,9238.067496,83.2258333,3.0,0.0,0.0,BENIGN,0.0,0.0,0.0,28.0,11.313708498984761,1,0.0,File_10
2017-07-04 03:06:00,2,0,1,13.34088833,0.5021881715000001,5120679.2045,18984198930525.594,0.0,BENIGN,20.56153846153846,3843.9615384615386,0.0,84.92307692307692,354.8476769631638,15,25290.491696287758,File_10
2017-07-04 03:22:00,2,0,1,3231.2882155,31.63342637,60523.5,11266476013.571447,0.0,BENIGN,0.0,0.0,0.0,79.8,80.64862057096823,3,22944.10443883134,File_10
2017-07-04 03:26:00,1,0,1,2524444.444,17777.77778,3.0,0.0,0.0,BENIGN,0.0,0.0,0.0,40.0,11.313708498984761,1,0.0,File_10
2017-07-04 03:35:00,5,0,1,574338.7535594,9315.45670068,5037.733334,373971715.46736205,0.0,BENIGN,0.0,0.0,0.0,56.09090909090909,38.38347182174782,6,27799.897181284683,File_10
2017-07-04 03:41:00,1,0,1,2534.178059,66.6888963,4.0,0.0,0.0,BENIGN,0.0,0.0,0.0,51.0,39.59797974644666,1,0.0,File_10
2017-07-04 03:57:00,2,0,1,10446.308381499999,148.33231554999998,25.0,0.0,0.0,BENIGN,0.0,0.0,0.0,61.285714285714285,48.68851433933293,5,20155.62523148866,File_10
2017-07-04 04:02:00,1,0,1,4959.206527,95.98464246,10146.33333,307263924.3821288,0.0,BENIGN,0.0,0.0,0.0,49.666666666666664,32.331615074619044,2,27412.0,File_10
2017-07-04 04:07:00,1,0,1,4510.808591,69.39705525,21287.66667,1356367322.0399783,0.0,BENIGN,0.0,0.0,0.0,50.0,34.64101615137755,2,30208.5,File_10
2017-07-04 04:08:00,1,0,1,13361.1691,167.0146138,3.0,0.0,0.0,BENIGN,0.0,0.0,0.0,109.66666666666667,129.32646029847618,2,32217.5,File_10
2017-07-04 04:19:00,1,0,1,5579.166735,65.63725571,3.0,0.0,0.0,BENIGN,0.0,0.0,0.0,75.5,70.0035713374682,1,0.0,File_10
2017-07-04 04:26:00,1,0,1,723618.0905,20100.50251,49.0,0.0,0.0,BENIGN,0.0,0.0,0.0,50.0,33.94112549695428,1,0.0,File_10
2017-07-04 08:56:00,1,0,1,2051.296462,42.14992729,18420.66667,1017631336.1078367,0.0,BENIGN,0.0,0.0,0.0,37.666666666666664,28.86751345948129,2,30322.5,File_10
2017-07-04 08:57:00,8,0,3,14396982.006757904,232197.22615828973,4725001.1875,182101250000003.06,0.0,BENIGN,156.3400809716599,0.0,0.0,39.64102564102564,7.0467879188329094,31,4689.163540160569,File_10
2017-07-04 08:58:00,1,0,1,41300000.0,666666.6667,3.0,0.0,0.0,BENIGN,0.0,0.0,0.0,50.0,0.0,2,0.0,File_10
2017-07-04 09:01:00,2,0,1,988474.7997005,8843.40100928,26.0,0.0,0.0,BENIGN,0.0,0.0,0.0,40.5,13.178264933847197,2,27659.733504781918,File_10
2017-07-04 09:02:00,2,0,1,2682069.15,17082.104885,3.5,0.0,0.0,BENIGN,0.0,0.0,0.0,59.75,49.32460508373753,2,23910.650685881017,File_10
2017-07-04 09:06:00,2,0,1,8815.2854485,111.760018715,3.5,0.0,0.0,BENIGN,1024.0,0.0,0.0,54.0,42.473521163190604,2,28964.785251519934,File_10
2017-07-04 09:07:00,1,0,1,41300000.0,666666.6667,3.0,0.0,0.0,BENIGN,0.0,0.0,0.0,50.0,0.0,2,0.0,File_10
2017-07-04 09:09:00,1,0,1,2114285.714,19047.61905,3.0,0.0,0.0,BENIGN,0.0,0.0,0.0,58.0,48.08326112068523,1,0.0,File_10
2017-07-04 09:10:00,1,0,1,1989847.716,20304.56853,3.0,0.0,0.0,BENIGN,0.0,0.0,0.0,31.0,19.79898987322333,1,0.0,File_10
2017-07-04 09:11:00,1,0,1,844.5079129,17.59391485,30462.66667,2783282502.835115,0.0,BENIGN,0.0,0.0,0.0,39.5,24.748737341529164,1,0.0,File_10
2017-07-04 09:12:00,4,0,1,713206.0759912501,9090.988650347499,18563.6666675,2103363190.4055257,0.0,BENIGN,0.0,0.0,0.0,33.7,21.494443726486878,6,28814.178409805456,File_10
2017-07-04 09:13:00,1,0,1,185.843773,5.631629484,31139.33333,2908226944.909871,0.0,BENIGN,0.0,0.0,0.0,31.0,11.313708498984761,1,0.0,File_10
2017-07-04 09:14:00,1,0,1,1204545.455,22727.27273,3.0,0.0,0.0,BENIGN,0.0,0.0,0.0,69.0,72.12489168102785,1,0.0,File_10
2017-07-04 09:15:00,4,0,2,1242857.782063951,9483.768565123,3050002.5,99002500000000.0,0.0,BENIGN,1271.0329670329668,0.0,0.0,42.142857142857146,20.65786176609895,10,29284.72705804009,File_10
2017-07-04 09:16:00,3,0,1,4606.648540666667,62.317441663333334,2.3333333333333335,0.0,0.0,BENIGN,0.0,0.0,0.0,87.33333333333333,99.4659070569744,3,24170.419685226818,File_10
2017-07-04 09:17:00,2,0,1,4321.97128,57.524150675,15430.0,1427861413.7178936,0.0,BENIGN,0.0,0.0,0.0,102.5,98.40562314556351,2,21645.744898760637,File_10
2017-07-04 09:18:00,1,0,1,312582.7815,5298.013245,3.0,0.0,0.0,BENIGN,0.0,0.0,0.0,68.0,67.88225099390856,1,0.0,File_10
2017-07-04 09:20:00,32,0,1,618741.2545221028,9361.98067574353,83057.8125,618457466437.8341,0.0,BENIGN,0.0,0.0,0.0,57.637362637362635,47.17897754144236,59,27890.33452622416,File_10
2017-07-04 09:22:00,1,0,1,1461928.934,20304.56853,3.0,0.0,0.0,BENIGN,0.0,0.0,0.0,52.0,36.76955262170047,1,0.0,File_10
2017-07-04 09:24:00,2,0,1,6002.1095645000005,76.853166335,2.5,0.0,0.0,BENIGN,0.0,0.0,0.0,36.75,32.59601202601324,6,27252.089023090484,File_10
2017-07-04 09:25:00,11,0,1,471667.18270240724,6474.162938521273,1152618.7818181817,68788414796399.2,0.0,BENIGN,0.0,0.0,0.0,59.42857142857143,46.5040249723004,17,29013.15024612787,File_10
2017-07-04 09:26:00,2,0,1,3957.7899764999997,58.033284484999996,10352.666665,642693600.8051504,0.0,BENIGN,0.0,0.0,0.0,38.0,23.173260452512935,5,22663.32412854645,File_10
2017-07-04 09:27:00,3,0,1,306541.401417,6936.445014666668,56.666666666666664,0.0,0.0,BENIGN,0.0,0.0,0.0,118.5,93.10056007196889,5,26230.11474139865,File_10
2017-07-04 09:28:00,1,0,1,11672.33489,167.9472646,4.0,0.0,0.0,BENIGN,0.0,0.0,0.0,42.0,19.79898987322333,1,0.0,File_10
2017-07-04 09:29:00,6,0,1,789348.490256175,13843.213480072665,132527.96296666667,320246402287.1601,0.0,BENIGN,0.0,0.0,0.0,49.416666666666664,32.04955916115294,6,25489.020684817893,File_10
2017-07-04 09:30:00,1,0,1,873096.4467,20304.56853,48.0,0.0,0.0,BENIGN,0.0,0.0,0.0,74.66666666666667,73.90083445627211,2,28558.0,File_10
2017-07-04 09:31:00,1,0,1,1127659.574,21276.59574,3.0,0.0,0.0,BENIGN,0.0,0.0,0.0,63.5,57.27564927611035,1,0.0,File_10
2017-07-04 09:32:00,1,0,1,1120.064377,32.62323427,30735.33333,2833336740.8208604,0.0,BENIGN,0.0,0.0,0.0,34.0,19.79898987322333,1,0.0,File_10
2017-07-04 09:33:00,2,0,1,560688.237817,13017.37351631,3.5,0.0,0.0,BENIGN,0.0,0.0,0.0,63.5,38.75134406271177,2,26814.1313779797,File_10
2017-07-04 09:34:00,11,0,1,624188.62247059,11752.025074327183,2242895.290909091,102233268398845.73,0.0,BENIGN,0.0,0.0,0.0,70.89285714285714,71.9924580853024,17,27470.26604747018,File_10
2017-07-04 09:35:00,3,0,1,581504.360129,5842.4489811466665,6868.666666666667,424195215.93605924,0.0,BENIGN,0.0,0.0,0.0,74.0,49.23967358284836,9,25814.150054918548,File_10
2017-07-04 09:36:00,2,0,1,641712.354332,11870.0121402,18641.5,2084418010.7212877,0.0,BENIGN,0.0,0.0,0.0,53.75,40.9257457679963,2,1467.4822732224818,File_10
2017-07-04 09:37:00,15,0,1,473937.0935617427,8917.287139664666,500323.4666446667,11094255214129.174,0.0,BENIGN,0.0,0.0,0.0,39.432432432432435,19.43156158381476,22,27905.972715045064,File_10
2017-07-04 09:38:00,2,0,1,4870.645913,74.68481840999999,3.0,0.0,0.0,BENIGN,0.0,0.0,0.0,93.0,68.59543230662908,2,28918.761088416093,File_10
2017-07-04 09:39:00,9,0,2,531458.2140233679,9967.31578215822,1258345.7892222223,5490064443332.785,0.0,BENIGN,1001.2444444444442,2878.0,0.0,51.52777777777778,108.99187023708593,21,25577.15284747028,File_10
2017-07-04 09:40:00,2,0,1,1125907.1685000001,20518.978755,3.5,0.0,0.0,BENIGN,0.0,0.0,0.0,114.33333333333333,112.68836083050755,4,22385.339716877206,File_10
2017-07-04 09:42:00,5,0,1,739138.8456188,12224.54056238,21.2,0.0,0.0,BENIGN,0.0,0.0,0.0,73.61538461538461,69.89937822987467,8,28713.83917788308,File_10
2017-07-04 09:44:00,1,0,1,27036.6269,146.2568688,12045.0,262159202.14217398,0.0,BENIGN,1480.2777777777778,2393.4,0.0,129.4,290.52871344039875,3,23921.8938120617,File_10
2017-07-04 09:46:00,1,0,1,15614.19553,178.447949,14881.33333,664094408.5766567,0.0,BENIGN,0.0,0.0,0.0,60.0,42.42640687119285,1,0.0,File_10
2017-07-04 09:47:00,4,0,1,617161.56985075,9360.600550545001,7772.75,388648957.3248107,0.0,BENIGN,0.0,0.0,0.0,60.833333333333336,48.71780210994993,8,27846.743276502515,File_10
2017-07-04 09:48:00,2,0,1,1905735.955,18299.749905,3.0,0.0,0.0,BENIGN,0.0,0.0,0.0,39.25,16.45954636879968,2,27226.84611840959,File_10
2017-07-04 09:49:00,3,0,1,759298.7900459999,6503.25375608,18.0,0.0,0.0,BENIGN,0.0,0.0,0.0,69.14285714285714,77.03771494410724,4,22368.475141119674,File_10
2017-07-04 09:52:00,2,0,1,664501.2030249999,12518.4248054,4023.1666665,96958380.21268202,0.0,BENIGN,0.0,0.0,0.0,37.166666666666664,20.222924285737378,4,31171.361891325825,File_10
2017-07-04 09:54:00,1,0,1,34801.78911,490.1660437,5356.333333,85990594.33205348,0.0,BENIGN,0.0,0.0,0.0,59.0,39.59797974644666,1,0.0,File_10
2017-07-04 09:55:00,4,0,1,4297.379079925,66.0539826625,9578.583335,375975411.9510098,0.0,BENIGN,409.6,0.0,0.0,63.3,68.83321226785156,6,22118.657333170613,File_10
2017-07-04 09:56:00,1,0,1,2024489.796,16326.53061,48.0,0.0,0.0,BENIGN,0.0,0.0,0.0,39.0,11.313708498984761,1,0.0,File_10
2017-07-04 09:58:00,3,0,1,2897.7534199999996,44.26223847,3815.0,130747790.39330561,0.0,BENIGN,585.1428571428573,0.0,0.0,37.714285714285715,20.11396103634062,4,21633.458905644795,File_10
2017-07-04 10:00:00,1,0,1,7255.637548,123.67564,11063.66667,367015041.2471178,0.0,BENIGN,0.0,0.0,0.0,103.66666666666667,118.93415545306289,2,25288.0,File_10
2017-07-04 10:04:00,8,0,1,1049532.88383375,15102.855232,2592.625,158857021.4876776,0.0,BENIGN,0.0,0.0,0.0,60.72222222222222,47.443843653877735,10,27796.525064491416,File_10
2017-07-04 10:07:00,4,0,1,26.760934565,0.5116875865,4375713.006,22096555750998.36,0.0,BENIGN,1135.023157894737,1635.1052631578948,0.0,69.26315789473684,252.52376091085253,49,25663.201182275676,File_10
2017-07-04 10:10:00,5,0,1,901932.964274,14983.5293821,21.2,0.0,0.0,BENIGN,0.0,0.0,0.0,75.38461538461539,75.54638581862412,8,22886.025220402273,File_10
2017-07-04 10:11:00,2,0,1,4810.21980195,67.08890195,15877.0,851873375.4420172,0.0,BENIGN,0.0,0.0,0.0,39.5,14.617341299520465,2,25041.94360578978,File_10
2017-07-04 10:13:00,2,0,1,1217470.9275,22220.187405,2.0,0.0,0.0,BENIGN,0.0,0.0,0.0,111.5,125.22379965485794,2,22134.255869328175,File_10
2017-07-04 10:14:00,4,0,1,890347.5556387501,15711.590940275,5061.5,307030716.7580411,0.0,BENIGN,0.0,0.0,0.0,52.875,34.856593965233365,4,23681.053841863217,File_10
2017-07-04 10:16:00,1,0,1,8578.276776,189.2266936,9910.666667,294426133.32249993,0.0,BENIGN,0.0,0.0,0.0,52.333333333333336,52.53887449625594,2,0.0,File_10
2017-07-04 10:17:00,6,0,1,1335860.2058833335,20697.192736666668,18.166666666666668,0.0,0.0,BENIGN,0.0,0.0,0.0,64.35714285714286,52.00977296159332,8,25364.240963079028,File_10
2017-07-04 10:20:00,1,0,1,1123809.524,19047.61905,4.0,0.0,0.0,BENIGN,0.0,0.0,0.0,64.5,45.96194077712559,1,0.0,File_10
2017-07-04 10:23:00,1,0,1,3075.835248,23.56961876,4.0,0.0,0.0,BENIGN,2048.0,0.0,0.0,102.0,87.68124086713189,1,0.0,File_10
2017-07-04 10:24:00,1,0,1,5272.058092,99.47279419,10306.33333,317087108.24607325,0.0,BENIGN,0.0,0.0,0.0,51.0,39.59797974644666,1,0.0,File_10
2017-07-04 10:25:00,1,0,1,5288.619219,81.99409643,4.0,0.0,0.0,BENIGN,0.0,0.0,0.0,36.0,11.313708498984761,1,0.0,File_10
2017-07-04 10:27:00,4,2,3,268711.111846,5728.252283675,4309.45,121913568.87287922,0.0,BENIGN,1270.5,522.75,0.0,32.04761904761905,31.69933152367127,7,26677.989299186323,File_10
2017-07-04 10:31:00,3,0,1,938282.941372,14082.1050131,3414.6666666666665,104274900.96492742,0.0,BENIGN,0.0,0.0,0.0,59.714285714285715,46.03156267068023,4,24720.502258022363,File_10
2017-07-04 10:33:00,2,0,1,8884.942543,121.43041213999999,48.0,0.0,0.0,BENIGN,0.0,0.0,0.0,113.75,110.65675156386376,2,28447.607503385352,File_10
2017-07-04 10:36:00,4,0,1,10608.68142075,147.338082845,7047.66666825,201299653.00475946,0.0,BENIGN,0.0,0.0,0.0,76.27272727272727,87.80898690805049,7,27479.99049126473,File_10
2017-07-04 10:37:00,1,0,1,11141.22895,128.0601029,10327.66667,319796225.4091756,0.0,BENIGN,0.0,0.0,0.0,68.0,59.39696961966999,1,0.0,File_10
2017-07-04 10:40:00,1,0,1,1102803.738,18691.58879,48.0,0.0,0.0,BENIGN,2048.0,0.0,0.0,52.0,43.840620433565945,1,0.0,File_10
2017-07-04 10:41:00,1,0,1,87324.42038,1215.403314,1354.145833,49759442.596601225,0.0,BENIGN,0.0,65535.0,0.0,47.84615384615385,65.78248539402708,12,0.0,File_10
2017-07-04 10:45:00,1,0,1,1430051.813,20725.3886,3.0,0.0,0.0,BENIGN,2048.0,0.0,0.0,59.5,37.476659402887016,1,0.0,File_10
2017-07-04 10:46:00,1,0,1,1324675.325,25974.02597,3.0,0.0,0.0,BENIGN,0.0,0.0,0.0,33.0,22.627416997969522,1,0.0,File_10
2017-07-04 10:47:00,11,0,2,291444.2043899091,6358.910301904546,5537.909090909091,155758147.13953316,0.0,BENIGN,408.07657657657654,2984.25,0.0,39.945945945945944,42.197910655193155,22,26652.459675060196,File_10
2017-07-04 10:49:00,1,0,1,9493.869852,125.7466206,49.0,0.0,0.0,BENIGN,0.0,0.0,0.0,38.0,11.313708498984761,1,0.0,File_10
2017-07-04 10:52:00,1,0,1,1093.227301,18.74103944,10147.66667,308742785.244878,0.0,BENIGN,0.0,0.0,0.0,59.857142857142854,44.71550279798038,6,31562.0,File_10
2017-07-04 10:53:00,1,0,1,5446.050067,123.7738651,4.0,0.0,0.0,BENIGN,0.0,0.0,0.0,89.5,94.04520189781083,1,0.0,File_10
2017-07-04 10:54:00,1,0,1,2011173.184,22346.36872,3.0,0.0,0.0,BENIGN,0.0,0.0,0.0,54.5,43.1335136523794,1,0.0,File_10
2017-07-04 10:57:00,1,0,1,7767.493042,129.4582174,4.0,0.0,0.0,BENIGN,0.0,0.0,0.0,72.0,60.81118318204309,1,0.0,File_10
2017-07-04 11:00:00,1,0,1,1432835.821,19900.49751,3.0,0.0,0.0,BENIGN,2048.0,0.0,0.0,59.0,39.59797974644666,1,0.0,File_10
2017-07-04 11:01:00,3,0,1,765550.2417266667,6799.784526433333,3.3333333333333335,0.0,0.0,BENIGN,0.0,0.0,0.0,41.0,23.916521486202797,3,25944.65867649833,File_10
2017-07-04 11:02:00,1,0,1,10694.2287,179.2328833,11032.33333,364574734.34688956,0.0,BENIGN,0.0,0.0,0.0,110.0,57.982756057296896,1,0.0,File_10
2017-07-04 11:03:00,3,0,1,601462.5168723334,6040.453454046667,3404.11111,104067201.79804666,0.0,BENIGN,0.0,0.0,0.0,52.857142857142854,37.56518144695772,4,26530.862904779824,File_10
2017-07-04 11:04:00,1,0,1,1675977.654,22346.36872,3.0,0.0,0.0,BENIGN,0.0,0.0,0.0,33.0,11.313708498984761,1,0.0,File_10
2017-07-04 11:05:00,1,0,1,813688.2129,15209.12548,48.0,0.0,0.0,BENIGN,0.0,0.0,0.0,49.666666666666664,32.331615074619044,2,29090.5,File_10
2017-07-04 11:09:00,3,0,2,350020.22937705665,6723.371862431333,1981941.1053333331,8076633106792.359,0.0,BENIGN,0.0,616.3181818181819,0.0,73.11111111111111,155.32752822871106,17,19753.65887252463,File_10
2017-07-04 11:15:00,2,0,1,375828.661734,7366.52579359,10143.833335,616593162.5546513,0.0,BENIGN,0.0,0.0,0.0,70.0,71.59143337951359,2,26071.125411501172,File_10
2017-07-04 11:21:00,2,0,1,6226.3423895000005,84.264131025,25.5,0.0,0.0,BENIGN,0.0,0.0,0.0,48.0,30.83288287959247,2,22096.867445158125,File_10
2017-07-04 11:27:00,3,0,1,1120655.8030363,11528.797384366668,179458.7333333333,472280987354.62946,0.0,BENIGN,0.0,0.0,0.0,51.0,37.656340767525464,4,28109.461791756567,File_10
2017-07-04 11:29:00,1,0,1,1638418.079,22598.87006,4.0,0.0,0.0,BENIGN,2048.0,0.0,0.0,11.0,0.0,1,0.0,File_10
2017-07-04 11:30:00,5,0,1,598547.5139126,11920.363056108,2069.533334,63779823.297410205,0.0,BENIGN,0.0,0.0,0.0,52.9,35.164533900571534,5,28664.347338130472,File_10
2017-07-04 11:32:00,1,0,1,6367.041199,83.22929671,4.0,0.0,0.0,BENIGN,0.0,0.0,0.0,41.0,11.313708498984761,1,0.0,File_10
2017-07-04 11:38:00,1,0,1,1026666.667,13333.33333,1.0,0.0,0.0,BENIGN,2048.0,0.0,0.0,84.0,77.78174593052023,1,0.0,File_10
2017-07-04 11:44:00,5,0,1,382710.9517058,6289.07870903,12.6,0.0,0.0,BENIGN,0.0,0.0,0.0,56.92307692307692,45.82659624145048,8,27181.561193384794,File_10
2017-07-04 11:48:00,4,0,1,764292.3108300001,11422.047736600001,3.75,0.0,0.0,BENIGN,0.0,0.0,0.0,63.75,58.75855837082954,8,25441.270940951617,File_10
2017-07-04 11:49:00,2,0,1,584792.15544,11416.633344150001,3.5,0.0,0.0,BENIGN,0.0,0.0,0.0,97.0,110.77304124500088,2,209.30360723121808,File_10
2017-07-04 11:53:00,1,0,1,3913.956094,63.1283241,4.0,0.0,0.0,BENIGN,0.0,0.0,0.0,34.0,11.313708498984761,1,0.0,File_10
2017-07-04 11:54:00,1,0,1,16769.35372,103.1167023,25811.0,15722466.997338885,0.0,BENIGN,22.5,4474.6,0.0,130.0,291.39511168019123,3,21491.09778374798,File_10
2017-07-04 11:58:00,3,0,1,559160.954412,7868.23868481,33.0,0.0,0.0,BENIGN,1092.2666666666667,0.0,0.0,36.0,12.09958676980334,3,15000.157967168214,File_10
2017-07-04 11:59:00,1,0,1,1380000.0,20000.0,47.0,0.0,0.0,BENIGN,1365.3333333333333,0.0,0.0,41.75,30.015273889582726,3,0.0,File_10
2017-07-04 12:02:00,6,0,1,653234.0046458333,11295.04248833,4632.666666666667,380438616.1327605,0.0,BENIGN,0.0,0.0,0.0,54.357142857142854,34.57568541588181,8,23041.297864702432,File_10
2017-07-04 12:04:00,4,0,1,547622.8931255001,4703.6441980325,10029.75,619009503.3355088,0.0,BENIGN,0.0,0.0,0.0,53.875,34.782744079705466,4,25099.812739361634,File_10
2017-07-04 12:29:00,3,0,1,1137059.31772,15437.382701366667,3.6666666666666665,0.0,0.0,BENIGN,0.0,0.0,0.0,66.25,45.27613688720109,5,22081.852503809547,File_10
2017-07-04 12:33:00,1,0,1,2029850.746,19900.49751,4.0,0.0,0.0,BENIGN,0.0,0.0,0.0,39.0,11.313708498984761,1,0.0,File_10
2017-07-04 12:42:00,3,0,1,438443.15900766663,8388.331845193334,5969.333333333333,320338403.9200656,0.0,BENIGN,0.0,0.0,0.0,76.0,59.46763825813162,3,26327.712793936356,File_10
2017-07-04 12:56:00,2,0,1,699802.024615,13690.6863997,2.5,0.0,0.0,BENIGN,0.0,0.0,0.0,50.0,31.411250638372657,2,22369.785222234226,File_10
2017-07-05 02:24:00,1,0,1,2.399074917,0.799691639,2500964.0,12499610005843.477,1.0,DoS slowloris,0.0,29200.0,0.0,0.0,0.0,6,0.0,File_10
2017-07-05 08:42:00,1,0,1,3.309118913,0.068939977,58000000.0,0.0,0.0,BENIGN,18.285714285714285,0.0,0.0,36.0,0.0,7,0.0,File_10
2017-07-05 08:43:00,11,0,3,364603.02809049236,6044.896852033728,43092371.51515181,251735365.10748646,0.0,BENIGN,254.7140376984127,282.0,0.0,36.484375,22.96718997779638,50,13146.828410503731,File_10
2017-07-05 08:44:00,1,0,1,963855.4217,24096.38554,3.0,0.0,0.0,BENIGN,2048.0,0.0,0.0,35.5,19.091883092036785,1,0.0,File_10
2017-07-05 08:47:00,1,0,1,6181.645269,79.25186242,1.0,0.0,0.0,BENIGN,2048.0,0.0,0.0,87.0,90.50966799187809,1,0.0,File_10
2017-07-05 08:48:00,1,0,1,20337.16128,141.4267127,14141.6,1920033306.8978593,0.0,BENIGN,0.0,282.0,0.0,2.0,2.1908902300206643,2,21892.069627150377,File_10
2017-07-05 08:50:00,2,0,1,1300205.5765,22677.63073,25.5,0.0,0.0,BENIGN,1024.0,0.0,0.0,57.25,46.88549882426335,2,15216.300740397524,File_10
2017-07-05 08:52:00,2,0,1,9.298662081,0.19372212649999998,11800000.0,479970000000000.0,0.0,BENIGN,30.219780219780226,0.0,0.0,36.0,0.0,12,0.0,File_10
2017-07-05 08:53:00,2,2,2,970631.904231,10327.556544115001,41034.0,0.0,0.0,BENIGN,80.0,2533.0,0.0,61.2,59.889064110236355,1,1834.1901482670764,File_10
2017-07-05 08:54:00,1,0,1,594795.539,14869.88848,1.0,0.0,0.0,BENIGN,2048.0,0.0,0.0,57.0,35.35533905932738,1,0.0,File_10
2017-07-05 08:55:00,1,0,1,331.0372647,4.384599533,608146.6667,1109514333611.2285,0.0,BENIGN,0.0,0.0,0.0,45.0,19.79898987322333,1,0.0,File_10
2017-07-05 08:56:00,9,0,1,9.582335909000001,0.19963199799999998,11477777.777777778,458251111111111.1,0.0,BENIGN,34.31515151515152,0.0,0.0,36.0,0.0,57,0.0,File_10
2017-07-05 08:58:00,1,0,1,613333.3333,26666.66667,1.0,0.0,0.0,BENIGN,2048.0,0.0,0.0,51.0,35.35533905932738,1,0.0,File_10
2017-07-05 09:03:00,9,0,1,6114.949545444444,70.66828115444444,16.88888888888889,0.0,0.0,BENIGN,1084.235294117647,0.0,0.0,72.55555555555556,64.66767737233205,9,20826.582267575657,File_10
2017-07-05 09:04:00,1,0,1,12993.34091,162.4167614,1.0,0.0,0.0,BENIGN,2048.0,0.0,0.0,58.0,36.76955262170047,1,0.0,File_10
2017-07-05 09:06:00,1,0,1,806.6438118,24.44375187,3.0,0.0,0.0,BENIGN,2048.0,0.0,0.0,42.0,11.313708498984761,1,0.0,File_10
2017-07-05 09:07:00,2,0,1,1666675.494,21026.428685,2.0,0.0,0.0,BENIGN,1365.3333333333333,0.0,0.0,82.75,65.38284688407707,2,28116.941338314562,File_10
2017-07-05 09:09:00,6,0,1,532107.9509111666,7176.560534200001,38580.61111666667,26783664114.69782,0.0,BENIGN,1117.090909090909,0.0,0.0,59.666666666666664,49.18671907469874,6,20815.11897119793,File_10
2017-07-05 09:12:00,3,0,1,840492.688387,7587.052749976668,6940.444443333334,431219834.15148884,0.0,BENIGN,512.0,0.0,0.0,84.75,84.98361186554902,5,25937.954362088694,File_10
2017-07-05 09:13:00,1,0,1,1472222.222,27777.77778,3.0,0.0,0.0,BENIGN,0.0,0.0,0.0,34.333333333333336,26.558112382722786,2,32583.0,File_10
2017-07-05 09:16:00,2,0,1,1537.3788393,36.1125710515,24.5,0.0,0.0,BENIGN,1365.3333333333333,0.0,0.0,78.5,66.72081134598609,2,22163.8124127296,File_10
2017-07-05 09:17:00,1,0,1,1136363.636,22727.27273,3.0,0.0,0.0,BENIGN,0.0,0.0,0.0,26.333333333333332,9.237604307034012,2,26708.5,File_10
2017-07-05 09:18:00,2,0,1,5255.7875535,64.29297617,0.5,0.0,0.0,BENIGN,1365.3333333333333,0.0,0.0,96.75,102.13185921477522,2,24827.461896501267,File_10
2017-07-05 09:21:00,2,0,1,444701.70057,10216.233105950001,3.0,0.0,0.0,BENIGN,1024.0,0.0,0.0,75.5,73.57762341001961,2,27380.9488554035,File_10
2017-07-05 09:22:00,2,0,1,615976.789213,11829.01249395,3.0,0.0,0.0,BENIGN,1024.0,0.0,0.0,48.0,48.62783839187864,2,24562.097268397545,File_10
2017-07-05 09:23:00,16,0,1,1374124.10925175,17085.93961725625,22.8125,0.0,0.0,BENIGN,0.0,0.0,0.0,53.67391304347826,39.73023161709262,30,26717.598747632732,File_10
2017-07-05 09:24:00,1,0,1,1367346.939,20408.16327,48.0,0.0,0.0,BENIGN,0.0,0.0,0.0,67.5,64.34671708797582,1,0.0,File_10
2017-07-05 09:28:00,5,0,1,681813.6739234,15365.24077126,20.8,0.0,0.0,BENIGN,273.0666666666667,0.0,0.0,43.4,42.484955320341676,10,27628.292522598746,File_10
2017-07-05 09:30:00,2,0,1,769970.583831,9869.139657695,24.5,0.0,0.0,BENIGN,1365.3333333333333,0.0,0.0,40.0,24.399453545793467,2,20007.793170551206,File_10
2017-07-05 09:31:00,1,0,1,2253807.107,20304.56853,3.0,0.0,0.0,BENIGN,0.0,0.0,0.0,52.0,58.88972745734183,2,25448.5,File_10
2017-07-05 09:33:00,2,0,1,611099.173031,12967.77524985,26.0,0.0,0.0,BENIGN,819.2000000000003,0.0,0.0,49.4,47.97186675542238,3,26562.880974914977,File_10
2017-07-05 09:34:00,1,0,1,1751351.351,21621.62162,3.0,0.0,0.0,BENIGN,0.0,0.0,0.0,30.0,9.237604307034012,3,0.0,File_10
2017-07-05 09:35:00,3,0,1,1002973.1127196667,18593.813230133335,2.3333333333333335,0.0,0.0,BENIGN,0.0,0.0,0.0,49.5,46.50053763130057,3,27634.44494828872,File_10
2017-07-05 09:38:00,1,0,1,318734.7932,4866.180049,4.0,0.0,0.0,BENIGN,0.0,0.0,0.0,51.0,19.79898987322333,1,0.0,File_10
2017-07-05 09:40:00,1,0,1,9740.678622,129.0156109,49.0,0.0,0.0,BENIGN,0.0,0.0,0.0,45.0,31.11269837220809,1,0.0,File_10
2017-07-05 09:41:00,4,0,1,10777.25324625,142.7774561,2520.5,76106551.77434574,0.0,BENIGN,1024.0,0.0,0.0,61.77777777777778,44.62840400960407,5,26576.47927209321,File_10
2017-07-05 09:43:00,1,0,1,4182.841754,57.29920211,4.0,0.0,0.0,BENIGN,2048.0,0.0,0.0,102.0,87.68124086713189,1,0.0,File_10
2017-07-05 09:44:00,1,0,1,9458.480678,85.21153764,3.0,0.0,0.0,BENIGN,2048.0,0.0,0.0,120.0,144.2497833620557,1,0.0,File_10
2017-07-05 09:45:00,3,0,1,367358.67596633337,8166.56799719,18.333333333333332,0.0,0.0,BENIGN,1228.8,0.0,0.0,51.833333333333336,26.768762890105076,3,8779.109376240849,File_10
2017-07-05 09:46:00,1,0,1,4466.963086,82.72153862,4.0,0.0,0.0,BENIGN,2048.0,0.0,0.0,30.0,11.313708498984761,1,0.0,File_10
2017-07-05 09:47:00,2,0,1,572043.214665,9133.856829100001,24.5,0.0,0.0,BENIGN,1024.0,0.0,0.0,64.0,30.331501776206203,2,27856.26350073215,File_10
2017-07-05 09:48:00,1,0,1,2352941.176,19607.84314,3.0,0.0,0.0,BENIGN,0.0,0.0,0.0,52.333333333333336,52.53887449625594,2,0.0,File_10
2017-07-05 09:49:00,1,0,1,3584.596477,61.45022532,10326.66667,319734280.4380488,0.0,BENIGN,0.0,0.0,0.0,47.4,38.181147180251145,4,32496.5,File_10
2017-07-05 09:50:00,1,0,1,981132.0755,18867.92453,1.0,0.0,0.0,BENIGN,2048.0,0.0,0.0,69.0,72.12489168102785,1,0.0,File_10
2017-07-05 09:53:00,6,0,1,787266.2476813333,11377.067434246666,10.5,0.0,0.0,BENIGN,1086.060606060606,0.0,0.0,48.166666666666664,30.915819232035222,6,24153.39247496274,File_10
2017-07-05 09:57:00,6,0,1,550033.2465041667,9350.096432598333,17.333333333333332,0.0,0.0,BENIGN,1117.090909090909,0.0,0.0,68.0,49.021331164003584,6,19306.680860980963,File_10
2017-07-05 09:58:00,2,0,1,3027.242969,37.955183485,1.0,0.0,0.0,BENIGN,1365.3333333333333,0.0,0.0,45.5,24.986663109213552,2,14813.900169172946,File_10
2017-07-05 10:00:00,1,1,1,23098.09955,71.63788075,29314.1,924702311.5678966,0.0,BENIGN,140.25,4102.5,0.0,0.0,0.0,1,24275.44720265497,File_10
2017-07-05 10:01:00,2,0,1,1054545.45475,17373.737375,3.0,0.0,0.0,BENIGN,1365.3333333333333,0.0,0.0,37.0,27.459060435491963,2,17170.08181563371,File_10
2017-07-05 10:03:00,10,0,1,875223.8674324,14152.570831829998,25.8,0.0,0.0,BENIGN,526.6285714285714,0.0,0.0,52.333333333333336,36.34189501571613,11,22216.430060824354,File_10
2017-07-05 10:05:00,1,0,1,1288888.889,17777.77778,3.0,0.0,0.0,BENIGN,2048.0,0.0,0.0,87.0,90.50966799187809,1,0.0,File_10
2017-07-05 10:07:00,3,0,1,274542.7499656667,6493.146191146666,6826.0,417119352.2881345,0.0,BENIGN,0.0,0.0,0.0,52.0,43.37049688440288,4,27073.382028705284,File_10
2017-07-05 10:13:00,7,0,1,506783.83443414286,9658.570641954286,15.571428571428571,0.0,0.0,BENIGN,632.4705882352941,0.0,0.0,59.588235294117645,42.12490181521111,10,24261.11666297277,File_10
2017-07-05 10:14:00,1,0,1,7321.253265,66.55684787,48.0,0.0,0.0,BENIGN,2048.0,0.0,0.0,57.0,48.08326112068523,1,0.0,File_10
2017-07-05 10:15:00,5,0,1,392155.19456619996,3953.3367185120005,4120.8,127180361.75202379,0.0,BENIGN,0.0,0.0,0.0,88.44444444444444,73.1752306390965,13,28162.742734790954,File_10
2017-07-05 10:16:00,6,0,1,830608.4489473333,12067.833603531668,1701.6666666666667,51933336.152430266,0.0,BENIGN,0.0,0.0,0.0,50.25,32.546377166539855,10,28117.24368615577,File_10
2017-07-05 10:17:00,10,0,2,614355.697873642,5419.1707825609,304408.74233299994,2733148277187.2256,0.0,BENIGN,3140.012023035026,65048.28076697319,0.0,1207.4989276662118,1505.8921699201098,2270,24367.240122682302,File_10
2017-07-05 10:18:00,1,0,1,1562500.0,17857.14286,4.0,0.0,0.0,BENIGN,0.0,0.0,0.0,50.0,27.712812921102035,3,27804.85284981742,File_10
2017-07-05 10:19:00,1,0,1,172.093498,0.748615524,2142319.434,26242654843987.08,0.0,BENIGN,0.0,299.0,0.0,197.7608695652174,202.05555593141213,45,0.0,File_10
2017-07-05 10:20:00,3,0,3,56929.882657433336,1412.0301584003334,993669.1718666666,11292272314769.496,0.0,BENIGN,144.84603836530445,1293.5,0.0,177.5,196.6012473478121,53,8858.628879798356,File_10
2017-07-05 10:21:00,2,0,2,214.74737511,0.6798840585,3626727.9280000003,115217136919258.05,0.0,BENIGN,1582.9300747198006,1026.5454545454545,0.0,392.1636363636364,425.97140185853834,107,26273.92769519924,File_10
2017-07-05 10:22:00,281,0,2,49.80977990830961,0.7637565558185053,29361845.896027297,3110312452644564.5,0.9893238434163701,DoS Slowhttptest,287.90829827449545,4644.447939262473,0.0,238.92965367965368,618.8622248402503,112,13089.467082954865,File_10
2017-07-05 10:23:00,64,0,3,43289.03790993827,877.1329459867343,4247529.0355968755,55457573012714.83,0.0,BENIGN,24.756061714927466,5349.731011127237,0.0,130.48249400479617,478.5562994790981,1462,9674.152420765062,File_10
2017-07-05 10:24:00,29,0,6,33074.48445429241,746.6895674432415,3458570.2600275865,71290372756843.02,0.27586206896551724,DoS Slowhttptest,366.1298701298702,1735.8762886597938,0.0,49.05050505050505,118.86498718425769,26,20754.247102513014,File_10
2017-07-05 10:25:00,550,65,81,271515.9091104743,13662.423900706912,14605709.547624368,1405508274268045.5,0.38,DoS Slowhttptest,1407.3315970264873,6162.98912679826,0.0,340.00214876033056,783.2902446529649,2781,21031.680428959564,File_10
2017-07-05 10:26:00,1442,191,211,254374.18185772383,23278.204501344557,7815927.899968543,320924793944329.5,0.5707350901525658,DoS Slowhttptest,1699.6996482307054,12265.280324203466,0.0,219.02621851040524,642.2254473506764,8857,19741.407890372015,File_10
2017-07-05 10:27:00,316,128,144,1025286.4469690877,91299.77286857623,1202122.4524596317,35792663151833.734,0.04113924050632911,DoS Slowhttptest,2032.9558254551594,2932.4301945746342,0.0,498.6069428891377,823.4364378445038,3537,20562.231536530588,File_10
2017-07-05 10:28:00,1028,253,257,737749.7161562089,56208.31606696859,1103175.18199335,10520210418066.506,0.019455252918287938,DoS Slowhttptest,2447.289418151819,7956.794444923661,0.0,200.45779380429437,529.5154432150338,6283,22239.708333351795,File_10
2017-07-05 10:29:00,1101,264,267,776043.3080467773,51206.95479562017,1171878.198605043,12269587297503.256,0.007266121707538601,DoS Slowhttptest,2715.905946784513,4330.473992363173,0.0,385.33304021104806,737.1782785752306,5193,20707.879957469573,File_10
2017-07-05 10:30:00,430,142,161,724712.972476896,87514.58850709489,870732.2451363325,10194315737763.73,0.0,BENIGN,3164.106925005123,3815.0927008518456,0.0,339.01695736434107,650.6083699469143,2724,21740.512834497495,File_10
2017-07-05 10:31:00,460,198,206,947554.7514677289,94546.70293956247,905297.5561580587,12927552233128.404,0.0,BENIGN,4562.366869774903,11410.349049964814,0.0,460.2326384094988,760.232431953774,2877,21715.3869176591,File_10
2017-07-05 10:32:00,359,123,150,1010495.705478115,128277.16410638444,624783.9143784401,6436157547266.45,0.002785515320334262,DoS Slowhttptest,3170.7579737746496,7362.783498046426,0.0,331.10236396074936,640.3292918924842,1675,23118.400671059913,File_10
2017-07-05 10:33:00,1643,143,156,283037.45673685725,22582.571399624707,8330019.111822791,352409145737934.5,0.6129032258064516,DoS Slowhttptest,2012.4078143347567,11565.872636763226,0.0,175.33371422635435,464.5835646867933,11872,17451.860578244356,File_10
2017-07-05 10:34:00,479,164,171,938955.8238131179,79764.20080037731,1108350.665454812,19169716703921.84,0.025052192066805846,DoS Slowhttptest,3256.743698504291,5245.468908243873,0.00019293845263360988,344.35790082963535,716.2285266666154,2187,20893.96068144089,File_10
2017-07-05 10:35:00,537,379,328,33076239.25489927,91849.31840247422,414386.3453803302,3544489050481.5703,0.00931098696461825,DoS Slowhttptest,1607.3613630386965,3287.2263337979975,0.00012444001991040318,727.8041314086611,983.4619637730179,3080,16995.130214821802,File_10
2017-07-05 10:36:00,616,169,171,634223.5250123015,60408.59355094925,1623393.2692008798,12923911962654.068,0.0,BENIGN,3134.3899809861246,5932.711163663052,0.0,501.7093079141301,859.4910213817305,5314,23854.896423934515,File_10
2017-07-05 10:37:00,654,207,190,1460687.0740434104,90439.55261008313,1163308.014959626,18899360833140.516,0.0,BENIGN,3043.8599215792974,3052.2102904040403,0.00012354067576749646,646.69497807153,973.4650383359811,6779,20436.623866016143,File_10
2017-07-05 10:38:00,1001,294,278,1146068.710315377,68523.84176889369,1436025.7465932171,28379309850065.19,0.0,BENIGN,2229.771398933697,5940.777656420659,0.0,505.01166462917683,868.8075939105013,8469,21366.193155062745,File_10
2017-07-05 10:39:00,286,161,151,874639.4499762593,109836.63883630179,814327.7757788346,18067661937374.85,0.0,BENIGN,5174.909105473217,5476.870341207349,0.0,369.67811934900544,680.9327162549417,1618,21764.5982230547,File_10
2017-07-05 10:40:00,375,212,176,1071692.1475959842,127898.76391687866,1225315.7802263643,55052855841284.58,0.0,BENIGN,4572.848124778,4245.739919354839,0.0,636.1924248443914,864.68678258338,2857,23917.928187945396,File_10
2017-07-05 10:41:00,715,186,171,672292.6162623583,74262.80671239305,1402201.303181348,12722666430125.93,0.0,BENIGN,2586.4815968222415,5107.750609991011,0.0,307.41661605733026,600.4306305113312,3897,19696.15766314616,File_10
2017-07-05 10:42:00,61,76,57,1027834.8731735644,133733.39340044194,17487.65847,16714867933.37057,0.0,BENIGN,1576.3563274181288,3720.5968738640495,0.0,1503.5910577971647,1049.4399820752924,369,12667.783603098771,File_10
2017-07-05 10:43:00,65,68,65,395719.23583871074,93793.85314320515,1449231.076923077,142675384615384.62,0.0,BENIGN,2490.5451792657004,2437.46587537092,0.0,1206.3689416419386,867.1609163450597,120,8623.698256324813,File_10
2017-07-05 10:44:00,66,36,66,1449122.2408428167,207524.18229809823,3139000.2642129394,260595009361314.1,0.015151515151515152,DoS Hulk,741.6254919663136,6095.484052532833,0.0,532.0694183864915,706.2739255798591,106,7552.638883545871,File_10
2017-07-05 10:45:00,13,13,13,331.7164450923077,83375.71284334954,12217669.076923076,1163992307692307.8,0.0,BENIGN,0.0,4173.0392156862745,0.0,466.5882352941176,773.1376895862882,17,869.8873021259708,File_10
2017-07-05 10:46:00,1,1,1,121.6105864,0.142294042,14100000.0,1383840000000000.0,0.0,BENIGN,0.0,14597.5,0.0,495.75,991.5,1,0.0,File_10
2017-07-05 10:47:00,11,11,11,123.79005789272728,0.148092424,14190909.090909092,1233099090909091.0,0.0,BENIGN,0.0,6780.571428571428,0.0,453.25714285714287,759.6392465334776,9,3659.6585863790815,File_10
2017-07-05 10:48:00,21,21,21,175.38513511904762,30037.602117735427,11755523.761904761,1146452380952381.0,0.0,BENIGN,0.0,4135.925925925926,0.0,513.8765432098766,840.1294451261074,25,862.0625716849098,File_10
2017-07-05 10:50:00,28,28,28,322.65781729357144,28750.21475063768,11416972.892857144,1073442857142857.1,0.0,BENIGN,0.0,5015.972222222223,0.0,458.85185185185185,786.5529292789432,34,2219.7806093638505,File_10
2017-07-05 10:51:00,10,11,10,117647.74014767,53111.6305232781,11151604.45,1104559000000000.0,0.0,BENIGN,658.0459016393444,2983.7868852459014,0.0,492.672131147541,796.2890329796813,18,17851.295909159897,File_10
2017-07-05 10:52:00,3,3,3,94.8052983,166666.77212211632,8133333.333333333,689163333333333.4,0.0,BENIGN,0.0,19306.666666666668,0.0,0.0,0.0,3,446.48404226803,File_10
2017-07-05 10:53:00,34,43,34,221.88231842985294,45224.39414839059,12856684.38235294,1199099411764706.0,0.0,BENIGN,0.0,3350.6201550387595,0.0,507.27906976744185,780.511560780254,37,987.418954224654,File_10
2017-07-05 10:54:00,7,7,7,297.14675427142856,142893.4003195767,12016543.142857144,1155847142857142.8,0.0,BENIGN,0.0,5230.652173913043,0.0,603.5217391304348,854.1294807934416,5,6851.273398560167,File_10
2017-07-05 10:55:00,8,8,8,141.4125165875,0.150810464125,14550000.0,1225653750000000.0,0.0,BENIGN,0.0,4249.604651162791,0.0,619.953488372093,1093.067613329098,13,5053.382572050243,File_10
2017-07-05 10:56:00,27,37,27,232.8507186148148,93.93730448448149,12261015.962962963,1193320370370370.2,0.0,BENIGN,0.0,5137.357723577235,0.0,407.0406504065041,751.3553261958366,45,684.0771851699841,File_10
2017-07-05 10:57:00,5,5,5,211.35928243999996,47.054002046600004,11702557.0,1008810000000000.0,0.0,BENIGN,0.0,9037.307692307691,0.0,457.61538461538464,869.6030261429195,3,1822.1218629206262,File_10
2017-07-05 10:58:00,8,9,8,521.500676175,111.45996945475001,13987500.0,1297273750000000.0,0.0,BENIGN,0.0,6921.833333333333,0.0,396.6,806.7599566080403,11,4240.791562304238,File_10
2017-07-05 10:59:00,13,13,13,980.0693781076923,133198.97476916152,2500.076923076923,0.0,0.0,BENIGN,0.0,4566.415094339623,0.0,448.9811320754717,763.4193446533834,17,790.0045277377553,File_10
2017-07-05 11:00:00,3,4,3,2972.7210026333337,158.51631254999998,63950.666666666664,0.0,0.0,BENIGN,0.0,5620.9375,0.0,371.8125,731.9195965632655,6,3.7712361663282534,File_10
2017-07-06 09:26:00,1,1,1,0.0,2710.0271,0.0,0.0,0.0,BENIGN,0.0,19306.666666666668,0.0,0.0,0.0,1,0.0,File_10
2017-07-06 09:27:00,2,2,2,0.0,3663.114251,0.0,0.0,0.0,BENIGN,0.0,16615.714285714286,0.0,283.2857142857143,749.5035499772977,2,220.61731573020282,File_10
2017-07-06 09:28:00,1,1,1,0.0,2642.007926,0.0,0.0,0.0,BENIGN,0.0,9810.0,0.0,654.6666666666666,1133.915928688425,0,0.0,File_10
2017-07-06 09:42:00,8,8,8,0.0,3360.29943825,0.0,0.0,0.0,BENIGN,0.0,235.0,0.0,755.4285714285714,904.861125887756,3,79.16287008440257,File_10
2017-07-06 09:43:00,3,3,3,0.0,2899.1647666666668,0.0,0.0,0.0,BENIGN,0.0,235.0,0.0,661.0,991.5,3,113.55175031676086,File_10
2017-07-06 09:44:00,8,8,8,0.0,3151.073973125,0.0,0.0,0.0,BENIGN,0.0,4338.571428571428,0.0,453.25714285714287,817.4292681347796,13,278.13039310894135,File_10
2017-07-06 09:45:00,9,9,9,0.0,2938.952326,0.0,0.0,0.0,BENIGN,0.0,5511.0204081632655,0.0,364.2244897959184,687.5810032675581,18,91.34625820956701,File_10
2017-07-06 09:46:00,1,1,1,0.0,4184.100418,0.0,0.0,0.0,BENIGN,0.0,19306.666666666668,0.0,0.0,0.0,1,0.0,File_10
2017-07-06 09:47:00,1,1,1,0.0,2635.046113,0.0,0.0,0.0,BENIGN,0.0,28960.0,0.0,0.0,0.0,1,0.0,File_10
2017-07-06 09:57:00,1,1,1,0.0,3710.575139,0.0,0.0,0.0,BENIGN,0.0,19306.666666666668,0.0,0.0,0.0,1,0.0,File_10
2017-07-06 09:58:00,1,1,1,0.0,2564.102564,0.0,0.0,0.0,BENIGN,0.0,19306.666666666668,0.0,0.0,0.0,1,0.0,File_10
2017-07-06 10:34:00,12,12,12,0.0,2913.8080201666667,0.0,0.0,0.0,BENIGN,0.0,235.0,0.0,767.6129032258065,840.129977143194,2,80.50297441019735,File_10
2017-07-06 10:35:00,3,3,3,0.0,49780.25163533334,4.666666666666667,0.0,0.0,BENIGN,0.0,235.0,0.0,743.625,1026.3000031319164,2,216.30137705129323,File_10
2017-07-07 02:16:00,1,1,1,0.0,2932.55132,0.0,0.0,0.0,BENIGN,0.0,235.0,0.0,991.5,1402.1927470929238,0,0.0,File_10
2017-07-07 03:56:00,3,3,3,2966.756528905,2.919196998,72667.77776666667,94819496460.75262,0.0,BENIGN,0.0,19306.666666666668,0.0,0.0,0.0,3,202.5536965843872,File_10
2017-07-07 04:05:00,1,1,1,142.8532536,0.195773196,13600000.0,1082410000000000.0,0.0,BENIGN,0.0,9810.0,0.0,654.6666666666666,1133.915928688425,0,0.0,File_10
2017-07-07 04:06:00,1,1,1,6.533492315,1.088915386,0.0,0.0,0.0,BENIGN,0.0,19306.666666666668,0.0,0.0,0.0,1,0.0,File_10
2017-07-07 04:11:00,29,35,29,436.5426672164827,12.728215844103449,10989.327586206897,13972496171.395138,0.0,BENIGN,0.0,235.0,0.0,692.855421686747,868.1172806646227,17,210.9435813839028,File_10
2017-07-07 04:12:00,40,56,40,168.70990035222502,1.5578572000000002,0.0,0.0,0.0,BENIGN,0.0,4043.839779005525,0.0,438.23204419889504,748.4797713222288,63,510.5177835139053,File_10
2017-07-07 04:13:00,28,33,28,869.9582733394287,1.8745352318214283,4467.0625,2221591379.2889624,0.0,BENIGN,0.0,9162.868852459016,0.0,292.57377049180326,687.7881294714704,46,412.5402953082965,File_10
2017-07-07 04:15:00,1,1,1,16.26054661,2.710091102,0.0,0.0,0.0,BENIGN,0.0,14597.5,0.0,495.75,991.5,1,0.0,File_10
