Timestamp,total_connections,sum_syn_ack_rst_flags,unique_dest_ports,avg_bytes_per_sec,avg_packets_per_sec,avg_iat_mean,avg_iat_variance,attack_fraction,dominant_attack_type,pkt_ttl_variance,pkt_tcp_window_avg,pkt_ip_frag_fraction,pkt_payload_mean,pkt_payload_std,pkt_retrans_count,pkt_portscan_delta_std,source_file
2017-07-03 01:02:50,1,0,1,1131034.4827586208,27586.206896551725,4.0,0.0,0.0,BENIGN,0.0,0.0,0.0,112.0,90.50966799187809,1,0.0,File_17
2017-07-03 01:03:30,1,0,1,9220.20598332516,130.78306359326467,3.0,0.0,0.0,BENIGN,0.0,0.0,0.0,29.0,11.313708498984761,1,0.0,File_17
2017-07-03 01:03:40,2,0,1,1089486.8585732165,17991.239048811014,48.0,0.0,0.0,BENIGN,0.0,0.0,0.0,45.333333333333336,27.19313638892481,4,28277.374238779666,File_17
2017-07-03 01:05:30,1,0,1,16567.347111280164,169.05456236000168,3.0,0.0,0.0,BENIGN,2048.0,0.0,0.0,57.0,38.18376618407357,1,0.0,File_17
2017-07-03 01:06:40,3,0,1,4651.22481172915,79.40324048605417,18.666666666666668,0.0,0.0,BENIGN,0.0,0.0,0.0,68.5,63.34903314179309,3,27535.63798716129,File_17
2017-07-03 01:07:30,1,0,1,1616438.3561643837,27397.260273972603,11.0,0.0,0.0,BENIGN,0.0,0.0,0.0,50.0,48.49742261192856,2,26355.5,File_17
2017-07-03 01:07:40,1,0,1,10546.459706570276,170.10418881564956,3.0,0.0,0.0,BENIGN,0.0,0.0,0.0,59.5,43.1335136523794,1,0.0,File_17
2017-07-03 01:09:40,1,0,1,4188.94689240436,63.46889230915698,3.0,0.0,0.0,BENIGN,0.0,0.0,0.0,50.5,40.30508652763321,1,0.0,File_17
2017-07-03 01:09:50,1,0,1,1886792.452830189,25157.23270440252,3.0,0.0,0.0,BENIGN,2048.0,0.0,0.0,49.0,18.384776310850235,1,0.0,File_17
2017-07-03 01:12:30,1,0,1,1373493.9759036144,24096.385542168675,4.0,0.0,0.0,BENIGN,2048.0,0.0,0.0,38.0,22.627416997969522,1,0.0,File_17
2017-07-03 01:15:40,4,0,1,314827.3273400642,6830.806344253337,3.25,0.0,0.0,BENIGN,0.0,0.0,0.0,41.0,32.992423372647245,5,28984.622762552906,File_17
2017-07-03 01:17:10,1,0,1,1003802.2813688212,15209.125475285173,0.0,0.0,0.0,BENIGN,2048.0,0.0,0.0,44.5,31.81980515339464,1,0.0,File_17
2017-07-03 01:18:40,4,0,1,872227.4207004124,12655.50622716311,3.75,0.0,0.0,BENIGN,0.0,0.0,0.0,82.125,64.86125301639757,4,4892.631527645029,File_17
2017-07-03 01:21:10,5,0,1,7485.333785236076,106.74715853497234,27541.533333333336,11367962906.66667,0.0,BENIGN,0.0,0.0,0.0,54.4,31.574251112787035,5,28353.777550055387,File_17
2017-07-03 01:21:20,1,0,1,1298701.298701299,25974.02597402597,3.0,0.0,0.0,BENIGN,0.0,0.0,0.0,68.0,41.012193308819754,1,0.0,File_17
2017-07-03 01:21:40,1,0,1,1538461.5384615385,25641.02564102564,3.0,0.0,0.0,BENIGN,0.0,0.0,0.0,69.0,72.12489168102785,1,0.0,File_17
2017-07-03 01:22:50,5,0,1,1440000.424759908,18098.077802981214,6494.9333333333325,628560668.4666668,0.0,BENIGN,0.0,0.0,0.0,56.90909090909091,51.21221445212957,6,27143.30034096812,File_17
2017-07-03 01:24:10,1,0,1,1000000.0,21739.130434782608,48.0,0.0,0.0,BENIGN,0.0,0.0,0.0,31.5,10.598742063723098,3,0.0,File_17
2017-07-03 01:24:50,1,0,1,13290.585835033518,233.16817254444769,4.0,0.0,0.0,BENIGN,2048.0,0.0,0.0,60.5,36.062445840513924,1,0.0,File_17
2017-07-03 01:26:30,4,0,1,694443.4756526665,10823.982401244852,6339.5,278305825.6666666,0.0,BENIGN,0.0,0.0,0.0,53.0,45.254833995939045,6,26211.979421819262,File_17
2017-07-03 01:26:50,3,0,1,1283064.1472596806,12613.330347888434,33.0,0.0,0.0,BENIGN,0.0,0.0,0.0,46.142857142857146,27.358292901352424,4,26205.280282161963,File_17
2017-07-03 01:27:00,4,0,1,405972.6186249211,5278.194758877522,14.5,0.0,0.0,BENIGN,0.0,0.0,0.0,61.84615384615385,43.978870217878786,9,23183.586571226537,File_17
2017-07-03 01:30:30,1,0,1,5179.166801540802,129.47917003852004,4.0,0.0,0.0,BENIGN,2048.0,0.0,0.0,53.5,40.30508652763321,1,0.0,File_17
2017-07-03 01:30:40,1,0,1,1401273.8853503186,25477.707006369423,3.0,0.0,0.0,BENIGN,0.0,0.0,0.0,71.5,64.34671708797582,1,0.0,File_17
2017-07-03 01:30:50,2,0,1,421122.8901827341,10511.111603279345,16673.666666666664,1667766848.6666665,0.0,BENIGN,0.0,0.0,0.0,64.5,59.24243974269347,2,22653.668091503416,File_17
2017-07-03 01:31:00,1,0,1,1420454.5454545454,22727.272727272728,4.0,0.0,0.0,BENIGN,2048.0,0.0,0.0,48.0,41.012193308819754,1,0.0,File_17
2017-07-03 01:31:50,1,0,1,1321100.9174311925,36697.247706422015,4.0,0.0,0.0,BENIGN,0.0,0.0,0.0,52.0,19.79898987322333,1,0.0,File_17
2017-07-03 01:32:10,1,0,1,5966.516266919971,59.36832106388031,48.0,0.0,0.0,BENIGN,0.0,0.0,0.0,45.5,37.476659402887016,1,0.0,File_17
2017-07-03 01:33:00,1,0,1,2189473.6842105263,21052.631578947367,3.0,0.0,0.0,BENIGN,0.0,0.0,0.0,31.0,11.313708498984761,1,0.0,File_17
2017-07-03 01:34:10,1,0,1,1691056.9105691055,16260.162601626014,1.0,0.0,0.0,BENIGN,0.0,0.0,0.0,53.0,19.79898987322333,1,0.0,File_17
2017-07-03 01:34:20,1,0,1,1061224.4897959183,27210.884353741498,3.0,0.0,0.0,BENIGN,0.0,0.0,0.0,41.0,11.313708498984761,1,0.0,File_17
2017-07-03 01:34:30,1,0,1,5777.621746326295,80.2447464767541,33188.66666666667,3294811940.3333335,0.0,BENIGN,0.0,0.0,0.0,63.666666666666664,73.90083445627211,2,26298.0,File_17
2017-07-03 01:34:40,1,0,1,289445.04896626767,4352.557127312296,1.0,0.0,0.0,BENIGN,0.0,0.0,0.0,36.0,11.313708498984761,1,0.0,File_17
2017-07-03 01:35:00,2,0,1,798341.8780129866,10633.560959617098,3.0,0.0,0.0,BENIGN,1365.3333333333333,0.0,0.0,57.75,32.745228660065884,2,15564.083675779524,File_17
2017-07-03 01:35:10,3,0,1,784725.7883688778,10279.082933045656,3206.444444444444,92348896.7777778,0.0,BENIGN,1092.2666666666667,0.0,0.0,51.666666666666664,40.91291564612166,3,11416.812612984413,File_17
2017-07-03 01:35:20,3,0,1,686307.0367104239,7597.229639840144,3102.2222222222226,86428011.11111113,0.0,BENIGN,1092.2666666666667,0.0,0.0,54.666666666666664,49.81432190311002,3,20576.043483624348,File_17
2017-07-03 01:36:50,1,0,1,2122950.819672131,16393.44262295082,4.0,0.0,0.0,BENIGN,2048.0,0.0,0.0,51.0,26.870057685088806,1,0.0,File_17
2017-07-03 01:37:00,1,0,1,7691.822709791312,126.09545425887396,3.0,0.0,0.0,BENIGN,2048.0,0.0,0.0,49.0,33.94112549695428,1,0.0,File_17
2017-07-03 01:38:00,1,0,1,2295.5194330067,57.38798582516751,1.0,0.0,0.0,BENIGN,2048.0,0.0,0.0,53.0,46.66904755831214,1,0.0,File_17
2017-07-03 01:38:20,2,0,1,11368.447804262672,128.8059930497085,26.0,0.0,0.0,BENIGN,0.0,0.0,0.0,37.666666666666664,20.868636754709208,7,26285.653273221116,File_17
2017-07-03 01:38:50,7,0,1,1044404.2455454236,13178.102782115462,2.5714285714285716,0.0,0.0,BENIGN,0.0,0.0,0.0,68.21428571428571,71.6059500873502,7,27087.710389218533,File_17
2017-07-03 01:39:40,5,0,1,1146861.058845581,22373.190456547723,12.2,0.0,0.0,BENIGN,0.0,0.0,0.0,81.2,66.09723477154279,5,25015.65370367567,File_17
2017-07-03 01:39:50,1,0,1,1155172.4137931035,17241.379310344826,4.0,0.0,0.0,BENIGN,2048.0,0.0,0.0,68.0,67.88225099390856,1,0.0,File_17
2017-07-03 01:40:50,6,0,1,1281413.4441169207,21567.17793719941,4420.5,351204504.5000001,0.0,BENIGN,0.0,0.0,0.0,59.2,43.3312820027287,9,26303.31171630101,File_17
2017-07-03 01:41:00,2,0,1,1197642.8869420108,28890.279516061746,3.5,0.0,0.0,BENIGN,0.0,0.0,0.0,41.25,23.128265535198842,2,3176.795065610763,File_17
2017-07-03 01:41:40,1,0,1,2148571.4285714286,22857.14285714286,4.0,0.0,0.0,BENIGN,2048.0,0.0,0.0,32.0,11.313708498984761,1,0.0,File_17
2017-07-03 01:41:50,2,0,1,965928.241575645,13043.865086276752,3.0,0.0,0.0,BENIGN,0.0,0.0,0.0,61.75,49.23667332385485,2,27550.767010899875,File_17
2017-07-03 01:42:20,1,0,1,11016.590072031551,195.5607705094358,5795.666666666666,100664961.33333333,0.0,BENIGN,0.0,0.0,0.0,46.0,22.627416997969522,1,0.0,File_17
2017-07-03 01:43:00,8,0,1,951748.3356670423,12460.567666891504,9.0,0.0,0.0,BENIGN,0.0,0.0,0.0,46.9375,29.06193099801411,8,25612.32342447674,File_17
2017-07-03 01:43:40,1,0,1,18217.84709792892,191.7668115571465,9899.666666666668,293832033.3333333,0.0,BENIGN,0.0,0.0,0.0,99.0,90.50966799187809,1,0.0,File_17
2017-07-03 01:43:50,2,0,1,1855537.9711566325,18901.990504424582,24.5,0.0,0.0,BENIGN,1365.3333333333333,0.0,0.0,81.0,78.7273777030583,2,19896.381094728426,File_17
2017-07-03 01:45:50,4,0,1,897438.2216278925,16520.279136614234,2.25,0.0,0.0,BENIGN,1170.2857142857142,0.0,0.0,46.25,28.524425623364568,4,21999.85829453435,File_17
2017-07-03 01:46:00,3,0,1,6090.772397747815,78.6425759481685,17.666666666666668,0.0,0.0,BENIGN,1228.8,0.0,0.0,55.833333333333336,35.33506285075303,3,20507.502656345066,File_17
2017-07-03 01:46:30,1,0,1,18142.466102234383,190.97332739194093,9855.333333333332,291205416.3333333,0.0,BENIGN,0.0,0.0,0.0,47.0,19.79898987322333,1,0.0,File_17
2017-07-03 01:48:10,1,0,1,1987421.3836477988,25157.23270440252,4.0,0.0,0.0,BENIGN,2048.0,0.0,0.0,56.0,45.254833995939045,1,0.0,File_17
2017-07-03 01:48:30,1,0,1,7201.8986823799005,65.47180620345364,4.0,0.0,0.0,BENIGN,2048.0,0.0,0.0,69.5,43.1335136523794,1,0.0,File_17
2017-07-03 01:48:40,9,0,1,968058.3215256073,13543.219273212308,4342294.725925926,230260834052116.62,0.0,BENIGN,0.0,0.0,0.0,51.55555555555556,38.07148419088402,9,25043.324799304508,File_17
2017-07-03 01:48:50,6,0,1,1318274.5831529542,15251.729660560864,10.5,0.0,0.0,BENIGN,0.0,0.0,0.0,51.75,30.499254834414323,6,23330.93665975474,File_17
2017-07-03 01:49:00,2,0,1,1522909.6095560705,26742.734890354783,4.0,0.0,0.0,BENIGN,1024.0,0.0,0.0,52.5,27.778888866667554,2,23212.038031063872,File_17
2017-07-03 01:49:10,3,0,1,382395.16600039764,6712.854398126321,3749791.2222222225,126543953179525.44,0.0,BENIGN,0.0,0.0,0.0,62.5,36.69741135284613,3,28553.474803603152,File_17
2017-07-03 01:49:20,4,0,1,1591365.6599328183,17865.96834706709,3.0,0.0,0.0,BENIGN,0.0,0.0,0.0,52.25,31.262711700317087,4,28626.21685712278,File_17
2017-07-03 01:49:30,1,0,1,9488.220958570268,129.97562956945572,3.0,0.0,0.0,BENIGN,0.0,0.0,0.0,37.5,26.16295090390226,1,0.0,File_17
2017-07-03 01:49:40,4,0,1,573038.1587191101,5746.49532980235,3.25,0.0,0.0,BENIGN,512.0,0.0,0.0,48.875,32.67781029558569,4,28919.91912371902,File_17
2017-07-03 01:49:50,9,0,1,1371557.458968264,15026.197296379638,931465.7777777778,23425810089244.11,0.0,BENIGN,0.0,0.0,0.0,57.22222222222222,47.141283962093894,9,25650.456584562777,File_17
2017-07-03 01:50:00,6,0,1,2144015.650816901,17023.964533169747,2.8333333333333335,0.0,0.0,BENIGN,0.0,0.0,0.0,70.0,60.30435626565783,8,24970.2759189292,File_17
2017-07-03 01:50:10,3,0,1,1781871.717192761,9518.380771209393,3.0,0.0,0.0,BENIGN,0.0,0.0,0.0,57.333333333333336,41.67333280008532,3,1410.998171508383,File_17
2017-07-03 01:51:20,5,0,1,1252343.9211293575,17231.843346974107,20.8,0.0,0.0,BENIGN,0.0,0.0,0.0,58.8,48.79389761480881,5,26396.67689709969,File_17
2017-07-03 01:51:30,3,0,1,5244.383949705106,96.10105286391524,6.666666666666667,0.0,0.0,BENIGN,1092.2666666666669,0.0,0.0,49.5,29.3104077078433,3,26424.34490692248,File_17
2017-07-03 01:52:10,1,0,1,2311111.111111111,22222.222222222223,3.0,0.0,0.0,BENIGN,0.0,0.0,0.0,47.0,36.76955262170047,1,0.0,File_17
2017-07-03 01:53:00,2,0,1,3391.3120096213306,95.05255872792466,3.5,0.0,0.0,BENIGN,1365.3333333333333,0.0,0.0,57.0,46.36809247747852,2,19535.39645532352,File_17
2017-07-03 01:53:10,17,0,1,610696.2559665481,9946.210527417927,3437.5882352941176,120686427.19607843,0.0,BENIGN,105.02564102564108,0.0,0.0,54.23076923076923,55.516930342516865,22,26849.069404322316,File_17
2017-07-03 01:53:30,2,0,1,1589425.2873563217,21494.252873563222,3.0,0.0,0.0,BENIGN,1365.3333333333333,0.0,0.0,52.0,34.17601498127012,2,11831.830965662077,File_17
2017-07-03 01:53:40,3,0,1,2553274.568368908,53393.55528034773,3.0,0.0,0.0,BENIGN,0.0,0.0,0.0,78.57142857142857,43.6304830092339,4,26338.852339377954,File_17
2017-07-03 01:54:10,3,0,1,952131.9413913755,10976.44654129527,2.0,0.0,0.0,BENIGN,1228.8,0.0,0.0,62.5,44.19841626121914,3,13417.346861432778,File_17
2017-07-03 01:54:50,1,0,1,1635416.6666666665,20833.33333333333,1.0,0.0,0.0,BENIGN,2048.0,0.0,0.0,123.0,118.79393923933998,1,0.0,File_17
2017-07-03 01:55:20,6,0,1,683473.2806990322,8482.97403697999,10.5,0.0,0.0,BENIGN,0.0,0.0,0.0,62.083333333333336,50.59546931447039,6,20912.138002478627,File_17
2017-07-03 01:55:30,1,0,1,9677.20984607391,129.89543417548873,1.0,0.0,0.0,BENIGN,2048.0,0.0,0.0,45.0,28.284271247461902,1,0.0,File_17
2017-07-03 01:55:50,1,0,1,4867.699796461226,43.07698934921439,12.0,0.0,0.0,BENIGN,2048.0,0.0,0.0,79.5,89.80256121069154,1,0.0,File_17
2017-07-03 01:56:00,2,0,1,866026.7122848585,13762.736810491013,3.0,0.0,0.0,BENIGN,0.0,0.0,0.0,46.4,39.77184934095974,3,23435.540963459753,File_17
2017-07-03 01:57:00,3,0,1,538118.6860459038,7770.207779540232,2.6666666666666665,0.0,0.0,BENIGN,1228.8,0.0,0.0,64.66666666666667,51.92943930629973,3,3608.2266891092086,File_17
2017-07-03 01:57:40,1,0,1,1607.212365490137,25.11269321078339,3.0,0.0,0.0,BENIGN,0.0,0.0,0.0,57.0,11.313708498984761,1,0.0,File_17
2017-07-03 01:58:00,1,0,1,8105.565339058694,96.49482546498444,3.0,0.0,0.0,BENIGN,0.0,0.0,0.0,66.0,46.66904755831214,1,0.0,File_17
2017-07-03 01:58:10,1,0,1,15014.237639140563,129.43308309603935,4.0,0.0,0.0,BENIGN,0.0,0.0,0.0,40.0,11.313708498984761,1,0.0,File_17
2017-07-03 01:58:30,1,0,1,2069.879827224907,51.319334559295214,10377.666666666668,322870002.3333333,0.0,BENIGN,0.0,0.0,0.0,58.0,46.188021535170066,3,26351.04130769788,File_17
2017-07-03 01:58:40,1,0,1,1600000.0,19512.19512195122,1.0,0.0,0.0,BENIGN,0.0,0.0,0.0,45.5,37.476659402887016,1,0.0,File_17
2017-07-03 01:58:50,2,0,1,4649.48777242932,90.91163442319179,9663.0,280773289.0,0.0,BENIGN,0.0,0.0,0.0,41.0,35.29164207004259,3,23891.36971795464,File_17
2017-07-03 01:59:30,1,0,1,7929.544051217055,129.99252542978778,48.0,0.0,0.0,BENIGN,0.0,0.0,0.0,43.0,11.313708498984761,1,0.0,File_17
2017-07-03 01:59:40,1,0,1,1550.0106373279032,20.261576958534683,4.0,0.0,0.0,BENIGN,2048.0,0.0,0.0,27.0,11.313708498984761,1,0.0,File_17
2017-07-03 02:01:20,3,0,1,935719.8740177894,16066.588420480892,6879.777777777778,423714778.77777773,0.0,BENIGN,0.0,0.0,0.0,45.42857142857143,36.45479914843011,4,22990.300044559855,File_17
2017-07-03 02:01:30,10,0,1,508396.3608398192,10392.151125678974,8794.633333333335,588379988.3,0.0,BENIGN,0.0,0.0,0.0,51.13793103448276,40.58916475571409,19,28162.42677814607,File_17
2017-07-03 02:01:40,6,0,1,1035115.293540561,10123.129904484122,18.166666666666668,0.0,0.0,BENIGN,0.0,0.0,0.0,62.69230769230769,52.29465335223831,7,27983.674771964023,File_17
2017-07-03 02:01:50,1,0,1,8604.912506020228,128.43152994060043,3.0,0.0,0.0,BENIGN,0.0,0.0,0.0,50.0,11.313708498984761,1,0.0,File_17
2017-07-03 02:02:00,1,0,1,6183.574879227053,128.8244766505636,1.0,0.0,0.0,BENIGN,2048.0,0.0,0.0,49.5,27.577164466275352,1,0.0,File_17
2017-07-03 02:02:10,3,0,1,2424973.5717815435,21616.40613760188,3.0,0.0,0.0,BENIGN,0.0,0.0,0.0,57.333333333333336,47.55488057672595,3,21640.423295305478,File_17
2017-07-03 02:02:20,2,0,1,592071.7546819223,10267.61807080034,24.5,0.0,0.0,BENIGN,1365.3333333333333,0.0,0.0,46.75,28.570089254323307,2,18355.67607641359,File_17
2017-07-03 02:02:30,2,0,1,1703541.6960632142,12313.62588777574,3.0,0.0,0.0,BENIGN,0.0,0.0,0.0,74.5,65.23036102920173,2,27341.594202890872,File_17
2017-07-03 02:03:00,1,0,1,6354.74330780314,45.499355425798136,20408.333333333336,1249132885.3333335,0.0,BENIGN,0.0,0.0,0.0,58.5,43.1335136523794,1,0.0,File_17
2017-07-03 02:03:20,1,0,1,1514285.7142857143,28571.42857142857,3.0,0.0,0.0,BENIGN,0.0,0.0,0.0,50.0,45.254833995939045,1,0.0,File_17
2017-07-03 02:03:30,12,0,1,936574.2901839208,8411.265922354223,9098.172222222222,916291668.3027778,0.0,BENIGN,0.0,0.0,0.0,52.19230769230769,43.000483002654036,14,24492.469165325085,File_17
2017-07-03 02:03:40,3,0,1,1882337.2204094725,12105.661978306396,17.666666666666668,0.0,0.0,BENIGN,0.0,0.0,0.0,55.333333333333336,40.20779360604939,3,603.0603949854442,File_17
2017-07-03 02:05:20,2,0,1,1379161.0436347278,21986.054880791722,3.0,0.0,0.0,BENIGN,819.2,0.0,0.0,79.6,82.93551712023022,3,27441.547901858597,File_17
2017-07-03 02:05:30,3,0,1,683750.9750856899,8529.22990882676,7064.111111111112,448670063.4444444,0.0,BENIGN,0.0,0.0,0.0,44.57142857142857,39.458235907759246,4,27488.467062974287,File_17
2017-07-03 02:05:40,1,0,1,6985.164535871063,128.16815662148738,3.0,0.0,0.0,BENIGN,0.0,0.0,0.0,25.0,11.313708498984761,1,0.0,File_17
2017-07-03 02:06:50,4,0,1,584400.0253432661,12754.693956531293,26.0,0.0,0.0,BENIGN,409.59999999999997,0.0,0.0,54.4,40.33801625706891,6,22463.793921181998,File_17
2017-07-03 02:07:30,10,0,1,872935.5364213295,11852.291882478054,10296.3,1286096739.0666666,0.0,BENIGN,0.0,0.0,0.0,59.22222222222222,51.87287221462556,17,28792.997241480938,File_17
2017-07-03 02:07:40,1,0,1,1443037.9746835444,25316.45569620253,3.0,0.0,0.0,BENIGN,0.0,0.0,0.0,49.0,48.062459362791664,3,0.0,File_17
2017-07-03 02:07:50,1,0,1,1681159.4202898552,28985.50724637681,3.0,0.0,0.0,BENIGN,0.0,0.0,0.0,35.0,11.313708498984761,1,0.0,File_17
2017-07-03 02:08:30,1,0,1,6254.886630179828,104.24811050299714,4.0,0.0,0.0,BENIGN,0.0,0.0,0.0,45.5,37.476659402887016,1,0.0,File_17
2017-07-03 02:09:20,2,0,1,862353.0288085584,13168.113207750119,3.5,0.0,0.0,BENIGN,0.0,0.0,0.0,58.5,32.08841951026362,2,792.4309994497244,File_17
2017-07-03 02:09:30,4,0,1,9911.507043088313,112.98522051697809,6791.666666666666,552991210.3333334,0.0,BENIGN,0.0,0.0,0.0,81.0,54.09923541721521,8,26482.014325647542,File_17
2017-07-03 02:10:40,2,0,1,1253071.2530712532,22932.022932022934,26.0,0.0,0.0,BENIGN,0.0,0.0,0.0,47.0,32.22835190739152,2,25540.090528857218,File_17
2017-07-03 02:10:50,1,0,1,5867.014341590613,130.3780964797914,3.0,0.0,0.0,BENIGN,0.0,0.0,0.0,57.0,53.693575034635195,2,30224.5,File_17
2017-07-03 02:11:30,2,0,1,4178.779494997683,53.563599966862085,2.5,0.0,0.0,BENIGN,1365.3333333333333,0.0,0.0,70.75,63.136756330999454,2,12318.659730488358,File_17
2017-07-03 02:12:10,1,0,1,1756756.756756757,27027.027027027027,3.0,0.0,0.0,BENIGN,0.0,0.0,0.0,74.0,46.66904755831214,1,0.0,File_17
2017-07-03 02:13:00,4,0,1,298384.2101674574,5819.347536928048,3.0,0.0,0.0,BENIGN,0.0,0.0,0.0,61.375,35.22960402843041,4,25384.63564956615,File_17
2017-07-03 02:13:10,7,0,1,1255974.535273303,21514.44627359544,106677.0,238832437389.57138,0.0,BENIGN,0.0,0.0,0.0,46.0,26.970068879864126,7,22303.6437111271,File_17
2017-07-03 02:13:20,3,0,1,1027456.6571145913,16941.773840315964,18.666666666666668,0.0,0.0,BENIGN,0.0,0.0,0.0,57.666666666666664,52.102463153546466,3,4285.368474238826,File_17
2017-07-03 02:13:50,3,0,1,1130748.4469483884,18377.31289919779,3.0,0.0,0.0,BENIGN,0.0,0.0,0.0,33.666666666666664,18.02960528316321,3,25444.997554725764,File_17
2017-07-03 02:14:00,2,0,1,1813562.72593386,18967.287008524123,3.5,0.0,0.0,BENIGN,0.0,0.0,0.0,71.25,84.12044935685971,2,2504.10081444196,File_17
2017-07-03 02:14:10,7,0,1,1377351.8260120545,17751.54950435642,15.714285714285714,0.0,0.0,BENIGN,0.0,0.0,0.0,46.0,26.667892128704796,11,27691.331053893602,File_17
2017-07-03 02:15:20,2,0,1,7076.31619059418,92.26418075600172,2.0,0.0,0.0,BENIGN,1365.3333333333333,0.0,0.0,74.75,62.766100192168494,2,25786.598746032578,File_17
2017-07-03 02:15:30,3,1,2,5.226595681456396,9950.58353333365,3473206.944444444,10969621771309.916,0.0,BENIGN,9.673414304993253,2594.153846153846,0.0,88.28205128205128,304.3793468266677,24,5882.351512194709,File_17
2017-07-03 02:15:40,1,0,1,10662.213372727858,192.69060312158777,9485.0,269724972.00000006,0.0,BENIGN,0.0,0.0,0.0,37.666666666666664,37.52776749732568,2,29575.0,File_17
2017-07-03 02:16:50,4,0,1,817420.7367061507,12822.91241686449,2535.083333333333,76906970.08333336,0.0,BENIGN,0.0,0.0,0.0,63.333333333333336,47.63926951581017,5,26350.029255201975,File_17
2017-07-03 02:17:00,1,0,1,1214814.8148148148,29629.629629629628,3.0,0.0,0.0,BENIGN,0.0,0.0,0.0,45.0,9.237604307034012,3,25216.84203067466,File_17
2017-07-03 02:17:10,1,0,1,1520000.0000000002,26666.666666666668,3.0,0.0,0.0,BENIGN,0.0,0.0,0.0,37.0,11.313708498984761,1,0.0,File_17
2017-07-03 02:17:20,1,1,1,0.0,36363.63636363636,0.0,0.0,0.0,BENIGN,0.0,2190.782608695652,0.0,230.47826086956522,608.4668415231857,17,0.0,File_17
2017-07-03 02:17:30,3,0,1,305821.388002531,7619.7281059534325,3451.3333333333335,105627175.00000001,0.0,BENIGN,0.0,0.0,0.0,47.875,31.69243938679562,5,24841.460236746905,File_17
2017-07-03 02:20:20,3,0,1,557943.9625745653,8981.393047618489,7280.444444444445,476650779.11111116,0.0,BENIGN,0.0,0.0,0.0,43.72727272727273,35.38952079102205,8,25150.402323024577,File_17
2017-07-03 02:20:30,2,0,1,657242.9718478421,13505.816675500275,3.0,0.0,0.0,BENIGN,0.0,0.0,0.0,67.0,105.25207836427744,3,29179.65312829301,File_17
2017-07-03 02:20:50,3,0,1,768044.597347939,12276.995270247746,17.333333333333332,0.0,0.0,BENIGN,0.0,0.0,0.0,80.33333333333333,65.83514765432417,3,24373.50622786964,File_17
2017-07-03 02:21:00,3,0,1,1890137.0022059677,23691.825415963347,3.0,0.0,0.0,BENIGN,0.0,0.0,0.0,45.5,29.029295547773806,3,26168.854503015602,File_17
2017-07-03 02:21:20,2,0,1,1452485.2409064942,22535.390084428363,3.0,0.0,0.0,BENIGN,0.0,0.0,0.0,71.71428571428571,64.66507116342972,5,25427.631335484897,File_17
2017-07-03 02:22:20,1,0,1,2382022.4719101125,22471.91011235955,3.0,0.0,0.0,BENIGN,0.0,0.0,0.0,57.666666666666664,49.652123150307816,2,30994.0,File_17
2017-07-03 02:23:00,1,0,1,1300613.4969325154,24539.87730061349,3.0,0.0,0.0,BENIGN,0.0,0.0,0.0,50.0,36.373066958946424,2,0.0,File_17
2017-07-03 02:23:50,8,0,1,1330941.223247964,14095.372728336723,20.125,0.0,0.0,BENIGN,0.0,0.0,0.0,55.375,46.5014336696551,8,28083.028263110566,File_17
2017-07-03 02:24:00,10,0,1,888101.7139784185,11867.828853747724,7.7,0.0,0.0,BENIGN,0.0,0.0,0.0,51.54545454545455,35.18756175361547,12,27385.209256341375,File_17
2017-07-03 02:24:10,2,0,1,561129.1791956034,13008.600302306519,4.0,0.0,0.0,BENIGN,585.1428571428573,0.0,0.0,52.714285714285715,33.846291208512476,5,25453.88193489464,File_17
2017-07-03 02:24:40,1,0,1,3010752.688172044,21505.376344086024,3.0,0.0,0.0,BENIGN,0.0,0.0,0.0,59.0,39.59797974644666,1,0.0,File_17
2017-07-03 02:24:50,2,0,1,2347222.222222222,25000.0,3.0,0.0,0.0,BENIGN,0.0,0.0,0.0,52.25,18.89223826513594,2,26647.358455701884,File_17
2017-07-03 02:25:00,1,0,1,3146067.415730337,22471.91011235955,3.0,0.0,0.0,BENIGN,0.0,0.0,0.0,53.0,45.254833995939045,1,0.0,File_17
2017-07-03 02:25:10,1,0,1,3043478.2608695654,21739.130434782608,4.0,0.0,0.0,BENIGN,0.0,0.0,0.0,28.0,11.313708498984761,1,0.0,File_17
2017-07-03 02:25:20,2,0,1,2679762.44860667,19141.160347190496,2.5,0.0,0.0,BENIGN,0.0,0.0,0.0,72.25,51.415788755335974,2,5444.250810615625,File_17
2017-07-03 02:25:40,1,0,1,2842639.5939086294,20304.568527918786,3.0,0.0,0.0,BENIGN,0.0,0.0,0.0,40.0,19.79898987322333,1,0.0,File_17
2017-07-03 02:25:50,2,0,1,3036323.0280945105,21688.021629246505,3.0,0.0,0.0,BENIGN,0.0,0.0,0.0,78.0,59.45306271897745,2,25367.84722176217,File_17
2017-07-03 02:26:10,1,0,1,1974025.974025974,17316.017316017314,1.0,0.0,0.0,BENIGN,2048.0,0.0,0.0,69.5,43.1335136523794,1,0.0,File_17
2017-07-03 02:27:00,1,0,1,1661538.4615384615,20512.82051282051,3.0,0.0,0.0,BENIGN,2048.0,0.0,0.0,76.5,68.58935777509511,1,0.0,File_17
2017-07-03 02:27:30,2,0,1,2139518.9239268433,23607.727413100914,3.0,0.0,0.0,BENIGN,0.0,0.0,0.0,57.0,41.376321731154405,2,25593.68714264429,File_17
2017-07-03 02:27:50,1,0,1,2842639.5939086294,20304.568527918786,3.0,0.0,0.0,BENIGN,0.0,0.0,0.0,58.5,47.37615433949868,1,0.0,File_17
2017-07-03 02:28:00,1,0,1,3060109.2896174863,21857.92349726776,4.0,0.0,0.0,BENIGN,0.0,0.0,0.0,52.0,19.79898987322333,1,0.0,File_17
2017-07-03 02:28:20,4,0,1,2472225.6880507525,22012.96235104745,3.5,0.0,0.0,BENIGN,0.0,0.0,0.0,77.33333333333333,64.5155020130821,5,28600.71516342511,File_17
2017-07-03 02:28:30,2,0,1,962574.3409551973,11898.74628950452,3.0,0.0,0.0,BENIGN,0.0,0.0,0.0,61.5,60.33517492585344,2,24085.519997615902,File_17
2017-07-03 02:28:40,1,0,1,2871794.871794872,20512.82051282051,4.0,0.0,0.0,BENIGN,0.0,0.0,0.0,125.0,152.73506473629428,1,0.0,File_17
2017-07-03 02:28:50,1,0,1,3076923.076923077,21978.021978021978,4.0,0.0,0.0,BENIGN,0.0,0.0,0.0,33.0,11.313708498984761,1,0.0,File_17
2017-07-03 02:29:00,3,0,1,1901098.4889374028,13579.27492098145,18.333333333333332,0.0,0.0,BENIGN,0.0,0.0,0.0,74.5,54.53714330619088,3,26919.742903675735,File_17
2017-07-03 02:29:10,8,0,1,1243769.7183364853,15569.990284920561,3.375,0.0,0.0,BENIGN,0.0,0.0,0.0,69.9375,57.65121421097738,8,27258.098633780177,File_17
2017-07-03 02:31:00,12,0,1,737162.5121794161,7880.66348434292,48973.666666666664,70679800454.72223,0.0,BENIGN,0.0,0.0,0.0,60.54545454545455,50.44619095450301,21,28613.343264506177,File_17
2017-07-03 02:31:10,1,0,1,1083.8689249298986,18.267453790953347,10022.0,301141083.0,0.0,BENIGN,0.0,0.0,0.0,96.0,90.50966799187809,1,0.0,File_17
2017-07-03 02:32:30,3,0,1,417554.72958519123,9645.51569479475,17.666666666666668,0.0,0.0,BENIGN,0.0,0.0,0.0,60.166666666666664,55.213826770716295,3,25401.261689923987,File_17
2017-07-03 02:33:30,2,0,1,1514476.1538768506,10659.980674625795,3.5,0.0,0.0,BENIGN,0.0,0.0,0.0,66.0,56.18422079789544,2,26707.840209696227,File_17
2017-07-03 02:34:30,2,0,1,225714.0960486389,2737.7845058026937,25.0,0.0,0.0,BENIGN,1024.0,0.0,0.0,88.5,52.08646657242167,2,26533.474857244008,File_17
2017-07-03 02:34:50,2,0,1,7377.157422153396,108.57490960736877,8434.833333333332,213497036.33333337,0.0,BENIGN,0.0,0.0,0.0,52.333333333333336,29.166190472303146,4,27256.894501024875,File_17
2017-07-03 02:35:10,2,0,1,1750000.0,24350.64935064935,3.0,0.0,0.0,BENIGN,0.0,0.0,0.0,30.428571428571427,13.842653200129217,5,27738.96041671353,File_17
2017-07-03 02:35:40,7,0,1,201040.17112304465,4128.4135266052845,5874.190476190476,361913049.7619048,0.0,BENIGN,0.0,0.0,0.0,69.0625,62.767792962102256,9,28127.246030534563,File_17
2017-07-03 02:37:50,2,0,1,1573582.7447986256,24737.545333078833,3.0,0.0,0.0,BENIGN,0.0,0.0,0.0,49.0,39.2071422064909,4,27506.39363057251,File_17
2017-07-03 02:38:40,1,0,1,7855.898497847024,98.60960457548566,10027.333333333332,301431704.33333343,0.0,BENIGN,0.0,0.0,0.0,50.0,33.94112549695428,1,0.0,File_17
2017-07-03 02:39:10,1,0,1,4537.607891491985,65.76243321002877,3.0,0.0,0.0,BENIGN,0.0,0.0,0.0,60.0,42.42640687119285,1,0.0,File_17
2017-07-03 02:39:20,2,0,1,1471814.2033883617,26344.29568005546,3.5,0.0,0.0,BENIGN,0.0,0.0,0.0,54.25,48.72627627882106,2,23851.555844896622,File_17
2017-07-03 02:39:50,1,0,1,881226.0536398467,15325.670498084291,3.0,0.0,0.0,BENIGN,2048.0,0.0,0.0,59.0,56.568542494923804,1,0.0,File_17
2017-07-03 02:40:10,2,0,1,1001734.4666822482,12357.980194489282,3.5,0.0,0.0,BENIGN,0.0,0.0,0.0,38.0,22.420228961066982,2,5514.490084213488,File_17
2017-07-03 02:40:50,2,0,1,158536.06251936356,2435.8867609385306,1.0,0.0,0.0,BENIGN,1365.3333333333333,0.0,0.0,94.25,69.07182252312926,2,12588.8577277245,File_17
2017-07-03 02:41:00,2,0,1,5926.764840298942,101.50753432885325,107610.46666666667,98740201698.06665,0.0,BENIGN,0.0,0.0,0.0,63.0,77.39186003708659,3,25346.5794684411,File_17
2017-07-03 02:43:40,1,0,1,1392592.5925925926,29629.629629629628,4.0,0.0,0.0,BENIGN,0.0,0.0,0.0,30.0,11.313708498984761,1,0.0,File_17
2017-07-03 02:43:50,3,0,1,390731.0405494,6755.643937407975,3453.3333333333335,106172416.0,0.0,BENIGN,0.0,0.0,0.0,56.5,45.36849126872085,3,22483.792326028986,File_17
2017-07-03 02:44:00,2,0,1,711722.9350752898,14821.5940277143,98321.33333333334,57998673062.16664,0.0,BENIGN,0.0,0.0,0.0,67.0,70.47836547480368,4,24798.067747306442,File_17
2017-07-03 02:44:20,3,1,3,399305.55555555556,16203.940363935579,938993.6666666666,5203806384600.0,0.0,BENIGN,562.2857142857143,9958.666666666666,0.0,14.25,28.674279166428676,2,15128.008478666721,File_17
2017-07-03 02:44:30,1,0,1,2608.039166342568,45.75507309372927,20395.0,1247500992.0,0.0,BENIGN,0.0,0.0,0.0,44.5,31.81980515339464,1,0.0,File_17
2017-07-03 02:46:10,1,0,1,18023.237102120947,128.7374078722925,3.0,0.0,0.0,BENIGN,0.0,0.0,0.0,57.0,45.254833995939045,1,0.0,File_17
2017-07-03 02:48:00,1,0,1,1503030.303030303,24242.424242424244,3.0,0.0,0.0,BENIGN,0.0,0.0,0.0,108.0,55.154328932550705,1,0.0,File_17
2017-07-03 02:48:10,2,0,1,1205890.9988829442,22282.321124110764,2.0,0.0,0.0,BENIGN,1024.0,0.0,0.0,52.0,29.23468259904093,2,23847.225056364292,File_17
2017-07-03 02:50:50,1,0,1,1059459.4594594594,21621.621621621623,1.0,0.0,0.0,BENIGN,2048.0,0.0,0.0,41.0,22.627416997969522,1,0.0,File_17
2017-07-03 02:51:10,5,0,1,1234318.431417267,23197.235245336447,20.8,0.0,0.0,BENIGN,0.0,0.0,0.0,53.27272727272727,37.584813180567785,6,27672.138287635094,File_17
2017-07-03 02:51:40,2,0,1,1597290.7508746749,26823.36054543823,3.5,0.0,0.0,BENIGN,0.0,0.0,0.0,61.75,42.69562819149833,2,1002.2060112017334,File_17
2017-07-03 02:52:30,3,0,1,606987.6032382543,13886.328092548423,18.333333333333332,0.0,0.0,BENIGN,0.0,0.0,0.0,58.333333333333336,45.94199241072013,3,3974.6304281027187,File_17
2017-07-03 02:52:50,1,0,1,1204545.4545454544,15151.51515151515,1.0,0.0,0.0,BENIGN,2048.0,0.0,0.0,54.5,40.30508652763321,1,0.0,File_17
2017-07-03 02:53:00,1,0,1,2527918.7817258886,20304.568527918786,3.0,0.0,0.0,BENIGN,0.0,0.0,0.0,34.0,11.313708498984761,1,0.0,File_17
2017-07-03 02:53:40,2,0,1,583586.9449429271,10588.591984398174,2.5,0.0,0.0,BENIGN,1365.3333333333333,0.0,0.0,53.75,38.256807673057786,2,27037.83734366013,File_17
2017-07-03 02:54:40,1,0,1,1235294.1176470588,29411.76470588236,3.0,0.0,0.0,BENIGN,0.0,0.0,0.0,69.0,72.12489168102785,1,0.0,File_17
2017-07-03 02:55:50,1,0,1,1774647.8873239434,28169.01408450704,3.0,0.0,0.0,BENIGN,0.0,0.0,0.0,37.0,19.79898987322333,1,0.0,File_17
2017-07-03 02:57:00,6,0,1,4847.33343685085,75.60647091598538,3.1666666666666665,0.0,0.0,BENIGN,0.0,0.0,0.0,71.85714285714286,64.43345660191085,8,25847.59651628443,File_17
2017-07-03 02:57:10,3,0,1,864198.3969747936,20754.954654952973,3.3333333333333335,0.0,0.0,BENIGN,0.0,0.0,0.0,50.666666666666664,36.48378635320992,3,27970.478763153125,File_17
2017-07-03 02:57:20,1,0,1,1686046.511627907,23255.81395348837,3.0,0.0,0.0,BENIGN,0.0,0.0,0.0,43.0,19.79898987322333,1,0.0,File_17
2017-07-03 02:58:00,7,0,1,831774.2044256431,8765.625234483972,9.142857142857142,0.0,0.0,BENIGN,602.3529411764705,0.0,0.0,50.166666666666664,34.49680292091872,11,25238.117180636305,File_17
2017-07-03 02:58:10,3,0,1,7318.910473511886,129.41801961296062,3.0,0.0,0.0,BENIGN,0.0,0.0,0.0,65.625,43.447628572471345,5,25261.41376220472,File_17
2017-07-03 02:58:50,1,0,1,1471910.1123595503,22471.91011235955,4.0,0.0,0.0,BENIGN,2048.0,0.0,0.0,51.0,22.627416997969522,1,0.0,File_17
2017-07-03 02:59:00,3,0,1,8403.086293577684,78.10396519563453,2.0,0.0,0.0,BENIGN,1228.8,0.0,0.0,54.833333333333336,46.14072676786383,3,22753.358922145977,File_17
2017-07-03 02:59:20,1,0,1,1021021.021021021,12012.012012012012,1.0,0.0,0.0,BENIGN,2048.0,0.0,0.0,93.5,88.38834764831844,1,0.0,File_17
2017-07-03 03:01:20,1,0,1,3905.79746123165,66.19995697002797,3.0,0.0,0.0,BENIGN,2048.0,0.0,0.0,77.5,75.66042558696059,1,0.0,File_17
2017-07-03 03:01:30,1,0,1,1000000.0,21739.130434782608,49.0,0.0,0.0,BENIGN,2048.0,0.0,0.0,43.5,14.849242404917497,1,0.0,File_17
2017-07-03 03:01:40,1,0,1,9743.10675197298,129.90809002630638,49.0,0.0,0.0,BENIGN,0.0,0.0,0.0,88.0,90.50966799187809,1,0.0,File_17
2017-07-03 03:01:50,1,0,1,15582.722086389567,195.59902200489,8307.666666666668,206902465.3333333,0.0,BENIGN,0.0,0.0,0.0,57.5,41.71930009000631,1,0.0,File_17
2017-07-03 03:02:00,2,0,1,8622.645171441032,85.56654934250551,26.0,0.0,0.0,BENIGN,1365.3333333333333,0.0,0.0,53.75,38.06463800782383,2,6417.373415623837,File_17
2017-07-03 03:02:30,1,0,1,1369863.0136986305,27397.260273972603,3.0,0.0,0.0,BENIGN,0.0,0.0,0.0,61.5,57.27564927611035,1,0.0,File_17
2017-07-03 03:02:40,1,0,1,1674876.8472906405,19704.433497536946,1.0,0.0,0.0,BENIGN,2048.0,0.0,0.0,89.0,100.40916292848975,1,0.0,File_17
2017-07-03 03:03:20,1,0,1,1185454.5454545454,14545.454545454544,49.0,0.0,0.0,BENIGN,2048.0,0.0,0.0,74.0,73.53910524340094,1,0.0,File_17
2017-07-03 03:04:20,1,0,1,2342.5287862442483,26.41949758922085,7681.0,176832019.0,0.0,BENIGN,0.0,0.0,0.0,28.0,11.313708498984761,1,0.0,File_17
2017-07-03 03:04:30,5,0,1,672830.4651022281,8092.4776051482595,11.4,0.0,0.0,BENIGN,1137.7777777777778,0.0,0.0,58.0,32.50299131533041,5,15509.431341709787,File_17
2017-07-03 03:05:30,1,0,1,9392.054829293058,84.61310657020773,3.0,0.0,0.0,BENIGN,0.0,0.0,0.0,45.5,37.476659402887016,1,0.0,File_17
2017-07-03 03:06:00,1,0,1,3867.3336415990575,56.04831364636316,3.0,0.0,0.0,BENIGN,0.0,0.0,0.0,83.0,91.92388155425118,1,0.0,File_17
2017-07-03 03:06:20,1,0,1,262210.79691516707,5141.388174807198,3.0,0.0,0.0,BENIGN,0.0,0.0,0.0,45.5,37.476659402887016,1,0.0,File_17
2017-07-03 03:06:40,1,0,1,6753.146838202295,85.4828713696493,3.0,0.0,0.0,BENIGN,2048.0,0.0,0.0,27.0,11.313708498984761,1,0.0,File_17
2017-07-03 03:07:10,3,0,1,151875.26320670373,2030.6158813293957,5480.0,134972962.0,0.0,BENIGN,0.0,0.0,0.0,51.857142857142854,34.878018729225296,4,24433.857456861417,File_17
2017-07-03 03:07:20,7,0,1,1054106.1242916293,15933.978080149322,1203.3809523809525,29276991.476190474,0.0,BENIGN,0.0,0.0,0.0,57.93333333333333,44.77318500216503,8,22840.85189413915,File_17
2017-07-03 03:08:00,1,0,1,1442176.8707482994,27210.884353741498,3.0,0.0,0.0,BENIGN,0.0,0.0,0.0,87.0,90.50966799187809,1,0.0,File_17
2017-07-03 03:09:20,5,0,1,1270272.9376606322,18039.350334065235,6159.333333333333,568451196.0666668,0.0,BENIGN,0.0,0.0,0.0,50.5,43.26725731492066,5,27572.481250714227,File_17
2017-07-03 03:09:40,1,0,1,994594.5945945946,21621.621621621623,49.0,0.0,0.0,BENIGN,2048.0,0.0,0.0,34.0,19.79898987322333,1,0.0,File_17
2017-07-03 03:10:00,1,0,1,5992.604870585235,127.50223128904756,48.0,0.0,0.0,BENIGN,0.0,0.0,0.0,58.5,43.1335136523794,1,0.0,File_17
2017-07-03 03:10:20,1,0,1,1217391.3043478262,28985.50724637681,3.0,0.0,0.0,BENIGN,0.0,0.0,0.0,54.0,43.840620433565945,1,0.0,File_17
2017-07-03 03:10:30,3,0,1,702302.9217021782,7746.409504581433,3.3333333333333335,0.0,0.0,BENIGN,0.0,0.0,0.0,55.166666666666664,25.01532863399293,3,27381.017187825582,File_17
2017-07-03 03:12:00,3,0,1,512839.07330436585,8974.411723413714,3.6666666666666665,0.0,0.0,BENIGN,0.0,0.0,0.0,64.42857142857143,61.75720509343328,4,29727.936074040226,File_17
2017-07-03 03:12:10,1,0,1,15365.663900414938,129.66804979253112,4.0,0.0,0.0,BENIGN,0.0,0.0,0.0,47.8,25.791471458604295,4,26626.81706475635,File_17
2017-07-03 03:12:20,2,0,1,1399491.0941475825,29451.57273563965,3.0,0.0,0.0,BENIGN,0.0,0.0,0.0,46.5,26.639569566092216,2,370.9953578625419,File_17
2017-07-03 03:15:00,1,0,1,9784.005638240536,165.8306040379752,48.0,0.0,0.0,BENIGN,2048.0,0.0,0.0,75.0,46.66904755831214,1,0.0,File_17
2017-07-03 03:15:10,2,0,1,312497.4864452525,4954.874902353138,2.0,0.0,0.0,BENIGN,1365.3333333333333,0.0,0.0,43.0,29.20045661743437,2,10951.96695677184,File_17
2017-07-03 03:15:30,2,0,1,542348.6717863785,10612.079741076433,5126.5,156151813.5,0.0,BENIGN,0.0,0.0,0.0,39.5,13.178264933847197,2,3927.271062710085,File_17
2017-07-03 03:15:40,6,0,1,746399.3638073559,12762.377676374012,3512.277777777778,109713701.55555557,0.0,BENIGN,0.0,0.0,0.0,50.0,35.98958182585621,11,26651.77036209028,File_17
2017-07-03 03:18:00,2,0,1,727794.4899658299,13994.661986452149,5076.166666666666,154422120.6666667,0.0,BENIGN,0.0,0.0,0.0,74.0,74.14175611623992,3,31144.47564175708,File_17
2017-07-03 03:18:20,4,0,1,971345.4463424986,12126.646404211304,14.0,0.0,0.0,BENIGN,0.0,0.0,0.0,62.0,43.0879499230519,4,20229.4850822723,File_17
2017-07-03 03:18:30,1,0,1,1382352.9411764706,29411.76470588236,3.0,0.0,0.0,BENIGN,0.0,0.0,0.0,41.0,22.627416997969522,1,0.0,File_17
2017-07-03 03:18:50,3,0,1,1050832.4520384457,18165.136965259284,3.3333333333333335,0.0,0.0,BENIGN,0.0,0.0,0.0,51.5,42.57581473090092,3,26171.63634929998,File_17
2017-07-03 03:19:30,2,0,1,911099.2049256591,8662.136996325478,8.0,0.0,0.0,BENIGN,1365.3333333333333,0.0,0.0,61.25,43.515322971722654,2,29493.210363667695,File_17
2017-07-03 03:19:40,1,0,1,5051.225125771432,81.47137299631342,1.0,0.0,0.0,BENIGN,2048.0,0.0,0.0,39.0,15.556349186104045,1,0.0,File_17
2017-07-03 03:20:50,1,0,1,4726.439415640218,71.61271841879118,10251.666666666668,315105505.3333334,0.0,BENIGN,0.0,0.0,0.0,51.333333333333336,36.950417228136054,2,28545.5,File_17
2017-07-03 03:21:30,1,0,1,3647.3357869955903,66.31519612719255,3.0,0.0,0.0,BENIGN,0.0,0.0,0.0,40.0,11.313708498984761,1,0.0,File_17
2017-07-03 03:21:40,1,0,1,10406.176569318564,167.84155756965424,49.0,0.0,0.0,BENIGN,2048.0,0.0,0.0,60.5,41.71930009000631,1,0.0,File_17
2017-07-03 03:22:30,4,0,1,327245.9057338478,3914.75075221583,1.75,0.0,0.0,BENIGN,1170.2857142857142,0.0,0.0,62.0,49.75655017898936,4,18476.163917383954,File_17
2017-07-03 03:24:10,1,0,1,1577464.7887323943,28169.01408450704,4.0,0.0,0.0,BENIGN,0.0,0.0,0.0,60.666666666666664,46.188021535170066,2,32290.5,File_17
2017-07-03 03:25:40,1,0,1,5843.828715365239,80.60453400503778,3.0,0.0,0.0,BENIGN,2048.0,0.0,0.0,95.5,98.2878425849301,1,0.0,File_17
2017-07-03 03:25:50,1,0,1,6734.816596512327,80.17638805371818,3.0,0.0,0.0,BENIGN,2048.0,0.0,0.0,28.0,11.313708498984761,1,0.0,File_17
2017-07-03 03:26:20,2,0,1,3549.262889579554,66.82050596494281,12262.166666666666,463184486.1666666,0.0,BENIGN,0.0,0.0,0.0,50.333333333333336,30.42805722793795,4,26637.215970142228,File_17
2017-07-03 03:27:20,3,0,1,1882393.5925151508,24932.400462829115,3.0,0.0,0.0,BENIGN,0.0,0.0,0.0,44.5,24.443813123160634,3,4148.558670188961,File_17
2017-07-03 03:28:50,1,0,1,1224489.795918367,27210.884353741498,3.0,0.0,0.0,BENIGN,0.0,0.0,0.0,53.5,28.991378028648448,1,0.0,File_17
2017-07-03 03:29:00,1,0,1,16394.11451288987,163.9411451288987,3.0,0.0,0.0,BENIGN,2048.0,0.0,0.0,58.5,45.96194077712559,1,0.0,File_17
2017-07-03 03:29:40,2,0,1,787253.029937002,13554.32817413961,3.0,0.0,0.0,BENIGN,0.0,0.0,0.0,43.5,18.91207727000571,2,24383.457274690696,File_17
2017-07-03 03:29:50,2,0,1,1694421.7687074833,25034.01360544218,4.0,0.0,0.0,BENIGN,0.0,0.0,0.0,36.333333333333336,11.360751148875089,4,3923.102772041538,File_17
2017-07-03 03:30:20,1,0,1,1351724.1379310344,27586.206896551725,3.0,0.0,0.0,BENIGN,0.0,0.0,0.0,40.0,11.313708498984761,1,0.0,File_17
2017-07-03 03:30:40,1,0,1,1246153.8461538462,15384.615384615388,4.0,0.0,0.0,BENIGN,2048.0,0.0,0.0,63.0,55.154328932550705,1,0.0,File_17
2017-07-03 03:31:10,1,0,1,6977.221424174019,82.08495793145906,3.0,0.0,0.0,BENIGN,0.0,0.0,0.0,87.0,103.92304845413264,2,27255.5,File_17
2017-07-03 03:31:20,2,0,1,581365.0827582442,9880.524110097787,26.0,0.0,0.0,BENIGN,1024.0,0.0,0.0,54.5,33.03028912982749,2,13921.98971252154,File_17
2017-07-03 03:32:20,1,0,1,954838.7096774194,25806.451612903227,4.0,0.0,0.0,BENIGN,0.0,0.0,0.0,45.5,37.476659402887016,1,0.0,File_17
2017-07-03 03:33:40,1,0,1,5630.537385112197,66.24161629543761,3.0,0.0,0.0,BENIGN,0.0,0.0,0.0,29.0,9.237604307034012,3,0.0,File_17
2017-07-03 03:34:10,1,0,1,6437.854584959562,120.7097734679918,11227.666666666668,377945752.33333325,0.0,BENIGN,0.0,0.0,0.0,32.666666666666664,18.475208614068023,2,25536.0,File_17
2017-07-03 03:34:20,1,0,1,16190.631630488004,261.1392198465807,10166.666666666668,309869870.3333333,0.0,BENIGN,0.0,0.0,0.0,130.0,90.50966799187809,1,0.0,File_17
2017-07-03 03:34:50,2,0,1,788264.9497536469,12924.086084310515,4.0,0.0,0.0,BENIGN,1024.0,0.0,0.0,57.25,37.82745916218359,2,3117.3980959910928,File_17
2017-07-03 03:35:10,1,0,1,1107438.0165289256,16528.92561983471,1.0,0.0,0.0,BENIGN,2048.0,0.0,0.0,63.0,39.59797974644666,1,0.0,File_17
2017-07-03 03:37:20,2,0,1,7343.266839918377,103.76465325153399,3829.833333333333,87856440.16666669,0.0,BENIGN,1024.0,0.0,0.0,52.5,34.29771615331454,2,26630.04830387408,File_17
2017-07-03 03:37:40,1,0,1,1250996.015936255,15936.254980079682,1.0,0.0,0.0,BENIGN,2048.0,0.0,0.0,69.0,41.012193308819754,1,0.0,File_17
2017-07-03 03:41:00,8,0,1,308667.1781692693,6837.023398267728,8381.083333333332,281436983.2916666,0.0,BENIGN,0.0,0.0,0.0,57.0,54.4344662058067,11,27305.456484052214,File_17
2017-07-03 03:41:10,1,0,1,14314.928425357872,191.71779141104287,10323.333333333332,318167492.3333334,0.0,BENIGN,0.0,0.0,0.0,89.0,67.88225099390856,1,0.0,File_17
2017-07-03 03:42:30,3,0,1,10372.041267627015,110.09980439556635,6852.888888888888,211181878.55555558,0.0,BENIGN,0.0,0.0,0.0,42.888888888888886,33.494195185302054,6,24991.123741428175,File_17
2017-07-03 03:42:50,2,0,1,1240164.1068798653,20513.359983168528,48.0,0.0,0.0,BENIGN,819.2000000000003,0.0,0.0,72.4,68.83894246718205,3,22067.13722229279,File_17
2017-07-03 03:43:00,2,0,1,1525.020780971735,36.50858557098112,10127.666666666666,307535424.66666675,0.0,BENIGN,0.0,0.0,0.0,41.4,35.253368633366094,3,26239.949279438402,File_17
2017-07-03 03:47:50,4,0,1,1353684.1819348405,25343.44259627797,3.25,0.0,0.0,BENIGN,0.0,0.0,0.0,42.333333333333336,19.83683442487737,5,22802.443721836044,File_17
2017-07-03 03:48:20,3,0,1,911033.9205033829,16553.732443384386,18.0,0.0,0.0,BENIGN,0.0,0.0,0.0,68.16666666666667,53.775149155224724,3,6771.202611058097,File_17
2017-07-03 03:48:30,2,0,1,2446122.1688400824,23541.52367879204,3.5,0.0,0.0,BENIGN,0.0,0.0,0.0,63.5,46.39324663497192,2,26171.216555597868,File_17
2017-07-03 03:49:00,1,0,1,1593495.9349593497,32520.32520325203,3.0,0.0,0.0,BENIGN,0.0,0.0,0.0,45.5,37.476659402887016,1,0.0,File_17
2017-07-03 03:49:30,2,0,1,1363798.7012987013,16991.341991341993,24.5,0.0,0.0,BENIGN,1365.3333333333333,0.0,0.0,62.5,53.922784300021696,2,11796.352581294872,File_17
2017-07-03 03:50:20,1,0,1,1066.4086221111927,19.74830781687394,3.0,0.0,0.0,BENIGN,2048.0,0.0,0.0,69.0,72.12489168102785,1,0.0,File_17
2017-07-03 03:52:10,2,0,1,2072898.5866600545,18183.320935614513,0.5,0.0,0.0,BENIGN,1365.3333333333333,0.0,0.0,41.75,20.05617112013158,2,21869.381645477668,File_17
2017-07-03 03:52:20,3,0,1,327225.28212729446,8110.003945757151,2.3333333333333335,0.0,0.0,BENIGN,1228.8,0.0,0.0,67.0,50.90775972285561,3,19642.74885651191,File_17
2017-07-03 03:52:50,1,0,1,7741.599713755977,130.110919558924,4.0,0.0,0.0,BENIGN,0.0,0.0,0.0,69.5,71.4177848998413,1,0.0,File_17
2017-07-03 03:53:20,1,0,1,1358490.566037736,25157.23270440252,3.0,0.0,0.0,BENIGN,0.0,0.0,0.0,31.0,11.313708498984761,1,0.0,File_17
2017-07-03 03:54:30,7,0,1,448143.62060912244,8069.705152813304,1531067.714285714,48986097371738.24,0.0,BENIGN,240.94117647058826,0.0,0.0,70.41176470588235,46.82154795541447,10,17063.411069082875,File_17
2017-07-03 03:54:40,7,0,1,1172211.7373295866,19803.415475970512,3412463.0,407357884369705.1,0.0,BENIGN,0.0,0.0,0.0,43.44444444444444,26.888051626353256,11,25072.1212517466,File_17
2017-07-03 03:55:00,1,0,1,11990.330378726832,193.392425463336,8439.0,213472981.00000003,0.0,BENIGN,0.0,0.0,0.0,69.0,72.12489168102785,1,0.0,File_17
2017-07-03 03:55:10,1,0,1,12037.609395842144,195.20447668933207,8165.333333333334,199871056.33333325,0.0,BENIGN,0.0,0.0,0.0,44.666666666666664,32.331615074619044,2,0.0,File_17
2017-07-03 03:55:20,1,0,1,10579.606672291817,194.7166872200948,8732.666666666668,228568865.3333333,0.0,BENIGN,0.0,0.0,0.0,36.0,11.313708498984761,1,0.0,File_17
2017-07-03 03:55:30,2,0,1,2203335.12641205,22529.50669240262,3.0,0.0,0.0,BENIGN,0.0,0.0,0.0,56.6,77.67753858098233,3,23854.972526708138,File_17
2017-07-03 03:56:30,1,0,1,15038.560411311057,192.80205655527,8104.666666666666,196886704.33333337,0.0,BENIGN,0.0,0.0,0.0,36.0,11.313708498984761,1,0.0,File_17
2017-07-03 03:57:00,1,0,1,2224852.071005917,23668.63905325444,3.0,0.0,0.0,BENIGN,0.0,0.0,0.0,37.0,11.313708498984761,1,0.0,File_17
2017-07-03 03:57:10,2,0,1,2202800.390752198,22859.00358189515,3.5,0.0,0.0,BENIGN,0.0,0.0,0.0,72.2,47.37826505899092,3,27227.01333579392,File_17
2017-07-03 03:57:20,2,0,1,872207.8383592244,15471.113818661794,9.0,0.0,0.0,BENIGN,0.0,0.0,0.0,77.75,62.962290301417724,2,2469.6882844242145,File_17
2017-07-03 03:57:40,2,0,1,551503.2147061487,11704.247034320384,3.0,0.0,0.0,BENIGN,0.0,0.0,0.0,49.5,9.678154093971983,2,1275.6206332605318,File_17
2017-07-03 03:58:10,1,0,1,1452054.794520548,27397.260273972603,3.0,0.0,0.0,BENIGN,0.0,0.0,0.0,28.333333333333332,16.165807537309522,2,27763.5,File_17
2017-07-03 03:58:20,2,0,1,509711.0040041116,7694.8020036173875,2.0,0.0,0.0,BENIGN,1024.0,0.0,0.0,43.5,23.895606290697042,2,4228.027146974763,File_17
2017-07-03 03:58:40,4,0,1,1128251.0334488864,18411.061582470247,2596.5,80683788.00000001,0.0,BENIGN,0.0,0.0,0.0,59.44444444444444,48.31695124671855,5,24836.926735961115,File_17
2017-07-03 03:58:50,2,0,1,1259966.777408638,23532.66888150609,3.5,0.0,0.0,BENIGN,0.0,0.0,0.0,29.2,22.862633269157776,3,25908.368575616645,File_17
2017-07-03 03:59:10,4,0,1,1203315.333814818,16584.149193391775,25.5,0.0,0.0,BENIGN,0.0,0.0,0.0,37.111111111111114,21.653200943766052,5,26507.995201625017,File_17
2017-07-03 03:59:40,2,0,1,853920.7685302813,9508.467952040197,5590.166666666666,187365640.16666666,0.0,BENIGN,1024.0,0.0,0.0,53.75,38.23937760999779,2,21433.377869316093,File_17
2017-07-03 04:00:40,1,0,1,1582733.8129496404,28776.97841726619,4.0,0.0,0.0,BENIGN,0.0,0.0,0.0,83.5,72.16878364870321,3,27839.265379835168,File_17
2017-07-03 04:01:10,1,0,1,1662337.6623376624,25974.02597402597,3.0,0.0,0.0,BENIGN,0.0,0.0,0.0,70.0,42.42640687119285,1,0.0,File_17
2017-07-03 04:01:30,2,0,1,10132.243562977144,192.39549835102673,10286.833333333332,316624217.3333334,0.0,BENIGN,0.0,0.0,0.0,56.4,48.75243583658154,3,28097.911034452365,File_17
2017-07-03 04:01:40,1,0,1,6387.902095622983,130.36534889026498,3.0,0.0,0.0,BENIGN,0.0,0.0,0.0,28.333333333333332,9.237604307034012,2,26364.0,File_17
2017-07-03 04:01:50,3,0,2,407580.42560226336,9975.079492866256,137957.83333333334,79885182187.5,0.0,BENIGN,483.11688311688306,6009.4,0.0,251.4090909090909,664.1689873239667,7,29119.864735332852,File_17
2017-07-03 04:02:00,2,0,1,1837968.1127178348,22246.941045606232,24.5,0.0,0.0,BENIGN,0.0,0.0,0.0,76.75,80.82233602167163,2,264.9293406845598,File_17
2017-07-03 04:02:20,2,0,1,1349967.6139184528,10268.525003041334,3.0,0.0,0.0,BENIGN,0.0,0.0,0.0,37.25,30.103986446980738,2,395.0369884228845,File_17
2017-07-03 04:03:10,2,0,1,24395.6759732082,251.79994634167406,10544.0,333761419.83333325,0.0,BENIGN,0.0,0.0,0.0,122.2,130.0757471629512,3,24814.64734284975,File_17
2017-07-03 04:04:30,1,0,1,15523.496161309373,168.73365392727578,48.0,0.0,0.0,BENIGN,2048.0,0.0,0.0,86.5,79.90306627407988,1,0.0,File_17
2017-07-03 04:05:50,1,0,1,1135416.6666666667,20833.33333333333,49.0,0.0,0.0,BENIGN,0.0,0.0,0.0,28.333333333333332,9.237604307034012,2,0.0,File_17
2017-07-03 04:06:00,1,0,1,4338.46502517281,64.75320933093747,1.0,0.0,0.0,BENIGN,2048.0,0.0,0.0,44.0,38.18376618407357,1,0.0,File_17
2017-07-03 04:07:50,1,0,1,1361111.111111111,27777.777777777777,3.0,0.0,0.0,BENIGN,0.0,0.0,0.0,59.333333333333336,54.270925303824825,2,0.0,File_17
2017-07-03 04:08:30,2,0,1,696619.3447295477,14505.606391514042,51845.5,16126179894.500002,0.0,BENIGN,0.0,0.0,0.0,50.6,58.17473678496535,3,21583.284000587122,File_17
2017-07-03 04:08:40,5,0,1,1617051.5508168489,17647.607156919283,2056.2666666666664,62673128.26666669,0.0,BENIGN,0.0,0.0,0.0,54.416666666666664,45.01405504412096,7,26149.14642602923,File_17
2017-07-03 04:09:20,1,0,1,1594594.5945945948,27027.027027027027,4.0,0.0,0.0,BENIGN,2048.0,0.0,0.0,48.0,42.42640687119285,1,0.0,File_17
2017-07-03 04:09:30,2,0,1,571561.1500790323,13223.11141926947,25.5,0.0,0.0,BENIGN,0.0,0.0,0.0,40.666666666666664,45.26661757483838,4,25283.991659546165,File_17
2017-07-03 04:09:40,5,0,1,1033676.0342660906,6779.1775428407,12.0,0.0,0.0,BENIGN,0.0,0.0,0.0,69.91666666666667,56.979196097161534,7,22624.363206782124,File_17
2017-07-03 04:09:50,1,0,1,5250.377370873532,65.62971713591914,4.0,0.0,0.0,BENIGN,0.0,0.0,0.0,43.0,27.712812921102035,3,25399.275580220787,File_17
2017-07-03 04:10:20,4,0,1,318388.76262117666,7368.391956651751,2.0,0.0,0.0,BENIGN,877.7142857142857,0.0,0.0,51.75,48.921949499760764,4,22941.130202751385,File_17
2017-07-03 04:11:40,1,0,1,1880000.0,26666.666666666668,4.0,0.0,0.0,BENIGN,0.0,0.0,0.0,64.0,56.568542494923804,1,0.0,File_17
2017-07-03 04:12:10,1,0,1,1600000.0,19047.61904761905,4.0,0.0,0.0,BENIGN,2048.0,0.0,0.0,33.0,11.313708498984761,1,0.0,File_17
2017-07-03 04:13:00,2,0,1,5958.060331918468,97.56564028510647,3.0,0.0,0.0,BENIGN,1365.3333333333333,0.0,0.0,68.5,67.85032547207616,2,22262.224422151132,File_17
2017-07-03 04:13:30,3,0,1,1396080.6134518962,25888.573957430595,18.0,0.0,0.0,BENIGN,0.0,0.0,0.0,58.142857142857146,64.41384057128451,4,25234.30914229452,File_17
2017-07-03 04:13:40,1,0,1,4521.328877530961,65.52650547146321,3.0,0.0,0.0,BENIGN,0.0,0.0,0.0,81.5,75.66042558696059,1,0.0,File_17
2017-07-03 04:15:00,1,0,1,2113989.6373057,20725.38860103627,3.0,0.0,0.0,BENIGN,0.0,0.0,0.0,51.0,53.693575034635195,2,0.0,File_17
2017-07-03 04:15:20,1,0,1,14391.26244779955,192.740122068744,10150.666666666668,308925416.3333333,0.0,BENIGN,0.0,0.0,0.0,38.0,11.313708498984761,1,0.0,File_17
2017-07-03 04:15:30,3,0,1,1701915.8707797646,23094.522382401727,17.666666666666668,0.0,0.0,BENIGN,0.0,0.0,0.0,41.22222222222222,25.158387159045876,6,19042.27709556751,File_17
2017-07-03 04:15:40,3,0,1,2269951.8705396517,23021.547235178936,3.0,0.0,0.0,BENIGN,0.0,0.0,0.0,70.0,65.9350329599415,5,26850.05761860575,File_17
2017-07-03 04:17:20,2,0,1,485032.307635444,13858.065932441257,3.5,0.0,0.0,BENIGN,0.0,0.0,0.0,66.5,54.396691075836586,2,24653.65617239493,File_17
2017-07-03 04:17:30,3,0,1,473127.2761445295,8886.941394507105,18.333333333333332,0.0,0.0,BENIGN,0.0,0.0,0.0,55.0,48.194052191807515,4,19521.92126815391,File_17
2017-07-03 04:17:40,3,0,1,294792.39253575786,5551.819259063942,33.333333333333336,0.0,0.0,BENIGN,0.0,0.0,0.0,44.666666666666664,33.755987123274394,3,1048.1240384610974,File_17
2017-07-03 04:18:00,1,0,1,1039370.0787401577,15748.031496062991,1.0,0.0,0.0,BENIGN,2048.0,0.0,0.0,57.0,35.35533905932738,1,0.0,File_17
2017-07-03 04:19:20,3,0,1,513054.56089118466,7376.0429312839,4188.11111111111,77529482.8888889,0.0,BENIGN,0.0,0.0,0.0,58.0,55.02726596879042,3,1062.8424906824152,File_17
2017-07-03 04:20:20,2,0,1,649671.7992095915,12429.336518515418,3.5,0.0,0.0,BENIGN,0.0,0.0,0.0,37.8,24.004166305039632,3,26076.7106102361,File_17
2017-07-03 04:20:30,1,0,1,591160.2209944751,11049.723756906076,0.0,0.0,0.0,BENIGN,2048.0,0.0,0.0,25.0,11.313708498984761,1,0.0,File_17
2017-07-03 04:21:20,1,0,1,1139784.9462365592,21505.376344086024,48.0,0.0,0.0,BENIGN,0.0,0.0,0.0,106.5,125.15790027001891,1,0.0,File_17
2017-07-03 04:22:20,1,0,1,1720430.107526882,21505.376344086024,3.0,0.0,0.0,BENIGN,0.0,0.0,0.0,53.666666666666664,39.25981830489455,2,29503.0,File_17
2017-07-03 04:22:50,1,0,1,5788.347804202844,55.92606574109028,4.0,0.0,0.0,BENIGN,2048.0,0.0,0.0,28.0,11.313708498984761,1,0.0,File_17
2017-07-03 04:23:30,1,0,1,1474999.9999999998,25000.0,3.0,0.0,0.0,BENIGN,0.0,0.0,0.0,27.0,11.313708498984761,1,0.0,File_17
2017-07-03 04:25:40,1,0,1,1238095.238095238,23809.52380952381,3.0,0.0,0.0,BENIGN,0.0,0.0,0.0,82.0,90.50966799187809,1,0.0,File_17
2017-07-03 04:27:30,1,0,1,1474358.9743589745,25641.02564102564,0.0,0.0,0.0,BENIGN,2048.0,0.0,0.0,64.0,55.154328932550705,1,0.0,File_17
2017-07-03 04:27:40,1,0,1,1469387.755102041,16326.530612244898,1.0,0.0,0.0,BENIGN,2048.0,0.0,0.0,51.0,36.76955262170047,1,0.0,File_17
2017-07-03 04:28:20,2,0,1,7418.908446115034,111.30472929459835,48.0,0.0,0.0,BENIGN,1365.3333333333333,0.0,0.0,35.75,20.02290355234891,2,9265.927260668519,File_17
2017-07-03 04:28:50,1,0,1,10368.759929760014,167.23806338322603,48.0,0.0,0.0,BENIGN,0.0,0.0,0.0,61.0,45.254833995939045,1,0.0,File_17
2017-07-03 04:29:00,1,0,1,2035928.1437125748,23952.09580838324,3.0,0.0,0.0,BENIGN,0.0,0.0,0.0,91.0,22.627416997969522,1,0.0,File_17
2017-07-03 04:29:10,1,0,1,1260.75977365307,14.745728346819533,49.0,0.0,0.0,BENIGN,2048.0,0.0,0.0,28.0,11.313708498984761,1,0.0,File_17
2017-07-03 04:30:00,1,0,1,8860.145513338723,129.3451899757478,1.0,0.0,0.0,BENIGN,2048.0,0.0,0.0,56.5,60.10407640085654,1,0.0,File_17
2017-07-03 04:30:10,2,0,1,518145.7009737036,11237.978474236104,2.5,0.0,0.0,BENIGN,1365.3333333333333,0.0,0.0,46.5,31.83813227352802,2,3948.4842661456814,File_17
2017-07-03 04:31:10,4,0,1,705674.0673270199,8738.953732178867,4954.666666666667,148747666.33333334,0.0,BENIGN,0.0,0.0,0.0,60.44444444444444,58.63256584678669,5,24839.992707074212,File_17
2017-07-03 04:31:20,14,0,1,641893.1486843148,10876.176066714655,4126.7380952380945,195038230.73809525,0.0,BENIGN,0.0,0.0,0.0,47.60526315789474,39.79035566544901,24,27322.426174720393,File_17
2017-07-03 04:31:30,2,0,1,580858.6620244824,10936.98183563496,5282.833333333334,165790010.16666666,0.0,BENIGN,0.0,0.0,0.0,67.0,79.60318251594384,2,24896.94854573325,File_17
2017-07-03 04:32:50,1,0,1,1784.7655302971689,30.949691276829512,31052.0,2892121203.0,0.0,BENIGN,0.0,0.0,0.0,64.0,47.34272207354931,3,29277.049168247813,File_17
2017-07-03 04:33:00,1,0,1,4675.11134978046,126.35436080487727,4.0,0.0,0.0,BENIGN,2048.0,0.0,0.0,84.5,92.63098833543772,1,0.0,File_17
2017-07-03 04:33:10,2,0,1,10340.177156206926,95.67719409643917,2.5,0.0,0.0,BENIGN,1365.3333333333333,0.0,0.0,50.75,32.3251707909899,2,3732.580995623389,File_17
2017-07-03 04:34:20,1,0,1,2290322.580645161,21505.376344086024,3.0,0.0,0.0,BENIGN,2048.0,0.0,0.0,69.0,67.88225099390856,1,0.0,File_17
2017-07-03 04:34:30,1,0,1,1225531.9148936172,17021.276595744683,3.0,0.0,0.0,BENIGN,2048.0,0.0,0.0,94.0,97.58073580374356,1,0.0,File_17
2017-07-03 04:35:40,3,0,1,584952.3851166585,8123.910421398537,4103.11111111111,150131924.77777782,0.0,BENIGN,0.0,0.0,0.0,38.333333333333336,13.48579499572297,3,25939.815596877324,File_17
2017-07-03 04:36:40,1,0,1,1424999.9999999998,25000.0,3.0,0.0,0.0,BENIGN,0.0,0.0,0.0,41.0,11.313708498984761,1,0.0,File_17
2017-07-03 04:36:50,1,0,1,910052.91005291,21164.021164021164,4.0,0.0,0.0,BENIGN,2048.0,0.0,0.0,45.5,26.16295090390226,1,0.0,File_17
2017-07-03 04:37:00,1,0,1,1177570.093457944,18691.58878504673,2.0,0.0,0.0,BENIGN,2048.0,0.0,0.0,51.0,26.870057685088806,1,0.0,File_17
2017-07-03 04:37:10,2,0,1,1479227.0531400966,15458.937198067633,24.5,0.0,0.0,BENIGN,1365.3333333333333,0.0,0.0,56.25,31.330230342806825,2,4259.562601436392,File_17
2017-07-03 04:38:10,1,0,1,291.70159262363785,6.705783738474434,0.0,0.0,0.0,BENIGN,2048.0,0.0,0.0,54.0,41.012193308819754,1,0.0,File_17
2017-07-03 04:38:20,1,0,1,1547738.6934673365,20100.502512562813,48.0,0.0,0.0,BENIGN,2048.0,0.0,0.0,28.0,11.313708498984761,1,0.0,File_17
2017-07-03 04:40:40,1,0,1,1202614.3790849673,13071.8954248366,3.0,0.0,0.0,BENIGN,0.0,0.0,0.0,75.5,70.0035713374682,1,0.0,File_17
2017-07-03 04:41:30,1,0,1,6471.854005486292,65.70410157854104,3.0,0.0,0.0,BENIGN,0.0,0.0,0.0,60.0,42.42640687119285,1,0.0,File_17
2017-07-03 04:42:40,2,0,1,482468.9427504127,11176.266180175484,49.0,0.0,0.0,BENIGN,0.0,0.0,0.0,39.0,12.884098726725126,3,24327.256704157993,File_17
2017-07-03 04:42:50,2,0,1,1280647.5349521707,28059.847927397594,3.0,0.0,0.0,BENIGN,0.0,0.0,0.0,68.28571428571429,45.9082936795894,5,32007.91733696524,File_17
2017-07-03 04:43:30,4,0,1,706514.6261017221,8489.526423841344,13.5,0.0,0.0,BENIGN,1170.2857142857142,0.0,0.0,54.375,28.86885370577977,4,21877.51968742045,File_17
2017-07-03 04:44:00,1,0,1,4477.34366063696,65.36268117718188,3.0,0.0,0.0,BENIGN,2048.0,0.0,0.0,76.0,74.95331880577403,1,0.0,File_17
2017-07-03 04:44:40,13,0,1,582667.3977103118,8138.737355482965,131845.98974358971,1036342487160.3358,0.0,BENIGN,0.0,0.0,0.0,58.53125,57.757549080673876,19,27754.87851229131,File_17
2017-07-03 04:44:50,5,0,1,958884.5717381792,13503.28092397321,4388.266666666666,143670376.46666667,0.0,BENIGN,0.0,0.0,0.0,55.54545454545455,50.21825093800786,6,25159.636942730314,File_17
2017-07-03 04:45:30,1,0,1,2463414.6341463416,24390.243902439022,3.0,0.0,0.0,BENIGN,0.0,0.0,0.0,51.0,11.313708498984761,1,0.0,File_17
2017-07-03 04:46:20,4,0,1,1028897.6701067713,16907.515417712173,25.75,0.0,0.0,BENIGN,0.0,0.0,0.0,51.625,46.411013163441524,4,25487.73390540346,File_17
2017-07-03 04:46:40,2,0,1,1627591.706539075,22647.527910685807,3.5,0.0,0.0,BENIGN,0.0,0.0,0.0,63.4,59.857608817370355,8,25857.37980099375,File_17
2017-07-03 04:46:50,6,0,1,1030466.1437623623,13469.174122408856,1694.5,50788165.49999999,0.0,BENIGN,256.0,0.0,0.0,48.1875,37.25268446702868,10,27257.840547548065,File_17
2017-07-03 04:48:00,1,0,1,1323741.0071942448,28776.97841726619,3.0,0.0,0.0,BENIGN,0.0,0.0,0.0,68.5,70.0035713374682,1,0.0,File_17
2017-07-03 04:48:10,3,0,1,1282649.6033336301,17276.230444978777,18.0,0.0,0.0,BENIGN,0.0,0.0,0.0,43.166666666666664,20.989680003913037,3,22661.424377121577,File_17
2017-07-03 04:48:50,4,0,1,1460921.8232747645,23284.101519395637,2.75,0.0,0.0,BENIGN,0.0,0.0,0.0,48.083333333333336,53.35210370451168,8,26191.3330368642,File_17
2017-07-03 04:49:00,1,0,1,2090322.5806451607,25806.451612903227,3.0,0.0,0.0,BENIGN,0.0,0.0,0.0,99.33333333333333,36.95041722813605,2,24564.0,File_17
2017-07-03 04:49:10,3,0,1,730663.2964863206,15426.711144613073,789619.7777777776,5611451901733.444,0.0,BENIGN,0.0,0.0,0.0,51.625,45.66316896580876,5,31203.215731061817,File_17
2017-07-03 04:49:20,2,0,1,2356650.246305419,21280.788177339902,3.0,0.0,0.0,BENIGN,0.0,0.0,0.0,59.6,51.27182462132589,3,32074.8401710749,File_17
2017-07-03 04:49:40,2,0,1,10609.11032863326,149.1856254705068,3.5,0.0,0.0,BENIGN,0.0,0.0,0.0,48.0,27.2213151776324,3,26647.560826462148,File_17
2017-07-03 04:49:50,1,0,1,208.3424600924257,3.230115660347686,441720.42857142864,607120669606.2856,0.0,BENIGN,0.0,0.0,0.0,49.0,41.012193308819754,1,0.0,File_17
2017-07-03 04:50:20,2,0,1,406163.5781192977,8776.751886009066,0.5,0.0,0.0,BENIGN,1365.3333333333333,0.0,0.0,55.25,29.284523785326154,2,7114.437027778251,File_17
2017-07-03 04:50:50,4,0,1,307255.9330554326,6512.429866014116,7572.0,256468569.5,0.0,BENIGN,0.0,0.0,0.0,51.44444444444444,41.08865753194886,5,28737.583072683323,File_17
2017-07-03 04:51:00,5,0,1,972153.8212589634,12123.080208912583,5689.6,331412216.73333323,0.0,BENIGN,0.0,0.0,0.0,45.0,27.823620292008123,9,20822.950960376023,File_17
2017-07-03 04:52:00,2,0,1,6682.886959417889,97.18989885824048,25.5,0.0,0.0,BENIGN,0.0,0.0,0.0,49.4,41.84853641407307,3,24643.65922884627,File_17
2017-07-03 04:52:10,1,0,1,1907284.7682119205,26490.06622516556,4.0,0.0,0.0,BENIGN,0.0,0.0,0.0,67.66666666666667,65.24058041842771,2,0.0,File_17
2017-07-03 04:53:00,4,0,1,909779.6365073302,9831.131426551743,548075.8333333333,3604305081950.0835,0.0,BENIGN,0.0,0.0,0.0,39.77777777777778,30.727747142353998,5,26700.755648248985,File_17
2017-07-03 04:53:10,4,0,1,1055758.028401832,15205.446536091698,2466.25,71457840.75000001,0.0,BENIGN,0.0,0.0,0.0,62.625,51.95860302752017,4,27454.489767762272,File_17
2017-07-03 04:53:40,2,0,1,1224166.6666666667,22261.904761904763,3.0,0.0,0.0,BENIGN,0.0,0.0,0.0,56.2,56.01071326094678,3,28354.306983243303,File_17
2017-07-03 04:53:50,5,0,1,378235.0468363364,3997.4956277975725,9475.466666666665,357868652.0666667,0.0,BENIGN,0.0,0.0,0.0,47.3125,28.410605414175883,11,26712.36570745633,File_17
2017-07-03 04:54:10,7,0,1,964832.7669075069,13906.68221299611,9.857142857142858,0.0,0.0,BENIGN,0.0,0.0,0.0,72.57142857142857,62.71389771839227,7,28088.47716891464,File_17
2017-07-03 04:55:00,1,0,1,862453.5315985131,14869.888475836431,48.0,0.0,0.0,BENIGN,2048.0,0.0,0.0,39.0,22.627416997969522,1,0.0,File_17
2017-07-03 04:55:10,3,0,1,642875.0592382379,6451.776591816367,6727.222222222222,203005254.22222224,0.0,BENIGN,0.0,0.0,0.0,53.44444444444444,58.28617141121706,6,28429.900254837336,File_17
2017-07-03 04:55:20,2,0,1,517097.0579130484,10978.756759173823,5131.666666666666,156437628.16666672,0.0,BENIGN,0.0,0.0,0.0,35.4,21.686401268998043,3,5440.0,File_17
2017-07-03 04:57:10,1,0,1,4940.239043824701,119.5219123505976,16265.0,793309147.0000004,0.0,BENIGN,0.0,0.0,0.0,21.333333333333332,9.237604307034012,2,29114.0,File_17
2017-07-03 04:57:20,2,0,1,13032.312461262805,103.79887368118209,7344.666666666666,322454311.16666675,0.0,BENIGN,0.0,0.0,0.0,42.8,25.113741258522193,3,28454.21291302924,File_17
2017-07-03 04:58:10,1,0,1,8676.789587852494,166.86133822793258,4.0,0.0,0.0,BENIGN,0.0,0.0,0.0,56.333333333333336,50.80682368868706,2,24755.5,File_17
2017-07-03 04:58:30,1,0,1,1821917.808219178,27397.260273972603,3.0,0.0,0.0,BENIGN,0.0,0.0,0.0,126.0,147.07821048680188,1,0.0,File_17
2017-07-03 05:00:00,2,0,1,523974.2941728646,11379.521987147087,24.5,0.0,0.0,BENIGN,1365.3333333333333,0.0,0.0,93.5,101.39197864394073,2,15121.080127498242,File_17
2017-07-03 05:00:10,2,0,1,1418579.2349726777,21185.372005044133,24.5,0.0,0.0,BENIGN,1365.3333333333333,0.0,0.0,55.0,34.01960219246153,2,17340.870976459693,File_17
2017-07-03 05:00:30,3,0,1,632639.7398962306,6089.876946075811,18.333333333333332,0.0,0.0,BENIGN,1228.8,0.0,0.0,60.333333333333336,38.06135397836849,3,13644.405939431736,File_17
2017-07-03 08:56:30,3,0,2,299744.89470491704,7470.881432389061,748364.6306306302,24840654891679.496,0.0,BENIGN,1612.9,0.0,0.0,55.8,29.48370548097523,7,27429.242517097122,File_17
2017-07-03 08:56:40,1,0,1,50.01041883725776,2.0004167534903106,1499386.0,860672.0000000002,0.0,BENIGN,0.0,0.0,0.0,38.0,0.0,2,0.0,File_17
2017-07-03 08:56:50,1,0,1,8.792388490342166,0.1831747602154617,13102219.4,810140637393971.2,0.0,BENIGN,0.0,0.0,0.0,36.0,0.0,1,0.0,File_17
2017-07-03 08:57:00,1,0,1,5289.450484866295,65.30185783785548,0.0,0.0,0.0,BENIGN,5376.333333333333,0.0,0.0,89.25,63.93942445784135,3,29183.711073131188,File_17
2017-07-03 08:57:20,14,0,6,6891880.707271189,34512.830183201135,436321.1194009875,37095710038809.016,0.0,BENIGN,6480.685714285714,0.0,0.0,80.83333333333333,69.87478596951631,22,29247.65518170226,File_17
2017-07-03 08:57:30,9,0,5,344154.8702740208,2839.8232736788623,2359687.926054215,140782765361472.88,0.0,BENIGN,5232.314285714285,0.0,0.0,66.71428571428571,61.69857604284142,12,27829.164949024253,File_17
2017-07-03 08:57:40,4,0,2,4132.884233640587,50.45743332463308,54749.48965517242,643932814409.0372,0.0,BENIGN,4216.732026143792,0.0,0.0,77.83333333333333,57.46124013321553,14,27569.47185066423,File_17
2017-07-03 08:57:50,6,0,4,938.7790116867482,11.614954709028291,24612737.777272727,186498973074636.0,0.0,BENIGN,3083.1868131868127,0.0,0.0,105.07142857142857,86.89203228562026,8,22132.017221302347,File_17
2017-07-03 08:58:10,1,0,1,2.995596332971953,0.0624082569369156,63999960.0,0.0,0.0,BENIGN,65.33333333333333,0.0,0.0,36.0,0.0,3,0.0,File_17
2017-07-03 08:58:20,1,0,1,1133.148755991524,22.66297511983048,45385.54285714288,34984736118.13782,0.0,BENIGN,0.0,0.0,0.0,38.0,0.0,20,0.0,File_17
2017-07-03 08:58:30,3,0,3,2560.8654927051034,40.29912811196862,110447.69267930141,1677317091814.3171,0.0,BENIGN,3195.984273820536,0.0,0.0,40.38297872340426,21.476532380909013,44,9060.58715501224,File_17
2017-07-03 08:58:40,3,0,1,6137.6401130791455,84.73415453105262,1.3333333333333333,0.0,0.0,BENIGN,4320.267857142857,0.0,0.0,65.25,39.42714800743264,5,21070.26831285046,File_17
2017-07-03 08:58:50,1,0,1,5765.7657657657655,65.52006552006551,0.0,0.0,0.0,BENIGN,8064.5,0.0,0.0,128.0,57.982756057296896,1,0.0,File_17
2017-07-03 08:59:10,4,0,3,637176.238009859,9796.954455671366,811752.1124249591,60006678496033.57,0.0,BENIGN,2425.3157894736846,0.0,0.0,68.78947368421052,51.92363938983264,15,14212.775699683232,File_17
2017-07-03 08:59:20,5,0,1,73344.08430406038,831.4614649811103,0.0,0.0,0.0,BENIGN,4244.473684210527,0.0,0.0,74.8,49.2069742596461,15,30574.42922795058,File_17
2017-07-03 08:59:30,5,0,1,47653.57800853913,600.9028104503924,0.0,0.0,0.0,BENIGN,4301.066666666667,0.0,0.0,70.25,40.7602747782691,11,30173.269248274853,File_17
2017-07-03 09:00:20,3,0,1,4170.438075833313,65.492984786311,0.0,0.0,0.0,BENIGN,4838.7,0.0,0.0,67.16666666666667,27.58562427545671,3,29083.100567855552,File_17
2017-07-03 09:01:00,1,0,1,4557.440020834011,65.10628601191445,0.0,0.0,0.0,BENIGN,8064.5,0.0,0.0,52.0,19.79898987322333,1,0.0,File_17
2017-07-03 09:01:30,2,0,1,2419.2037050295344,33.521477951341595,0.0,0.0,0.0,BENIGN,4838.7,0.0,0.0,83.16666666666667,52.677952377314995,4,29916.63845688549,File_17
2017-07-03 09:01:40,10,0,1,92775.86220693451,1153.9772954078019,0.0,0.0,0.0,BENIGN,4141.22972972973,0.0,0.0,63.13157894736842,32.23157009754657,28,30274.104991659442,File_17
2017-07-03 09:01:50,12,0,1,54054.73260226025,642.5538403497795,0.5833333333333334,0.0,0.0,BENIGN,4097.2862903225805,0.0,0.0,72.25,61.195614432788005,20,30422.82411270716,File_17
2017-07-03 09:02:00,11,0,1,52049.97166879393,878.4120723024207,0.36363636363636365,0.0,0.0,BENIGN,4134.656349206348,0.0,0.0,72.61111111111111,43.72072263013944,25,29526.52883993495,File_17
2017-07-03 09:02:10,33,0,1,44401.98203484193,831.7352885762356,1028221.3939393939,0.0,0.0,BENIGN,4038.5950039339114,0.0,0.0,78.73387096774194,51.87995976814352,91,29956.068311024548,File_17
2017-07-03 09:02:20,4,0,1,5207.014297212134,58.062623350877644,1.0,0.0,0.0,BENIGN,3910.060606060605,0.0,0.0,121.08333333333333,122.60243089191202,8,27210.707647803185,File_17
2017-07-03 09:02:30,14,0,4,297059.1061943919,2750.436972526531,777991.4109033823,44365031004623.93,0.0,BENIGN,5532.722096530919,0.0,0.0,74.84615384615384,54.61931878847488,38,30382.302527389544,File_17
2017-07-03 09:02:40,2,0,2,336919.01646508754,1792.14498161286,32999950.5,0.0,0.0,BENIGN,8701.666666666666,0.0,0.0,42.0,14.787382008545888,2,29415.18457456209,File_17
2017-07-03 09:02:50,1,0,1,4115.6295933366,65.32745386248571,0.0,0.0,0.0,BENIGN,5376.333333333333,0.0,0.0,93.0,100.0499875062461,3,0.0,File_17
2017-07-03 09:03:00,16,0,3,91950.24594235892,1871.524351013574,8316084.454166667,520122395331.82574,0.0,BENIGN,4843.304295220812,0.0,0.0,61.10344827586207,39.32531422351231,42,30337.67179451932,File_17
2017-07-03 09:03:10,3,0,2,1582.9196330962866,29.123688050555625,4367985.133333334,270054168024669.4,0.0,BENIGN,4301.066666666667,0.0,0.0,55.333333333333336,35.44949458972112,3,29891.088273262987,File_17
2017-07-03 09:03:20,3,0,2,2695.8000587995334,46.87012285668086,2811.476722532587,2109483084.5053885,0.0,BENIGN,4105.563636363637,0.0,0.0,85.72727272727273,65.56384813155937,8,28217.808805965076,File_17
2017-07-03 09:03:30,6,0,1,2195.3939204282938,22.90005289653662,0.0,0.0,0.0,BENIGN,4224.261904761905,0.0,0.0,67.13636363636364,37.21916487196124,16,30519.92783200426,File_17
2017-07-03 09:03:40,3,0,1,2508.170061797178,20.708122846884038,0.0,0.0,0.0,BENIGN,4480.277777777777,0.0,0.0,74.5,61.75084344903045,7,30212.591754816563,File_17
2017-07-03 09:04:00,1,0,1,3346.950829354728,32.81324342504635,0.0,0.0,0.0,BENIGN,8064.5,0.0,0.0,104.5,75.66042558696059,1,0.0,File_17
2017-07-03 09:04:10,7,0,1,3687.0512361458977,39.03848692671254,0.42857142857142855,0.0,0.0,BENIGN,4233.8625,0.0,0.0,76.75,49.8337235213264,9,30141.58148648917,File_17
2017-07-03 09:04:20,9,0,3,96171.07617519196,933.3791178853324,106312.3688225539,682831588664.1613,0.0,BENIGN,4524.863636363636,0.0,0.0,81.06060606060606,52.72033490145157,24,29703.29347979572,File_17
2017-07-03 09:04:30,11,0,4,97515.93031504573,1371.1586372151537,2512789.5815099846,144691436360136.75,0.0,BENIGN,5802.371212121211,0.0,0.0,78.39393939393939,73.23632098980131,22,26811.76620295416,File_17
2017-07-03 09:04:40,2,0,1,569008.6371301896,10246.654751985516,0.5,0.0,0.0,BENIGN,6410.916666666667,0.0,0.0,91.0,75.07773749032843,2,19427.994515360788,File_17
2017-07-03 09:05:00,5,0,1,3242.1753481288442,42.74745601157317,23744817.0,0.0,0.0,BENIGN,4233.8625,0.0,0.0,79.6875,62.532891345275246,11,29006.46663257465,File_17
2017-07-03 09:05:30,7,0,1,4620.880842427503,48.475266995610966,26728880.57142857,0.0,0.0,BENIGN,4162.322580645161,0.0,0.0,70.6875,46.1717952587871,25,27619.84755240148,File_17
2017-07-03 09:05:40,1,0,1,8.71502840257133,0.117506000933546,25515084.0,146819225958962.06,0.0,BENIGN,5376.333333333333,0.0,0.0,74.25,41.50803135137424,3,28284.2712474619,File_17
2017-07-03 09:05:50,28,0,1,121566.38273770515,1944.3257206248823,2586557.214285714,53541879590962.58,0.0,BENIGN,4059.221571906354,0.0,0.0,74.34782608695652,48.72448552553084,64,28847.77903432741,File_17
2017-07-03 09:06:00,1,0,1,7797.437984662182,85.68613169958442,0.0,0.0,0.0,BENIGN,8064.5,0.0,0.0,46.0,11.313708498984761,1,0.0,File_17
2017-07-03 09:06:10,10,0,1,282116.6961474447,2475.1916144105007,1181554.1,0.0,0.0,BENIGN,4152.754022988504,0.0,0.0,68.86666666666666,48.773037586378585,20,28286.990517841958,File_17
2017-07-03 09:06:20,59,0,1,76116.843973968,1150.62546657553,5387144.915254237,847701373456.3052,0.0,BENIGN,4003.652482269504,0.0,0.0,72.63492063492063,46.5390370071425,130,29798.8925897277,File_17
2017-07-03 09:06:30,104,0,1,105304.79160891459,1668.712859131002,2373621.4903846155,1274880404457.5,0.0,BENIGN,4014.7770389189022,0.0,0.0,74.5524861878453,53.4724280509945,258,29819.501352001287,File_17
2017-07-03 09:06:40,105,0,1,59041.22532252226,929.578180572815,2100999.46984127,7918232271.955557,0.0,BENIGN,4058.0199319096255,0.0,0.0,72.84444444444445,50.69509293963731,255,30231.87615738149,File_17
2017-07-03 09:06:50,100,0,1,93378.45183936687,1079.2417563998401,1513569.79,0.0,0.0,BENIGN,4096.235229955229,0.0,0.0,76.64957264957265,52.56103655848659,251,29932.32163009814,File_17
2017-07-03 09:07:00,43,0,1,55452.853522632075,956.3858250587225,4737573.73255814,94344333792939.7,0.0,BENIGN,4031.421171634122,0.0,0.0,72.66428571428571,47.96455686560091,97,30164.571611531635,File_17
2017-07-03 09:07:10,6,0,1,5307.34331213424,58.04349894476609,0.6666666666666666,0.0,0.0,BENIGN,4216.732026143792,0.0,0.0,73.11111111111111,60.80720631528208,12,30321.59904747518,File_17
2017-07-03 09:07:20,9,0,1,160080.3363053994,1631.531250384679,0.7777777777777778,0.0,0.0,BENIGN,4043.7378917378924,0.0,0.0,74.5925925925926,52.238549911593985,18,30483.503435629882,File_17
2017-07-03 09:07:40,3,0,1,149695.93358966516,1227.0116248394095,31652696.666666668,0.0,0.0,BENIGN,4480.277777777777,0.0,0.0,59.7,30.933800283831925,7,30449.38372301008,File_17
2017-07-03 09:07:50,4,0,1,369105.175571828,6848.056676312192,21495473.25,0.0,0.0,BENIGN,4276.628787878788,0.0,0.0,55.416666666666664,29.858631562546183,8,28840.134660567543,File_17
2017-07-03 09:08:10,5,0,3,2484.7916288203705,35.76602135268248,2641027.148380463,164153279290263.56,0.0,BENIGN,3763.433333333332,0.0,0.0,65.23809523809524,44.63396101838236,16,24091.26548274291,File_17
2017-07-03 09:08:20,2,0,1,877.8546861894687,8.279273919404549,33761466.0,0.0,0.0,BENIGN,4398.818181818182,0.0,0.0,65.66666666666667,33.78362522485314,10,30035.507352146167,File_17
2017-07-03 09:08:30,3,0,1,6525.332227790873,86.2730220460708,16.0,0.0,0.0,BENIGN,4276.628787878788,0.0,0.0,77.16666666666667,40.93194647734508,9,23015.86962715541,File_17
2017-07-03 09:08:40,4,0,1,224977.0105021283,3676.7620812046366,8395983.75,0.0,0.0,BENIGN,4301.0666666666675,0.0,0.0,62.3,42.16383389694169,6,29222.958269564213,File_17
2017-07-03 09:08:50,2,0,1,821533.1273770039,10267.440600887914,1.5,0.0,0.0,BENIGN,4276.628787878788,0.0,0.0,91.25,82.24146819524255,10,29328.907425556434,File_17
2017-07-03 09:09:10,23,0,1,18413.077211417418,285.92174702836405,5647021.673913044,573650353584.5433,0.0,BENIGN,4065.6634589681908,0.0,0.0,77.20689655172414,57.20447574191882,64,29904.456575387332,File_17
2017-07-03 09:09:20,72,0,1,78909.64971833355,1629.2524100341816,3900386.4907407407,157746127.7824074,0.0,BENIGN,3981.1688650907668,0.0,0.0,73.85887096774194,49.8822118864805,176,29800.334779727807,File_17
2017-07-03 09:09:30,4,0,1,4987.80030015007,65.13581435897916,0.0,0.0,0.0,BENIGN,4398.818181818182,0.0,0.0,98.41666666666667,89.76480210511076,8,30415.353348634864,File_17
2017-07-03 09:09:40,4,0,1,3568.2908616362647,39.786192992933,0.0,0.0,0.0,BENIGN,4398.818181818182,0.0,0.0,55.833333333333336,27.498209308089777,8,30353.884820876032,File_17
2017-07-03 09:09:50,3,0,3,1620.009626229572,24.046461213472625,317662.0575980393,2495786701659.7754,0.0,BENIGN,4253.802197802199,0.0,0.0,80.35714285714286,77.36288828318449,11,29510.324546909087,File_17
2017-07-03 09:10:10,14,0,1,60407.65533103875,1068.0397602625947,3841839.4285714286,0.0,0.0,BENIGN,4305.637949260041,0.0,0.0,66.0909090909091,43.80709201467545,30,29011.56094085574,File_17
2017-07-03 09:10:20,2,0,1,5795.601445033601,65.1200941330494,0.0,0.0,0.0,BENIGN,4398.818181818182,0.0,0.0,68.75,40.38029447413901,10,30825.17685591353,File_17
2017-07-03 09:10:30,9,0,1,4474.745834558511,55.120244586432555,1.2222222222222223,0.0,0.0,BENIGN,3944.592391304348,0.0,0.0,61.166666666666664,44.69088679271022,15,23172.80717762726,File_17
2017-07-03 09:10:40,1,0,1,1151.5650028139746,8.658383479804321,0.0,0.0,0.0,BENIGN,5376.333333333333,0.0,0.0,47.0,20.784609690826528,3,28665.166100261056,File_17
2017-07-03 09:10:50,20,0,1,40168.25627676993,602.9988483737457,67718.65,0.0,0.0,BENIGN,4044.0333138515484,0.0,0.0,69.03389830508475,50.81574766155934,39,30415.80106015776,File_17
2017-07-03 09:11:00,37,0,1,179255.67006374677,2450.208442229421,0.8108108108108109,0.0,0.0,BENIGN,3925.737735849056,0.0,0.0,73.05660377358491,52.1585184913542,69,29272.489298211774,File_17
2017-07-03 09:11:10,4,0,1,4805.024895811564,98.03284612704124,1.75,0.0,0.0,BENIGN,3763.4333333333325,0.0,0.0,70.4,53.5582756340128,6,27005.22929927041,File_17
2017-07-03 09:11:20,8,0,1,588375.8065435461,5285.835980093574,8262622.875,0.0,0.0,BENIGN,3815.4623655913974,0.0,0.0,67.48387096774194,44.683979953850674,23,28566.5703643651,File_17
2017-07-03 09:11:40,8,0,1,121114.70039652809,1061.5675647584196,5587292.125,0.0,0.0,BENIGN,4586.078042328042,0.0,0.0,72.14285714285714,47.09306332950336,20,28152.473010294074,File_17
2017-07-03 09:11:50,1,0,1,3414.6501625242145,65.66634927931182,0.0,0.0,0.0,BENIGN,8064.5,0.0,0.0,71.0,39.59797974644666,1,0.0,File_17
2017-07-03 09:12:00,3,0,1,126272.35127006612,1303.1944000143328,0.0,0.0,0.0,BENIGN,4480.277777777777,0.0,0.0,84.5,65.3898565018561,7,25176.8325869461,File_17
2017-07-03 09:12:10,11,0,1,96872.69934511028,1831.4430651762175,10509211.636363637,0.0,0.0,BENIGN,3971.155303030303,0.0,0.0,81.78787878787878,55.21025582701866,22,28067.009214486923,File_17
2017-07-03 09:12:20,26,0,1,2605.1312275654095,32.57569901534011,4741459.225641026,7522751458.328203,0.0,BENIGN,4059.8303693570438,0.0,0.0,71.79069767441861,45.33097013770134,60,29480.77236565506,File_17
2017-07-03 09:12:30,28,0,1,116107.66085504204,2095.9747135408693,3485501.3690476194,619361636.6785716,0.0,BENIGN,3910.0606060606065,0.0,0.0,72.28,42.30459057641834,72,29903.84740524128,File_17
2017-07-03 09:12:40,6,0,1,2876.472554966514,43.31938390113091,5120.444444444444,471726089.388889,0.0,BENIGN,3913.6544117647054,0.0,0.0,66.17647058823529,56.18522414091365,11,30599.43811467122,File_17
2017-07-03 09:12:50,3,0,1,1562.4492982181898,17.189829087180236,39634696.0,0.0,0.0,BENIGN,4398.818181818182,0.0,0.0,59.166666666666664,26.02737486617201,9,27095.023549667283,File_17
2017-07-03 09:13:10,3,0,1,5287.61921612666,44.7240570660405,0.0,0.0,0.0,BENIGN,4608.285714285715,0.0,0.0,87.625,52.06297697431997,5,27619.919576055163,File_17
2017-07-03 09:13:30,2,0,1,2176.446329099896,17.44053716933316,0.0,0.0,0.0,BENIGN,5376.333333333333,0.0,0.0,66.5,36.565010597564445,2,81.08157757605746,File_17
2017-07-03 09:13:50,2,0,1,4674.382465798498,53.8005261071291,0.0,0.0,0.0,BENIGN,4301.066666666667,0.0,0.0,87.3125,53.25876297224085,14,30527.089340453014,File_17
2017-07-03 09:14:00,1,0,1,1542857.1428571427,19047.61904761905,3.0,0.0,0.0,BENIGN,0.0,0.0,0.0,51.4,44.88095364405707,4,0.0,File_17
2017-07-03 09:14:10,29,0,1,2679.175044761064,32.48653418936008,10815606.655172413,0.0,0.0,BENIGN,4070.652380952381,0.0,0.0,76.88679245283019,59.22697595726315,77,29897.545889069643,File_17
2017-07-03 09:14:40,7,0,1,5058.012047284424,53.694372218599064,7.0,0.0,0.0,BENIGN,4168.726153846155,0.0,0.0,68.76923076923077,44.730578080152455,19,30340.299973467634,File_17
2017-07-03 09:14:50,81,0,1,201340.86507319074,2775.234985027532,7528064.277777778,68232407643.265434,0.0,BENIGN,3901.643990886653,0.0,0.0,71.5304347826087,50.423502827200764,149,29392.520571565383,File_17
2017-07-03 09:15:00,5,0,1,198934.8247885144,4958.726225964826,11462415.6,0.0,0.0,BENIGN,5082.285714285714,0.0,0.0,55.0,35.55494123400918,9,28342.251706365576,File_17
2017-07-03 09:15:10,38,0,1,29511.556436826853,544.8077737401587,3948422.3947368423,6128662122136.8955,0.0,BENIGN,4030.49302832244,0.0,0.0,70.13970588235294,47.740684225126316,98,30343.82440438984,File_17
2017-07-03 09:15:20,41,0,1,99355.00014985824,1404.1479253111638,616127.081300813,248207516.5203252,0.0,BENIGN,4039.1953125,0.0,0.0,74.2421875,50.67384454688057,87,29772.296543277393,File_17
2017-07-03 09:15:30,59,0,1,100457.65622341639,1317.646503578085,2301231.587570621,136984875.17514125,0.0,BENIGN,3978.5692524321557,0.0,0.0,74.90783410138249,57.61542989874149,158,30221.723161263933,File_17
2017-07-03 09:15:40,8,0,1,149915.29685025784,1941.9544935835643,0.125,0.0,0.0,BENIGN,4869.281045751634,0.0,0.0,63.111111111111114,41.64823121572743,10,25817.60786039671,File_17
2017-07-03 09:15:50,13,0,1,69850.000027034,623.9665851038093,12390288.76923077,0.0,0.0,BENIGN,4135.641025641025,0.0,0.0,68.25,37.64186839690953,27,26612.809740128905,File_17
2017-07-03 09:16:10,18,0,1,25719.662791454946,291.31468835423306,4674161.777777778,0.0,0.0,BENIGN,4502.694805194805,0.0,0.0,71.35714285714286,55.326609928982336,38,29954.460037875175,File_17
2017-07-03 09:16:20,3,0,1,116846.57434010935,1330.422615716376,0.0,0.0,0.0,BENIGN,4398.818181818182,0.0,0.0,82.75,60.48309305462598,9,30149.6056731748,File_17
2017-07-03 09:16:40,3,0,1,124177.59334211754,1395.724863604176,39662624.333333336,0.0,0.0,BENIGN,4480.277777777777,0.0,0.0,72.7,46.000120772788314,7,30363.564226605708,File_17
2017-07-03 09:16:50,6,0,1,1906.374691237761,17.299465957787096,40143871.666666664,0.0,0.0,BENIGN,4244.473684210527,0.0,0.0,76.35,63.40535839883101,14,29337.355009113347,File_17
2017-07-03 09:17:00,1,0,1,1694.904731453831,12.416884479515245,0.0,0.0,0.0,BENIGN,5376.333333333333,0.0,0.0,77.5,34.809002666934695,3,0.0,File_17
2017-07-03 09:17:20,1,0,1,5850.899575809781,32.50499764338767,0.0,0.0,0.0,BENIGN,5376.333333333333,0.0,0.0,83.5,48.18367635067572,3,0.0,File_17
2017-07-03 09:17:30,24,0,1,3382.5090246019904,41.1069670748054,6289878.3125,3055463507407.52,0.0,BENIGN,4077.5561797752807,0.0,0.0,81.73333333333333,51.949586625514144,66,29622.910862432833,File_17
2017-07-03 09:17:40,1,0,1,6.809590627439686,0.089014256567839,44888475.0,0.0,0.0,BENIGN,8064.5,0.0,0.0,56.0,11.313708498984761,1,0.0,File_17
2017-07-03 09:17:50,14,0,3,35957.89568815175,312.8737131744101,2198666.893483709,98025373311250.64,0.0,BENIGN,3927.060869565217,0.0,0.0,68.23913043478261,37.10836071268319,32,30021.584250068325,File_17
2017-07-03 09:18:00,37,0,1,42382.048625641524,491.80705869813266,1383623.2972972973,0.0,0.0,BENIGN,4161.775630252101,0.0,0.0,66.98333333333333,40.1871636626585,83,29616.993379745214,File_17
2017-07-03 09:18:10,20,0,1,28448.05685365296,240.23178810561657,13927413.35,0.0,0.0,BENIGN,4083.813299232735,0.0,0.0,68.3768115942029,45.235690441117065,49,30198.721102100037,File_17
2017-07-03 09:18:20,7,0,1,326783.8963929298,2423.3911380142486,10247943.142857144,0.0,0.0,BENIGN,4074.694736842105,0.0,0.0,63.45,31.901946814047506,13,30380.173069247838,File_17
2017-07-03 09:18:30,9,0,1,3481.1790784013397,38.91536128568552,20760406.111111112,0.0,0.0,BENIGN,3954.2064516129035,0.0,0.0,65.2258064516129,40.90453086347881,22,30407.664460881497,File_17
2017-07-03 09:18:40,21,0,1,337706.9913255411,3892.320232020452,2.8095238095238093,0.0,0.0,BENIGN,3931.4437500000004,0.0,0.0,70.06153846153846,48.1144069260565,44,29963.721017944532,File_17
2017-07-03 09:18:50,2,0,1,7575.506305243509,73.41513383141351,0.0,0.0,0.0,BENIGN,4608.285714285715,0.0,0.0,74.875,49.52758971378622,6,30069.714915543194,File_17
2017-07-03 09:19:00,3,0,1,3454.8904853470754,65.00917540812777,15.666666666666666,0.0,0.0,BENIGN,4032.25,0.0,0.0,62.22222222222222,49.98694273952393,6,31314.061796379912,File_17
2017-07-03 09:19:10,4,0,1,111689.96297983725,948.3881873845105,0.0,0.0,0.0,BENIGN,4301.066666666667,0.0,0.0,85.8125,60.92204718600101,12,29731.062935290796,File_17
2017-07-03 09:19:30,3,0,1,1305.4493416677713,16.15022899764058,36067954.333333336,0.0,0.0,BENIGN,4480.277777777777,0.0,0.0,56.1,32.93242238956079,7,30220.571336037698,File_17
2017-07-03 09:19:40,15,0,1,2487.6511837116054,31.736863585647527,15279330.8,0.0,0.0,BENIGN,4102.991228070176,0.0,0.0,66.32758620689656,39.055241098081574,43,30224.682245908105,File_17
2017-07-03 09:19:50,3,0,1,563881.4070607836,7997.023399442912,1.3333333333333333,0.0,0.0,BENIGN,4320.267857142857,0.0,0.0,51.375,24.21296878003309,5,27589.955283969353,File_17
2017-07-03 09:20:00,14,0,1,131965.01158781382,1206.5534173488281,20552077.285714287,0.0,0.0,BENIGN,4088.2077551020407,0.0,0.0,71.68,42.0914650323724,36,30005.341968870944,File_17
2017-07-03 09:20:10,9,0,1,3407.162671072107,44.744749681719355,8540098.666666666,0.0,0.0,BENIGN,4869.281045751634,0.0,0.0,73.83333333333333,44.98659931187352,9,25533.388645791303,File_17
2017-07-03 09:20:20,5,0,1,4280.282562833525,49.41974528843765,0.0,0.0,0.0,BENIGN,4342.423076923077,0.0,0.0,55.285714285714285,24.81447645545321,9,22015.33950756009,File_17
2017-07-03 09:20:30,1,0,1,9462.51225437961,85.24785814756405,0.0,0.0,0.0,BENIGN,8064.5,0.0,0.0,95.0,93.33809511662427,1,0.0,File_17
2017-07-03 09:20:50,3,0,1,4790.373411074464,49.35668940927352,0.0,0.0,0.0,BENIGN,4480.277777777777,0.0,0.0,79.5,47.65909030698015,7,30253.672900988404,File_17
2017-07-03 09:21:00,8,0,1,4094.3279896756485,47.54945689301407,0.75,0.0,0.0,BENIGN,4052.11330049261,0.0,0.0,73.72413793103448,55.72566512563652,21,29453.886811438322,File_17
2017-07-03 09:21:10,8,0,2,3204.2527827178533,41.585187473269414,912670.016025641,2661504142632.179,0.0,BENIGN,3337.0344827586205,0.0,0.0,70.51724137931035,58.045315234647965,21,29947.68903344426,File_17
2017-07-03 09:21:20,38,0,2,135338.25820380892,1668.8527500493517,3168460.5263157897,21325582227963.586,0.0,BENIGN,3469.1202389843165,0.0,0.0,66.40384615384616,49.445177885527336,66,29661.820465115437,File_17
2017-07-03 09:21:30,18,0,3,442951.78375638346,4294.913965528717,683083.3330261136,24550770978672.258,0.0,BENIGN,4214.836055656382,0.0,0.0,65.03448275862068,51.07372226368584,40,29572.065204021543,File_17
2017-07-03 09:21:40,5,0,2,4631.683108047177,56.24108223541539,2266661.7333333334,104533112320831.47,0.0,BENIGN,5449.333333333333,0.0,0.0,68.0,55.706373064488766,11,25776.5492587524,File_17
2017-07-03 09:21:50,1,0,1,1950.319286141199,20.97117511979784,0.0,0.0,0.0,BENIGN,8064.5,0.0,0.0,98.0,76.36753236814714,1,0.0,File_17
2017-07-03 09:22:10,1,0,1,4377.082380610179,65.32958777030117,0.0,0.0,0.0,BENIGN,8064.5,0.0,0.0,39.0,11.313708498984761,1,0.0,File_17
2017-07-03 09:22:20,6,0,1,2530.3022448562965,29.99404990229532,19593179.833333332,0.0,0.0,BENIGN,4301.066666666667,0.0,0.0,73.375,47.495789287051544,10,30666.36505895162,File_17
2017-07-03 09:22:30,17,0,1,393225.3344594767,4839.25090418639,6905638.764705882,0.0,0.0,BENIGN,3793.4059233449475,0.0,0.0,64.19047619047619,44.481422866804934,25,29208.11013616515,File_17
2017-07-03 09:22:40,6,0,1,615816.0706143114,5599.39736639915,19390328.166666668,0.0,0.0,BENIGN,4084.616883116884,0.0,0.0,69.9090909090909,43.24009282720873,16,27113.448129552296,File_17
2017-07-03 09:22:50,1,0,1,788177.3399014778,19704.433497536946,3.0,0.0,0.0,BENIGN,2048.0,0.0,0.0,41.5,27.577164466275352,1,0.0,File_17
2017-07-03 09:23:10,2,0,1,3849.1282624858873,40.98579527617769,0.0,0.0,0.0,BENIGN,4838.7,0.0,0.0,71.66666666666667,47.2299340108227,4,30125.16764036343,File_17
2017-07-03 09:23:40,3,0,1,6374.932319578528,70.88776569876451,1.0,0.0,0.0,BENIGN,4147.4571428571435,0.0,0.0,62.46666666666667,33.50024875529534,12,29475.22270328357,File_17
2017-07-03 09:23:50,2,0,1,5513.884901770394,32.45293662375504,23680630.5,0.0,0.0,BENIGN,5376.333333333333,0.0,0.0,71.5,36.13400983376557,2,27950.517753105516,File_17
2017-07-03 09:24:00,9,0,1,1270.642399918736,19.622946937628367,18560319.333333332,24319174887200.008,0.0,BENIGN,4207.565217391304,0.0,0.0,69.45833333333333,43.255539144330015,15,30301.439209925604,File_17
2017-07-03 09:24:10,13,0,2,228513.12872629467,1886.4882535402025,8671698.76923077,21366519556806.895,0.0,BENIGN,4285.570850202429,0.0,0.0,73.94871794871794,47.25571461847301,26,30224.98404344645,File_17
2017-07-03 09:24:20,23,0,1,97994.0435995581,1906.8567387578746,9225450.43478261,0.0,0.0,BENIGN,3979.9994446501305,0.0,0.0,75.37837837837837,48.60624648472993,51,30163.433217147205,File_17
2017-07-03 09:24:30,19,0,1,312688.8209064569,4917.302384721904,15719466.350877194,1194162211.5964913,0.0,BENIGN,3714.5575757575757,0.0,0.0,66.98181818181818,51.65752281420067,36,28949.226428708676,File_17
2017-07-03 09:24:40,38,0,1,143028.75134132468,1749.257344266183,2207680.1315789474,1761654300131.5789,0.0,BENIGN,4147.016126882581,0.0,0.0,74.47967479674797,53.9750017416223,85,29840.308612982644,File_17
2017-07-03 09:24:50,7,0,1,3441.7032317142484,45.82171112185637,13527113.0,0.0,0.0,BENIGN,4193.54,0.0,0.0,59.07692307692308,33.995203281549095,19,29162.646363757867,File_17
2017-07-03 09:25:00,7,0,1,254693.44071590944,3578.2085753924757,11401800.761904761,6955912600.904761,0.0,BENIGN,3763.4333333333334,0.0,0.0,60.04761904761905,36.82726733071053,14,25633.77474519701,File_17
2017-07-03 09:25:10,3,0,1,7771.14727984569,96.95343494644713,1.0,0.0,0.0,BENIGN,4253.802197802198,0.0,0.0,73.14285714285714,42.23898516929435,11,28484.185111106595,File_17
2017-07-03 09:25:20,2,0,1,4655.682692348797,30.79505074692213,0.0,0.0,0.0,BENIGN,5376.333333333333,0.0,0.0,61.75,37.579914848227105,2,29097.77190019118,File_17
2017-07-03 09:25:30,1,0,1,2163.118824049948,32.77452763712043,0.0,0.0,0.0,BENIGN,5376.333333333333,0.0,0.0,77.0,31.23032714099123,3,0.0,File_17
2017-07-03 09:25:50,1,0,1,913043.4782608696,14492.753623188406,14.0,0.0,0.0,BENIGN,2048.0,0.0,0.0,45.0,22.627416997969522,1,0.0,File_17
2017-07-03 09:26:00,2,0,1,3530.2144887067366,29.45343250792317,0.0,0.0,0.0,BENIGN,4398.818181818182,0.0,0.0,78.83333333333333,66.56894352792632,10,28971.293040348613,File_17
2017-07-03 09:26:20,42,0,1,230789.7500526453,3211.3363014328484,6545359.547619048,0.0,0.0,BENIGN,4026.9264570693135,0.0,0.0,72.87837837837837,50.95401493669346,106,29868.485890238106,File_17
2017-07-03 09:26:40,3,0,1,2664.3574763493466,29.40514364415638,110059.33333333333,109015860800.33333,0.0,BENIGN,4301.0666666666675,0.0,0.0,77.1,51.84688997423086,7,30091.759936879156,File_17
2017-07-03 09:26:50,3,0,1,598536.5550456567,7977.45440675567,2.3333333333333335,0.0,0.0,BENIGN,3136.1944444444443,0.0,0.0,85.11111111111111,64.25426920533071,6,4693.056113823912,File_17
2017-07-03 09:27:10,3,0,1,129526.81932268867,1108.8343292246439,1.0,0.0,0.0,BENIGN,4135.6410256410245,0.0,0.0,73.6923076923077,56.254458512762376,10,29417.882301015296,File_17
2017-07-03 09:27:20,6,0,1,396088.31614091486,2997.7585976039445,18284291.416666668,182677445739396.72,0.0,BENIGN,3379.409523809524,0.0,0.0,70.73333333333333,54.92132901662505,9,27883.746885003435,File_17
2017-07-03 09:27:30,5,0,1,235385.17084447914,4287.564805735471,10.8,0.0,0.0,BENIGN,3696.2291666666665,0.0,0.0,62.5,57.59166606376308,11,30307.40285555476,File_17
2017-07-03 09:27:50,1,0,1,2.876624413087681,0.0424594009311834,94177315.0,0.0,0.0,BENIGN,8064.5,0.0,0.0,78.5,37.476659402887016,1,0.0,File_17
2017-07-03 09:28:00,3,0,2,142248.55610705997,5910.828782985215,4074048.185185185,137482103606218.77,0.0,BENIGN,6113.511111111113,0.0,0.0,56.3,38.218814447569905,7,30059.323115679763,File_17
2017-07-03 09:28:10,11,0,2,200347.24249068776,3589.3990172430713,3625372.777056277,167627080835247.84,0.0,BENIGN,5454.692473118279,0.0,0.0,73.38709677419355,53.90960175414323,20,29548.3060074892,File_17
2017-07-03 09:28:20,9,0,1,94946.69978264712,1365.7734368835352,10272128.35185185,43267113451777.875,0.0,BENIGN,4377.731601731602,0.0,0.0,65.04545454545455,35.32633884865818,13,26924.32972841224,File_17
2017-07-03 09:28:30,9,0,2,2359.324547766516,31.872105618668495,3453206.851851852,54000183280195.49,0.0,BENIGN,4792.236842105264,0.0,0.0,72.8157894736842,48.95273797005935,29,30274.543304629246,File_17
2017-07-03 09:28:40,6,0,1,332376.53153707134,4543.20184360988,1701.6666666666667,51137888.66666666,0.0,BENIGN,4032.25,0.0,0.0,78.625,53.261461990198256,10,20849.186358758034,File_17
2017-07-03 09:28:50,6,0,1,683833.579424249,11078.077861576048,5421865.333333333,0.0,0.0,BENIGN,3225.8,0.0,0.0,68.5625,34.95133521531521,10,27386.490601186728,File_17
2017-07-03 09:29:00,4,0,1,4888.904401496382,47.8625446396855,3899702.0,0.0,0.0,BENIGN,4269.441176470588,0.0,0.0,83.0,57.01496191661397,14,30085.066625628606,File_17
2017-07-03 09:29:10,8,0,1,321523.9920308517,5514.150583547576,6.75,0.0,0.0,BENIGN,3910.060606060607,0.0,0.0,59.31818181818182,38.59605995637177,14,25533.495337490713,File_17
2017-07-03 09:29:20,15,0,1,3122.38521423495,43.58686624658591,12383063.811111111,337195496977712.44,0.0,BENIGN,3860.6648936170213,0.0,0.0,67.625,36.88142298911645,33,30160.04361431801,File_17
2017-07-03 09:29:30,3,0,1,3959.40530322807,64.87634578381282,33925182.333333336,100480576.0,0.0,BENIGN,4320.267857142857,0.0,0.0,78.0,55.456546695846214,5,26962.789685651092,File_17
2017-07-03 09:29:40,11,0,1,65774.11531777377,1120.774548951744,71035.26262626263,176245128648.28284,0.0,BENIGN,4446.81527093596,0.0,0.0,71.86206896551724,49.893976259615485,18,27387.061076038317,File_17
2017-07-03 09:29:50,3,0,1,3742.550717434276,55.29564296799911,1.0,0.0,0.0,BENIGN,4253.802197802198,0.0,0.0,62.0,39.50657199465971,11,30226.172585356606,File_17
2017-07-03 09:30:10,7,0,1,2908.180948578282,43.79035492016448,2259676.9523809524,46556563.047619045,0.0,BENIGN,4084.616883116884,0.0,0.0,66.5,36.694037403267316,15,29098.68711892946,File_17
2017-07-03 09:30:20,4,0,1,5921.978355005314,84.04536763781019,2571.666666666667,79315350.08333334,0.0,BENIGN,4301.066666666667,0.0,0.0,62.6,41.505555183747525,6,25818.772387165252,File_17
2017-07-03 09:30:40,2,0,1,3691.1065606144434,43.6175884084449,0.0,0.0,0.0,BENIGN,4608.285714285715,0.0,0.0,63.625,30.942054138109743,6,27636.079667488208,File_17
2017-07-03 09:30:50,5,0,1,275211.09927171015,2337.9067450658995,4813.0,346320490.2,0.0,BENIGN,0.0,0.0,0.0,52.25,41.69178031044663,7,21603.47156598863,File_17
2017-07-03 09:31:00,18,0,1,53223.95841939168,1200.8757282887927,3507231.6666666665,0.0,0.0,BENIGN,3436.0025062656637,0.0,0.0,65.85964912280701,47.39478520006607,39,28789.060215679856,File_17
2017-07-03 09:31:10,1,0,1,3941.7143226390094,64.61826758424607,0.0,0.0,0.0,BENIGN,5376.333333333333,0.0,0.0,66.0,41.40853374205209,3,29348.702655408048,File_17
2017-07-03 09:31:20,1,0,1,380246.9135802469,4938.271604938272,4.0,0.0,0.0,BENIGN,0.0,0.0,0.0,45.0,31.11269837220809,1,0.0,File_17
2017-07-03 09:31:30,2,0,1,1144407.8309749952,18608.257414227563,2.0,0.0,0.0,BENIGN,0.0,0.0,0.0,36.2,12.755391017134675,3,26017.3396843336,File_17
2017-07-03 09:31:40,1,0,1,12288.88531446035,193.01914106482224,10069.333333333332,304023402.3333334,0.0,BENIGN,0.0,0.0,0.0,45.0,28.284271247461902,1,0.0,File_17
2017-07-03 09:31:50,1,0,1,1850.5968826565188,17.376496550765435,0.0,0.0,0.0,BENIGN,5376.333333333333,0.0,0.0,56.0,34.650637319776195,3,28825.915041850796,File_17
2017-07-03 09:32:00,2,0,1,3796.8979734573422,45.19337349900854,0.0,0.0,0.0,BENIGN,4398.818181818182,0.0,0.0,69.25,37.846880500727714,10,23604.05997820175,File_17
2017-07-03 09:32:20,1,0,1,7.118188377017459,0.1024199766477332,39023782.0,0.0,0.0,BENIGN,8064.5,0.0,0.0,78.5,37.476659402887016,1,0.0,File_17
2017-07-03 09:32:30,1,0,1,5314.305888473903,111.48893472322872,10180.0,310683457.0,0.0,BENIGN,0.0,0.0,0.0,33.5,26.16295090390226,1,0.0,File_17
2017-07-03 09:32:40,1,0,1,1959.33006409334,22.13932275811683,0.0,0.0,0.0,BENIGN,8064.5,0.0,0.0,94.0,79.19595949289332,1,0.0,File_17
2017-07-03 09:33:00,10,0,2,2185.1786921642893,26.982827920012845,1844492.255357143,79768507606934.75,0.0,BENIGN,5635.248991935484,0.0,0.0,76.125,45.759363575542764,22,30296.772484200646,File_17
2017-07-03 09:33:10,4,0,1,293213.7868013107,3989.628356141427,2148851.8333333335,55277298652309.42,0.0,BENIGN,2473.0,0.0,0.0,44.22222222222222,32.99537004557525,5,27815.48559143809,File_17
2017-07-03 09:33:20,2,0,1,1096.34400981497,18.78459448820265,10263.166666666666,315817900.16666675,0.0,BENIGN,0.0,0.0,0.0,31.5,10.082988974836116,2,28587.547265665635,File_17
2017-07-03 09:33:30,1,0,1,7170.367942309268,122.9205932967303,10201.333333333332,311987414.33333343,0.0,BENIGN,0.0,0.0,0.0,85.0,110.85125168440814,2,0.0,File_17
2017-07-03 09:33:40,2,0,1,205968.73875418716,2211.112058711803,0.0,0.0,0.0,BENIGN,4608.285714285715,0.0,0.0,79.5,46.2354224130621,6,21308.265404077647,File_17
2017-07-03 09:33:50,2,0,1,2033.5717966049576,31.92305140083362,0.0,0.0,0.0,BENIGN,5376.333333333333,0.0,0.0,74.25,33.80705054669317,2,28501.355160763847,File_17
2017-07-03 09:34:00,11,0,1,36416.62780260505,515.9993475915478,18.636363636363637,0.0,0.0,BENIGN,3840.2380952380954,0.0,0.0,85.67857142857143,77.41138473617744,17,29635.05346838561,File_17
2017-07-03 09:34:10,2,0,1,516272.09903148626,7120.240593681249,1.5,0.0,0.0,BENIGN,6410.916666666667,0.0,0.0,99.0,79.07802054511312,2,24655.616835835917,File_17
2017-07-03 09:34:20,1,0,1,4868.377142184096,78.52221197071121,1.0,0.0,0.0,BENIGN,0.0,0.0,0.0,27.0,11.313708498984761,1,0.0,File_17
2017-07-03 09:34:50,5,0,1,395292.2395581263,4751.149329776292,1.0,0.0,0.0,BENIGN,3299.1136363636365,0.0,0.0,60.416666666666664,45.267805805276694,7,29976.563597374497,File_17
2017-07-03 09:35:00,7,0,1,228910.34501639887,3558.840484393757,1473.4761904761904,45536326.33333333,0.0,BENIGN,4016.312252964426,0.0,0.0,80.0,90.1125558802586,16,29555.972961386586,File_17
2017-07-03 09:35:30,1,0,1,339.93625981062894,1.7125252383407,0.0,0.0,0.0,BENIGN,8064.5,0.0,0.0,84.5,68.58935777509511,1,0.0,File_17
2017-07-03 09:35:50,1,0,1,4387.006636395389,55.88543485854,3.0,0.0,0.0,BENIGN,2048.0,0.0,0.0,65.0,48.08326112068523,1,0.0,File_17
2017-07-03 09:36:10,1,0,1,15748.651521713453,157.48651521713452,5.0,0.0,0.0,BENIGN,0.0,0.0,0.0,58.0,50.91168824543142,1,0.0,File_17
2017-07-03 09:36:40,1,0,1,1111111.111111111,15325.670498084291,2.0,0.0,0.0,BENIGN,0.0,0.0,0.0,83.33333333333333,47.34272207354931,2,25367.0,File_17
2017-07-03 09:37:00,3,0,1,513041.99106882326,7114.888526393988,1.0,0.0,0.0,BENIGN,5082.285714285714,0.0,0.0,82.28571428571429,61.56850914778852,11,29959.41471529176,File_17
2017-07-03 09:37:10,7,0,1,838147.8941206352,15524.814745965052,4626.0,254669963.28571433,0.0,BENIGN,0.0,0.0,0.0,67.11764705882354,102.65773372775013,10,26636.59038539608,File_17
2017-07-03 09:37:30,1,0,1,1124.491251625897,16.783451516804433,0.0,0.0,0.0,BENIGN,8064.5,0.0,0.0,74.5,41.71930009000631,1,0.0,File_17
2017-07-03 09:37:50,4,0,1,330729.9773138844,5212.546157307244,221919.72222222222,465216715239.65283,0.0,BENIGN,3696.2291666666665,0.0,0.0,70.8125,44.007906486600035,12,29463.28014144612,File_17
2017-07-03 09:38:00,17,0,1,6440173.208242557,121268.95951482106,8416912.11764706,0.0,0.0,BENIGN,3212.03413940256,0.0,0.0,85.28947368421052,73.36981774866462,21,27852.998428079944,File_17
2017-07-03 09:38:10,6,0,1,234357.59995613384,3184.2925770536026,1.6666666666666667,0.0,0.0,BENIGN,2924.489010989011,0.0,0.0,76.71428571428571,55.89884899245528,8,25969.18972745572,File_17
2017-07-03 09:38:20,3,0,1,381784.1072218484,7768.145514336877,0.3333333333333333,0.0,0.0,BENIGN,4253.802197802199,0.0,0.0,66.64285714285714,38.736997109416535,11,29897.287836463212,File_17
2017-07-03 09:38:30,2,0,1,99099.67797615328,979.854563462782,1.5,0.0,0.0,BENIGN,4032.25,0.0,0.0,85.5,97.47649289273114,2,5239.661248592317,File_17
2017-07-03 09:38:40,3,0,1,2158.9598033009256,34.61274376236957,9906870.0,0.0,0.0,BENIGN,4838.7,0.0,0.0,102.33333333333333,92.78936720695248,3,24152.016117914463,File_17
2017-07-03 09:38:50,5,0,1,303560.94532296795,4814.2207807797,5085038.133333334,65241739.266666666,0.0,BENIGN,3910.060606060605,0.0,0.0,56.75,30.969559834838407,7,29550.827610174998,File_17
2017-07-03 09:39:00,7,0,1,3397.163272988088,44.1265233681978,0.42857142857142855,0.0,0.0,BENIGN,4869.281045751633,0.0,0.0,64.55555555555556,34.529138968536365,11,28423.326166735358,File_17
2017-07-03 09:39:10,14,0,1,98890.3545916878,1796.038031681767,2909.952380952381,133273302.57142857,0.0,BENIGN,3750.93023255814,0.0,0.0,68.11627906976744,42.491573003375834,29,29619.00732332468,File_17
2017-07-03 09:39:40,1,0,1,3216.279321488766,30.92576270662275,0.0,0.0,0.0,BENIGN,8064.5,0.0,0.0,60.0,43.840620433565945,1,0.0,File_17
2017-07-03 09:39:50,3,0,1,794734.9217511056,13551.606013904222,17.333333333333332,0.0,0.0,BENIGN,3456.214285714286,0.0,0.0,48.75,15.881255797772598,5,25367.428046892845,File_17
2017-07-03 09:40:00,4,0,1,55675.29705164118,781.7189727806182,12615.666666666668,1909103680.333333,0.0,BENIGN,1792.111111111111,0.0,0.0,54.55555555555556,41.10690669191465,5,27732.930605768568,File_17
2017-07-03 09:40:10,1,0,1,12034.146891805498,150.42683614756874,1.0,0.0,0.0,BENIGN,0.0,0.0,0.0,43.0,11.313708498984761,1,0.0,File_17
2017-07-03 09:40:20,2,0,1,1093591.5222620834,7705.5611623085415,95.0,0.0,0.0,BENIGN,4032.25,0.0,0.0,74.0,63.245553203367585,2,166.87720036002523,File_17
2017-07-03 09:40:30,1,0,1,3.955750311199562,0.0391658446653422,101880583.0,0.0,0.0,BENIGN,5376.333333333333,0.0,0.0,62.75,32.201190454184555,3,28369.124061204286,File_17
2017-07-03 09:40:40,8,0,1,1060542.1256853605,13682.76431140907,2.5,0.0,0.0,BENIGN,1778.9338235294117,0.0,0.0,63.8235294117647,52.70345730371686,9,22946.056960343834,File_17
2017-07-03 09:40:50,2,0,1,1594627.105052125,20248.596631916596,3.5,0.0,0.0,BENIGN,0.0,0.0,0.0,37.8,17.297398648351724,3,26288.76902310186,File_17
2017-07-03 09:41:10,1,0,1,1281045.7516339868,26143.7908496732,3.0,0.0,0.0,BENIGN,0.0,0.0,0.0,45.5,37.476659402887016,1,0.0,File_17
2017-07-03 09:41:20,17,0,1,358785.4244668115,6575.02480707389,4562847.156862744,465536995.39215684,0.0,BENIGN,3235.5309200603315,0.0,0.0,63.90384615384615,44.193096619705344,35,28429.469364373814,File_17
2017-07-03 09:42:00,1,0,1,3639.237215879552,41.59128246719488,0.0,0.0,0.0,BENIGN,4838.7,0.0,0.0,56.166666666666664,28.045795882211415,5,24934.800000000003,File_17
2017-07-03 09:42:10,1,0,1,5015.999308138026,86.48274669203494,0.0,0.0,0.0,BENIGN,8064.5,0.0,0.0,108.0,57.982756057296896,1,0.0,File_17
2017-07-03 09:42:20,1,0,1,4561.11177099418,71.26737142178406,20506.0,1261119026.9999998,0.0,BENIGN,0.0,0.0,0.0,24.0,11.313708498984761,1,0.0,File_17
2017-07-03 09:42:30,2,0,1,197106.22272065748,2227.1910575279862,51077826.5,0.0,0.0,BENIGN,4301.0666666666675,0.0,0.0,54.666666666666664,28.577380332470412,4,28956.809938941824,File_17
2017-07-03 09:42:40,3,0,1,3523.4614388614486,58.63235876612405,16636046.222222222,102488626.77777778,0.0,BENIGN,3912.7,0.0,0.0,63.833333333333336,46.854740066151976,3,27374.437277138684,File_17
2017-07-03 09:43:00,4,0,1,7870.757119312233,57.74985525970016,0.0,0.0,0.0,BENIGN,4608.285714285715,0.0,0.0,80.375,79.93736387232909,4,21511.242215005925,File_17
2017-07-03 09:43:10,15,0,1,750205.7938760341,11991.043963355598,977263.0444444445,40992829381627.11,0.0,BENIGN,838.654022988506,0.0,0.0,62.5,59.682348802813465,15,27266.24463162344,File_17
2017-07-03 09:43:20,9,0,1,519045.44380238536,6913.352724008516,2.0,0.0,0.0,BENIGN,2716.4631578947374,0.0,0.0,64.6,59.27846862145869,11,28491.83492883862,File_17
2017-07-03 09:43:30,5,0,1,718371.2076291156,13230.938447113023,2.2,0.0,0.0,BENIGN,3379.409523809524,0.0,0.0,69.86666666666666,46.16254924049312,10,24115.926185313932,File_17
2017-07-03 09:43:40,1,0,1,1072625.6983240223,22346.3687150838,3.0,0.0,0.0,BENIGN,0.0,0.0,0.0,50.0,33.94112549695428,1,0.0,File_17
2017-07-03 09:43:50,7,0,1,179198.6246677883,3625.3461798804283,5938.285714285715,735938949.5714287,0.0,BENIGN,2513.6103896103896,0.0,0.0,74.63636363636364,60.41802431673567,15,23974.98198146013,File_17
2017-07-03 09:44:00,4,0,1,2623.7487293498234,49.44136150048954,10404.916666666668,1298585685.333333,0.0,BENIGN,2639.2909090909097,0.0,0.0,68.9090909090909,60.168853313744556,7,22331.992673292727,File_17
2017-07-03 09:44:10,2,0,1,3145.9313522735306,45.347001723503666,5141.333333333334,158507320.16666666,0.0,BENIGN,3225.7999999999997,0.0,0.0,60.0,43.749285708454714,3,2273.5,File_17
2017-07-03 09:44:30,1,0,1,1694915.254237288,16949.15254237288,4.0,0.0,0.0,BENIGN,0.0,0.0,0.0,40.0,19.79898987322333,1,0.0,File_17
2017-07-03 09:44:50,1,0,1,1452.9240095692585,25.05041395809065,0.0,0.0,0.0,BENIGN,5376.333333333333,0.0,0.0,111.0,108.39126656085658,3,29242.636638230066,File_17
2017-07-03 09:45:20,1,0,1,26.47814878513105,0.980672177227076,3.0,0.0,0.0,BENIGN,2048.0,0.0,0.0,54.0,36.76955262170047,1,0.0,File_17
2017-07-03 09:45:30,5,0,1,314658.9390131457,2002.5913017589307,26429816.6,0.0,0.0,BENIGN,4694.65,0.0,0.0,61.8125,41.941576428805504,11,27283.232511807197,File_17
2017-07-03 09:45:40,43,0,1,331505.4200558947,4819.171377718374,3761485.0,37324772262598.625,0.0,BENIGN,2659.2514547698815,0.0,0.0,74.19626168224299,60.12446826381377,64,28109.710414773726,File_17
2017-07-03 09:45:50,17,0,1,750039.2835156572,8462.803046897765,2934301.947712418,109488882028.55064,0.0,BENIGN,1809.3429487179487,0.0,0.0,65.75,50.502982902510645,23,26747.5604571263,File_17
2017-07-03 09:46:00,8,0,1,535889.791558479,8093.228660781262,1.625,0.0,0.0,BENIGN,3565.3578947368424,0.0,0.0,61.7,43.087548573866016,12,28267.488480731892,File_17
2017-07-03 09:46:10,6,0,1,184842.56413467147,2183.60570432759,2993598.3888888895,161309085246716.7,0.0,BENIGN,1808.5681818181818,0.0,0.0,58.5,47.42553972472868,6,27945.781720448296,File_17
2017-07-03 09:46:20,2,0,1,2892.161158431177,35.914022887600694,444447.3333333333,930782711178.2501,0.0,BENIGN,0.0,0.0,0.0,66.0,44.39219150556398,2,22740.30357952349,File_17
2017-07-03 09:46:30,1,0,1,1077844.3113772457,23952.09580838324,3.0,0.0,0.0,BENIGN,0.0,0.0,0.0,37.0,11.313708498984761,1,0.0,File_17
2017-07-03 09:46:40,2,0,1,1030793.0091546786,10320.810050330916,3.5,0.0,0.0,BENIGN,0.0,0.0,0.0,51.8,32.82072515956953,3,3797.0,File_17
2017-07-03 09:46:50,11,0,1,260375.8049437668,4156.250000393754,13661172.6969697,385549778180432.75,0.0,BENIGN,1600.099206349207,0.0,0.0,67.32142857142857,52.03350314687115,17,29428.246214513067,File_17
2017-07-03 09:47:10,4,0,1,1399195.4441999963,14707.117114940665,2.75,0.0,0.0,BENIGN,0.0,0.0,0.0,68.875,46.150181860034806,4,20589.421985919995,File_17
2017-07-03 09:47:20,3,0,1,4306.328810118996,62.8329718047551,1.3333333333333333,0.0,0.0,BENIGN,4233.8625,0.0,0.0,73.875,49.04538714293119,13,28869.885954745296,File_17
2017-07-03 09:47:30,3,0,1,140600.2701915747,1696.8152536954378,4124507.6666666665,0.0,0.0,BENIGN,3456.214285714286,0.0,0.0,67.75,39.43077116017025,5,27085.62668234778,File_17
2017-07-03 09:47:40,11,0,1,623281.3193884568,7723.905467531435,8584001.727272727,0.0,0.0,BENIGN,1840.8097826086957,0.0,0.0,54.75,31.51983502494897,13,28144.529254081288,File_17
2017-07-03 09:47:50,10,0,1,1271372.3002675828,11135.010869064057,5808759.966666667,518256146529370.6,0.0,BENIGN,0.0,0.0,0.0,62.9,49.974625140112224,10,25637.284645393313,File_17
2017-07-03 09:48:00,1,0,1,33.95669012822424,1.257655189934231,3.0,0.0,0.0,BENIGN,2048.0,0.0,0.0,71.0,67.88225099390856,1,0.0,File_17
2017-07-03 09:48:10,1,0,1,814.2257472525155,8.437572510388762,0.0,0.0,0.0,BENIGN,8064.5,0.0,0.0,56.0,11.313708498984761,1,0.0,File_17
2017-07-03 09:48:20,3,0,1,361966.25971665536,7845.256954996185,17.333333333333332,0.0,0.0,BENIGN,0.0,0.0,0.0,32.333333333333336,13.185851002747857,3,2976.1820240032366,File_17
2017-07-03 09:48:30,2,0,1,603728.7058998424,9895.083689783562,119.5,0.0,0.0,BENIGN,0.0,0.0,0.0,48.5,27.23355773061365,2,23720.786425973878,File_17
2017-07-03 09:48:40,2,0,1,728526.2943879981,11721.320685061235,3.5,0.0,0.0,BENIGN,0.0,0.0,0.0,52.0,33.075670817082454,2,3473.7799137091124,File_17
2017-07-03 09:48:50,5,0,1,4312.972179867352,69.4388145948506,6090080.866666667,556335616709553.7,0.0,BENIGN,2443.787878787879,0.0,0.0,75.25,58.25512072692916,7,23059.301840154916,File_17
2017-07-03 09:49:00,1,0,1,1387978.1420765028,21857.92349726776,4.0,0.0,0.0,BENIGN,0.0,0.0,0.0,31.0,11.313708498984761,1,0.0,File_17
2017-07-03 09:49:10,13,0,1,497108.0772463435,4195.701412387726,5583692.666666667,221371178.94871795,0.0,BENIGN,1298.6931216931216,0.0,0.0,56.607142857142854,45.14531211930212,15,26570.22588800045,File_17
2017-07-03 09:49:20,14,0,1,465009.1261302749,6287.502782012488,4283308.428571428,207732720.07142863,0.0,BENIGN,2304.1428571428573,0.0,0.0,59.416666666666664,45.37738580898136,22,28679.849989930175,File_17
2017-07-03 09:49:30,11,0,1,582631.3889691747,9153.819546573375,11.090909090909092,0.0,0.0,BENIGN,0.0,0.0,0.0,51.15384615384615,38.93244642474172,15,25592.385716505603,File_17
2017-07-03 09:49:40,29,0,1,561317.14506344,7488.726701469061,2253398.2183908042,13797127307442.53,0.0,BENIGN,1820.3043775649803,0.0,0.0,55.95348837209303,46.294684481239415,57,29234.761393929653,File_17
2017-07-03 09:49:50,2,0,1,8210.375423002966,114.80691870457919,3.0,0.0,0.0,BENIGN,0.0,0.0,0.0,49.8,48.028116765078344,3,24520.346748924658,File_17
2017-07-03 09:50:10,2,0,1,620590.2308289307,11459.351550768515,25.5,0.0,0.0,BENIGN,0.0,0.0,0.0,77.0,58.10909280540066,2,1478.3245772006753,File_17
2017-07-03 09:50:20,6,0,1,446026.43046422914,7821.412826366951,10.333333333333334,0.0,0.0,BENIGN,1344.0833333333335,0.0,0.0,63.166666666666664,55.5007507456731,6,27521.567968677686,File_17
2017-07-03 09:51:10,1,0,1,6367.048191646283,37.34339115335064,0.0,0.0,0.0,BENIGN,8064.5,0.0,0.0,189.5,219.9102089490163,1,0.0,File_17
2017-07-03 09:51:20,1,0,1,12655.77581197133,129.14056950991153,49.0,0.0,0.0,BENIGN,0.0,0.0,0.0,123.0,118.79393923933998,1,0.0,File_17
2017-07-03 09:51:30,1,0,1,671532.8467153285,14598.540145985402,3.0,0.0,0.0,BENIGN,2048.0,0.0,0.0,78.0,72.12489168102785,1,0.0,File_17
2017-07-03 09:51:40,4,0,1,4038.2317839050593,52.46402428735888,1.75,0.0,0.0,BENIGN,3456.214285714286,0.0,0.0,85.875,85.02174091708207,4,18627.216406678283,File_17
2017-07-03 09:51:50,3,0,1,799589.3311597599,6119.357682791332,18.0,0.0,0.0,BENIGN,0.0,0.0,0.0,51.5,33.714981833007116,3,29402.95267757985,File_17
2017-07-03 09:52:00,3,0,1,301368.3313858609,4594.07627792209,4244086.666666667,0.0,0.0,BENIGN,4548.785714285715,0.0,0.0,51.375,26.462574650680857,5,13043.49065900032,File_17
2017-07-03 09:52:10,7,0,1,1841833.1069246016,16452.78059078295,3.142857142857143,0.0,0.0,BENIGN,0.0,0.0,0.0,65.57142857142857,59.078454078147104,7,26753.019715638184,File_17
2017-07-03 09:52:20,1,0,1,2431372.549019608,19607.843137254906,3.0,0.0,0.0,BENIGN,0.0,0.0,0.0,88.0,90.50966799187809,1,0.0,File_17
2017-07-03 09:52:30,3,0,1,2116176.8322188114,19358.574680913513,3.0,0.0,0.0,BENIGN,0.0,0.0,0.0,44.0,13.711309200802088,3,27234.099503379948,File_17
2017-07-03 09:52:40,1,0,1,1400881.0572687224,17621.14537444934,49.0,0.0,0.0,BENIGN,0.0,0.0,0.0,83.0,91.92388155425118,1,0.0,File_17
2017-07-03 09:52:50,3,0,1,1747344.029270675,19028.74461425058,48.666666666666664,0.0,0.0,BENIGN,0.0,0.0,0.0,59.166666666666664,30.18885003882504,3,29967.397562017293,File_17
2017-07-03 09:53:00,5,0,1,639042.7645564766,7905.046831903705,48.6,0.0,0.0,BENIGN,4318.044444444445,0.0,0.0,79.3,53.94039920752039,5,25406.471041162567,File_17
2017-07-03 09:53:10,1,0,1,5972.951064465207,85.32787234950295,0.0,0.0,0.0,BENIGN,8064.5,0.0,0.0,129.0,57.982756057296896,1,0.0,File_17
2017-07-03 09:53:20,3,0,1,843808.6699146727,13669.628522111976,33.333333333333336,0.0,0.0,BENIGN,0.0,0.0,0.0,51.166666666666664,41.81586620729824,3,24056.68098138228,File_17
2017-07-03 09:53:30,1,0,1,941176.4705882352,19607.843137254906,48.0,0.0,0.0,BENIGN,0.0,0.0,0.0,27.0,11.313708498984761,1,0.0,File_17
2017-07-03 09:53:40,10,0,1,277000.27358644945,4930.6609482123795,88941.95555555556,186125328220.40277,0.0,BENIGN,672.0416666666667,0.0,0.0,64.125,52.86184824615954,14,27758.892345644643,File_17
2017-07-03 09:53:50,3,0,1,603494.4367626425,13102.830319149785,19.0,0.0,0.0,BENIGN,0.0,0.0,0.0,47.0,37.39518685606478,3,3238.0397403367365,File_17
2017-07-03 09:54:00,1,0,1,4250.727528365432,65.39580812869895,4.0,0.0,0.0,BENIGN,0.0,0.0,0.0,96.0,90.50966799187809,1,0.0,File_17
2017-07-03 09:54:10,4,0,1,1567968.3319942625,22092.430154826783,14.75,0.0,0.0,BENIGN,0.0,0.0,0.0,60.75,48.04982533043918,4,17197.309693492105,File_17
2017-07-03 09:54:20,5,0,1,719034.1061798676,14046.788731064735,11.4,0.0,0.0,BENIGN,1612.9,0.0,0.0,86.5,60.39729574520148,5,23126.012080889173,File_17
2017-07-03 09:54:30,1,0,1,5257.084241569432,64.11078343377356,0.0,0.0,0.0,BENIGN,5376.333333333333,0.0,0.0,57.75,29.295904150580505,3,29282.234617976515,File_17
2017-07-03 09:54:40,2,0,1,1203539.8230088498,17545.209696036938,26.0,0.0,0.0,BENIGN,1024.0,0.0,0.0,42.0,25.232254490367417,2,20114.85014167946,File_17
2017-07-03 09:54:50,5,0,1,1108229.2213949275,10629.10765886304,333514.6,1668273720540.0002,0.0,BENIGN,2203.1222222222223,0.0,0.0,61.6,68.53417638910776,5,21917.694292765176,File_17
2017-07-03 09:55:00,1,0,1,11940.876524882206,129.09055702575355,48.0,0.0,0.0,BENIGN,0.0,0.0,0.0,27.0,11.313708498984761,1,0.0,File_17
2017-07-03 09:55:10,2,0,1,1302753.9836050475,19296.306530349084,25.5,0.0,0.0,BENIGN,1365.3333333333333,0.0,0.0,77.0,59.59306447342118,2,26446.10474573188,File_17
2017-07-03 09:55:20,3,0,1,393656.0002803135,6949.091733387348,36.333333333333336,0.0,0.0,BENIGN,682.6666666666666,0.0,0.0,60.5,43.42695015770737,3,15660.435983713864,File_17
2017-07-03 09:55:40,4,0,1,228797.7119916747,5527.515077227875,25.25,0.0,0.0,BENIGN,2867.3777777777777,0.0,0.0,53.0,26.13639437855021,6,28778.504030303975,File_17
2017-07-03 09:56:00,1,0,1,9657.481328869431,128.76641771825908,49.0,0.0,0.0,BENIGN,0.0,0.0,0.0,83.0,91.92388155425118,1,0.0,File_17
2017-07-03 09:56:10,2,0,1,879021.0303555765,8816.23153357518,3.0,0.0,0.0,BENIGN,0.0,0.0,0.0,48.25,26.474830814693917,2,1434.0125522463184,File_17
2017-07-03 09:56:20,1,0,1,4927.253288709153,61.978028788794376,3.0,0.0,0.0,BENIGN,0.0,0.0,0.0,60.0,42.42640687119285,1,0.0,File_17
2017-07-03 09:56:30,3,0,1,1086886.4615539317,13725.537793828742,17.666666666666668,0.0,0.0,BENIGN,0.0,0.0,0.0,62.833333333333336,52.20121326814795,3,24691.856297978084,File_17
2017-07-03 09:56:40,1,0,1,3608.247422680413,51.54639175257732,48.0,0.0,0.0,BENIGN,0.0,0.0,0.0,32.0,11.313708498984761,1,0.0,File_17
2017-07-03 09:56:50,1,0,1,10339.445961763558,130.05592404734037,48.0,0.0,0.0,BENIGN,0.0,0.0,0.0,71.5,64.34671708797582,1,0.0,File_17
2017-07-03 09:57:00,1,0,1,1142857.142857143,23809.52380952381,3.0,0.0,0.0,BENIGN,0.0,0.0,0.0,28.0,11.313708498984761,1,0.0,File_17
2017-07-03 09:57:10,8,0,1,325601.60728141427,6541.324988406532,3.0,0.0,0.0,BENIGN,1528.0105263157898,0.0,0.0,56.25,35.28959142803859,12,26420.39412400182,File_17
2017-07-03 09:57:20,1,0,1,2690265.486725664,17699.11504424779,4.0,0.0,0.0,BENIGN,0.0,0.0,0.0,39.5,26.16295090390226,1,0.0,File_17
2017-07-03 09:57:30,11,0,1,1092727.1709196535,10977.838369352166,2367139.7878787876,184616127515623.2,0.0,BENIGN,0.0,0.0,0.0,62.0,48.096493918712284,12,26068.50628790696,File_17
2017-07-03 09:57:40,2,0,1,492592.0366966289,10218.729446683645,25.5,0.0,0.0,BENIGN,0.0,0.0,0.0,47.0,45.95650117230423,2,25661.794719431105,File_17
2017-07-03 09:57:50,1,0,1,2.318380923754323,0.0404957366594641,98722233.0,0.0,0.0,BENIGN,8064.5,0.0,0.0,69.5,43.1335136523794,1,0.0,File_17
2017-07-03 09:58:00,4,0,1,7067.2500923012785,96.8470394494832,2.25,0.0,0.0,BENIGN,2016.125,0.0,0.0,48.5,19.279893301423783,4,28482.266620420764,File_17
2017-07-03 09:58:10,2,0,1,5211.757264177768,66.96930380585448,1.5,0.0,0.0,BENIGN,4301.066666666667,0.0,0.0,61.0,39.104986894256854,4,22812.249986356015,File_17
2017-07-03 09:58:20,1,0,1,10627.812299121491,85.70816370259267,3.0,0.0,0.0,BENIGN,0.0,0.0,0.0,41.0,41.569219381653056,2,0.0,File_17
2017-07-03 09:58:30,2,0,1,10556.286869307274,131.67457805427202,3.0,0.0,0.0,BENIGN,0.0,0.0,0.0,55.75,53.24393549190994,2,3241.8488894799248,File_17
2017-07-03 09:58:40,2,0,1,285733.69235818024,5943.846769473895,24.0,0.0,0.0,BENIGN,4032.25,0.0,0.0,42.0,10.893423092245461,2,1720.6265008872658,File_17
2017-07-03 09:58:50,14,0,1,1040667.0752114769,18129.88448360106,19.285714285714285,0.0,0.0,BENIGN,0.0,0.0,0.0,46.42857142857143,29.23775916253776,14,28091.116082050812,File_17
2017-07-03 09:59:00,2,0,1,1112036.225533158,24174.70055506865,3.5,0.0,0.0,BENIGN,0.0,0.0,0.0,69.75,53.692799020601136,2,27217.96505169987,File_17
2017-07-03 09:59:10,2,0,1,1033969.2789074222,9836.475241495595,3.0,0.0,0.0,BENIGN,0.0,0.0,0.0,100.0,96.05206921248495,2,619.4255403194156,File_17
2017-07-03 09:59:20,2,0,1,641775.8689491994,10246.405494846567,5485.166666666666,180324908.16666672,0.0,BENIGN,0.0,0.0,0.0,62.2,67.71410488221785,3,27519.84655094392,File_17
2017-07-03 09:59:30,4,0,1,7618.323225537522,93.0329785963838,8757.166666666668,533858096.5833335,0.0,BENIGN,1792.1111111111109,0.0,0.0,51.333333333333336,16.046806535881213,5,19873.26464593827,File_17
2017-07-03 09:59:40,14,0,1,215980.08140449546,4011.337311954047,2783122.3095238097,323792087829618.7,0.0,BENIGN,221.05396825396826,0.0,0.0,63.77777777777778,55.35914486907218,22,28055.909607955968,File_17
2017-07-03 09:59:50,1,0,1,1915662.6506024096,24096.385542168675,4.0,0.0,0.0,BENIGN,0.0,0.0,0.0,45.0,28.284271247461902,1,0.0,File_17
2017-07-03 10:00:00,2,0,1,1170893.2431968704,23472.08400535328,3.0,0.0,0.0,BENIGN,0.0,0.0,0.0,84.25,76.85213074469699,2,27308.97974822364,File_17
2017-07-03 10:00:10,3,0,1,858334.1324471631,6658.334894898286,4.0,0.0,0.0,BENIGN,0.0,0.0,0.0,45.0,29.34620929523948,3,23430.42968961517,File_17
2017-07-03 10:00:20,1,0,1,1011494.2528735632,22988.50574712644,3.0,0.0,0.0,BENIGN,0.0,0.0,0.0,50.5,40.30508652763321,1,0.0,File_17
2017-07-03 10:00:30,2,0,1,143669.0332613573,1842.2666744273804,3.0,0.0,0.0,BENIGN,1024.0,0.0,0.0,37.5,24.623836689950114,2,21782.1886921912,File_17
2017-07-03 10:00:40,2,0,1,2727.6549598508104,59.49892793549813,5105.5,156197730.50000003,0.0,BENIGN,819.2,0.0,0.0,65.0,47.07440918375928,3,24532.94207158,File_17
2017-07-03 10:00:50,2,0,1,637742.7361145329,6317.974202559372,2.0,0.0,0.0,BENIGN,1365.3333333333333,0.0,0.0,102.0,93.55568751640205,2,9405.822818280647,File_17
2017-07-03 10:01:00,7,0,1,994152.3060084601,15481.329308415789,2.857142857142857,0.0,0.0,BENIGN,292.5714285714285,0.0,0.0,56.214285714285715,39.65268168529292,7,21882.959872761716,File_17
2017-07-03 10:01:10,2,0,1,11680.633473475067,81.46409270700906,1.5,0.0,0.0,BENIGN,4032.25,0.0,0.0,107.5,93.19692412663986,2,26368.797861614144,File_17
2017-07-03 10:01:20,3,0,1,1048858.128270713,13519.785754843688,18.333333333333332,0.0,0.0,BENIGN,0.0,0.0,0.0,60.333333333333336,70.00761863302212,3,25936.852057256292,File_17
2017-07-03 10:01:30,1,0,1,1106918.2389937108,25157.23270440252,4.0,0.0,0.0,BENIGN,0.0,0.0,0.0,57.0,11.313708498984761,1,0.0,File_17
2017-07-03 10:01:40,8,0,1,481891.70777769375,8503.190963374009,5122.791666666667,314586659.5416666,0.0,BENIGN,0.0,0.0,0.0,50.714285714285715,42.39238476087758,13,25310.612221507014,File_17
2017-07-03 10:01:50,4,0,1,509408.0427111343,9830.860082455993,25.0,0.0,0.0,BENIGN,0.0,0.0,0.0,51.92307692307692,36.71162744613197,9,27393.711944101127,File_17
2017-07-03 10:02:00,2,0,1,9507.366695047715,97.15005973936269,25.0,0.0,0.0,BENIGN,0.0,0.0,0.0,27.5,9.255628917943215,2,2872.739149700547,File_17
2017-07-03 10:02:20,3,0,1,1038759.5317694001,11677.193420614472,48.666666666666664,0.0,0.0,BENIGN,2304.1428571428573,0.0,0.0,55.57142857142857,39.78214483432294,4,28537.07796689929,File_17
2017-07-03 10:02:30,1,0,1,18426.781939229484,252.42167040040388,10507.666666666668,331012552.3333332,0.0,BENIGN,0.0,0.0,0.0,42.0,26.870057685088806,1,0.0,File_17
2017-07-03 10:02:40,4,0,1,795548.1929574665,7570.1772425726485,5172.666666666666,317873573.5833333,0.0,BENIGN,0.0,0.0,0.0,43.77777777777778,22.1403352378514,5,20205.290390142876,File_17
2017-07-03 10:02:50,5,0,1,836776.2864945269,13351.101628404402,3.4,0.0,0.0,BENIGN,0.0,0.0,0.0,58.4,37.520957106958534,5,21752.282506599477,File_17
2017-07-03 10:03:10,1,0,1,1204545.4545454544,15151.51515151515,4.0,0.0,0.0,BENIGN,2048.0,0.0,0.0,59.0,39.59797974644666,1,0.0,File_17
2017-07-03 10:03:20,2,0,1,8894.171542071634,122.59247672304815,10235.666666666668,628244802.6666667,0.0,BENIGN,0.0,0.0,0.0,77.33333333333333,58.06777649149885,4,3636.0,File_17
2017-07-03 10:03:40,1,0,1,1809954.7511312217,18099.547511312216,3.0,0.0,0.0,BENIGN,0.0,0.0,0.0,45.0,19.79898987322333,1,0.0,File_17
2017-07-03 10:04:10,1,0,1,5402.061855670103,82.4742268041237,3.0,0.0,0.0,BENIGN,0.0,0.0,0.0,33.0,29.444863728670914,2,0.0,File_17
2017-07-03 10:04:50,3,0,1,4305.389743527644,83.2078077909381,75755.33333333333,65902579786.72222,0.0,BENIGN,0.0,0.0,0.0,48.166666666666664,22.947040477296124,3,28068.46760049433,File_17
2017-07-03 10:05:00,3,0,1,424.2637158414488,7.019191926714189,13290097.277777778,1056553712451701.5,0.0,BENIGN,3840.2380952380954,0.0,0.0,53.142857142857146,36.61706601858652,4,30034.430862761492,File_17
2017-07-03 10:05:30,2,0,1,923242.3252831051,8100.001458294524,168869.3333333333,171096551001.16666,0.0,BENIGN,1024.0,0.0,0.0,92.75,63.808959663462105,2,2809.5709439145485,File_17
2017-07-03 10:06:10,5,0,1,270147.79023362545,3153.545275539221,1.6,0.0,0.0,BENIGN,3427.655555555555,0.0,0.0,70.9,61.51323254209437,5,23404.089128838517,File_17
2017-07-03 10:06:20,3,0,1,593691.14617648,7286.409464039375,1.3333333333333333,0.0,0.0,BENIGN,5495.071428571428,0.0,0.0,81.25,76.68814398961177,5,22077.427777377197,File_17
2017-07-03 10:07:50,3,0,1,347297.98175107274,15024.872981615918,3697.3333333333335,122866140.33333333,0.0,BENIGN,1092.2666666666669,0.0,0.0,54.333333333333336,36.22522141639257,3,24233.664497141162,File_17
2017-07-03 10:08:00,5,0,1,306905.0108669504,3978.5346701356953,387115.1466666666,3646023280898.2266,0.0,BENIGN,0.0,0.0,0.0,42.333333333333336,28.98379902739815,7,30608.15411801889,File_17
2017-07-03 10:08:10,14,0,1,962361.3454180065,12973.886907942888,1466.0714285714287,89120323.35714284,0.0,BENIGN,0.0,0.0,0.0,50.76470588235294,44.862793400869,20,27823.437339758166,File_17
2017-07-03 10:08:20,4,0,1,1667662.792934467,11992.201069465747,3.5,0.0,0.0,BENIGN,0.0,0.0,0.0,54.0,47.10413994544429,7,24410.760529733605,File_17
2017-07-03 10:08:30,1,0,1,3968.4093727563472,78.32386919913843,20692.333333333336,1284145541.3333335,0.0,BENIGN,0.0,0.0,0.0,39.0,25.45584412271571,1,0.0,File_17
2017-07-03 10:09:00,1,0,1,1397727.2727272727,22727.272727272728,3.0,0.0,0.0,BENIGN,0.0,0.0,0.0,72.0,60.81118318204309,1,0.0,File_17
2017-07-03 10:09:30,5,0,1,213233.11441848864,5065.472810987799,4265.133333333333,135723987.26666668,0.0,BENIGN,1466.2727272727275,0.0,0.0,55.54545454545455,39.04449676039797,6,26456.24067946918,File_17
2017-07-03 10:09:40,1,0,1,7171.811661989398,187.09073900841904,10567.0,333401868.0,0.0,BENIGN,0.0,0.0,0.0,74.33333333333333,92.37604307034013,2,31766.0,File_17
2017-07-03 10:10:00,11,0,1,303400.99703680846,5637.666294179347,1131240.6363636365,0.0,0.0,BENIGN,672.0416666666667,0.0,0.0,48.208333333333336,32.86597178616928,13,24019.904575628647,File_17
2017-07-03 10:10:10,3,0,1,9468.718067882664,129.0628852130499,48.0,0.0,0.0,BENIGN,0.0,0.0,0.0,80.33333333333333,89.09246133465315,3,25413.798507110267,File_17
2017-07-03 10:10:20,1,0,1,520446.0966542752,14869.888475836431,48.0,0.0,0.0,BENIGN,2048.0,0.0,0.0,39.0,22.627416997969522,1,0.0,File_17
2017-07-03 10:10:30,1,0,1,1353535.3535353537,20202.020202020205,4.0,0.0,0.0,BENIGN,0.0,0.0,0.0,35.666666666666664,21.93931022920578,2,29628.0,File_17
2017-07-03 10:10:40,1,0,1,5319.934978572484,65.67820961200597,4.0,0.0,0.0,BENIGN,2048.0,0.0,0.0,54.0,41.012193308819754,1,0.0,File_17
2017-07-03 10:10:50,3,0,1,358134.2747003545,8905.855676535733,3396.6666666666665,103622220.33333333,0.0,BENIGN,0.0,0.0,0.0,102.33333333333333,102.10321575086002,3,1437.1463947698578,File_17
2017-07-03 10:11:30,2,0,1,653978.0988822295,11081.918988792233,2.0,0.0,0.0,BENIGN,1365.3333333333333,0.0,0.0,43.5,29.760152329359247,2,7419.435752730048,File_17
2017-07-03 10:11:50,4,0,1,1063014.9264468094,17983.304591773296,4976.666666666666,296803560.0833334,0.0,BENIGN,0.0,0.0,0.0,81.0909090909091,62.677674726260456,7,17957.515138793566,File_17
2017-07-03 10:12:10,1,0,1,3794.944362256384,64.32109088570142,0.0,0.0,0.0,BENIGN,4838.7,0.0,0.0,91.0,62.40192304729078,5,30031.23414447032,File_17
2017-07-03 10:12:50,1,0,1,10236.807152807023,129.5798373773041,3.0,0.0,0.0,BENIGN,2048.0,0.0,0.0,33.0,11.313708498984761,1,0.0,File_17
2017-07-03 10:13:20,2,0,1,499756.7894171011,9774.14436548391,3.5,0.0,0.0,BENIGN,0.0,0.0,0.0,36.0,20.428737928059416,2,3835.818585676625,File_17
2017-07-03 10:13:30,2,0,1,5874.486422364016,114.75763255412147,5109.5,156412098.49999997,0.0,BENIGN,0.0,0.0,0.0,50.4,30.1794632159023,3,1136.5,File_17
2017-07-03 10:13:50,2,0,1,3566.2262985124007,45.54490954435458,5660.5,192145686.00000015,0.0,BENIGN,4301.0666666666675,0.0,0.0,72.83333333333333,61.235338381253904,4,24703.867238956736,File_17
2017-07-03 10:14:30,12,0,1,882466.0883441315,14366.174393249197,925.388888888889,30617777.86111112,0.0,BENIGN,0.0,0.0,0.0,59.083333333333336,55.00428178326442,12,27467.253543743594,File_17
2017-07-03 10:14:40,4,0,1,298374.1101678177,3682.1838741232864,14.0,0.0,0.0,BENIGN,2016.125,0.0,0.0,70.25,42.060330818616116,4,28734.524002904058,File_17
2017-07-03 10:16:20,1,0,1,8830.52559549024,97.75489589103589,18206.666666666664,994229666.3333334,0.0,BENIGN,0.0,0.0,0.0,37.0,9.237604307034012,3,28270.12911183817,File_17
2017-07-03 10:17:50,1,0,1,2863.499196017533,44.05383378488513,3.0,0.0,0.0,BENIGN,2048.0,0.0,0.0,52.5,36.062445840513924,1,0.0,File_17
2017-07-03 10:18:00,1,0,1,10208.366984332097,129.21983524471003,3.0,0.0,0.0,BENIGN,2048.0,0.0,0.0,47.0,33.94112549695428,1,0.0,File_17
2017-07-03 10:19:40,3,0,1,11558.103515267781,129.2193289416414,10645.666666666666,339822950.22222227,0.0,BENIGN,0.0,0.0,0.0,43.5,23.62837277511932,3,20538.82727324031,File_17
2017-07-03 10:19:50,5,0,1,9890.343741300137,156.03067524297722,8256.266666666666,254444741.53333336,0.0,BENIGN,0.0,0.0,0.0,51.25,36.31960402267123,7,17425.134788954238,File_17
2017-07-03 10:20:00,3,0,1,10276.876004172527,140.6286781376467,3558.2222222222226,113735115.11111115,0.0,BENIGN,0.0,0.0,0.0,66.85714285714286,61.88276165844725,4,24032.48607614285,File_17
2017-07-03 10:20:10,4,0,1,1042698.2098194751,22234.617130125007,3.75,0.0,0.0,BENIGN,0.0,0.0,0.0,69.375,66.54952506002041,4,21024.85401342217,File_17
2017-07-03 10:20:20,3,0,1,316612.3317388795,7197.082585262127,48.666666666666664,0.0,0.0,BENIGN,0.0,0.0,0.0,59.0,46.548899020277595,3,4525.7473813724955,File_17
2017-07-03 10:21:50,1,0,1,9517.985802780951,159.51931513040705,10575.0,335301551.99999994,0.0,BENIGN,0.0,0.0,0.0,30.0,11.313708498984761,1,0.0,File_17
2017-07-03 10:23:30,6,0,1,970326.4816629235,14034.636772419724,10.333333333333334,0.0,0.0,BENIGN,1344.0833333333335,0.0,0.0,63.083333333333336,44.34873849457959,6,28502.80632261432,File_17
2017-07-03 10:23:40,25,0,1,746062.2573003066,11944.402575103291,10.36,0.0,0.0,BENIGN,0.0,0.0,0.0,51.3,38.132020932651386,25,28354.322380520323,File_17
2017-07-03 10:24:00,1,0,1,9245.393580311218,130.21681099029885,4.0,0.0,0.0,BENIGN,0.0,0.0,0.0,69.0,72.12489168102785,1,0.0,File_17
2017-07-03 10:24:40,2,0,1,1021522.4792942317,8513.037161770399,1.5,0.0,0.0,BENIGN,3840.2380952380954,0.0,0.0,42.714285714285715,16.17317002233726,5,21829.4818994863,File_17
2017-07-03 10:25:00,1,0,1,3223.79865621858,63.83759715284316,1.0,0.0,0.0,BENIGN,2048.0,0.0,0.0,66.5,44.54772721475249,1,0.0,File_17
2017-07-03 10:25:20,9,0,1,622598.8827176845,9971.223718533736,7428.444444444444,1480651967.9999998,0.0,BENIGN,0.0,0.0,0.0,37.958333333333336,24.132747310524408,15,27167.285233048915,File_17
2017-07-03 10:25:30,5,0,1,505959.6376647736,2914.7623189996,158021.24444444446,384893288648.8389,0.0,BENIGN,0.0,0.0,0.0,58.785714285714285,54.01734560651445,9,28234.058955463555,File_17
2017-07-03 10:25:40,2,0,1,726211.3625493835,12518.133457488197,5068.0,153894961.50000003,0.0,BENIGN,0.0,0.0,0.0,37.666666666666664,24.99333244420733,4,24156.315550182735,File_17
2017-07-03 10:25:50,2,0,1,364963.53554819035,5747.614967306219,393103.22222222225,968577614743.264,0.0,BENIGN,0.0,0.0,0.0,70.0,41.505019776729014,2,26479.95937811587,File_17
2017-07-03 10:26:00,1,0,1,1355648.5355648536,16736.401673640168,48.0,0.0,0.0,BENIGN,0.0,0.0,0.0,110.5,125.15790027001891,1,0.0,File_17
2017-07-03 10:27:00,1,0,1,14348.679342405818,193.031560660168,10243.333333333332,314531841.3333334,0.0,BENIGN,0.0,0.0,0.0,140.0,90.50966799187809,1,0.0,File_17
2017-07-03 10:27:30,3,0,1,8065.029521627832,101.10118923068713,17.666666666666668,0.0,0.0,BENIGN,1228.8,0.0,0.0,53.5,27.00185178834963,3,17535.026279991715,File_17
2017-07-03 10:27:50,1,0,1,25031.28911138924,250.3128911138924,10584.666666666668,335915008.3333334,0.0,BENIGN,0.0,0.0,0.0,77.0,76.2102355330306,2,30348.5,File_17
2017-07-03 10:28:00,9,0,1,945815.0389015079,13134.213686339852,33.111111111111114,0.0,0.0,BENIGN,0.0,0.0,0.0,68.2,61.291022782167786,11,25447.549067339,File_17
2017-07-03 10:28:10,4,0,1,1188966.8636129182,16021.325422252092,5.25,0.0,0.0,BENIGN,0.0,0.0,0.0,45.75,26.309965520963452,4,22635.186198591295,File_17
2017-07-03 10:28:20,3,0,1,1207951.7484411008,13905.323552512746,3.6666666666666665,0.0,0.0,BENIGN,0.0,0.0,0.0,63.0,54.17748609893228,3,21523.11684120123,File_17
2017-07-03 10:28:30,4,0,1,510228.50656118756,11370.622609387226,3.25,0.0,0.0,BENIGN,0.0,0.0,0.0,51.0,27.49545416973504,4,22558.65250354086,File_17
2017-07-03 10:28:40,6,0,1,11474.295130209626,128.48848261196216,3.0,0.0,0.0,BENIGN,0.0,0.0,0.0,48.583333333333336,30.272875147513982,6,17531.10215616569,File_17
2017-07-03 10:29:00,1,0,1,4851.504622041566,98.34130990624796,10455.0,327732911.99999994,0.0,BENIGN,0.0,0.0,0.0,33.666666666666664,21.93931022920578,2,25688.0,File_17
2017-07-03 10:29:30,1,0,1,202.93173431516635,3.146228438994827,443876.8571428571,654327247751.1428,0.0,BENIGN,0.0,0.0,0.0,58.5,43.1335136523794,1,0.0,File_17
2017-07-03 10:29:40,5,0,1,321342.84605746216,3433.0416670423597,6763.2666666666655,229607564.0000001,0.0,BENIGN,0.0,0.0,0.0,61.75,71.75732461821327,7,26410.756811484443,File_17
2017-07-03 10:29:50,4,0,1,317849.23073326197,3670.019935540744,5270.583333333333,166325544.08333334,0.0,BENIGN,0.0,0.0,0.0,55.375,36.05130273057312,4,2365.624403054409,File_17
2017-07-03 10:30:00,1,0,1,1868263.4730538924,23952.09580838324,3.0,0.0,0.0,BENIGN,0.0,0.0,0.0,95.0,33.94112549695428,1,0.0,File_17
2017-07-03 10:30:30,3,0,1,271988.3983320102,5505.99533041797,3.6666666666666665,0.0,0.0,BENIGN,682.6666666666666,0.0,0.0,62.166666666666664,49.71686501245495,3,14868.938759709785,File_17
2017-07-03 10:30:40,1,0,1,1118012.4223602484,24844.72049689441,3.0,0.0,0.0,BENIGN,0.0,0.0,0.0,60.0,55.154328932550705,1,0.0,File_17
2017-07-03 10:31:50,1,0,1,52.968243030337256,1.2038237052349376,781698.3333333334,1940349431817.2498,0.0,BENIGN,0.0,0.0,0.0,40.0,16.165807537309522,3,0.0,File_17
2017-07-03 10:32:00,6,0,1,746977.579244648,12598.753005773144,3447.888888888889,210788356.05555558,0.0,BENIGN,227.55555555555557,0.0,0.0,62.0,44.62391867202004,12,28077.562758856202,File_17
2017-07-03 10:32:10,10,0,1,1183385.7749969377,11269.97161316631,2080.3666666666663,128319400.83333337,0.0,BENIGN,593.623188405797,0.0,0.0,50.625,37.964299591567084,14,21623.3735408984,File_17
2017-07-03 10:32:20,5,0,1,405891.12986023445,3076.7439885754693,20902.13333333333,3664605981.066667,0.0,BENIGN,0.0,0.0,0.0,54.666666666666664,39.63316639871055,7,26379.318929296744,File_17
2017-07-03 10:32:30,2,0,1,1070420.3821656052,20738.853503184713,25.5,0.0,0.0,BENIGN,0.0,0.0,0.0,53.166666666666664,24.879040710338224,4,27676.2121295527,File_17
2017-07-03 10:33:20,1,0,1,1365853.6585365853,16260.162601626014,49.0,0.0,0.0,BENIGN,2048.0,0.0,0.0,31.0,11.313708498984761,1,0.0,File_17
2017-07-03 10:35:00,2,0,1,11676.80967472407,94.92044465249933,2.0,0.0,0.0,BENIGN,1365.3333333333333,0.0,0.0,55.25,31.962217278113442,2,5062.413148774889,File_17
2017-07-03 10:36:30,1,0,1,6578.540602703138,98.92542259703966,26894.666666666664,2169404534.333334,0.0,BENIGN,0.0,0.0,0.0,60.0,42.42640687119285,1,0.0,File_17
2017-07-03 10:38:30,1,0,1,712990.9365558912,12084.592145015104,1.0,0.0,0.0,BENIGN,2048.0,0.0,0.0,47.0,33.94112549695428,1,0.0,File_17
2017-07-03 10:39:50,2,0,1,5932.597348514151,79.57310102972491,10762.833333333332,347922808.8333334,0.0,BENIGN,0.0,0.0,0.0,71.33333333333333,55.845023651769246,4,23718.619728812213,File_17
2017-07-03 10:41:00,6,0,1,718843.0001114068,9694.688419837565,33.0,0.0,0.0,BENIGN,0.0,0.0,0.0,44.53333333333333,28.622834707042323,9,26545.005658469225,File_17
2017-07-03 10:41:10,7,0,1,473756.77835106495,6348.9111982552,140583.57142857142,647921289438.3572,0.0,BENIGN,0.0,0.0,0.0,84.5,98.13935669920266,9,28394.423170443562,File_17
2017-07-03 10:41:20,3,0,1,351389.09916330007,7111.769504774795,10234.111111111111,941957941.7777777,0.0,BENIGN,0.0,0.0,0.0,51.75,48.62024857431903,5,28918.05213611281,File_17
2017-07-03 10:41:30,8,0,1,676817.1625890878,10491.748398765334,14.625,0.0,0.0,BENIGN,0.0,0.0,0.0,56.94117647058823,44.88244449146472,9,17281.009721204806,File_17
2017-07-03 10:42:10,1,0,1,5042.236919651627,65.48359635911204,4.0,0.0,0.0,BENIGN,2048.0,0.0,0.0,53.5,28.991378028648448,1,0.0,File_17
2017-07-03 10:42:30,1,0,1,4272.435496644575,62.52344629235964,30758.333333333336,2837671585.3333335,0.0,BENIGN,0.0,0.0,0.0,45.0,11.313708498984761,1,0.0,File_17
2017-07-03 10:43:20,1,0,1,1835294.1176470588,15686.27450980392,4.0,0.0,0.0,BENIGN,0.0,0.0,0.0,35.0,11.313708498984761,1,0.0,File_17
2017-07-03 10:43:40,1,0,1,1318181.818181818,18181.81818181818,2.0,0.0,0.0,BENIGN,2048.0,0.0,0.0,76.5,68.58935777509511,1,0.0,File_17
2017-07-03 10:44:00,1,0,1,1924.6984639073207,18.33046156102211,48.0,0.0,0.0,BENIGN,2048.0,0.0,0.0,63.0,39.59797974644666,1,0.0,File_17
2017-07-03 10:44:50,1,0,1,10094.15556875053,84.82483671218932,4.0,0.0,0.0,BENIGN,0.0,0.0,0.0,69.0,72.12489168102785,1,0.0,File_17
2017-07-03 10:45:30,2,0,1,1314009.941047278,21673.7949370015,26.0,0.0,0.0,BENIGN,0.0,0.0,0.0,44.75,37.259227045122664,2,1537.7215468203453,File_17
2017-07-03 10:45:50,1,0,1,60.75661315021658,1.3808321170503768,786194.6666666666,1939079203091.75,0.0,BENIGN,0.0,0.0,0.0,126.0,90.50966799187809,1,0.0,File_17
2017-07-03 10:46:00,4,0,1,291193.4609528085,6571.733328678858,3.5,0.0,0.0,BENIGN,0.0,0.0,0.0,45.625,25.12220133666634,4,1849.9715386668927,File_17
2017-07-03 10:47:30,2,0,1,11969.443853216126,103.1346433079253,26.0,0.0,0.0,BENIGN,1365.3333333333333,0.0,0.0,53.5,23.671361036774655,2,23233.436714260668,File_17
2017-07-03 10:48:10,1,0,1,5800.179723878768,81.6926721673066,3.0,0.0,0.0,BENIGN,0.0,0.0,0.0,82.0,79.19595949289332,1,0.0,File_17
2017-07-03 10:48:30,1,0,1,1770491.8032786886,21857.92349726776,4.0,0.0,0.0,BENIGN,0.0,0.0,0.0,54.5,43.1335136523794,1,0.0,File_17
2017-07-03 10:48:50,1,0,1,6490.264603095357,83.20852055250458,3.0,0.0,0.0,BENIGN,0.0,0.0,0.0,37.0,11.313708498984761,1,0.0,File_17
2017-07-03 10:49:50,9,0,1,443068.2857180898,7744.098278617016,8319.037037037038,655383718.5555555,0.0,BENIGN,0.0,0.0,0.0,54.035714285714285,46.677365553621975,19,26809.351414576096,File_17
2017-07-03 10:50:00,1,0,1,1452282.1576763485,16597.510373443984,48.0,0.0,0.0,BENIGN,2048.0,0.0,0.0,59.0,36.76955262170047,1,0.0,File_17
2017-07-03 10:50:10,1,0,1,956097.5609756098,19512.19512195122,3.0,0.0,0.0,BENIGN,0.0,0.0,0.0,49.666666666666664,53.11622476544557,2,26954.0,File_17
2017-07-03 10:50:20,1,0,1,2431924.882629108,18779.34272300469,3.0,0.0,0.0,BENIGN,2048.0,0.0,0.0,47.0,29.698484809834994,1,0.0,File_17
2017-07-03 10:51:20,2,0,1,650791.2529245962,6556.8267185776085,25.0,0.0,0.0,BENIGN,1024.0,0.0,0.0,42.0,25.232254490367417,2,18386.85382428314,File_17
2017-07-03 10:52:20,2,0,1,903917.4280242847,10000.296301386816,3530.833333333333,74673648.16666667,0.0,BENIGN,0.0,0.0,0.0,51.0,32.984845004941285,3,24146.059278637993,File_17
2017-07-03 10:52:30,12,0,1,588103.0621828688,6467.7387495630865,10442.027777777777,932029846.4722223,0.0,BENIGN,128.0,0.0,0.0,67.625,56.42337081558978,20,26971.676622936095,File_17
2017-07-03 10:53:00,1,0,1,1046728.9719626168,12461.059190031152,48.0,0.0,0.0,BENIGN,2048.0,0.0,0.0,34.0,19.79898987322333,1,0.0,File_17
2017-07-03 10:53:40,1,0,1,3541.051900711682,46.28826014002198,1.0,0.0,0.0,BENIGN,2048.0,0.0,0.0,45.0,28.284271247461902,1,0.0,File_17
2017-07-03 10:54:40,8,0,1,522627.12808875646,6870.349174850085,4476.791666666666,479228751.04166675,0.0,BENIGN,0.0,0.0,0.0,67.23809523809524,50.78179276266717,13,27021.686400926203,File_17
2017-07-03 10:54:50,4,0,1,258558.38664551842,5888.32508705732,25.75,0.0,0.0,BENIGN,0.0,0.0,0.0,66.0,45.74775560458833,4,25630.371444990087,File_17
2017-07-03 10:55:00,2,0,1,5560.385097802356,74.368421639855,95.5,0.0,0.0,BENIGN,0.0,0.0,0.0,52.5,24.610295948376294,2,28147.101382242225,File_17
2017-07-03 10:55:50,1,0,1,1461818.1818181816,14545.454545454544,1.0,0.0,0.0,BENIGN,2048.0,0.0,0.0,77.0,74.95331880577403,1,0.0,File_17
2017-07-03 10:56:00,1,0,1,2604.2536142365866,33.387866849187006,48.0,0.0,0.0,BENIGN,2048.0,0.0,0.0,46.0,39.59797974644666,1,0.0,File_17
2017-07-03 10:57:00,1,0,1,4417.577307602884,66.42973394891554,47.0,0.0,0.0,BENIGN,2048.0,0.0,0.0,33.0,19.79898987322333,1,0.0,File_17
2017-07-03 10:57:10,2,0,1,6017.582100720421,77.47453109488582,5078.666666666666,154635266.6666667,0.0,BENIGN,1024.0,0.0,0.0,39.25,18.35528988239267,2,16992.492172198352,File_17
2017-07-03 10:58:50,3,0,1,7920.572570322245,89.59218582012333,11173.0,376038281.22222227,0.0,BENIGN,0.0,0.0,0.0,64.0,35.90264614203248,4,21891.6406648748,File_17
2017-07-03 10:59:00,1,0,1,1048.5755795590928,18.95016107636915,30808.666666666664,2846967296.333333,0.0,BENIGN,0.0,0.0,0.0,22.333333333333332,9.237604307034012,2,25854.0,File_17
2017-07-03 10:59:10,4,0,1,256276.24131765988,4829.252075991455,9471.083333333332,1073208731.0833333,0.0,BENIGN,0.0,0.0,0.0,57.5,40.30597261661637,4,28936.52875321631,File_17
2017-07-03 10:59:30,12,0,1,1240631.4405708087,18027.941041444126,14.5,0.0,0.0,BENIGN,0.0,0.0,0.0,64.76923076923077,61.92596075463518,14,27625.36475649869,File_17
2017-07-03 10:59:50,1,0,1,5705.681908233616,59.43418654410016,11208.333333333332,376678485.3333334,0.0,BENIGN,0.0,0.0,0.0,53.5,28.991378028648448,1,0.0,File_17
2017-07-03 11:00:00,2,0,1,1013142.2101421074,10162.656047789102,5176.0,159877752.00000003,0.0,BENIGN,0.0,0.0,0.0,37.666666666666664,25.617702212857942,4,20971.071175311954,File_17
2017-07-03 11:00:10,1,0,1,8485.171445553484,81.98233280728003,3.0,0.0,0.0,BENIGN,2048.0,0.0,0.0,35.0,22.627416997969522,1,0.0,File_17
2017-07-03 11:00:30,1,0,1,5210.702617757744,82.70956536123403,49.0,0.0,0.0,BENIGN,2048.0,0.0,0.0,49.5,31.81980515339464,1,0.0,File_17
2017-07-03 11:01:20,1,0,1,3636.6735801346704,56.82302468960423,32975.0,3257009157.0,0.0,BENIGN,0.0,0.0,0.0,33.5,26.16295090390226,1,0.0,File_17
2017-07-03 11:03:00,2,0,1,4758.11818667373,56.17921751924309,25.5,0.0,0.0,BENIGN,1024.0,0.0,0.0,37.25,11.87083260208258,2,1886.5608922057088,File_17
2017-07-03 11:03:30,1,0,1,6876.936791611834,84.90045421743005,3.0,0.0,0.0,BENIGN,0.0,0.0,0.0,67.66666666666667,65.24058041842771,2,26381.5,File_17
2017-07-03 11:03:40,1,0,1,5837.904978780664,82.8071628195839,4.0,0.0,0.0,BENIGN,0.0,0.0,0.0,42.0,11.313708498984761,1,0.0,File_17
2017-07-03 11:04:00,17,0,1,473368.9568152472,6017.4786572091925,78939.78431372548,274506556862.54907,0.0,BENIGN,0.0,0.0,0.0,59.85294117647059,50.84327216476805,17,25837.302455380264,File_17
2017-07-03 11:04:20,1,0,1,2291666.6666666665,20833.33333333333,3.0,0.0,0.0,BENIGN,0.0,0.0,0.0,69.0,72.12489168102785,1,0.0,File_17
2017-07-03 11:05:10,1,0,1,990099.00990099,19801.980198019803,3.0,0.0,0.0,BENIGN,0.0,0.0,0.0,102.0,90.50966799187809,1,0.0,File_17
2017-07-03 11:05:30,12,0,1,771542.7733744861,10610.016403566757,2501838.9166666665,225330398703586.62,0.0,BENIGN,0.0,0.0,0.0,54.03703703703704,34.804378019794136,15,27648.474744303538,File_17
2017-07-03 11:05:40,1,0,1,1357575.7575757576,24242.424242424244,3.0,0.0,0.0,BENIGN,0.0,0.0,0.0,62.5,44.54772721475249,1,0.0,File_17
2017-07-03 11:06:00,1,0,1,1408695.652173913,17391.304347826088,3.0,0.0,0.0,BENIGN,0.0,0.0,0.0,50.666666666666664,32.331615074619044,2,24974.0,File_17
2017-07-03 11:06:40,1,0,1,3800.0630715862494,31.53579312519709,4.0,0.0,0.0,BENIGN,2048.0,0.0,0.0,91.0,82.02438661763951,1,0.0,File_17
2017-07-03 11:07:00,12,0,1,750858.5727964262,9297.73887266472,99937.91666666667,359529753664.0,0.0,BENIGN,0.0,0.0,0.0,54.333333333333336,34.355768665243254,12,24873.46763111688,File_17
2017-07-03 11:07:10,1,0,1,8878.460221327328,126.83514601896184,49.0,0.0,0.0,BENIGN,0.0,0.0,0.0,72.0,60.81118318204309,1,0.0,File_17
2017-07-03 11:07:20,2,0,1,1690127.3120345904,23472.08400535328,3.0,0.0,0.0,BENIGN,0.0,0.0,0.0,41.25,23.128265535198842,2,4483.056992722712,File_17
2017-07-03 11:08:30,4,0,1,4182.729210532226,56.75492968403393,36.75,0.0,0.0,BENIGN,0.0,0.0,0.0,43.375,17.654926467460253,4,25261.064799733333,File_17
2017-07-03 11:08:40,4,0,1,1185179.2145694233,16490.65541239665,26.0,0.0,0.0,BENIGN,0.0,0.0,0.0,66.25,55.32178594369491,4,27283.82041744573,File_17
2017-07-03 11:08:50,1,0,1,6255.603978564131,83.40805304752173,3.0,0.0,0.0,BENIGN,0.0,0.0,0.0,116.5,127.9863273947651,1,0.0,File_17
2017-07-03 11:09:00,5,0,1,577387.6606594652,8796.216579816524,4125.133333333333,127159716.06666668,0.0,BENIGN,0.0,0.0,0.0,52.833333333333336,37.059738833729554,7,28975.770314848287,File_17
2017-07-03 11:09:10,1,0,1,1010526.3157894736,21052.631578947367,4.0,0.0,0.0,BENIGN,0.0,0.0,0.0,55.0,43.840620433565945,1,0.0,File_17
2017-07-03 11:09:20,1,0,1,720379.1469194313,18957.34597156398,2.0,0.0,0.0,BENIGN,0.0,0.0,0.0,45.5,37.476659402887016,1,0.0,File_17
2017-07-03 11:09:50,3,0,1,479749.58236655383,7985.800148808515,18.0,0.0,0.0,BENIGN,0.0,0.0,0.0,39.0,11.7983049630021,3,29893.0216364957,File_17
2017-07-03 11:10:00,2,0,1,7124.0862217556605,94.81766911291137,12583.833333333332,949588720.6666666,0.0,BENIGN,0.0,0.0,0.0,69.5,50.60632371551998,2,3862.6886433617137,File_17
2017-07-03 11:10:10,1,0,1,2051948.051948052,17316.017316017314,3.0,0.0,0.0,BENIGN,0.0,0.0,0.0,37.0,11.313708498984761,1,0.0,File_17
2017-07-03 11:11:20,1,0,1,1485714.2857142857,19047.61904761905,47.0,0.0,0.0,BENIGN,0.0,0.0,0.0,84.0,35.35533905932738,1,0.0,File_17
2017-07-03 11:11:30,3,0,1,7121.321490241295,96.94962417307504,7128.0,456826502.33333355,0.0,BENIGN,0.0,0.0,0.0,88.75,80.236703393326,5,28944.18944261172,File_17
2017-07-03 11:11:50,1,0,1,852760.736196319,12269.938650306747,1.0,0.0,0.0,BENIGN,2048.0,0.0,0.0,102.5,120.91525958289962,1,0.0,File_17
2017-07-03 11:12:00,4,0,1,1058176.9532570653,14647.021336672224,37.25,0.0,0.0,BENIGN,0.0,0.0,0.0,77.625,53.06582839132112,4,26877.27123008417,File_17
2017-07-03 11:12:20,1,0,1,37728.06076116569,165.1118632873772,4.0,0.0,0.0,BENIGN,2048.0,0.0,0.0,107.0,120.20815280171308,1,0.0,File_17
2017-07-03 11:12:30,1,0,1,8841.657810839532,170.0318809776833,4.0,0.0,0.0,BENIGN,2048.0,0.0,0.0,38.0,11.313708498984761,1,0.0,File_17
2017-07-03 11:12:50,3,0,1,1026641.8796742404,12436.238496858505,3410.444444444444,104455213.44444443,0.0,BENIGN,0.0,0.0,0.0,38.55555555555556,18.755739862180263,6,28131.837838781525,File_17
2017-07-03 11:13:40,1,0,1,654.9026741859196,18.19174094960888,48.0,0.0,0.0,BENIGN,2048.0,0.0,0.0,74.0,73.53910524340094,1,0.0,File_17
2017-07-03 11:14:20,1,0,1,752.4552094549889,15.568038816310116,41584.66666666667,5186980264.333333,0.0,BENIGN,0.0,0.0,0.0,46.0,50.22947341949744,2,29735.5,File_17
2017-07-03 11:14:50,4,0,1,607364.2799417982,11875.844545344366,3.25,0.0,0.0,BENIGN,0.0,0.0,0.0,66.5,41.20332857566589,4,25515.428228298842,File_17
2017-07-03 11:15:00,2,0,1,1454733.3075035517,22730.207929742995,2.0,0.0,0.0,BENIGN,0.0,0.0,0.0,51.666666666666664,38.5884265896741,4,2219.2,File_17
2017-07-03 11:15:10,1,0,1,1306.8381547114411,16.542255122929635,3.0,0.0,0.0,BENIGN,0.0,0.0,0.0,69.0,72.12489168102785,1,0.0,File_17
2017-07-03 11:15:20,11,0,1,665236.6859881979,7349.171614102617,1881.5151515151513,115450065.93939398,0.0,BENIGN,0.0,0.0,0.0,69.72727272727273,76.24345830997525,11,24390.892032769018,File_17
2017-07-03 11:15:30,3,0,1,534297.1073384293,6950.269522596295,10.333333333333334,0.0,0.0,BENIGN,1228.8,0.0,0.0,53.666666666666664,46.77036098499419,3,9700.78032737573,File_17
2017-07-03 11:15:40,1,0,1,969162.9955947136,17621.14537444934,49.0,0.0,0.0,BENIGN,2048.0,0.0,0.0,62.0,55.154328932550705,1,0.0,File_17
2017-07-03 11:16:50,4,0,1,974331.5177794849,14831.93646500189,196180.19444444444,483271169104.6735,0.0,BENIGN,0.0,0.0,0.0,43.3,38.57186654660219,6,30002.844798452028,File_17
2017-07-03 11:19:10,1,0,1,938461.5384615384,15384.615384615388,47.0,0.0,0.0,BENIGN,2048.0,0.0,0.0,59.5,37.476659402887016,1,0.0,File_17
2017-07-03 11:20:00,2,0,1,8447.767841710307,147.9881787881797,5136.666666666666,158127200.66666672,0.0,BENIGN,0.0,0.0,0.0,106.75,71.79774833980984,2,1977.541964718378,File_17
2017-07-03 11:20:10,4,0,1,1278084.3678600644,14221.812444827163,36.5,0.0,0.0,BENIGN,0.0,0.0,0.0,43.5,29.57798409048769,4,17678.25639777029,File_17
2017-07-03 11:20:40,3,0,1,258042.56871052785,5972.3136281109255,2306.444444444445,47711255.111111104,0.0,BENIGN,0.0,0.0,0.0,57.0,52.76994093863159,4,30019.09213409952,File_17
2017-07-03 11:20:50,2,0,1,743001.786777844,17718.880285884454,3.0,0.0,0.0,BENIGN,1024.0,0.0,0.0,26.5,9.39858145324779,2,20604.644347007466,File_17
2017-07-03 11:21:10,1,0,1,5675.0445825985,59.11504773540104,11146.666666666668,372510490.3333334,0.0,BENIGN,0.0,0.0,0.0,50.666666666666664,32.331615074619044,2,27474.5,File_17
2017-07-03 11:22:00,11,0,1,765991.4616245079,9179.879587818014,978.0,30456061.36363637,0.0,BENIGN,0.0,0.0,0.0,44.45454545454545,27.111282614838515,11,26306.147515401055,File_17
2017-07-03 11:22:10,1,0,1,8970.860387064396,125.46657884006147,49.0,0.0,0.0,BENIGN,0.0,0.0,0.0,31.0,11.313708498984761,1,0.0,File_17
2017-07-03 11:23:00,2,0,1,177334.71746988036,2470.7675670540107,5281.166666666666,166426908.66666666,0.0,BENIGN,0.0,0.0,0.0,71.0,63.592452382338585,2,2338.6378276443083,File_17
2017-07-03 11:23:30,1,0,1,557603.6866359448,9216.589861751152,1.0,0.0,0.0,BENIGN,2048.0,0.0,0.0,48.0,45.254833995939045,1,0.0,File_17
2017-07-03 11:23:40,1,0,1,585365.8536585366,13937.282229965158,2.0,0.0,0.0,BENIGN,2048.0,0.0,0.0,91.5,105.35891039679558,1,0.0,File_17
2017-07-03 11:25:10,3,0,1,12085.51703160409,132.44879711430102,17785.11111111111,1953037242.4444447,0.0,BENIGN,0.0,0.0,0.0,59.285714285714285,43.771049358049005,4,31742.51347124582,File_17
2017-07-03 11:25:20,2,0,1,585919.2634504813,7814.410823055792,4.5,0.0,0.0,BENIGN,1024.0,0.0,0.0,91.0,105.60303025955268,2,26110.961763639087,File_17
2017-07-03 11:25:30,7,0,1,461918.9103311436,9250.779219363436,13.571428571428571,0.0,0.0,BENIGN,0.0,0.0,0.0,75.71428571428571,73.91411707716398,7,25835.17714715446,File_17
2017-07-03 11:25:40,4,0,1,478713.10037116066,11557.230997604902,15.0,0.0,0.0,BENIGN,0.0,0.0,0.0,56.75,43.65694184695684,4,24526.87886414263,File_17
2017-07-03 11:26:30,1,0,1,1277777.7777777778,18518.51851851852,48.0,0.0,0.0,BENIGN,2048.0,0.0,0.0,73.0,73.53910524340094,1,0.0,File_17
2017-07-03 11:27:30,1,0,1,10918.307662312342,129.97985312276597,3.0,0.0,0.0,BENIGN,2048.0,0.0,0.0,44.5,40.30508652763321,1,0.0,File_17
2017-07-03 11:28:00,1,0,1,2595.512908744125,39.32595316278978,4.0,0.0,0.0,BENIGN,0.0,0.0,0.0,45.0,22.627416997969522,1,0.0,File_17
2017-07-03 11:28:50,13,0,1,567031.9595488403,9169.499637826415,10.23076923076923,0.0,0.0,BENIGN,0.0,0.0,0.0,69.92307692307692,60.90512167423891,13,28493.583539709427,File_17
2017-07-03 11:29:00,3,0,1,460567.7700559721,4623.744238234102,3738.555555555556,124136928.1111111,0.0,BENIGN,585.1428571428572,0.0,0.0,54.57142857142857,43.68774482184961,4,21383.337373992865,File_17
2017-07-03 11:29:30,1,0,1,25835.299962737547,165.61089719703557,4.0,0.0,0.0,BENIGN,0.0,0.0,0.0,49.333333333333336,47.34272207354931,2,0.0,File_17
2017-07-03 11:29:50,1,0,1,7583.791252932292,128.53883479546258,11.0,0.0,0.0,BENIGN,0.0,0.0,0.0,111.0,57.982756057296896,1,0.0,File_17
2017-07-03 11:30:00,1,0,1,14011.28510746212,126.79896024852596,1.0,0.0,0.0,BENIGN,2048.0,0.0,0.0,89.0,100.40916292848975,1,0.0,File_17
2017-07-03 11:30:10,3,0,1,13827.574007609335,183.61166445127233,7205.666666666667,234383906.33333334,0.0,BENIGN,0.0,0.0,0.0,90.0,65.20224944994868,4,2863.611045903794,File_17
2017-07-03 11:30:30,1,0,1,960784.3137254902,19607.843137254906,48.0,0.0,0.0,BENIGN,0.0,0.0,0.0,98.66666666666667,122.39825706820066,2,27147.0,File_17
2017-07-03 11:30:40,2,0,1,647127.4593917491,12924.597209377358,3.0,0.0,0.0,BENIGN,0.0,0.0,0.0,58.833333333333336,51.17193241090927,4,27879.123118204418,File_17
2017-07-03 11:31:00,8,0,1,352743.8612947524,5125.071654334071,1283.3333333333335,38608066.66666667,0.0,BENIGN,0.0,0.0,0.0,53.294117647058826,34.39433947956108,9,18336.61692105103,File_17
2017-07-03 11:31:20,1,0,1,1146198.8304093566,23391.812865497075,3.0,0.0,0.0,BENIGN,0.0,0.0,0.0,48.0,49.49747468305833,1,0.0,File_17
2017-07-03 11:32:10,3,0,1,978688.4881183914,13217.118610756885,3371.0,102090816.00000001,0.0,BENIGN,0.0,0.0,0.0,58.833333333333336,56.26856595961474,9,25959.11302334264,File_17
2017-07-03 11:33:10,1,0,1,435013.2625994695,5305.039787798409,3.0,0.0,0.0,BENIGN,0.0,0.0,0.0,37.0,11.313708498984761,1,0.0,File_17
2017-07-03 11:33:40,1,0,1,3685.046161083561,78.40523746986298,49.0,0.0,0.0,BENIGN,0.0,0.0,0.0,44.0,27.712812921102035,2,0.0,File_17
2017-07-03 11:34:00,1,0,1,1355140.1869158878,18691.58878504673,3.0,0.0,0.0,BENIGN,2048.0,0.0,0.0,46.5,34.64823227814083,1,0.0,File_17
2017-07-03 11:34:20,1,0,1,8244.603720429217,124.29050834817916,10119.666666666668,307040833.3333334,0.0,BENIGN,0.0,0.0,0.0,58.5,35.21836642056717,3,0.0,File_17
2017-07-03 11:35:00,3,0,1,447839.818329127,6836.358487526118,6939.222222222223,216083994.11111107,0.0,BENIGN,0.0,0.0,0.0,51.75,44.15152480783809,5,20989.73414382782,File_17
2017-07-03 11:35:30,2,0,1,812237.6691168636,11135.080430382444,3.0,0.0,0.0,BENIGN,0.0,0.0,0.0,85.25,59.729250232472644,2,4598.551100316514,File_17
2017-07-03 11:36:30,1,0,1,2189054.726368159,19900.49751243781,3.0,0.0,0.0,BENIGN,0.0,0.0,0.0,36.0,11.313708498984761,1,0.0,File_17
2017-07-03 11:36:40,6,0,1,1063176.941020786,15029.071563714991,3.3333333333333335,0.0,0.0,BENIGN,0.0,0.0,0.0,69.25,46.32910924717163,6,25773.774211539876,File_17
2017-07-03 11:37:30,1,0,1,12222.131080305142,164.0554507423509,4.0,0.0,0.0,BENIGN,0.0,0.0,0.0,41.333333333333336,9.237604307034013,2,26231.0,File_17
2017-07-03 11:38:00,1,0,1,14102.802004082389,123.70878950949464,10853.666666666668,353210901.3333333,0.0,BENIGN,0.0,0.0,0.0,61.0,45.254833995939045,1,0.0,File_17
2017-07-03 11:38:10,2,0,1,733022.9141774093,9981.847184111983,25.5,0.0,0.0,BENIGN,1024.0,0.0,0.0,60.25,35.50938842991621,2,1372.2585600226932,File_17
2017-07-03 11:39:00,1,0,1,7846.836609995069,128.6366657376241,10702.0,343373706.99999994,0.0,BENIGN,0.0,0.0,0.0,69.0,72.12489168102785,1,0.0,File_17
2017-07-03 11:39:30,3,0,1,489985.8435546285,7097.712408385615,18.0,0.0,0.0,BENIGN,0.0,0.0,0.0,59.0,40.87542048713383,3,27930.253372284325,File_17
2017-07-03 11:39:40,1,0,1,1152542.372881356,22598.870056497177,3.0,0.0,0.0,BENIGN,0.0,0.0,0.0,33.0,18.475208614068023,3,27382.474399188657,File_17
2017-07-03 11:40:20,1,0,1,1079545.4545454546,22727.272727272728,3.0,0.0,0.0,BENIGN,0.0,0.0,0.0,60.5,41.71930009000631,1,0.0,File_17
2017-07-03 11:40:40,1,0,1,1379032.258064516,16129.032258064515,2.0,0.0,0.0,BENIGN,2048.0,0.0,0.0,66.0,56.568542494923804,1,0.0,File_17
2017-07-03 11:40:50,2,0,1,3444.9629792163914,52.805824646167025,10283.833333333332,317083182.83333343,0.0,BENIGN,0.0,0.0,0.0,60.25,35.02737025051505,2,28316.821576974744,File_17
2017-07-03 11:42:20,1,0,1,1149700.5988023952,23952.09580838324,3.0,0.0,0.0,BENIGN,0.0,0.0,0.0,47.0,11.313708498984761,1,0.0,File_17
2017-07-03 11:42:30,1,0,1,5738.175260267235,81.97393228953193,3.0,0.0,0.0,BENIGN,0.0,0.0,0.0,47.0,36.76955262170047,1,0.0,File_17
2017-07-03 11:42:40,2,0,1,796122.5009460917,8661.487664229571,1.5,0.0,0.0,BENIGN,1024.0,0.0,0.0,37.25,25.617376914898998,2,28805.69008990334,File_17
2017-07-03 11:42:50,1,0,1,8109.794135995009,124.76606363069244,10203.666666666668,312130200.3333333,0.0,BENIGN,0.0,0.0,0.0,67.0,56.568542494923804,1,0.0,File_17
2017-07-03 11:43:00,3,0,1,855234.2080893685,15071.264120041335,3587.2222222222226,114879265.44444448,0.0,BENIGN,0.0,0.0,0.0,55.625,57.799993821057505,5,24574.287313767447,File_17
2017-07-03 11:44:30,1,0,1,14245.611094817112,167.5954246449072,2.0,0.0,0.0,BENIGN,0.0,0.0,0.0,40.0,39.59797974644666,1,0.0,File_17
2017-07-03 11:45:30,5,0,1,446251.20753867517,8562.838939441132,3.2,0.0,0.0,BENIGN,0.0,0.0,0.0,50.333333333333336,36.17717344939871,7,27833.810195812734,File_17
2017-07-03 11:45:40,3,0,1,968642.1854745246,13857.750853250882,32.333333333333336,0.0,0.0,BENIGN,0.0,0.0,0.0,55.57142857142857,57.58720095894325,4,22662.88795708869,File_17
2017-07-03 11:46:00,1,0,1,15547.762896615826,168.99742278930248,49.0,0.0,0.0,BENIGN,2048.0,0.0,0.0,66.5,62.932503525602726,1,0.0,File_17
2017-07-03 11:46:10,4,0,1,470024.2367374104,4921.610714774646,25.0,0.0,0.0,BENIGN,1170.2857142857142,0.0,0.0,74.0,60.441234742043925,4,17494.497203639872,File_17
2017-07-03 11:47:20,2,0,1,512737.8026957736,8122.444689544332,24.0,0.0,0.0,BENIGN,6410.916666666667,0.0,0.0,80.25,53.35025773133622,2,12034.014606753457,File_17
2017-07-03 11:49:00,2,0,1,620914.514941069,10884.392662993114,3.0,0.0,0.0,BENIGN,0.0,0.0,0.0,52.75,33.737960815674676,2,26693.005912910347,File_17
2017-07-03 11:49:10,3,0,1,11537.876606450625,96.61121978679002,7061.666666666667,223055774.2222222,0.0,BENIGN,0.0,0.0,0.0,53.57142857142857,31.542865769495023,4,27485.368238796113,File_17
2017-07-03 11:49:30,1,0,1,1758620.6896551724,22988.50574712644,3.0,0.0,0.0,BENIGN,0.0,0.0,0.0,27.0,0.0,2,25634.5,File_17
2017-07-03 11:49:40,1,0,1,2063.177293031268,40.06169501031589,3.0,0.0,0.0,BENIGN,2048.0,0.0,0.0,53.5,53.033008588991066,1,0.0,File_17
2017-07-03 11:50:00,1,0,1,1198067.6328502416,19323.671497584543,3.0,0.0,0.0,BENIGN,0.0,0.0,0.0,62.333333333333336,61.19912853410033,2,29465.5,File_17
2017-07-03 11:50:20,1,0,1,2286.5266712081275,35.54186535556675,10127.0,307486128.00000006,0.0,BENIGN,0.0,0.0,0.0,43.0,19.79898987322333,1,0.0,File_17
2017-07-03 11:50:30,1,0,1,5731.516927222567,128.3175431467739,10216.333333333332,312905894.33333343,0.0,BENIGN,0.0,0.0,0.0,64.5,57.27564927611035,1,0.0,File_17
2017-07-03 11:52:50,2,0,1,16027.612037096755,178.3896662899241,10215.5,312181542.5,0.0,BENIGN,0.0,0.0,0.0,70.5,61.932759236664616,2,27661.116033562746,File_17
2017-07-03 11:53:30,3,0,1,812914.5280670449,14293.545137696856,3.0,0.0,0.0,BENIGN,0.0,0.0,0.0,56.666666666666664,43.67913308053019,3,19044.80152062499,File_17
2017-07-03 11:53:50,1,0,1,1202127.6595744682,21276.595744680853,3.0,0.0,0.0,BENIGN,0.0,0.0,0.0,45.0,19.79898987322333,1,0.0,File_17
2017-07-03 11:55:00,8,0,1,664520.7513608802,9264.99027327944,3920.4583333333335,122426291.66666666,0.0,BENIGN,602.3529411764705,0.0,0.0,55.55555555555556,37.32720537942679,10,27528.15734761441,File_17
2017-07-03 11:55:40,3,0,1,1201136.3416936593,14132.085826209091,3.0,0.0,0.0,BENIGN,0.0,0.0,0.0,51.166666666666664,29.889239981415834,3,27938.444184313485,File_17
2017-07-03 11:56:00,2,0,1,399861.965554746,5460.047940359658,5225.166666666666,163594816.6666666,0.0,BENIGN,0.0,0.0,0.0,53.5,47.47279922931306,2,22814.957043327715,File_17
2017-07-03 11:56:10,2,0,1,1004749.0089877939,25118.72522469484,3.5,0.0,0.0,BENIGN,1365.3333333333333,0.0,0.0,59.0,44.49719092257398,2,18996.36843071737,File_17
2017-07-03 11:56:40,1,0,1,1454545.4545454546,17316.017316017314,3.0,0.0,0.0,BENIGN,2048.0,0.0,0.0,45.0,33.94112549695428,1,0.0,File_17
2017-07-03 11:57:00,1,0,1,1408071.7488789237,17937.219730941702,0.0,0.0,0.0,BENIGN,2048.0,0.0,0.0,53.5,28.991378028648448,1,0.0,File_17
2017-07-03 11:57:30,1,0,1,7383.32870514056,65.33919208088992,3.0,0.0,0.0,BENIGN,2048.0,0.0,0.0,59.5,60.10407640085654,1,0.0,File_17
2017-07-03 11:57:40,1,0,1,6893.873191571997,64.73120367673236,3.0,0.0,0.0,BENIGN,2048.0,0.0,0.0,26.0,22.627416997969522,1,0.0,File_17
2017-07-03 11:58:00,5,0,1,258659.20853909635,5227.2118753248815,3.4,0.0,0.0,BENIGN,0.0,0.0,0.0,48.3,34.6860522720909,5,27225.783444610726,File_17
2017-07-03 11:58:20,1,0,1,39483.67501898254,253.1004808909137,10443.333333333332,325625492.3333333,0.0,BENIGN,0.0,0.0,0.0,45.0,11.313708498984761,1,0.0,File_17
2017-07-03 11:58:50,2,0,1,3183.7405709648556,41.43900976208117,5194.333333333334,159220531.16666663,0.0,BENIGN,819.2000000000003,0.0,0.0,43.2,25.839891640639674,3,26683.498050058955,File_17
2017-07-03 11:59:10,3,0,1,16248.771533129322,190.40727877150252,14195.88888888889,696492859.888889,0.0,BENIGN,0.0,0.0,0.0,33.75,24.21186249990458,5,20434.984097405715,File_17
2017-07-03 11:59:40,1,0,1,9379.579872984856,130.27194268034523,48.0,0.0,0.0,BENIGN,0.0,0.0,0.0,40.0,11.313708498984761,1,0.0,File_17
2017-07-03 12:00:00,3,0,1,10842.514567293407,179.98965509803352,10447.333333333334,327369719.33333343,0.0,BENIGN,0.0,0.0,0.0,61.714285714285715,52.33773108607303,4,26065.51987886594,File_17
2017-07-03 12:00:10,3,0,1,11614.59680178547,172.0953309982567,10575.0,335816776.88888896,0.0,BENIGN,0.0,0.0,0.0,49.666666666666664,22.223111093334044,3,24515.10130837725,File_17
2017-07-03 12:00:50,1,0,1,8103.780675097212,130.70613992092277,3.0,0.0,0.0,BENIGN,0.0,0.0,0.0,35.0,11.313708498984761,1,0.0,File_17
2017-07-03 12:01:20,1,0,1,9759.132812627924,98.24630348283146,11313.0,383714370.99999994,0.0,BENIGN,0.0,0.0,0.0,28.0,11.313708498984761,1,0.0,File_17
2017-07-03 12:01:30,1,0,1,3325.9545599718062,44.05237827777227,3.0,0.0,0.0,BENIGN,2048.0,0.0,0.0,60.5,41.71930009000631,1,0.0,File_17
2017-07-03 12:01:50,2,0,1,803986.4778670749,11449.832643862495,3.0,0.0,0.0,BENIGN,819.2000000000003,0.0,0.0,55.2,43.71155453652958,3,21963.9572638334,File_17
2017-07-03 12:02:40,2,0,1,1594404.2132982227,23107.307439104676,3.5,0.0,0.0,BENIGN,1365.3333333333333,0.0,0.0,90.75,108.89253111822377,2,23264.755910078995,File_17
2017-07-03 12:04:30,2,0,1,588143.2714670708,12774.197934669532,5065.0,153712693.49999997,0.0,BENIGN,0.0,0.0,0.0,31.0,9.237604307034012,2,25319.55453794557,File_17
2017-07-03 12:04:40,2,0,1,1049204.2186001916,24851.390220517736,3.0,0.0,0.0,BENIGN,0.0,0.0,0.0,62.0,39.26830783214372,2,1509.9086800936745,File_17
2017-07-03 12:05:30,1,0,1,7997.986520875864,83.89496350569088,20847.0,1303417008.0000002,0.0,BENIGN,0.0,0.0,0.0,80.0,79.19595949289332,1,0.0,File_17
2017-07-03 12:06:00,1,0,1,7896.880940940523,125.34731652286544,10219.666666666668,313202137.33333325,0.0,BENIGN,0.0,0.0,0.0,84.0,90.50966799187809,1,0.0,File_17
2017-07-03 12:06:40,1,0,1,1083743.842364532,19704.433497536946,49.0,0.0,0.0,BENIGN,2048.0,0.0,0.0,56.0,43.840620433565945,1,0.0,File_17
2017-07-03 12:07:40,1,0,1,1570.8348332624275,32.72572569296724,1.0,0.0,0.0,BENIGN,2048.0,0.0,0.0,81.5,81.31727983645297,1,0.0,File_17
2017-07-03 12:08:40,1,0,1,691275.167785235,13422.818791946307,1.0,0.0,0.0,BENIGN,2048.0,0.0,0.0,86.0,93.33809511662427,1,0.0,File_17
2017-07-03 12:09:20,5,0,1,8068.226621133894,107.2146526737038,1718468.7523809522,102488904238920.77,0.0,BENIGN,0.0,0.0,0.0,48.89473684210526,39.999853800902414,14,27728.458874512944,File_17
2017-07-03 12:09:30,1,0,1,7390.891448862463,123.8696890870804,10200.666666666668,311916033.33333325,0.0,BENIGN,0.0,0.0,0.0,71.5,65.76093065034893,1,0.0,File_17
2017-07-03 12:10:20,1,0,1,4628.884237642891,120.7535018515537,10232.0,313866637.0,0.0,BENIGN,0.0,0.0,0.0,70.33333333333333,49.07477288111819,2,30606.5,File_17
2017-07-03 12:10:50,1,0,1,1452830.1886792453,18867.924528301886,5.0,0.0,0.0,BENIGN,0.0,0.0,0.0,49.666666666666664,51.3841739578767,2,26026.0,File_17
2017-07-03 12:11:10,2,0,1,452745.54616762704,10502.777485891613,5360.833333333334,170810697.1666666,0.0,BENIGN,0.0,0.0,0.0,33.0,10.893423092245461,2,26164.403456265198,File_17
2017-07-03 12:11:40,1,0,1,5542.001746935333,90.35872413481522,10479.333333333332,329229252.33333343,0.0,BENIGN,0.0,0.0,0.0,62.666666666666664,72.16878364870323,2,0.0,File_17
2017-07-03 12:12:40,2,0,1,12855.190549063094,105.4848844014441,10159.5,309435502.3333334,0.0,BENIGN,0.0,0.0,0.0,53.5,36.665151483845435,2,1185.5823697894448,File_17
2017-07-03 12:13:00,1,0,1,9639.787583441745,85.30785472072341,3.0,0.0,0.0,BENIGN,2048.0,0.0,0.0,82.5,78.48885271170677,1,0.0,File_17
2017-07-03 12:13:20,1,0,1,31185.20361615659,165.8787426391308,4.0,0.0,0.0,BENIGN,2048.0,0.0,0.0,28.0,22.627416997969522,1,0.0,File_17
2017-07-03 12:15:20,1,0,1,9492.732126965291,127.1348052718566,10664.333333333332,339554786.33333355,0.0,BENIGN,0.0,0.0,0.0,47.0,38.1051177665153,2,0.0,File_17
2017-07-03 12:16:10,1,0,1,1316770.1863354037,24844.72049689441,3.0,0.0,0.0,BENIGN,2048.0,0.0,0.0,80.5,77.07463914933368,1,0.0,File_17
2017-07-03 12:16:20,2,0,1,5326.912437613599,80.1223779432051,2.0,0.0,0.0,BENIGN,1365.3333333333333,0.0,0.0,43.75,18.080837001274766,2,8742.668242590473,File_17
2017-07-03 12:16:40,1,0,1,1045685.2791878174,20304.568527918786,1.0,0.0,0.0,BENIGN,2048.0,0.0,0.0,55.0,49.49747468305833,1,0.0,File_17
2017-07-03 12:18:10,3,0,1,937963.3030942827,16415.17317560048,11813.0,1253726640.3333333,0.0,BENIGN,0.0,0.0,0.0,53.333333333333336,36.329969263222154,3,25521.599929471504,File_17
2017-07-03 12:18:20,11,0,1,624367.4948166533,9789.004283133208,7788.272727272727,394487847.3939394,0.0,BENIGN,0.0,0.0,0.0,50.08,38.33831851642253,14,22408.052444471086,File_17
2017-07-03 12:18:50,1,0,1,13576.545060802931,249.87506246876563,7614.333333333334,172794517.3333333,0.0,BENIGN,0.0,0.0,0.0,33.0,19.79898987322333,1,0.0,File_17
2017-07-03 12:19:20,1,0,1,2185.4618678139195,41.23512958139471,9553.666666666668,273645701.3333334,0.0,BENIGN,0.0,0.0,0.0,35.0,11.313708498984761,1,0.0,File_17
2017-07-03 12:19:30,1,0,1,1906614.7859922177,15564.202334630349,48.0,0.0,0.0,BENIGN,0.0,0.0,0.0,165.0,182.43354954612926,1,0.0,File_17
2017-07-03 12:19:50,2,0,1,7767.341808737698,98.43597814324575,5099.166666666666,155856067.16666666,0.0,BENIGN,0.0,0.0,0.0,27.5,7.14142842854285,2,4936.076737202892,File_17
2017-07-03 12:20:00,1,0,1,5315.978926792057,71.5154115711936,10387.0,323451216.99999994,0.0,BENIGN,0.0,0.0,0.0,97.0,45.033320996790806,2,0.0,File_17
2017-07-03 12:20:40,1,0,1,7735.335093884511,124.76346925620176,10406.0,324604812.00000006,0.0,BENIGN,0.0,0.0,0.0,50.0,27.712812921102035,3,27595.077838065412,File_17
2017-07-03 12:24:00,1,0,1,19524.02220378996,255.21597652013017,10385.666666666668,321937508.3333334,0.0,BENIGN,0.0,0.0,0.0,122.0,148.95636945092346,2,28452.5,File_17
2017-07-03 12:24:20,2,0,1,11622.952279251514,129.82318401081199,3.0,0.0,0.0,BENIGN,1365.3333333333333,0.0,0.0,47.5,31.28897569432403,2,26740.15309521536,File_17
2017-07-03 12:24:30,1,0,1,4286.194800826486,57.66181346403345,10285.666666666668,317168854.33333325,0.0,BENIGN,0.0,0.0,0.0,41.0,11.313708498984761,1,0.0,File_17
2017-07-03 12:25:40,1,0,1,8493.532596362693,129.6722533795831,14.0,0.0,0.0,BENIGN,0.0,0.0,0.0,36.0,11.313708498984761,1,0.0,File_17
2017-07-03 12:25:50,1,0,1,1548387.0967741937,25806.451612903227,3.0,0.0,0.0,BENIGN,0.0,0.0,0.0,60.0,50.91168824543142,1,0.0,File_17
2017-07-03 12:27:30,2,0,1,13580.062355680055,156.7661134659585,5072.666666666666,154224331.1666667,0.0,BENIGN,512.0,0.0,0.0,35.75,13.80217374184226,6,27202.62849544552,File_17
2017-07-03 12:27:50,1,0,1,824742.2680412371,20618.556701030928,1.0,0.0,0.0,BENIGN,2048.0,0.0,0.0,11.0,0.0,1,0.0,File_17
2017-07-03 12:28:40,1,0,1,9065.88959041606,194.2690626517727,10204.0,312181203.0,0.0,BENIGN,0.0,0.0,0.0,35.0,19.79898987322333,1,0.0,File_17
2017-07-03 12:29:30,1,0,1,1555.7109520479598,31.428504081776968,1.0,0.0,0.0,BENIGN,2048.0,0.0,0.0,35.0,19.79898987322333,1,0.0,File_17
2017-07-03 12:29:40,1,0,1,13496.276179895483,164.58873390116446,1.0,0.0,0.0,BENIGN,2048.0,0.0,0.0,44.0,24.041630560342615,1,0.0,File_17
2017-07-03 12:29:50,1,0,1,3013.540290620872,41.28137384412153,1.0,0.0,0.0,BENIGN,2048.0,0.0,0.0,53.5,37.476659402887016,1,0.0,File_17
2017-07-03 12:30:40,2,0,1,3871.3539082465995,64.79227506791506,3.5,0.0,0.0,BENIGN,0.0,0.0,0.0,55.0,62.487332049517576,2,25338.217551095946,File_17
2017-07-03 12:30:50,3,0,1,806681.8864418626,17867.174775485935,3.3333333333333335,0.0,0.0,BENIGN,0.0,0.0,0.0,95.0,79.75713134259532,3,3566.309184577243,File_17
2017-07-03 12:31:30,1,0,1,4997.487296889832,83.75677033893572,10519.666666666668,328967408.3333333,0.0,BENIGN,0.0,0.0,0.0,55.0,53.693575034635195,2,0.0,File_17
2017-07-03 12:31:40,1,0,1,20483.476385951817,165.85810838827385,3.0,0.0,0.0,BENIGN,0.0,0.0,0.0,41.333333333333336,16.165807537309522,2,0.0,File_17
2017-07-03 12:32:10,1,0,1,5579.297245963913,118.70845204178538,10312.0,317498521.0,0.0,BENIGN,0.0,0.0,0.0,54.5,43.1335136523794,1,0.0,File_17
2017-07-03 12:35:40,2,0,1,1019428.4522319566,10083.437630371298,25.5,0.0,0.0,BENIGN,1024.0,0.0,0.0,79.5,67.11433031278293,2,27952.20178964242,File_17
2017-07-03 12:36:50,1,0,1,1801242.2360248447,24844.72049689441,3.0,0.0,0.0,BENIGN,0.0,0.0,0.0,35.333333333333336,9.237604307034013,2,29998.5,File_17
2017-07-03 12:37:00,1,0,1,4624.372922644976,123.86713185656184,10587.0,336063168.00000006,0.0,BENIGN,0.0,0.0,0.0,63.0,38.1051177665153,2,0.0,File_17
2017-07-03 12:40:10,1,0,1,1488372.093023256,18604.6511627907,48.0,0.0,0.0,BENIGN,2048.0,0.0,0.0,67.0,55.154328932550705,1,0.0,File_17
2017-07-03 12:42:40,1,0,1,12620.923825997825,192.19680953296177,6401.666666666666,122790416.33333334,0.0,BENIGN,0.0,0.0,0.0,55.0,42.42640687119285,1,0.0,File_17
2017-07-03 12:48:20,1,0,1,1633136.0946745565,23668.63905325444,4.0,0.0,0.0,BENIGN,2048.0,0.0,0.0,57.0,35.35533905932738,1,0.0,File_17
2017-07-03 12:48:40,3,0,1,791580.202055757,16194.297903249826,111075.11111111112,111001471504.77777,0.0,BENIGN,0.0,0.0,0.0,62.0,39.5170849127311,3,24241.2544609391,File_17
2017-07-03 12:50:00,2,0,1,899046.2427745665,10082.576383154417,3.0,0.0,0.0,BENIGN,1365.3333333333333,0.0,0.0,82.5,68.14445440875338,2,4493.694322789064,File_17
2017-07-03 12:51:20,1,0,1,412.2909096101263,7.139236530045477,205728.4,197302844498.79993,0.0,BENIGN,0.0,0.0,0.0,49.0,46.76537180435969,2,26547.5,File_17
2017-07-03 12:52:40,1,0,1,9943.546317680268,128.30382345393892,1.0,0.0,0.0,BENIGN,2048.0,0.0,0.0,57.0,29.698484809834994,1,0.0,File_17
2017-07-03 12:53:50,1,0,1,1169354.838709677,16129.032258064515,1.0,0.0,0.0,BENIGN,2048.0,0.0,0.0,67.5,58.68986283848344,1,0.0,File_17
2017-07-03 12:54:10,1,0,1,1083.1584901572987,16.046792446774795,3.0,0.0,0.0,BENIGN,0.0,0.0,0.0,69.5,71.4177848998413,1,0.0,File_17
2017-07-03 12:54:30,1,0,1,743243.2432432433,13513.513513513511,3.0,0.0,0.0,BENIGN,0.0,0.0,0.0,35.666666666666664,18.475208614068023,2,29444.0,File_17
2017-07-03 12:54:40,7,0,1,1218673.487086331,17108.699359021066,603578.3333333334,7495322314254.666,0.0,BENIGN,0.0,0.0,0.0,72.73333333333333,69.08324860699037,8,27993.2432215566,File_17
2017-07-03 12:54:50,6,0,1,759641.1170439686,12359.611172643003,440902.0,3498694943282.1665,0.0,BENIGN,0.0,0.0,0.0,60.529411764705884,47.480413918608086,11,27730.094336974405,File_17
2017-07-03 12:55:00,10,0,1,330871.65117257874,5456.67088365157,5499.533333333333,905581570.2333333,0.0,BENIGN,0.0,0.0,0.0,48.28,32.379932056753916,15,28562.282794183848,File_17
2017-07-03 12:55:10,1,0,1,12725.074759814215,127.25074759814215,3.0,0.0,0.0,BENIGN,0.0,0.0,0.0,69.0,72.12489168102785,1,0.0,File_17
2017-07-04 01:06:00,2,0,1,1028682.817108,10717.371755585,9474.166665,538189575.309543,0.0,BENIGN,1024.0,0.0,0.0,23.0,15.31883372410141,2,11465.500754679471,File_17
2017-07-04 01:07:00,1,0,1,1240963.855,24096.38554,3.0,0.0,0.0,BENIGN,0.0,0.0,0.0,67.0,67.88225099390856,1,0.0,File_17
2017-07-04 01:08:00,1,0,1,3494.21271,79.41392523,3.0,0.0,0.0,BENIGN,0.0,0.0,0.0,40.0,11.313708498984761,1,0.0,File_17
2017-07-04 01:09:00,8,0,2,726637.2285558925,10526.334441006375,1778062.954125,10621895619660.846,0.0,BENIGN,1332.7474794622856,1782.5425531914893,0.0,216.21153846153845,498.5108829785921,57,27591.907836304646,File_17
2017-07-04 01:10:00,3,0,1,1359643.7878646667,17144.103070493333,3.3333333333333335,0.0,0.0,BENIGN,0.0,0.0,0.0,54.666666666666664,34.62176579359676,3,28029.804658612946,File_17
2017-07-04 01:12:00,2,0,1,1529359.5435,22574.508560000002,96.5,0.0,0.0,BENIGN,0.0,0.0,0.0,91.33333333333333,76.04647701679984,4,20686.304130027675,File_17
2017-07-04 01:13:00,3,0,1,706757.2312226667,6432.032377726001,3.6666666666666665,0.0,0.0,BENIGN,0.0,0.0,0.0,41.0,39.52214569073901,3,28751.31779936356,File_17
2017-07-04 01:17:00,2,0,1,177368.76142499998,2135.60189095,25.5,0.0,0.0,BENIGN,1365.3333333333333,0.0,0.0,45.25,22.808989455914087,2,26495.045276847937,File_17
2017-07-04 01:18:00,1,0,1,256744.186,3720.930233,49.0,0.0,0.0,BENIGN,0.0,0.0,0.0,78.5,68.58935777509511,1,0.0,File_17
2017-07-04 01:21:00,1,0,1,2894.611824,44.19254693,48.0,0.0,0.0,BENIGN,2048.0,0.0,0.0,49.0,43.840620433565945,1,0.0,File_17
2017-07-04 01:24:00,2,0,1,568790.293664,11829.53780325,2.5,0.0,0.0,BENIGN,819.2000000000003,0.0,0.0,75.0,89.21602994977977,3,29850.33183546709,File_17
2017-07-04 01:25:00,2,0,1,1244085.5320000001,24643.61541,26.0,0.0,0.0,BENIGN,0.0,0.0,0.0,49.0,42.96510211788167,3,27773.261043672923,File_17
2017-07-04 01:26:00,1,0,1,8115.448804,65.44716777,3.0,0.0,0.0,BENIGN,0.0,0.0,0.0,45.5,37.476659402887016,1,0.0,File_17
2017-07-04 01:28:00,2,0,1,440298.076342,9770.99447336,7.0,0.0,0.0,BENIGN,1365.3333333333333,0.0,0.0,63.25,38.13462993133669,2,1356.9556612751453,File_17
2017-07-04 01:29:00,1,0,1,13633.49463,168.3147486,3.0,0.0,0.0,BENIGN,0.0,0.0,0.0,56.0,65.81793068761733,2,30488.5,File_17
2017-07-04 01:35:00,1,0,1,332916.1452,5006.257822,3.0,0.0,0.0,BENIGN,0.0,0.0,0.0,46.0,19.79898987322333,1,0.0,File_17
2017-07-04 01:36:00,3,0,1,354617.8382349334,6219.178329680001,33.333333333333336,0.0,0.0,BENIGN,682.6666666666667,0.0,0.0,44.833333333333336,21.618664775296985,3,22957.651900836896,File_17
2017-07-04 01:38:00,2,0,1,1380108.811,23155.52017,24.5,0.0,0.0,BENIGN,0.0,0.0,0.0,48.5,44.8516071804196,2,784.8885271170677,File_17
2017-07-04 01:39:00,2,0,1,5967.813245,111.41420844999999,3.0,0.0,0.0,BENIGN,0.0,0.0,0.0,35.0,15.336231610144651,4,29194.35220997376,File_17
2017-07-04 01:40:00,1,0,1,5771.150829,65.83061782,8725.0,227096563.05111307,0.0,BENIGN,0.0,0.0,0.0,50.0,22.627416997969522,1,0.0,File_17
2017-07-04 01:41:00,1,0,1,1276190.476,19047.61905,3.0,0.0,0.0,BENIGN,0.0,0.0,0.0,165.0,182.43354954612926,1,0.0,File_17
2017-07-04 01:43:00,3,0,1,492240.06481733336,6995.732962373334,96.66666666666667,0.0,0.0,BENIGN,512.0,0.0,0.0,49.75,38.986261316373636,5,27249.29047419288,File_17
2017-07-04 01:44:00,1,0,1,2090.521428,37.00037925,3.0,0.0,0.0,BENIGN,0.0,0.0,0.0,45.5,37.476659402887016,1,0.0,File_17
2017-07-04 01:47:00,1,0,1,6797.941008,65.36481739,4.0,0.0,0.0,BENIGN,2048.0,0.0,0.0,28.0,11.313708498984761,1,0.0,File_17
2017-07-04 01:48:00,4,0,1,430633.55009,5302.721589227501,2946.25,102351842.95933382,0.0,BENIGN,409.59999999999997,0.0,0.0,40.2,24.616164517559508,6,26244.780501658744,File_17
2017-07-04 01:49:00,2,0,1,1402723.3114999998,29520.69717,3.5,0.0,0.0,BENIGN,0.0,0.0,0.0,39.25,21.093047827819163,2,25611.009095482532,File_17
2017-07-04 01:51:00,3,0,1,790844.8209453333,12754.14090467,17.0,0.0,0.0,BENIGN,1228.8,0.0,0.0,52.666666666666664,40.07326623407015,3,22223.743983406577,File_17
2017-07-04 01:52:00,1,0,1,1542857.143,19047.61905,49.0,0.0,0.0,BENIGN,0.0,0.0,0.0,69.5,71.4177848998413,1,0.0,File_17
2017-07-04 01:53:00,1,0,1,1151079.137,28776.97842,4.0,0.0,0.0,BENIGN,0.0,0.0,0.0,73.5,54.44722215136416,1,0.0,File_17
2017-07-04 01:55:00,2,0,1,464778.45643649995,7049.9550937349995,2.0,0.0,0.0,BENIGN,1024.0,0.0,0.0,45.25,25.979158313283875,2,13503.287410437835,File_17
2017-07-04 01:56:00,1,0,1,1697916.667,20833.33333,49.0,0.0,0.0,BENIGN,2048.0,0.0,0.0,70.0,55.154328932550705,1,0.0,File_17
2017-07-04 01:57:00,3,0,1,364858.3444603333,6864.694088616667,33.0,0.0,0.0,BENIGN,682.6666666666666,0.0,0.0,70.83333333333333,52.12453037358386,3,21929.311073538083,File_17
2017-07-04 01:58:00,2,0,1,818675.245148,10425.745647610001,30.5,0.0,0.0,BENIGN,1024.0,0.0,0.0,50.25,44.99907406454789,2,19621.83821380884,File_17
2017-07-04 02:00:00,1,0,1,3630.325885,56.28412225,1.0,0.0,0.0,BENIGN,0.0,0.0,0.0,165.0,182.43354954612926,1,0.0,File_17
2017-07-04 02:01:00,1,0,1,3548.115064,49.9734516,53315.33333,8526454720.456863,0.0,BENIGN,0.0,0.0,0.0,28.0,11.313708498984761,1,0.0,File_17
2017-07-04 02:02:00,6,0,1,19982.304367666668,255.231432185,18.333333333333332,0.0,0.0,BENIGN,0.0,0.0,0.0,73.41666666666667,68.42043598667038,6,24598.798189752386,File_17
2017-07-04 02:03:00,1,0,1,1909090.909,13986.01399,3.0,0.0,0.0,BENIGN,2048.0,0.0,0.0,57.5,45.96194077712559,1,0.0,File_17
2017-07-04 02:04:00,2,0,1,783867.1845374999,10766.0626545,9239.166665,511868358.222786,0.0,BENIGN,0.0,0.0,0.0,37.25,24.52719579025155,2,26727.615997108478,File_17
2017-07-04 02:05:00,5,0,1,632868.2216005999,8643.651797716,2055.6,63197501.413656354,0.0,BENIGN,0.0,0.0,0.0,39.833333333333336,24.730670443925707,7,26049.05904805884,File_17
2017-07-04 02:06:00,1,0,1,10695.18717,127.3236567,4.0,0.0,0.0,BENIGN,0.0,0.0,0.0,63.0,11.313708498984761,1,0.0,File_17
2017-07-04 02:08:00,3,0,1,1012554.0964916666,13614.4476523,24.0,0.0,0.0,BENIGN,1092.2666666666669,0.0,0.0,54.666666666666664,52.251953711480176,3,27509.134580353486,File_17
2017-07-04 02:09:00,1,1,1,0.0,28571.42857,0.0,0.0,1.0,SSH-Patator,1.0,14654.5,0.0,0.0,0.0,1,21807.173131793126,File_17
2017-07-04 02:12:00,2,0,1,1098395.722,19037.433155,3.0,0.0,0.0,BENIGN,0.0,0.0,0.0,87.75,92.38822074990586,2,24978.044123233954,File_17
2017-07-04 02:13:00,4,0,1,428391.90081774996,4576.35050694,37.0,0.0,0.0,BENIGN,512.0,0.0,0.0,60.75,52.792721359780536,4,24682.22525773293,File_17
2017-07-04 02:14:00,3,0,1,812723.4232593334,16603.65050481667,6.0,0.0,0.0,BENIGN,1092.2666666666667,0.0,0.0,58.0,52.71811832757311,3,24465.684340316337,File_17
2017-07-04 02:15:00,2,0,1,661948.830785,9524.54197515,3.0,0.0,0.0,BENIGN,1365.3333333333333,0.0,0.0,62.0,37.47888294315436,2,2914.694152050949,File_17
2017-07-04 02:16:00,1,0,1,550.2763419,13.75690855,4.0,0.0,0.0,BENIGN,0.0,0.0,0.0,60.0,42.42640687119285,1,0.0,File_17
2017-07-04 02:17:00,5,0,1,787702.0716898,13114.850942354,21.2,0.0,0.0,BENIGN,0.0,0.0,0.0,61.3,46.033924688453645,5,24580.340834812596,File_17
2017-07-04 02:18:00,3,0,1,7970.848728,108.76698946333333,6874.0,211096120.13053313,0.0,BENIGN,0.0,0.0,0.0,41.142857142857146,26.81683905949501,4,27569.13227032887,File_17
2017-07-04 02:19:00,4,0,1,819391.119732,10483.9726515475,36.5,0.0,0.0,BENIGN,877.7142857142857,0.0,0.0,69.0,59.25248638544329,4,26368.08037017794,File_17
2017-07-04 02:21:00,1,0,1,1476923.077,20512.82051,3.0,0.0,0.0,BENIGN,0.0,0.0,0.0,45.0,19.79898987322333,1,0.0,File_17
2017-07-04 02:22:00,1,0,1,814545.4545,14545.45455,47.0,0.0,0.0,BENIGN,2048.0,0.0,0.0,40.0,11.313708498984761,1,0.0,File_17
2017-07-04 02:23:00,5,0,1,591580.7074986,8964.289680688,8641.933334,1117032683.1257863,0.0,BENIGN,0.0,0.0,0.0,41.90909090909091,31.916937652144966,6,27554.009671915264,File_17
2017-07-04 02:24:00,2,0,1,1225362.3185,19016.24945,2.5,0.0,0.0,BENIGN,1024.0,0.0,0.0,50.0,43.825411197918804,2,23653.545033813993,File_17
2017-07-04 02:25:00,5,0,1,1122049.631844,12570.436371209998,21.0,0.0,0.0,BENIGN,0.0,0.0,0.0,45.6,30.409062976538937,5,27393.35065889143,File_17
2017-07-04 02:27:00,4,0,1,855175.1070935,15887.641998735002,26.0,0.0,0.0,BENIGN,0.0,0.0,0.0,62.72727272727273,52.33563013682153,7,25880.774537096066,File_17
2017-07-04 02:28:00,1,0,1,1302857.143,22857.14286,4.0,0.0,0.0,BENIGN,0.0,0.0,0.0,112.0,57.982756057296896,1,0.0,File_17
2017-07-04 02:29:00,2,0,1,856972.5179245,10323.830472065001,4.0,0.0,0.0,BENIGN,0.0,0.0,0.0,63.75,44.48501620396093,2,1124.2997820866105,File_17
2017-07-04 02:30:00,1,0,1,2643.754131,47.20989519,0.0,0.0,0.0,BENIGN,2048.0,0.0,0.0,165.0,182.43354954612926,1,0.0,File_17
2017-07-04 02:31:00,3,0,1,9363.995069333332,112.11870307333334,6850.666666666667,422035392.3616995,0.0,BENIGN,455.11111111111114,0.0,0.0,54.666666666666664,38.69108424430621,6,23952.89477678011,File_17
2017-07-04 02:32:00,4,0,1,1016675.1144919998,9716.8179657825,22228.75,3820721399.56605,0.0,BENIGN,0.0,0.0,0.0,37.8,14.838388651662207,6,28217.43688695229,File_17
2017-07-04 02:33:00,4,0,1,751611.80641875,8837.7907977625,37.5,0.0,0.0,BENIGN,877.7142857142857,0.0,0.0,80.125,69.97435754821701,4,25955.08251591898,File_17
2017-07-04 02:35:00,1,0,1,922155.6886,11976.0479,47.0,0.0,0.0,BENIGN,2048.0,0.0,0.0,112.0,127.27922061357856,1,0.0,File_17
2017-07-04 02:37:00,7,1,2,236449.85502952858,7710.288483469287,8941.809524285714,837980789.4137037,0.14285714285714285,SSH-Patator,656.7114624505929,10074.666666666666,0.0,56.52173913043478,51.40734786992773,14,24695.37454231306,File_17
2017-07-04 02:38:00,1,0,1,2331.643259,43.99326903,4.0,0.0,0.0,BENIGN,2048.0,0.0,0.0,26.0,11.313708498984761,1,0.0,File_17
2017-07-04 02:39:00,3,0,1,537684.4266766667,5904.528932869999,18.333333333333332,0.0,0.0,BENIGN,0.0,0.0,0.0,57.42857142857143,54.57061829366038,4,17671.30685288694,File_17
2017-07-04 02:41:00,2,0,1,590413.88309,8021.7466945,25.5,0.0,0.0,BENIGN,0.0,0.0,0.0,37.5,16.421530582338136,2,24555.997914064814,File_17
2017-07-04 02:43:00,1,0,1,3152.520303,45.68870004,3.0,0.0,0.0,BENIGN,0.0,0.0,0.0,55.0,39.59797974644666,1,0.0,File_17
2017-07-04 02:44:00,2,0,1,720.3004014999999,14.789012901500001,3.0,0.0,0.0,BENIGN,1365.3333333333333,0.0,0.0,66.5,53.90423607349117,2,15905.188531489408,File_17
2017-07-04 02:45:00,10,1,2,512146.9165362,7905.7575617201,264180.7,1340220729022.9573,0.0,BENIGN,549.2362579281184,1341.5555555555557,0.0,61.5,154.5632255669971,24,28211.464679503948,File_17
2017-07-04 02:48:00,4,1,3,302794.423154935,12539.229108808999,1727197.0784175,5184695367612.374,0.25,SSH-Patator,990.3076923076924,8447.25,0.0,17.692307692307693,29.6630651804131,5,25986.308800126953,File_17
2017-07-04 02:49:00,5,0,2,458797.312635656,9177.4936449304,3070077.8934,7024564658216.264,0.0,BENIGN,0.0,1248.0,0.0,30.391304347826086,89.44563566284515,13,25822.336398643536,File_17
2017-07-04 02:50:00,2,1,2,270588.2353,39542.48366,0.5,0.0,0.0,BENIGN,1270.6666666666667,32910.5,0.0,21.75,31.605642956071414,1,15667.129248489939,File_17
2017-07-04 02:51:00,3,3,3,0.0,27489.014973333335,0.0,0.0,0.3333333333333333,SSH-Patator,21.26470588235294,7491.64705882353,0.0,115.47058823529412,476.0974319463216,8,13957.354276593533,File_17
2017-07-04 02:53:00,5,0,1,2264.98611932,31.1480511158,69952.626666,41139676282.34232,0.0,BENIGN,0.0,0.0,0.0,65.38461538461539,50.45548939665942,8,24473.150833560892,File_17
2017-07-04 02:54:00,2,0,1,1072893.77305,22100.1221,3.5,0.0,0.0,BENIGN,1024.0,0.0,0.0,28.25,29.409465596414137,2,28366.561644928974,File_17
2017-07-04 02:57:00,3,0,1,5295.408886666667,54.88788872333333,19.666666666666668,0.0,0.0,BENIGN,1228.8,0.0,0.0,55.333333333333336,35.257150574977935,3,15398.354319861586,File_17
2017-07-04 02:58:00,4,0,1,379268.35922322504,4818.8015504525,2.25,0.0,0.0,BENIGN,1170.2857142857142,0.0,0.0,49.5,39.12982056108687,4,12535.990421053086,File_17
2017-07-04 03:00:00,1,0,1,1039370.079,15748.0315,50.0,0.0,0.0,BENIGN,2048.0,0.0,0.0,72.0,60.81118318204309,1,0.0,File_17
2017-07-04 03:01:00,1,0,1,1461928.934,20304.56853,3.0,0.0,0.0,BENIGN,2048.0,0.0,0.0,66.0,62.22539674441618,1,0.0,File_17
2017-07-04 03:03:00,3,2,3,1218.1396889999999,505359.81463091663,15.666666666666666,0.0,0.0,BENIGN,1048.9756097560976,1170.275,0.0,112.47619047619048,240.81571114932075,12,10550.079775503238,File_17
2017-07-04 03:04:00,1,0,1,1155555.556,14814.81481,1.0,0.0,0.0,BENIGN,2048.0,0.0,0.0,69.0,48.08326112068523,1,0.0,File_17
2017-07-04 03:08:00,1,0,1,410.6327145,7.289338128,51813.33333,8045939550.4813,0.0,BENIGN,0.0,0.0,0.0,117.0,127.27922061357856,1,0.0,File_17
2017-07-04 03:09:00,4,0,1,1062198.84431,17089.0029035275,3.0,0.0,0.0,BENIGN,0.0,0.0,0.0,87.0,61.32349817624096,4,28240.07747358859,File_17
2017-07-04 03:12:00,2,0,1,701362.5716165,6599.95742045,3.5,0.0,0.0,BENIGN,0.0,0.0,0.0,57.666666666666664,69.56340033858801,4,21973.152523932473,File_17
2017-07-04 03:15:00,2,0,1,1444948.5784999998,23190.159310000003,24.5,0.0,0.0,BENIGN,1365.3333333333333,0.0,0.0,63.0,36.39597047293377,2,8069.5025869008805,File_17
2017-07-04 03:16:00,3,0,1,5849.058828,81.16802188,1.3333333333333333,0.0,0.0,BENIGN,1228.8,0.0,0.0,50.833333333333336,36.27901137940044,3,18764.937122196814,File_17
2017-07-04 03:17:00,1,0,1,3633.299984,52.65652151,12.0,0.0,0.0,BENIGN,2048.0,0.0,0.0,50.0,26.870057685088806,1,0.0,File_17
2017-07-04 03:18:00,4,0,1,328108.78190775,4167.83013406,14.25,0.0,0.0,BENIGN,1170.2857142857142,0.0,0.0,42.0,23.04033729911832,4,13587.851882306866,File_17
2017-07-04 03:19:00,4,0,1,713136.3875609001,11176.279494565,14635.6666675,2563412666.2062426,0.0,BENIGN,455.11111111111114,0.0,0.0,58.666666666666664,48.84158064600285,5,27913.074471249132,File_17
2017-07-04 03:22:00,4,0,1,628431.83650625,15164.735668305,37.0,0.0,0.0,BENIGN,0.0,0.0,0.0,43.92857142857143,34.064337963317605,10,26102.584587166413,File_17
2017-07-04 03:23:00,6,0,1,214018.31485961666,2558.09463749,10.166666666666666,0.0,0.0,BENIGN,341.3333333333333,0.0,0.0,69.75,48.763110125287426,6,25051.926563878947,File_17
2017-07-04 03:24:00,1,0,1,5304.866069,65.49217369,3.0,0.0,0.0,BENIGN,2048.0,0.0,0.0,40.0,28.284271247461902,1,0.0,File_17
2017-07-04 03:25:00,1,0,1,946058.0913,16597.51037,4.0,0.0,0.0,BENIGN,2048.0,0.0,0.0,90.0,96.16652224137046,1,0.0,File_17
2017-07-04 03:26:00,8,0,1,257350.93075743748,4534.672240783751,19460.29167125,6103513347.690648,0.0,BENIGN,0.0,0.0,0.0,51.416666666666664,33.81653398878266,16,26493.597334526083,File_17
2017-07-04 03:27:00,2,0,1,1117757.7640089998,8835.5653209,2.0,0.0,0.0,BENIGN,1024.0,0.0,0.0,35.75,21.96019125599775,2,476.589970519733,File_17
2017-07-04 03:28:00,2,0,2,826552.957394135,10204.2447400665,2903543.684,11930279327927.39,0.0,BENIGN,136.53333333333327,1300.0,0.0,62.93333333333333,150.619395493577,20,7273.720758607482,File_17
2017-07-04 03:31:00,3,1,2,700794.3071666667,26518.34204666667,2.3333333333333335,0.0,0.0,BENIGN,559.019943019943,3127.304347826087,0.0,123.14814814814815,286.59804386359434,19,21569.941281779335,File_17
2017-07-04 03:34:00,2,0,1,878067.018075,10164.389489,3.5,0.0,0.0,BENIGN,1024.0,0.0,0.0,89.75,100.07122463525667,2,26203.4657546584,File_17
2017-07-04 03:35:00,10,0,1,814958.6837382,14356.178902138001,31.2,0.0,0.0,BENIGN,178.08695652173918,0.0,0.0,52.17391304347826,40.62427864972222,13,26735.26185622017,File_17
2017-07-04 03:36:00,1,0,1,3249.660112,66.31959412,3.0,0.0,0.0,BENIGN,0.0,0.0,0.0,99.0,90.50966799187809,1,0.0,File_17
2017-07-04 03:41:00,1,0,1,8533.723446,121.9103349,4.0,0.0,0.0,BENIGN,0.0,0.0,0.0,120.0,90.50966799187809,1,0.0,File_17
2017-07-04 03:45:00,2,0,1,6791.02579075,70.12770864,25.0,0.0,0.0,BENIGN,1024.0,0.0,0.0,49.75,38.86193510364609,2,18755.456100973806,File_17
2017-07-04 03:46:00,6,0,1,595901.1163986666,10804.911421653333,3272.4444449999996,191505496.83622018,0.0,BENIGN,0.0,0.0,0.0,68.9375,61.682486709492075,10,25811.768442234938,File_17
2017-07-04 03:49:00,1,0,1,8130.343604,129.0530731,49.0,0.0,0.0,BENIGN,0.0,0.0,0.0,41.0,17.320508075688775,2,24950.5,File_17
2017-07-04 03:50:00,1,0,1,936781.6092,11494.25287,49.0,0.0,0.0,BENIGN,2048.0,0.0,0.0,63.0,48.08326112068523,1,0.0,File_17
2017-07-04 03:52:00,5,0,1,1077285.3369727999,19606.316099238,3.0,0.0,0.0,BENIGN,409.59999999999997,0.0,0.0,65.6,59.382376734740646,5,20941.335367823474,File_17
2017-07-04 03:53:00,2,0,1,162339.334392,2324.387732495,2.5,0.0,0.0,BENIGN,0.0,0.0,0.0,98.25,89.68230966398372,2,28032.636265610126,File_17
2017-07-04 03:57:00,6,0,1,7641.805492666666,96.68228004666668,3477.5555550000004,212404713.76453125,0.0,BENIGN,0.0,0.0,0.0,66.33333333333333,59.6357631159713,6,24535.168238925868,File_17
2017-07-04 03:59:00,5,0,1,365855.43643279996,7339.012400476,3.2,0.0,0.0,BENIGN,409.59999999999997,0.0,0.0,61.0,59.177698502053964,5,22419.557624956953,File_17
2017-07-04 04:03:00,1,0,1,6360.219717,123.9003841,11049.33333,363088006.3114423,0.0,BENIGN,0.0,0.0,0.0,59.0,45.254833995939045,1,0.0,File_17
2017-07-04 04:06:00,5,0,1,809237.5018122001,11046.585012047999,4.2,0.0,0.0,BENIGN,409.59999999999997,0.0,0.0,68.1,62.6674645339279,5,22812.409468922342,File_17
2017-07-04 04:07:00,1,0,1,1970000.0,20000.0,4.0,0.0,0.0,BENIGN,0.0,0.0,0.0,58.0,42.42640687119285,1,0.0,File_17
2017-07-04 04:11:00,3,0,1,741973.9890173334,16242.081094206667,6838.222223333333,420605408.393271,0.0,BENIGN,877.7142857142857,0.0,0.0,82.625,73.22360567857491,5,21910.295660222557,File_17
2017-07-04 04:12:00,2,0,1,2230617.7704999996,16771.56218,3.5,0.0,0.0,BENIGN,0.0,0.0,0.0,30.6,22.545509530724736,3,25197.151624737267,File_17
2017-07-04 04:13:00,7,0,1,416808.3338438571,6147.279252155714,8077.142857142857,682673939.2793932,0.0,BENIGN,0.0,0.0,0.0,51.0,31.996093511552314,10,24188.6318339835,File_17
2017-07-04 04:14:00,1,0,1,1422764.228,16260.1626,48.0,0.0,0.0,BENIGN,2048.0,0.0,0.0,60.5,58.68986283848344,1,0.0,File_17
2017-07-04 04:17:00,2,0,1,763367.052,18505.138085,2.5,0.0,0.0,BENIGN,0.0,0.0,0.0,62.4,82.74237124955991,3,25486.77697723861,File_17
2017-07-04 04:19:00,2,0,1,1050493.965389,9482.84688101,9243.333335,512330282.0475881,0.0,BENIGN,0.0,0.0,0.0,68.5,54.96968861715215,2,28949.81603856347,File_17
2017-07-04 04:20:00,5,0,1,188798.80416320002,8092.043604502001,7428.933333999999,827412362.1657641,0.0,BENIGN,955.7333333333331,0.0,0.0,27.5,21.417801526352378,5,20010.24554115426,File_17
2017-07-04 04:21:00,2,0,1,8485.4981135,122.31365786500001,48.0,0.0,0.0,BENIGN,0.0,0.0,0.0,62.25,49.446098599046884,2,26184.530636745556,File_17
2017-07-04 04:23:00,2,0,1,7438.2389375,126.642229815,4.0,0.0,0.0,BENIGN,682.6666666666666,0.0,0.0,56.0,33.117970952339455,4,27979.43664193402,File_17
2017-07-04 04:24:00,2,0,1,1385856.668,21357.38016,3.5,0.0,0.0,BENIGN,0.0,0.0,0.0,49.25,24.851223980587623,2,2544.170198709198,File_17
2017-07-04 04:25:00,6,0,1,481812.3021585,4681.521956059501,259685.66666666666,1159071532673.1528,0.0,BENIGN,0.0,0.0,0.0,47.0,30.57925618930109,6,25178.384681250398,File_17
2017-07-04 04:26:00,12,0,1,886592.0451254166,10363.05547787,34.0,0.0,0.0,BENIGN,467.4782608695652,0.0,0.0,62.333333333333336,47.54738292680687,12,26269.40830609557,File_17
2017-07-04 04:27:00,3,0,1,766186.4722013333,5679.9185099999995,18.0,0.0,0.0,BENIGN,0.0,0.0,0.0,56.0,32.341923257592455,3,27165.236398014284,File_17
2017-07-04 04:28:00,4,0,1,1967913.9097499999,15453.024365,25.75,0.0,0.0,BENIGN,0.0,0.0,0.0,62.25,41.88334138669318,4,27313.864354191697,File_17
2017-07-04 04:29:00,3,0,1,887503.7954016667,14927.76649658,18.333333333333332,0.0,0.0,BENIGN,682.6666666666666,0.0,0.0,56.333333333333336,34.71407015414163,3,25299.42024157866,File_17
2017-07-04 04:32:00,1,0,1,1121568.627,15686.27451,1.0,0.0,0.0,BENIGN,2048.0,0.0,0.0,53.0,35.35533905932738,1,0.0,File_17
2017-07-04 04:33:00,1,0,1,2652.799759,60.29090361,3.0,0.0,0.0,BENIGN,0.0,0.0,0.0,68.5,70.0035713374682,1,0.0,File_17
2017-07-04 04:36:00,1,0,1,3258.89006,63.89980511,13.0,0.0,0.0,BENIGN,2048.0,0.0,0.0,70.5,70.0035713374682,1,0.0,File_17
2017-07-04 04:37:00,5,0,1,515644.51268020004,8901.792882522,6166.8,569794003.319121,0.0,BENIGN,620.6060606060607,0.0,0.0,66.25,49.74503172999472,7,25426.067650125537,File_17
2017-07-04 04:38:00,4,0,1,537731.14260625,9918.7760285,2.75,0.0,0.0,BENIGN,1170.2857142857142,0.0,0.0,74.375,73.38535762865583,4,25344.23571785997,File_17
2017-07-04 04:39:00,8,0,1,939385.67739125,14524.94165945,3.0,0.0,0.0,BENIGN,632.4705882352941,0.0,0.0,54.8235294117647,51.516059746109335,9,24769.450822787734,File_17
2017-07-04 04:41:00,12,0,1,706456.6385143334,8550.82461358,857.9722225,25420083.351635043,0.0,BENIGN,756.1846153846154,0.0,0.0,56.53846153846154,47.700927260782485,14,23376.76894915976,File_17
2017-07-04 04:42:00,1,0,1,1422680.412,20618.5567,48.0,0.0,0.0,BENIGN,2048.0,0.0,0.0,33.0,11.313708498984761,1,0.0,File_17
2017-07-04 04:44:00,1,0,1,7573.866001,166.4585934,1.0,0.0,0.0,BENIGN,2048.0,0.0,0.0,50.0,36.76955262170047,1,0.0,File_17
2017-07-04 04:45:00,1,0,1,1142857.143,21978.02198,3.0,0.0,0.0,BENIGN,0.0,0.0,0.0,37.0,11.313708498984761,1,0.0,File_17
2017-07-04 04:46:00,2,0,1,712129.51448,8791.722398824999,2.5,0.0,0.0,BENIGN,1365.3333333333333,0.0,0.0,88.25,72.92176172675296,2,17323.384433251555,File_17
2017-07-04 04:48:00,1,0,1,1255639.098,15037.59398,2.0,0.0,0.0,BENIGN,2048.0,0.0,0.0,69.0,67.88225099390856,1,0.0,File_17
2017-07-04 04:49:00,1,0,1,5672.833972,65.20498818,3.0,0.0,0.0,BENIGN,2048.0,0.0,0.0,51.5,28.991378028648448,1,0.0,File_17
2017-07-04 04:50:00,1,0,1,1229166.667,20833.33333,4.0,0.0,0.0,BENIGN,2048.0,0.0,0.0,106.5,125.15790027001891,1,0.0,File_17
2017-07-04 04:51:00,2,0,1,6619.1494299999995,84.12804838000001,2.0,0.0,0.0,BENIGN,1365.3333333333333,0.0,0.0,65.25,48.609841253255155,2,26587.34752137231,File_17
2017-07-04 04:52:00,3,0,1,1005351.8089320002,16566.384813466666,3.0,0.0,0.0,BENIGN,682.6666666666666,0.0,0.0,56.666666666666664,35.21741993199767,3,27548.777116961108,File_17
2017-07-04 04:53:00,3,0,1,625462.5175016667,6328.034438523333,6823.222223333333,418516125.4214149,0.0,BENIGN,0.0,0.0,0.0,68.16666666666667,73.48854786064743,3,18867.873675642415,File_17
2017-07-04 04:54:00,1,0,1,1469090.909,14545.45455,1.0,0.0,0.0,BENIGN,2048.0,0.0,0.0,62.5,40.30508652763321,1,0.0,File_17
2017-07-04 04:55:00,2,0,1,413006.341646,10064.477422614998,3.5,0.0,0.0,BENIGN,1365.3333333333333,0.0,0.0,69.0,49.1121166312347,2,24178.718204239034,File_17
2017-07-04 08:57:00,13,0,4,8884646.076280512,142819.01526322938,6336924.083453078,269930827546466.03,0.0,BENIGN,2301.5642857142857,0.0,0.0,43.75,19.956202043475106,23,8940.340073703539,File_17
2017-07-04 08:58:00,4,0,3,10872561.265066326,176532.643250861,2463493.0,104040000000000.0,0.0,BENIGN,647.6923076923077,0.0,0.0,62.30769230769231,62.46383569098818,9,14849.00609468526,File_17
2017-07-04 09:01:00,15,0,1,950852.8570218399,11032.587274196667,187420.4,1580522422340.628,0.0,BENIGN,0.0,0.0,0.0,76.23333333333333,79.273721929185,15,28701.58065503541,File_17
2017-07-04 09:02:00,1,0,1,1790055.249,22099.44751,3.0,0.0,0.0,BENIGN,0.0,0.0,0.0,69.0,72.12489168102785,1,0.0,File_17
2017-07-04 09:03:00,1,0,1,4296.573758,44.06742316,3.0,0.0,0.0,BENIGN,0.0,0.0,0.0,96.0,90.50966799187809,1,0.0,File_17
2017-07-04 09:05:00,2,0,1,467642.43312,8328.268839650002,23.5,0.0,0.0,BENIGN,1024.0,0.0,0.0,59.0,46.36809247747852,2,6927.289433024211,File_17
2017-07-04 09:06:00,5,0,1,718585.6314584,8431.110606206,16903.2,2294706940.84756,0.0,BENIGN,0.0,0.0,0.0,69.57142857142857,81.90774762425788,9,27204.791225033012,File_17
2017-07-04 09:07:00,3,0,2,14078326.194478666,227514.86032693333,3.0,0.0,0.0,BENIGN,1024.0,0.0,0.0,64.22222222222223,41.50535440692495,6,24567.185965226054,File_17
2017-07-04 09:08:00,2,0,1,736954.2173465,8666.397851365,3.0,0.0,0.0,BENIGN,1024.0,0.0,0.0,56.25,31.18092365533773,2,15084.001856271432,File_17
2017-07-04 09:09:00,6,0,1,707335.0902635,9525.854370718333,6901.0,851792275.2817973,0.0,BENIGN,0.0,0.0,0.0,50.2,45.82295120507688,9,26114.65732708788,File_17
2017-07-04 09:10:00,5,0,1,14658.206290000002,128.911040278,4694.533334,329566503.4947883,0.0,BENIGN,955.7333333333333,0.0,0.0,76.3,95.11519331841785,5,19141.44266271162,File_17
2017-07-04 09:11:00,5,0,2,802690.194980404,11798.4653883592,1167036.0,5914313156339.678,0.0,BENIGN,699.1749644381222,1311.107142857143,0.0,39.078947368421055,99.35804258281787,27,21433.956292508385,File_17
2017-07-04 09:12:00,6,0,1,1199083.581463,14951.608552408332,25.666666666666668,0.0,0.0,BENIGN,507.1238095238094,0.0,0.0,70.6,59.63915300730362,9,28053.588441660748,File_17
2017-07-04 09:13:00,1,0,1,1275862.069,22988.50575,1.0,0.0,0.0,BENIGN,2048.0,0.0,0.0,50.5,40.30508652763321,1,0.0,File_17
2017-07-04 09:15:00,14,0,1,739980.9003148571,11038.87256135357,6.214285714285714,0.0,0.0,BENIGN,0.0,0.0,0.0,48.0,27.68071932270226,14,24068.289721099118,File_17
2017-07-04 09:16:00,6,0,1,846874.9389514999,11918.826108343334,12.166666666666666,0.0,0.0,BENIGN,540.1318681318683,0.0,0.0,57.07142857142857,50.575859680460034,8,24670.998295557645,File_17
2017-07-04 09:17:00,4,0,1,886630.793681,10623.5971312375,3.5,0.0,0.0,BENIGN,0.0,0.0,0.0,53.55555555555556,40.74650632603706,5,25051.86524461552,File_17
2017-07-04 09:18:00,4,0,1,84405.32502799999,1426.066364995,5.5,0.0,0.0,BENIGN,877.7142857142857,0.0,0.0,55.625,49.47419962537472,4,23615.900567893936,File_17
2017-07-04 09:19:00,7,0,1,645846.7892924428,8736.309341064285,15.142857142857142,0.0,0.0,BENIGN,540.1318681318683,0.0,0.0,54.642857142857146,42.02674449380124,7,28385.772845902426,File_17
2017-07-04 09:20:00,15,0,1,478408.96170926664,6590.679578502666,15.0,0.0,0.0,BENIGN,0.0,0.0,0.0,48.142857142857146,38.072796260926914,20,28005.278199063127,File_17
2017-07-04 09:21:00,4,0,1,1113820.58820425,17668.894555625,3.5,0.0,0.0,BENIGN,0.0,0.0,0.0,44.0,20.677416559027762,6,24279.33952871489,File_17
2017-07-04 09:22:00,4,0,1,240943.61417674998,5151.5022454375,21.0,0.0,0.0,BENIGN,512.0,0.0,0.0,59.0,45.803929962395145,4,27383.145803987696,File_17
2017-07-04 09:23:00,2,0,1,676985.4201999999,12010.694741500001,26.0,0.0,0.0,BENIGN,0.0,0.0,0.0,38.0,14.787382008545888,2,27804.63362263364,File_17
2017-07-04 09:24:00,7,2,2,437604.97216041,8340.210801567142,650872.2857142857,8895003600133.53,0.14285714285714285,FTP-Patator,938.029411764706,14654.5,0.0,56.1764705882353,66.22616108279797,8,26613.34248013285,File_17
2017-07-04 09:25:00,4,0,1,459637.196168,9454.05008663,7504.5,671225292.0199354,0.0,BENIGN,0.0,0.0,0.0,47.0,31.98213787189879,4,25189.396158231477,File_17
2017-07-04 09:26:00,8,0,1,802615.19036575,11951.54147667125,8.875,0.0,0.0,BENIGN,903.529411764706,0.0,0.0,40.76470588235294,25.591818545593597,9,22239.752578347037,File_17
2017-07-04 09:27:00,2,0,1,758853.25511,9373.383634450001,83.0,0.0,0.0,BENIGN,0.0,0.0,0.0,53.0,45.49411264893828,6,24551.585758669564,File_17
2017-07-04 09:29:00,10,0,1,455871.4467414,9142.304795243,3663.0333330000003,401798463.2686838,0.0,BENIGN,0.0,0.0,0.0,62.42307692307692,58.43503954096247,16,27271.749614984365,File_17
2017-07-04 09:30:00,8,0,1,484877.0332755,7249.9178562525,12376.0,2095242199.3087149,0.0,BENIGN,477.8666666666667,0.0,0.0,75.8125,59.40619356037999,8,23772.60790293456,File_17
2017-07-04 09:31:00,2,0,1,8880.899880500001,112.15272139,10360.0,643604694.072411,0.0,BENIGN,819.2,0.0,0.0,43.4,48.85488716597347,3,20903.296933438516,File_17
2017-07-04 09:32:00,5,6,3,1062068.965578,485919.540242,52.8,0.0,0.6,FTP-Patator,0.8181818181818182,14654.5,0.0,0.0,0.0,3,26786.134466415504,File_17
2017-07-04 09:33:00,3,0,1,166771.559267,4487.7742059033335,2989.3333333333335,80254722.35752174,0.0,BENIGN,0.0,0.0,0.0,59.5,41.4523823199584,3,27170.621519575147,File_17
2017-07-04 09:34:00,21,0,1,1017724.65595,14102.25040409857,5578.285714285715,1391447085.8656948,0.0,BENIGN,571.2108843537416,0.0,0.0,50.244897959183675,38.84077036023965,28,25431.901473592177,File_17
2017-07-04 09:35:00,2,0,1,867764.8731315001,8685.866917185,26.0,0.0,0.0,BENIGN,682.6666666666666,0.0,0.0,50.666666666666664,31.90402273486318,4,19489.30935051317,File_17
2017-07-04 09:36:00,4,0,1,642014.3426875,12664.727088274998,25.75,0.0,0.0,BENIGN,0.0,0.0,0.0,53.375,40.202833944174344,4,25397.684857530796,File_17
2017-07-04 09:37:00,13,0,1,1094803.5476105462,12644.689690898154,76219.15384846154,217337907458.08752,0.0,BENIGN,0.0,0.0,0.0,46.82142857142857,32.39804929133231,15,28554.418752171237,File_17
2017-07-04 09:38:00,6,0,1,717561.6373691666,9530.859123625,10.333333333333334,0.0,0.0,BENIGN,1086.060606060606,0.0,0.0,57.416666666666664,48.108699521988434,6,17486.373392250982,File_17
2017-07-04 09:39:00,5,0,1,787561.7750336,13181.916127298002,2.8,0.0,0.0,BENIGN,409.59999999999997,0.0,0.0,53.2,35.90357456670111,5,24835.00948755433,File_17
2017-07-04 09:40:00,5,0,1,312435.744724,4704.22646461,5463.266667999999,236692390.34419742,0.0,BENIGN,0.0,0.0,0.0,68.72727272727273,65.36985682880284,6,24042.022660541686,File_17
2017-07-04 09:41:00,2,0,1,1690846.5735,13975.035102,3.0,0.0,0.0,BENIGN,0.0,0.0,0.0,70.25,32.93807320816849,2,25746.014617153207,File_17
2017-07-04 09:42:00,15,0,1,700529.981332492,8390.8157976978,56848.688891333324,130142476356.29372,0.0,BENIGN,0.0,0.0,0.0,57.91891891891892,55.37216427571327,22,29584.649688814578,File_17
2017-07-04 09:43:00,7,0,1,891065.9119344286,11291.830637704286,3559.0476185714288,265586973.45913938,0.0,BENIGN,0.0,0.0,0.0,54.0,30.644194665004115,9,28169.652878861598,File_17
2017-07-04 09:44:00,5,0,1,220054.57804259998,4349.789606926,20000.786666,5515398137.358477,0.0,BENIGN,0.0,0.0,0.0,57.3,34.159918032688545,5,26854.94092755041,File_17
2017-07-04 09:45:00,1,0,1,1515358.362,13651.87713,4.0,0.0,0.0,BENIGN,0.0,0.0,0.0,27.0,11.313708498984761,1,0.0,File_17
2017-07-04 09:46:00,1,0,1,12905.72369,258.1144738,10270.33333,315915700.22318834,0.0,BENIGN,0.0,0.0,0.0,28.0,9.237604307034012,3,24321.173441171697,File_17
2017-07-04 09:47:00,8,0,1,853341.179965735,8492.923664520124,680956.916625,11128383839377.877,0.0,BENIGN,451.7647058823529,0.0,0.0,66.82352941176471,65.2985789413882,9,23029.423725082113,File_17
2017-07-04 09:48:00,9,0,1,702138.6156726667,11135.741204928889,7999.37037,1318142607.271968,0.0,BENIGN,178.08695652173918,0.0,0.0,59.869565217391305,46.991589525850344,14,28171.857563690097,File_17
2017-07-04 09:49:00,2,0,1,320756.70217,5543.7256032,26.0,0.0,0.0,BENIGN,1024.0,0.0,0.0,46.75,30.923292192132454,2,26713.463621677114,File_17
2017-07-04 09:50:00,3,0,1,1218857.0316303333,13708.237134633333,2705.1111109999997,65704534.11184081,0.0,BENIGN,0.0,0.0,0.0,44.714285714285715,36.18800116850098,4,27390.720245286644,File_17
2017-07-04 09:51:00,8,2,2,527371.314691625,9893.136039475,1066.041666625,25544066.684052717,0.125,FTP-Patator,792.014705882353,10074.666666666666,0.0,69.0,73.4838417613015,7,26264.985003728703,File_17
2017-07-04 09:52:00,8,0,1,478287.14103187504,8309.11724138125,2081.0,50847761.35831668,0.0,BENIGN,178.08695652173918,0.0,0.0,52.65217391304348,37.92769280384618,15,23648.631049262283,File_17
2017-07-04 09:53:00,1,0,1,7435.491589,110.4280929,8723.0,228115199.93956763,0.0,BENIGN,0.0,0.0,0.0,46.333333333333336,36.950417228136054,2,0.0,File_17
2017-07-04 09:54:00,9,0,1,867374.6685213334,13294.773702362223,8.0,0.0,0.0,BENIGN,602.3529411764705,0.0,0.0,49.05555555555556,33.75773936922111,9,24483.98648704042,File_17
2017-07-04 09:55:00,1,0,1,10011.29323,183.1334127,10610.66667,337504133.4944902,0.0,BENIGN,0.0,0.0,0.0,43.333333333333336,40.4145188432738,2,0.0,File_17
2017-07-04 09:56:00,5,0,1,1008705.7395980001,11106.962177320002,11.6,0.0,0.0,BENIGN,0.0,0.0,0.0,42.27272727272727,23.16502065222869,6,26121.63626364168,File_17
2017-07-04 09:57:00,2,0,1,535896.073067,9151.37983215,15378.333335,1418451378.176951,0.0,BENIGN,819.2,0.0,0.0,58.8,55.24671935961447,3,23576.84397215836,File_17
2017-07-04 09:58:00,3,0,1,8633.746071333333,92.92499551666667,30864.888890000002,8559333769.903873,0.0,BENIGN,0.0,0.0,0.0,51.22222222222222,41.601615887420095,6,19650.712665193598,File_17
2017-07-04 09:59:00,2,0,1,5731.561475,91.41323231000001,8644.166665,447733465.29875046,0.0,BENIGN,0.0,0.0,0.0,44.2,28.621670111997307,3,25282.081100059782,File_17
2017-07-04 10:01:00,4,2,3,663036.8374262501,200313.4014376775,7908.1666675,749164920.0660237,0.25,FTP-Patator,1512.2380952380952,10074.666666666666,0.0,26.0,31.848600178553113,2,25696.63481642857,File_17
2017-07-04 10:02:00,1,0,1,1000000.0,23255.81395,3.0,0.0,0.0,BENIGN,0.0,0.0,0.0,48.333333333333336,35.21836642056717,2,27995.5,File_17
2017-07-04 10:03:00,8,4,3,964803.970672375,174526.41149013498,3134.79166625,230460307.071419,0.25,FTP-Patator,1112.463157894737,14654.5,0.0,32.1,37.86944331307374,9,27007.75374527936,File_17
2017-07-04 10:04:00,8,2,2,662727.9155951249,13197.269185699999,4142.91666625,135017178.28194973,0.125,FTP-Patator,668.7532467532467,14654.5,0.0,56.18181818181818,74.65963170322102,12,27590.500607021102,File_17
2017-07-04 10:06:00,3,0,1,1326796.1495113333,12132.666127299999,3.6666666666666665,0.0,0.0,BENIGN,1092.2666666666669,0.0,0.0,52.5,35.13829819442029,3,12218.904723419362,File_17
2017-07-04 10:07:00,4,0,1,903299.127055,16845.535313175,50.5,0.0,0.0,BENIGN,0.0,0.0,0.0,75.33333333333333,64.10928169929842,5,24649.890921411803,File_17
2017-07-04 10:08:00,5,0,1,995171.2019294001,12599.644339761999,3.0,0.0,0.0,BENIGN,372.3636363636363,0.0,0.0,34.0,19.354586019855862,6,25140.909474599364,File_17
2017-07-04 10:09:00,5,0,1,918250.7583087999,11229.817312464,11362.2,1928934003.1758137,0.0,BENIGN,0.0,0.0,0.0,49.916666666666664,32.77321060459798,7,26450.86473238463,File_17
2017-07-04 10:10:00,13,0,1,688250.7791906924,9501.255705787691,796.9487176923077,23919084.784528032,0.0,BENIGN,349.09090909090907,0.0,0.0,55.54545454545455,41.460139674368946,20,27132.630819054128,File_17
2017-07-04 10:11:00,3,0,1,995971.9050833335,14646.148854333334,7.0,0.0,0.0,BENIGN,0.0,0.0,0.0,58.888888888888886,43.85899122313589,6,24191.21343587378,File_17
2017-07-04 10:13:00,1,0,1,10237.17174,127.1698353,1.0,0.0,0.0,BENIGN,0.0,0.0,0.0,100.0,110.30865786510141,1,0.0,File_17
2017-07-04 10:14:00,3,0,1,8692.766110333332,119.48241349333334,6388.888889999999,212826169.1750594,0.0,BENIGN,682.6666666666666,0.0,0.0,69.0,50.44204595374775,3,20578.191984720135,File_17
2017-07-04 10:15:00,2,0,1,964599.6973250001,10646.1563191,26.0,0.0,0.0,BENIGN,1365.3333333333333,0.0,0.0,68.0,63.67626454705604,2,5327.277749678744,File_17
2017-07-04 10:17:00,3,0,1,5062.088399,74.29645369666666,48.0,0.0,0.0,BENIGN,0.0,0.0,0.0,50.125,36.17985824816265,5,29306.813322892292,File_17
2017-07-04 10:19:00,1,0,1,3253.860261,39.44073044,3.0,0.0,0.0,BENIGN,2048.0,0.0,0.0,54.0,42.42640687119285,1,0.0,File_17
2017-07-04 10:22:00,6,0,1,916105.0240435,10413.026569331667,10.5,0.0,0.0,BENIGN,0.0,0.0,0.0,75.75,65.71996375808219,6,24251.673354892373,File_17
2017-07-04 10:23:00,5,0,1,5472.171701,84.453591752,4.0,0.0,0.0,BENIGN,1137.7777777777778,0.0,0.0,70.7,49.73719824124484,5,24311.64362152931,File_17
2017-07-04 10:24:00,1,0,1,1013452.915,17937.21973,4.0,0.0,0.0,BENIGN,0.0,0.0,0.0,90.0,90.50966799187809,1,0.0,File_17
2017-07-04 10:27:00,4,0,1,749092.8457275,9685.32310859,5138.75,157565613.72503734,0.0,BENIGN,0.0,0.0,0.0,51.36363636363637,40.986028661661585,7,26461.046676388294,File_17
2017-07-04 10:28:00,6,0,1,390412.831957,6327.555574811667,9.666666666666666,0.0,0.0,BENIGN,1117.090909090909,0.0,0.0,57.666666666666664,56.58032638058333,6,26252.827486917504,File_17
2017-07-04 10:30:00,3,0,1,41994.95749966666,694.1468916766667,2.6666666666666665,0.0,0.0,BENIGN,585.1428571428572,0.0,0.0,48.57142857142857,20.065369361640162,4,30017.18690137739,File_17
2017-07-04 10:31:00,3,0,1,1302151.575,22040.153283333333,18.0,0.0,0.0,BENIGN,585.1428571428572,0.0,0.0,51.285714285714285,30.9446510494371,4,23273.88530807294,File_17
2017-07-04 10:33:00,4,0,1,895151.2692,24572.61785,14.75,0.0,0.0,BENIGN,409.59999999999997,0.0,0.0,42.2,23.74306916414416,6,24616.933711031787,File_17
2017-07-04 10:35:00,2,0,1,823269.37124,10179.886894449999,2.5,0.0,0.0,BENIGN,1365.3333333333333,0.0,0.0,62.75,43.71403283462493,2,10967.235365193706,File_17
2017-07-04 10:36:00,7,0,1,280286.9431603286,6500.956898405714,6832.0,404734785.88619345,0.0,BENIGN,0.0,0.0,0.0,62.4375,59.277841559894874,9,25944.7564014174,File_17
2017-07-04 10:38:00,4,0,1,1090886.49284,14595.5388271875,5253.6666675,329402126.03252965,0.0,BENIGN,0.0,0.0,0.0,67.75,44.771642811047265,4,25977.579436655662,File_17
2017-07-04 10:39:00,5,0,1,860943.6291130001,7047.283801906,8579.733334,1097675055.157603,0.0,BENIGN,540.1318681318683,0.0,0.0,48.785714285714285,25.45336178923378,9,22477.522614022775,File_17
2017-07-04 10:41:00,1,0,1,6673.988342,84.48086508,49.0,0.0,0.0,BENIGN,0.0,0.0,0.0,136.0,90.50966799187809,1,0.0,File_17
2017-07-04 10:42:00,1,0,1,11304.45828,127.0163851,6755.666667,136775264.36776617,0.0,BENIGN,0.0,0.0,0.0,28.0,22.627416997969522,1,0.0,File_17
2017-07-04 10:44:00,1,0,1,2544.366593,38.35728533,30812.0,2847583442.958426,0.0,BENIGN,0.0,0.0,0.0,69.0,72.12489168102785,1,0.0,File_17
2017-07-04 10:46:00,4,0,1,689384.84727075,10374.83208165,1629.08333325,30636988.558007553,0.0,BENIGN,0.0,0.0,0.0,52.77777777777778,26.560204149148483,5,26777.64573266991,File_17
2017-07-04 10:47:00,5,0,1,1024663.2697699999,11521.57215802,30.4,0.0,0.0,BENIGN,0.0,0.0,0.0,57.333333333333336,43.03265648097411,10,28568.427600612333,File_17
2017-07-04 10:49:00,1,0,1,1486910.995,20942.40838,3.0,0.0,0.0,BENIGN,0.0,0.0,0.0,36.0,11.313708498984761,1,0.0,File_17
2017-07-04 10:50:00,6,0,1,387026.8331883333,8055.892449516666,18.5,0.0,0.0,BENIGN,315.07692307692315,0.0,0.0,47.15384615384615,31.128352975613065,7,28072.57425097294,File_17
2017-07-04 10:52:00,3,0,1,9298.488221,120.79523400000001,3.3333333333333335,0.0,0.0,BENIGN,0.0,0.0,0.0,42.333333333333336,19.63330503676512,3,26372.233895519734,File_17
2017-07-04 10:53:00,4,0,1,605796.580449,6194.87443327,12295.4166675,1811546277.2227905,0.0,BENIGN,0.0,0.0,0.0,52.09090909090909,44.20962462056095,7,24946.75139171431,File_17
2017-07-04 10:54:00,4,0,1,923655.1321411,9564.707828225,2541.1666675,77292252.0994215,0.0,BENIGN,0.0,0.0,0.0,42.9,21.63048260621519,6,28397.507171937592,File_17
2017-07-04 10:55:00,1,0,1,1010101.01,20202.0202,3.0,0.0,0.0,BENIGN,0.0,0.0,0.0,28.0,11.313708498984761,1,0.0,File_17
2017-07-04 10:56:00,1,0,1,1030927.835,20618.5567,4.0,0.0,0.0,BENIGN,0.0,0.0,0.0,47.0,27.712812921102035,3,24235.37781838773,File_17
2017-07-04 10:57:00,3,0,1,457835.0491016667,7630.847782043334,3.0,0.0,0.0,BENIGN,682.6666666666666,0.0,0.0,40.166666666666664,15.638627390748418,3,19029.487738770058,File_17
2017-07-04 10:58:00,3,0,1,447296.007801,5738.706938026667,3.0,0.0,0.0,BENIGN,0.0,0.0,0.0,70.0,63.55942101687208,8,26134.310093055832,File_17
2017-07-04 10:59:00,6,0,1,631909.4219750001,8446.701361483334,17.5,0.0,0.0,BENIGN,992.9696969696971,0.0,0.0,76.83333333333333,62.49193887408539,6,24553.75404500256,File_17
2017-07-04 11:00:00,5,0,1,239934.405987,5186.246859747999,58.8,0.0,0.0,BENIGN,372.3636363636364,0.0,0.0,65.27272727272727,49.63484846172276,6,24178.24032658291,File_17
2017-07-04 11:01:00,6,0,1,952832.6441500001,16798.496513871665,10.833333333333334,0.0,0.0,BENIGN,0.0,0.0,0.0,63.5,59.06775770248944,6,29451.661991296634,File_17
2017-07-04 11:02:00,3,0,1,729306.0484706666,5207.495421183333,17.333333333333332,0.0,0.0,BENIGN,0.0,0.0,0.0,59.5,38.019731719200756,3,26945.44285477602,File_17
2017-07-04 11:03:00,1,0,1,1423487.544,14234.87544,3.0,0.0,0.0,BENIGN,0.0,0.0,0.0,76.5,60.10407640085654,1,0.0,File_17
2017-07-04 11:04:00,2,0,1,612766.1548475,11760.399679350001,3.5,0.0,0.0,BENIGN,0.0,0.0,0.0,45.75,32.75540667838924,2,833.443192758544,File_17
2017-07-04 11:05:00,8,0,1,420469.8893454125,7544.1088219534995,49300.50000375,46314789003.46907,0.0,BENIGN,227.55555555555557,0.0,0.0,52.0,43.669884629220306,10,26112.592102100043,File_17
2017-07-04 11:06:00,6,0,1,532890.2557145,8986.12190447,2392.7777778333334,51085814.22863268,0.0,BENIGN,273.0666666666667,0.0,0.0,58.8,50.727845269775514,9,24858.44089303778,File_17
2017-07-04 11:08:00,3,0,1,1351555.3476666666,25817.020246666667,5.0,0.0,0.0,BENIGN,0.0,0.0,0.0,95.44444444444444,90.3218012319162,6,25689.240917892064,File_17
2017-07-04 11:09:00,2,0,1,1080975.6099999999,22195.12195,3.0,0.0,0.0,BENIGN,0.0,0.0,0.0,34.6,21.46625258399798,3,29589.011630164332,File_17
2017-07-04 11:10:00,1,0,1,1386666.667,26666.66667,3.0,0.0,0.0,BENIGN,0.0,0.0,0.0,31.0,11.313708498984761,1,0.0,File_17
2017-07-04 11:11:00,1,0,1,1506172.84,24691.35802,3.0,0.0,0.0,BENIGN,0.0,0.0,0.0,29.0,11.313708498984761,1,0.0,File_17
2017-07-04 11:13:00,1,0,1,8264.192853,97.99438166,7225.333333,156464630.40535837,0.0,BENIGN,0.0,0.0,0.0,89.33333333333333,47.34272207354931,2,28438.5,File_17
2017-07-04 11:14:00,2,0,1,574982.130705,13688.53661185,3.5,0.0,0.0,BENIGN,0.0,0.0,0.0,56.5,38.214307966170644,2,22712.32423157084,File_17
2017-07-04 11:15:00,1,0,1,4963.379941,80.70536489,1.0,0.0,0.0,BENIGN,2048.0,0.0,0.0,48.0,45.254833995939045,1,0.0,File_17
2017-07-04 11:16:00,2,0,1,547997.382104,11385.09490174,24.5,0.0,0.0,BENIGN,0.0,0.0,0.0,55.8,36.3001377407855,3,24963.422977428396,File_17
2017-07-04 11:18:00,1,0,1,7660.853684,96.97283145,5242.333333,82351841.33110934,0.0,BENIGN,0.0,0.0,0.0,40.666666666666664,25.403411844343534,2,30952.0,File_17
2017-07-04 11:19:00,2,0,1,887991.3474755,8891.141019665,1.5,0.0,0.0,BENIGN,1024.0,0.0,0.0,59.0,62.3431364840322,2,21289.30775452003,File_17
2017-07-04 11:20:00,2,0,1,464676.343192,8142.82583578,2.0,0.0,0.0,BENIGN,1365.3333333333333,0.0,0.0,90.5,84.16056083463323,2,2713.4044216731786,File_17
2017-07-04 11:21:00,1,0,1,459.1898579,8.556332756,10119.66667,307040833.33665764,0.0,BENIGN,0.0,0.0,0.0,26.333333333333332,9.237604307034012,2,26085.5,File_17
2017-07-04 11:23:00,1,0,1,749279.5389,11527.37752,1.0,0.0,0.0,BENIGN,2048.0,0.0,0.0,64.5,47.37615433949868,1,0.0,File_17
2017-07-04 11:24:00,1,0,1,4057.190152,64.91504244,3.0,0.0,0.0,BENIGN,0.0,0.0,0.0,40.0,19.79898987322333,1,0.0,File_17
2017-07-04 11:25:00,1,0,1,538226.2997,12232.4159,49.0,0.0,0.0,BENIGN,0.0,0.0,0.0,43.333333333333336,35.21836642056717,2,26139.5,File_17
2017-07-04 11:26:00,2,0,1,161252.33772049999,2148.246931805,3.5,0.0,0.0,BENIGN,1365.3333333333333,0.0,0.0,53.5,23.671361036774655,2,9430.447438424588,File_17
2017-07-04 11:27:00,4,0,1,522470.049496,11940.871519145001,1.5,0.0,0.0,BENIGN,512.0,0.0,0.0,49.75,43.8951673226759,4,23425.657195929947,File_17
2017-07-04 11:28:00,1,0,1,16434.47068,166.847418,4.0,0.0,0.0,BENIGN,0.0,0.0,0.0,76.5,65.76093065034893,1,0.0,File_17
2017-07-04 11:29:00,1,0,1,2977.55192,33.26873654,3.0,0.0,0.0,BENIGN,2048.0,0.0,0.0,55.0,45.254833995939045,1,0.0,File_17
2017-07-04 11:30:00,6,0,2,563527.5629474999,8937.852760196665,36155.0,5660802248.137944,0.0,BENIGN,858.7247983870968,5001.958333333333,0.0,135.03125,428.20175259732343,14,23824.554778011017,File_17
2017-07-04 11:31:00,2,0,1,646418.6558215,12427.96321965,2.0,0.0,0.0,BENIGN,1024.0,0.0,0.0,36.75,12.526638282742368,2,26612.10628016254,File_17
2017-07-04 11:32:00,5,0,1,855258.492291,11573.333864060001,11.6,0.0,0.0,BENIGN,620.6060606060607,0.0,0.0,56.583333333333336,39.84620053367318,7,28534.55527937549,File_17
2017-07-04 11:35:00,3,0,1,534895.1778059999,8221.75010528,18.0,0.0,0.0,BENIGN,682.6666666666667,0.0,0.0,64.0,41.63652242923273,3,26249.368734504835,File_17
2017-07-04 11:36:00,1,0,1,14473.79181,163.5456701,48.0,0.0,0.0,BENIGN,0.0,0.0,0.0,45.5,37.476659402887016,1,0.0,File_17
2017-07-04 11:38:00,2,0,1,1601527.2415,16610.89661,3.5,0.0,0.0,BENIGN,1024.0,0.0,0.0,66.0,37.859388972001824,2,6361.604008074973,File_17
2017-07-04 11:39:00,2,0,1,484618.433167,11794.32015408,3.0,0.0,0.0,BENIGN,0.0,0.0,0.0,45.625,29.471232947207543,6,26248.949174690977,File_17
2017-07-04 11:41:00,2,0,1,649644.2255,20963.327859999998,25.0,0.0,0.0,BENIGN,819.2,0.0,0.0,24.2,24.056184236075342,3,20907.341688985714,File_17
2017-07-04 11:42:00,2,0,1,908611.83925,12068.588899999999,26.0,0.0,0.0,BENIGN,0.0,0.0,0.0,52.0,28.397182958878158,4,26990.111082394604,File_17
2017-07-04 11:44:00,7,0,1,269588.951492,2429.188119938571,10.0,0.0,0.0,BENIGN,0.0,0.0,0.0,61.5,62.74048470527329,13,27745.194133823352,File_17
2017-07-04 11:46:00,1,0,1,778625.9542,15267.17557,3.0,0.0,0.0,BENIGN,0.0,0.0,0.0,38.0,11.313708498984761,1,0.0,File_17
2017-07-04 11:48:00,7,0,1,322049.452094,7460.252807071428,9918.52381,1109087726.1599576,0.0,BENIGN,0.0,0.0,0.0,52.9375,46.756773127893815,9,28741.566468560246,File_17
2017-07-04 11:49:00,1,0,1,5421.92691,106.3122924,4.0,0.0,0.0,BENIGN,0.0,0.0,0.0,51.0,43.840620433565945,1,0.0,File_17
2017-07-04 11:50:00,1,0,1,1251184.834,18957.34597,48.0,0.0,0.0,BENIGN,0.0,0.0,0.0,54.0,45.254833995939045,1,0.0,File_17
2017-07-04 11:51:00,9,0,1,729302.2354907778,10838.866085325555,8.11111111111111,0.0,0.0,BENIGN,0.0,0.0,0.0,66.9,47.697401451894194,11,27646.42913710993,File_17
2017-07-04 11:53:00,4,0,1,1010227.984285,18585.8194829125,5175.3333325,320989836.525168,0.0,BENIGN,0.0,0.0,0.0,62.625,34.915970557898,4,4071.7587936258437,File_17
2017-07-04 11:54:00,1,0,1,1164835.165,21978.02198,3.0,0.0,0.0,BENIGN,0.0,0.0,0.0,55.0,38.1051177665153,2,31789.5,File_17
2017-07-04 11:55:00,1,0,1,1151219.512,19512.19512,48.0,0.0,0.0,BENIGN,0.0,0.0,0.0,50.0,33.94112549695428,1,0.0,File_17
2017-07-04 11:58:00,4,0,1,295586.60277925,4747.1284063425,26.25,0.0,0.0,BENIGN,1097.142857142857,0.0,0.0,52.375,25.556310375326092,4,23997.748547456253,File_17
2017-07-04 11:59:00,2,0,1,967076.7826645,8806.287002215,25.0,0.0,0.0,BENIGN,0.0,0.0,0.0,70.0,71.59143337951359,2,28301.62415048924,File_17
2017-07-04 12:00:00,1,0,1,5020.78409,65.20498818,3.0,0.0,0.0,BENIGN,0.0,0.0,0.0,67.0,33.94112549695428,1,0.0,File_17
2017-07-04 12:02:00,3,0,1,409036.1859146666,6586.881706676667,9220.333333333334,760877232.265521,0.0,BENIGN,0.0,0.0,0.0,46.0,36.08785575970583,4,26009.13701257481,File_17
2017-07-04 12:04:00,2,0,1,621871.8093705,11271.03867095,8072.166665,390571880.1331113,0.0,BENIGN,0.0,0.0,0.0,61.5,62.0993827129814,2,81.55298209684848,File_17
2017-07-04 12:06:00,1,0,1,6704.486849,64.4662197,3.0,0.0,0.0,BENIGN,2048.0,0.0,0.0,198.0,248.90158697766472,1,0.0,File_17
2017-07-04 12:14:00,1,0,1,4911.892921,81.86488201,3.0,0.0,0.0,BENIGN,0.0,0.0,0.0,60.0,32.331615074619044,3,30523.442721219304,File_17
2017-07-04 12:15:00,2,0,1,471163.0948555,6174.92457512,49.0,0.0,0.0,BENIGN,1365.3333333333333,0.0,0.0,75.0,60.76183012385325,2,5734.164590902109,File_17
2017-07-04 12:16:00,1,0,1,1297520.661,16528.92562,0.0,0.0,0.0,BENIGN,2048.0,0.0,0.0,140.0,165.46298679765212,1,0.0,File_17
2017-07-04 12:22:00,1,0,1,1401015.228,20304.56853,49.0,0.0,0.0,BENIGN,2048.0,0.0,0.0,11.0,0.0,1,0.0,File_17
2017-07-04 12:28:00,1,0,1,1827868.852,16393.44262,1.0,0.0,0.0,BENIGN,2048.0,0.0,0.0,27.0,11.313708498984761,1,0.0,File_17
2017-07-04 12:29:00,3,0,1,578053.920096,6884.724393403333,6878.222223333333,425397499.9981821,0.0,BENIGN,0.0,0.0,0.0,52.25,38.39537140664934,9,21584.647840077567,File_17
2017-07-04 12:30:00,1,0,1,1299363.057,12738.8535,52.0,0.0,0.0,BENIGN,0.0,0.0,0.0,39.333333333333336,36.950417228136054,2,27953.0,File_17
2017-07-04 12:33:00,1,0,1,1439655.172,17241.37931,1.0,0.0,0.0,BENIGN,2048.0,0.0,0.0,56.0,42.42640687119285,1,0.0,File_17
2017-07-04 12:42:00,3,0,1,825167.1608369999,9716.094438563334,6882.444443333334,424023600.1627448,0.0,BENIGN,455.11111111111114,0.0,0.0,63.0,36.61625322175932,6,22607.782990598615,File_17
2017-07-04 12:47:00,7,0,1,1113971.3488992858,14995.660303922856,9.428571428571429,0.0,0.0,BENIGN,0.0,0.0,0.0,59.5625,44.060517094862455,9,28173.71710939116,File_17
2017-07-04 12:50:00,2,0,1,1199.43122015,17.13209364,93.0,0.0,0.0,BENIGN,0.0,0.0,0.0,48.5,13.771952173409064,2,27494.391141144086,File_17
2017-07-04 12:51:00,1,0,1,2747.410592,31.33928432,19024.66667,1085471408.2472777,0.0,BENIGN,0.0,0.0,0.0,41.0,32.90896534380867,2,28476.0,File_17
2017-07-04 12:52:00,1,0,1,1115879.828,17167.38197,3.0,0.0,0.0,BENIGN,2048.0,0.0,0.0,101.0,113.13708498984761,1,0.0,File_17
2017-07-04 12:53:00,1,0,1,1252747.253,21978.02198,49.0,0.0,0.0,BENIGN,2048.0,0.0,0.0,11.0,0.0,1,0.0,File_17
2017-07-04 12:56:00,2,0,1,564302.175039,12541.42931124,2.0,0.0,0.0,BENIGN,1024.0,0.0,0.0,46.0,27.141603981096377,2,22990.116199986656,File_17
2017-07-04 12:59:00,1,0,1,1353.514583,26.02912659,1.0,0.0,0.0,BENIGN,0.0,0.0,0.0,60.5,41.71930009000631,1,0.0,File_17
2017-07-05 01:04:00,1,0,1,1638554.217,24096.38554,1.0,0.0,0.0,BENIGN,0.0,0.0,0.0,37.333333333333336,9.237604307034013,2,0.0,File_17
2017-07-05 01:05:00,4,0,1,1124530.47778425,18837.080489155,3.5,0.0,0.0,BENIGN,0.0,0.0,0.0,49.5,30.32208059201366,4,24639.44568270602,File_17
2017-07-05 01:08:00,1,0,1,6710.853355,82.85004143,46.0,0.0,0.0,BENIGN,2048.0,0.0,0.0,43.5,36.062445840513924,1,0.0,File_17
2017-07-05 01:10:00,1,0,1,836734.6939,20408.16327,47.0,0.0,0.0,BENIGN,0.0,0.0,0.0,28.333333333333332,9.237604307034012,2,30094.0,File_17
2017-07-05 01:11:00,3,0,1,867128.5400416666,13291.691527149998,3.3333333333333335,0.0,0.0,BENIGN,1228.8,0.0,0.0,76.66666666666667,62.28857573156306,3,16700.260853052565,File_17
2017-07-05 01:15:00,2,0,1,1336416.898,28677.15079,4.0,0.0,0.0,BENIGN,0.0,0.0,0.0,53.666666666666664,29.01493868107714,4,26951.74635529208,File_17
2017-07-05 01:17:00,3,0,1,783642.17129,13339.633737023332,4539.555556666667,183254881.40496516,0.0,BENIGN,0.0,0.0,0.0,60.375,46.229049308849085,5,28506.808394071875,File_17
2017-07-05 01:19:00,1,0,1,472.5357641,7.621544582,49.0,0.0,0.0,BENIGN,2048.0,0.0,0.0,106.5,118.08683245815344,1,0.0,File_17
2017-07-05 01:21:00,1,0,1,1800000.0,25000.0,48.0,0.0,0.0,BENIGN,2048.0,0.0,0.0,33.0,11.313708498984761,1,0.0,File_17
2017-07-05 01:22:00,1,0,1,883280.7571,12618.29653,3.0,0.0,0.0,BENIGN,2048.0,0.0,0.0,64.0,41.012193308819754,1,0.0,File_17
2017-07-05 01:23:00,2,0,1,1386319.2519999999,20300.13362,26.0,0.0,0.0,BENIGN,1024.0,0.0,0.0,58.75,52.11125918007867,2,15413.414511031904,File_17
2017-07-05 01:25:00,1,0,1,10274.4815,127.3696054,10301.33333,318136114.39690727,0.0,BENIGN,0.0,0.0,0.0,52.0,58.88972745734183,2,30143.0,File_17
2017-07-05 01:26:00,2,0,1,1320140.20755,24171.169855,3.5,0.0,0.0,BENIGN,1365.3333333333333,0.0,0.0,46.5,22.708295107001465,2,20453.695449858336,File_17
2017-07-05 01:27:00,1,0,1,1197278.912,27210.88435,3.0,0.0,0.0,BENIGN,0.0,0.0,0.0,46.5,24.748737341529164,1,0.0,File_17
2017-07-05 01:32:00,8,0,1,1015433.876223125,14363.28818692875,19.875,0.0,0.0,BENIGN,1024.0,0.0,0.0,64.75,56.55027261944308,8,19392.087692320976,File_17
2017-07-05 01:35:00,1,0,1,1769230.769,25641.02564,3.0,0.0,0.0,BENIGN,2048.0,0.0,0.0,69.5,43.1335136523794,1,0.0,File_17
2017-07-05 01:36:00,1,0,1,1507246.377,28985.50725,3.0,0.0,0.0,BENIGN,0.0,0.0,0.0,93.0,90.50966799187809,1,0.0,File_17
2017-07-05 01:37:00,3,0,1,779796.6614633333,18775.137124099998,3.3333333333333335,0.0,0.0,BENIGN,0.0,0.0,0.0,55.42857142857143,45.30216015032522,4,25818.162444294907,File_17
2017-07-05 01:38:00,1,0,1,1676.35147,28.17397429,1.0,0.0,0.0,BENIGN,2048.0,0.0,0.0,42.5,26.16295090390226,1,0.0,File_17
2017-07-05 01:39:00,1,0,1,3570.574639,63.76026142,4.0,0.0,0.0,BENIGN,2048.0,0.0,0.0,47.0,29.698484809834994,1,0.0,File_17
2017-07-05 01:40:00,1,0,1,2280991.736,33057.85124,3.0,0.0,0.0,BENIGN,2048.0,0.0,0.0,74.0,73.53910524340094,1,0.0,File_17
2017-07-05 01:41:00,1,0,1,1516483.516,21978.02198,3.0,0.0,0.0,BENIGN,2048.0,0.0,0.0,52.0,38.18376618407357,1,0.0,File_17
2017-07-05 01:44:00,2,0,1,424938.37010400003,11797.472353345,25.0,0.0,0.0,BENIGN,1365.3333333333333,0.0,0.0,46.5,25.0,2,19867.44681354121,File_17
2017-07-05 01:47:00,2,0,1,1460.787345,16.2890628575,545974.1665,1788502174887.0942,0.0,BENIGN,0.0,0.0,0.0,62.0,46.34652090502587,2,22436.162139625296,File_17
2017-07-05 01:49:00,2,0,1,1035586.207345,12113.2609289,3.0,0.0,0.0,BENIGN,0.0,0.0,0.0,60.75,37.49111005736338,2,24224.32299707603,File_17
2017-07-05 01:51:00,1,0,1,1454545.455,27972.02797,4.0,0.0,0.0,BENIGN,0.0,0.0,0.0,29.0,11.313708498984761,1,0.0,File_17
2017-07-05 01:52:00,1,0,1,1467625.899,28776.97842,3.0,0.0,0.0,BENIGN,0.0,0.0,0.0,36.0,9.237604307034012,3,0.0,File_17
2017-07-05 01:53:00,1,0,1,1511904.762,23809.52381,3.0,0.0,0.0,BENIGN,0.0,0.0,0.0,86.5,79.90306627407988,1,0.0,File_17
2017-07-05 01:54:00,1,0,1,3071.610324,36.35041803,4.0,0.0,0.0,BENIGN,2048.0,0.0,0.0,56.5,51.61879502661797,1,0.0,File_17
2017-07-05 01:59:00,1,0,1,4695.143973,65.66634928,49.0,0.0,0.0,BENIGN,2048.0,0.0,0.0,60.5,41.71930009000631,1,0.0,File_17
2017-07-05 02:00:00,1,0,1,1032967.033,21978.02198,2.0,0.0,0.0,BENIGN,0.0,0.0,0.0,37.0,9.237604307034012,3,0.0,File_17
2017-07-05 02:02:00,1,0,1,1106870.229,15267.17557,3.0,0.0,0.0,BENIGN,2048.0,0.0,0.0,35.0,19.79898987322333,1,0.0,File_17
2017-07-05 02:04:00,2,0,1,599202.2913005,13578.410653050001,3.5,0.0,0.0,BENIGN,0.0,0.0,0.0,59.666666666666664,51.16509226676589,4,4384.096741633332,File_17
2017-07-05 02:09:00,1,0,1,3769.208466,82.83974651,1.0,0.0,0.0,BENIGN,2048.0,0.0,0.0,58.5,28.991378028648448,1,0.0,File_17
2017-07-05 02:10:00,1,0,1,1156250.0,20833.33333,3.0,0.0,0.0,BENIGN,2048.0,0.0,0.0,86.5,79.90306627407988,1,0.0,File_17
2017-07-05 02:13:00,1,0,1,10009.88631,123.5788433,48.0,0.0,0.0,BENIGN,2048.0,0.0,0.0,33.0,11.313708498984761,1,0.0,File_17
2017-07-05 02:15:00,1,0,1,17686.02482,128.6256351,48.0,0.0,0.0,BENIGN,2048.0,0.0,0.0,98.5,98.2878425849301,1,0.0,File_17
2017-07-05 02:16:00,1,0,1,1818.839106,22.59427461,3.0,0.0,0.0,BENIGN,2048.0,0.0,0.0,131.0,90.50966799187809,1,0.0,File_17
2017-07-05 02:17:00,2,0,1,529801.8825925,12563.60109395,2.5,0.0,0.0,BENIGN,1024.0,0.0,0.0,47.25,41.68432958958718,2,26878.798571860807,File_17
2017-07-05 02:20:00,1,0,1,1768.225296,30.48664304,1.0,0.0,0.0,BENIGN,2048.0,0.0,0.0,33.0,11.313708498984761,1,0.0,File_17
2017-07-05 02:22:00,2,0,1,1478128.4465,28987.029355,3.5,0.0,0.0,BENIGN,0.0,0.0,0.0,79.25,40.53290844075548,2,26502.237796499794,File_17
2017-07-05 02:26:00,2,0,1,570215.5459535,12376.74359327,2.5,0.0,0.0,BENIGN,819.2,0.0,0.0,67.0,63.968742366877905,3,24432.989512132976,File_17
2017-07-05 02:27:00,1,0,1,9255.624651,82.63950582,4.0,0.0,0.0,BENIGN,0.0,0.0,0.0,59.5,43.1335136523794,1,0.0,File_17
2017-07-05 02:29:00,2,0,1,610248.0666700001,7906.720151199999,1.0,0.0,0.0,BENIGN,1365.3333333333333,0.0,0.0,75.75,66.11290847229962,2,27342.795516674345,File_17
2017-07-05 02:30:00,5,0,1,1008383.7034879901,11976.5584460234,2380002.6,84872000000000.0,0.0,BENIGN,0.0,0.0,0.0,42.6,26.804643047220175,5,26664.621067374395,File_17
2017-07-05 02:31:00,4,0,1,1145178.012225,18512.995002249998,2.75,0.0,0.0,BENIGN,877.7142857142857,0.0,0.0,52.875,31.0227451120257,4,22913.98839404544,File_17
2017-07-05 02:32:00,2,0,1,1199803.5817725,9241.17045362,3.5,0.0,0.0,BENIGN,1024.0,0.0,0.0,101.0,118.85004557564685,2,25208.751553555543,File_17
2017-07-05 02:34:00,2,0,1,1067001.825651,8095.9610185,4.0,0.0,0.0,BENIGN,0.0,0.0,0.0,100.75,97.43844210577261,2,27618.998597986054,File_17
2017-07-05 02:35:00,3,0,1,913873.951094,13996.378562123335,2.0,0.0,0.0,BENIGN,585.1428571428573,0.0,0.0,49.57142857142857,35.10867482003625,4,25814.017391504345,File_17
2017-07-05 02:38:00,2,0,1,166341.6818492,2094.747612935,26.0,0.0,0.0,BENIGN,1024.0,0.0,0.0,66.75,49.446098599046884,2,14553.19370065859,File_17
2017-07-05 02:40:00,2,1,2,42343.673065,27862.0771995,698.15625,27677687.346152186,0.0,BENIGN,0.0,41346.380952380954,0.0,67.57142857142857,97.9094013416492,15,26349.15915496557,File_17
2017-07-05 02:42:00,2,0,1,768814.007747,5469.6191082000005,24.5,0.0,0.0,BENIGN,0.0,0.0,0.0,45.5,30.599564267050166,2,24403.38725577979,File_17
2017-07-05 02:43:00,5,2,3,140135.0816913554,23198.313049511,2056560.833334,6102211562443.584,0.0,BENIGN,641.7777777777778,349.85714285714283,0.0,18.88888888888889,49.28347705987384,1,26381.024751466724,File_17
2017-07-05 02:44:00,3,0,1,649812.93958,11266.476220999999,1.6666666666666667,0.0,0.0,BENIGN,1228.8,0.0,0.0,68.66666666666667,69.13079391028766,3,21371.21666728406,File_17
2017-07-05 02:45:00,1,1,1,90225.56391,15037.59398,0.0,0.0,0.0,BENIGN,0.0,913.0,0.0,0.0,0.0,0,0.0,File_17
2017-07-05 02:46:00,1,0,1,16013.85896,84.50585203,4.0,0.0,0.0,BENIGN,0.0,0.0,0.0,64.0,43.840620433565945,1,0.0,File_17
2017-07-05 02:47:00,1,0,1,989619.3772,13840.83045,49.0,0.0,0.0,BENIGN,2048.0,0.0,0.0,58.0,46.66904755831214,1,0.0,File_17
2017-07-05 02:52:00,1,0,1,1559748.428,25157.2327,3.0,0.0,0.0,BENIGN,0.0,0.0,0.0,66.0,60.81118318204309,1,0.0,File_17
2017-07-05 03:00:00,1,0,1,1073170.732,19512.19512,48.0,0.0,0.0,BENIGN,0.0,0.0,0.0,71.0,67.88225099390856,1,0.0,File_17
2017-07-05 03:04:00,1,0,1,4826.664058,65.22518997,1.0,0.0,0.0,BENIGN,2048.0,0.0,0.0,177.5,219.9102089490163,1,0.0,File_17
2017-07-05 03:07:00,6,2,5,170312.81549556367,7133.6429955835,893279.131,15849438675396.453,0.0,BENIGN,1144.0898995240614,20620.40350877193,0.0,157.41935483870967,366.0271667955315,36,25682.701267697776,File_17
2017-07-05 03:09:00,2,0,1,1035679.1557,18912.63525,26.5,0.0,0.0,BENIGN,0.0,0.0,0.0,50.25,18.35528988239267,2,21916.855071433543,File_17
2017-07-05 03:10:00,4,0,2,334600.66710125003,6386.21507426875,103049.5,67066686820.06463,0.0,BENIGN,1235.710144927536,2656.0,0.0,66.875,190.98379455495353,10,27658.412721215383,File_17
2017-07-05 03:11:00,1,0,1,8016.809439,96.97753354,8193.666667,201236490.39191103,0.0,BENIGN,0.0,0.0,0.0,38.333333333333336,9.237604307034013,2,30756.5,File_17
2017-07-05 03:13:00,2,0,1,1208908.2545,21302.348100000003,3.0,0.0,0.0,BENIGN,819.2,0.0,0.0,69.6,68.09405260373332,3,17126.0,File_17
2017-07-05 03:14:00,2,0,1,1248892.4378544998,7755.99587265,2.0,0.0,0.0,BENIGN,819.2,0.0,0.0,44.6,40.20945162520872,3,22572.782659654524,File_17
2017-07-05 03:16:00,2,0,1,1160428.1585,18868.750545000003,25.5,0.0,0.0,BENIGN,0.0,0.0,0.0,37.5,14.708274315273473,2,3660.927508463152,File_17
2017-07-05 03:18:00,5,0,1,1059651.11372692,12744.135088493402,41231.8,39441100183.16239,0.0,BENIGN,742.6813186813187,0.0,0.0,47.285714285714285,32.05866874588279,9,24283.046876808967,File_17
2017-07-05 03:21:00,1,0,1,12505.64043,128.9241282,3.0,0.0,0.0,BENIGN,0.0,0.0,0.0,56.5,45.96194077712559,1,0.0,File_17
2017-07-05 03:22:00,1,0,1,3434.030467,51.6395559,48.0,0.0,0.0,BENIGN,2048.0,0.0,0.0,76.5,67.17514421272202,1,0.0,File_17
2017-07-05 03:24:00,1,0,1,3211.715272,33.28202355,2.0,0.0,0.0,BENIGN,2048.0,0.0,0.0,52.0,38.18376618407357,1,0.0,File_17
2017-07-05 03:25:00,1,0,1,19188.55191,325.2296935,8120.333333,197624600.2068629,0.0,BENIGN,0.0,0.0,0.0,30.0,11.313708498984761,1,0.0,File_17
2017-07-05 03:26:00,3,0,1,307014.68512,5188.688216233333,17.333333333333332,0.0,0.0,BENIGN,1092.2666666666669,0.0,0.0,47.666666666666664,27.594685478669014,3,22203.270411360572,File_17
2017-07-05 03:29:00,3,0,1,286977.548111,3555.7911657333334,64.0,0.0,0.0,BENIGN,1228.8,0.0,0.0,71.66666666666667,62.25003346719315,3,7325.8848311995735,File_17
2017-07-05 03:30:00,1,0,1,362811.7914,9070.294785,48.0,0.0,0.0,BENIGN,2048.0,0.0,0.0,47.0,33.94112549695428,1,0.0,File_17
2017-07-05 03:32:00,1,0,1,8949.525925,125.1681948,49.0,0.0,0.0,BENIGN,2048.0,0.0,0.0,117.0,127.27922061357856,1,0.0,File_17
2017-07-05 03:33:00,2,0,1,8162.6103729999995,112.421425415,7568.333335,343519101.1930183,0.0,BENIGN,1024.0,0.0,0.0,56.5,36.07861785970558,2,16217.729728773862,File_17
2017-07-05 03:34:00,1,0,1,8267.276176,64.84138177,48.0,0.0,0.0,BENIGN,2048.0,0.0,0.0,27.0,11.313708498984761,1,0.0,File_17
2017-07-05 03:35:00,3,0,1,1043023.4951333334,15460.064122666665,18.333333333333332,0.0,0.0,BENIGN,1092.2666666666669,0.0,0.0,53.5,33.53058305487693,3,21153.503051740627,File_17
2017-07-05 03:37:00,1,0,1,617449.6644,26845.63758,1.0,0.0,0.0,BENIGN,2048.0,0.0,0.0,57.0,35.35533905932738,1,0.0,File_17
2017-07-05 03:39:00,1,0,1,1264705.882,29411.76471,2.0,0.0,0.0,BENIGN,0.0,0.0,0.0,36.0,11.313708498984761,1,0.0,File_17
2017-07-05 03:40:00,2,0,1,420249.5369585,10495.789618215,25.5,0.0,0.0,BENIGN,1365.3333333333333,0.0,0.0,52.25,34.596483443648815,2,24675.669640806555,File_17
2017-07-05 03:41:00,1,0,1,1831460.674,22471.91011,3.0,0.0,0.0,BENIGN,2048.0,0.0,0.0,43.5,33.23401871576773,1,0.0,File_17
2017-07-05 03:42:00,1,0,1,4495.816393,55.50390609,3.0,0.0,0.0,BENIGN,2048.0,0.0,0.0,69.0,72.12489168102785,1,0.0,File_17
2017-07-05 03:45:00,1,0,1,9315.174097,128.48516,48.0,0.0,0.0,BENIGN,2048.0,0.0,0.0,28.0,11.313708498984761,1,0.0,File_17
2017-07-05 03:48:00,1,0,1,961403.5088,14035.08772,47.0,0.0,0.0,BENIGN,2048.0,0.0,0.0,69.0,67.88225099390856,1,0.0,File_17
2017-07-05 03:49:00,1,0,1,2829.418355,56.9681548,10935.66667,358504008.4062763,0.0,BENIGN,0.0,0.0,0.0,128.0,144.2497833620557,1,0.0,File_17
2017-07-05 03:53:00,1,0,1,1384615.385,18099.54751,1.0,0.0,0.0,BENIGN,2048.0,0.0,0.0,45.5,26.16295090390226,1,0.0,File_17
2017-07-05 03:54:00,1,1,1,20961.6642,55.92071303,38745.33333,936826642.6403087,0.0,BENIGN,133.33333333333334,2784.6666666666665,0.0,88.66666666666667,78.43681108595207,0,25499.0,File_17
2017-07-05 03:57:00,1,0,1,969696.9697,24242.42424,3.0,0.0,0.0,BENIGN,2048.0,0.0,0.0,11.0,0.0,1,0.0,File_17
2017-07-05 04:05:00,3,0,1,2017.974701,40.57983245666667,20.666666666666668,0.0,0.0,BENIGN,1228.8,0.0,0.0,50.333333333333336,33.874277360065804,3,16601.71726780094,File_17
2017-07-05 04:09:00,1,0,1,16411.603,164.11603,3.0,0.0,0.0,BENIGN,2048.0,0.0,0.0,51.5,38.890872965260115,1,0.0,File_17
2017-07-05 04:13:00,2,0,1,847516.7411539999,11298.963057,2.0,0.0,0.0,BENIGN,1365.3333333333333,0.0,0.0,89.0,81.98373822492685,2,19965.300320528335,File_17
2017-07-05 04:14:00,1,0,1,1743589.744,20512.82051,1.0,0.0,0.0,BENIGN,2048.0,0.0,0.0,60.0,42.42640687119285,1,0.0,File_17
2017-07-05 04:15:00,1,0,1,3947.774856,45.20352889,10251.0,315033769.0850313,0.0,BENIGN,0.0,0.0,0.0,28.0,11.313708498984761,1,0.0,File_17
2017-07-05 04:16:00,2,0,2,16069148.936,316731.141195,24.4166666665,1.4393939400274933,0.0,BENIGN,0.0,0.0,0.0,44.0,8.48528137423857,0,0.0,File_17
2017-07-05 04:19:00,2,0,2,34800000.0,615942.029,2.4583333335,1.9507575758395086,0.0,BENIGN,0.0,0.0,0.0,44.0,8.48528137423857,0,0.0,File_17
2017-07-05 04:21:00,1,0,1,1424657.534,18264.84018,1.0,0.0,0.0,BENIGN,2048.0,0.0,0.0,45.0,28.284271247461902,1,0.0,File_17
2017-07-05 04:22:00,3,0,3,11988523.533,228614.41157666664,17.25,0.9772727271858316,0.0,BENIGN,1024.0,0.0,0.0,58.0,41.182520563948,1,17085.921241380773,File_17
2017-07-05 04:25:00,2,0,2,16041666.6665,316287.87878499995,24.9166666665,1.984848485264413,0.0,BENIGN,0.0,0.0,0.0,44.0,8.48528137423857,0,0.0,File_17
2017-07-05 04:28:00,4,0,3,17822868.182841748,313358.21611252497,1.72916666675,0.9753787879197543,0.0,BENIGN,1092.2666666666669,0.0,0.0,60.5,46.504838457949724,2,16308.084947043906,File_17
2017-07-05 04:29:00,1,0,1,1325581.395,23255.81395,3.0,0.0,0.0,BENIGN,2048.0,0.0,0.0,57.0,50.91168824543142,1,0.0,File_17
2017-07-05 04:31:00,2,0,2,34800000.0,615942.029,2.4583333335,1.9507575758395086,0.0,BENIGN,0.0,0.0,0.0,44.0,8.48528137423857,0,0.0,File_17
2017-07-05 04:34:00,2,0,2,16069148.936,316731.141195,24.4166666665,1.984848485264413,0.0,BENIGN,0.0,0.0,0.0,44.0,8.48528137423857,0,0.0,File_17
2017-07-05 04:36:00,2,0,1,13116.318224499999,138.5215898,12694.333335,500294730.3710598,0.0,BENIGN,0.0,0.0,0.0,37.0,15.01110699893027,2,2873.210554221338,File_17
2017-07-05 04:39:00,2,0,1,1536436.17,18971.631204999998,6.5,0.0,0.0,BENIGN,1365.3333333333333,0.0,0.0,43.75,26.663020584072363,2,17239.10559035925,File_17
2017-07-05 04:40:00,1,0,1,1834254.144,22099.44751,3.0,0.0,0.0,BENIGN,0.0,0.0,0.0,34.0,11.313708498984761,1,0.0,File_17
2017-07-05 04:42:00,6,0,1,1195562.073448,14370.989546366667,11.0,0.0,0.0,BENIGN,1117.090909090909,0.0,0.0,63.833333333333336,50.21740613360947,6,24135.019054826942,File_17
2017-07-05 04:43:00,2,0,1,5412.3955835,64.25244222500001,3.0,0.0,0.0,BENIGN,1365.3333333333333,0.0,0.0,52.75,43.36953615922894,2,3350.271929261862,File_17
2017-07-05 04:44:00,2,0,1,1239380.2042999999,20607.146625,2.5,0.0,0.0,BENIGN,1365.3333333333333,0.0,0.0,28.75,24.984995497297973,2,6466.750051008793,File_17
2017-07-05 04:48:00,1,0,1,1553.638493,35.04447728,16920.0,858554666.9037343,0.0,BENIGN,0.0,0.0,0.0,40.0,11.313708498984761,1,0.0,File_17
2017-07-05 04:50:00,2,0,1,1074201.8751730002,10482.64021118,26.0,0.0,0.0,BENIGN,1365.3333333333333,0.0,0.0,56.25,48.155131259987925,2,5966.980606266084,File_17
2017-07-05 04:51:00,1,0,1,1081081.081,27027.02703,4.0,0.0,0.0,BENIGN,0.0,0.0,0.0,40.0,11.313708498984761,1,0.0,File_17
2017-07-05 04:53:00,1,0,1,7554.79422,175.6928888,3.0,0.0,0.0,BENIGN,2048.0,0.0,0.0,67.5,61.518289963229634,1,0.0,File_17
2017-07-05 04:57:00,1,0,1,8187.134503,167.0843776,0.0,0.0,0.0,BENIGN,2048.0,0.0,0.0,69.0,48.08326112068523,1,0.0,File_17
2017-07-05 04:59:00,1,0,1,3091.100807,57.77758519,1.0,0.0,0.0,BENIGN,2048.0,0.0,0.0,52.5,33.23401871576773,1,0.0,File_17
2017-07-05 05:00:00,1,0,1,1313131.313,20202.0202,1.0,0.0,0.0,BENIGN,2048.0,0.0,0.0,178.5,219.9102089490163,1,0.0,File_17
2017-07-05 05:01:00,1,0,1,11275.63749,129.6050287,3.0,0.0,0.0,BENIGN,2048.0,0.0,0.0,52.5,33.23401871576773,1,0.0,File_17
2017-07-05 05:02:00,2,0,1,3248.983155,61.642890699999995,1.0,0.0,0.0,BENIGN,1365.3333333333333,0.0,0.0,49.5,29.82728057779768,2,22727.71351358415,File_17
2017-07-05 05:07:00,1,0,1,1226519.337,22099.44751,1.0,0.0,0.0,BENIGN,2048.0,0.0,0.0,45.5,27.577164466275352,1,0.0,File_17
2017-07-05 08:42:00,1,0,1,9.598027605,0.199958908,11400000.0,408040000000000.0,0.0,BENIGN,98.0,0.0,0.0,36.0,0.0,1,0.0,File_17
2017-07-05 08:43:00,1,0,1,10.02345324,0.208821942,11200000.0,506250000000000.0,0.0,BENIGN,40.5,0.0,0.0,36.0,0.0,1,0.0,File_17
2017-07-05 08:44:00,1,0,1,6433.045539,84.64533604,3.0,0.0,0.0,BENIGN,0.0,0.0,0.0,71.5,57.27564927611035,1,0.0,File_17
2017-07-05 08:47:00,1,0,1,4016.221362,52.15871898,48.0,0.0,0.0,BENIGN,0.0,0.0,0.0,71.5,64.34671708797582,1,0.0,File_17
2017-07-05 08:48:00,2,0,1,990603.9042,22197.89576,2.0,0.0,0.0,BENIGN,1365.3333333333333,0.0,0.0,55.25,48.801468557138044,2,20431.143335604105,File_17
2017-07-05 08:49:00,2,0,1,1049387.06485,14764.789954,25.5,0.0,0.0,BENIGN,1365.3333333333333,0.0,0.0,41.25,17.68945071692919,2,3405.2401122714127,File_17
2017-07-05 08:51:00,2,0,1,4354.425055,63.63025284,3.0,0.0,0.0,BENIGN,1024.0,0.0,0.0,45.75,24.78406746278746,2,8125.128320354222,File_17
2017-07-05 08:52:00,2,0,1,945582.27305,13677.244975,2.5,0.0,0.0,BENIGN,819.2,0.0,0.0,42.8,28.977577538503798,3,21760.999724277375,File_17
2017-07-05 08:53:00,1,0,1,5206.196506,56.58909245,2.0,0.0,0.0,BENIGN,0.0,0.0,0.0,72.0,66.46803743153546,1,0.0,File_17
2017-07-05 08:54:00,2,0,1,1013482.7490375,20656.11256435,8.0,0.0,0.0,BENIGN,682.6666666666667,0.0,0.0,66.0,44.72583146236636,4,25792.81324400268,File_17
2017-07-05 08:55:00,1,0,1,1283950.617,24691.35802,4.0,0.0,0.0,BENIGN,0.0,0.0,0.0,82.5,62.932503525602726,1,0.0,File_17
2017-07-05 09:03:00,1,0,1,14483.37244,161.8253904,3.0,0.0,0.0,BENIGN,2048.0,0.0,0.0,69.0,72.12489168102785,1,0.0,File_17
2017-07-05 09:06:00,1,0,1,8812.321372,158.7805653,1.0,0.0,0.0,BENIGN,2048.0,0.0,0.0,64.5,47.37615433949868,1,0.0,File_17
2017-07-05 09:07:00,2,0,1,936879.4693035,10075.17896464,3.0,0.0,0.0,BENIGN,1365.3333333333333,0.0,0.0,66.0,39.18332978874222,2,1057.3603401342841,File_17
2017-07-05 09:08:00,1,0,1,1170305.677,17467.24891,3.0,0.0,0.0,BENIGN,2048.0,0.0,0.0,72.5,72.8319984622144,1,0.0,File_17
2017-07-05 09:09:00,1,0,1,3508.964307,43.86205384,3.0,0.0,0.0,BENIGN,2048.0,0.0,0.0,31.0,9.899494936611665,1,0.0,File_17
2017-07-05 09:10:00,8,0,2,886160.987319375,12934.20654485,13.875,0.0,0.0,BENIGN,665.6,0.0,0.0,55.0625,55.93742783980448,8,25610.703865549833,File_17
2017-07-05 09:11:00,1,0,1,1700.54299,21.52586063,1.0,0.0,0.0,BENIGN,0.0,0.0,0.0,61.0,45.254833995939045,1,0.0,File_17
2017-07-05 09:12:00,2,0,1,4743.011699,73.790691075,1.0,0.0,0.0,BENIGN,1365.3333333333333,0.0,0.0,56.75,32.93807320816849,2,25623.695400937002,File_17
2017-07-05 09:14:00,3,0,1,1512135.052,27470.637310000002,3.3333333333333335,0.0,0.0,BENIGN,0.0,0.0,0.0,53.5,21.612496385193452,3,28556.20021641535,File_17
2017-07-05 09:16:00,1,0,1,10843.56562,106.3094669,0.0,0.0,0.0,BENIGN,2048.0,0.0,0.0,34.0,11.313708498984761,1,0.0,File_17
2017-07-05 09:17:00,2,0,1,1087189.9834790002,10074.735254705,3.5,0.0,0.0,BENIGN,1024.0,0.0,0.0,71.75,59.561592770285564,2,8601.718290873954,File_17
2017-07-05 09:18:00,3,0,1,421324.28463533334,6098.28285295,6.0,0.0,0.0,BENIGN,1170.2857142857142,0.0,0.0,56.125,32.699661422449886,5,12725.555154884207,File_17
2017-07-05 09:21:00,1,0,1,1816091.954,22988.50575,2.0,0.0,0.0,BENIGN,0.0,0.0,0.0,45.5,37.476659402887016,1,0.0,File_17
2017-07-05 09:23:00,6,0,1,400403.8684485,6714.987798033333,33.5,0.0,0.0,BENIGN,0.0,0.0,0.0,42.6875,28.9084041990099,10,28235.16759566969,File_17
2017-07-05 09:25:00,1,0,1,9878.296801,129.1280628,49.0,0.0,0.0,BENIGN,0.0,0.0,0.0,117.0,57.982756057296896,1,0.0,File_17
2017-07-05 09:30:00,3,0,1,2889.9241155666664,60.93788321666667,2.3333333333333335,0.0,0.0,BENIGN,1092.2666666666669,0.0,0.0,60.333333333333336,41.75484003881067,3,20960.022255713375,File_17
2017-07-05 09:33:00,3,0,1,464928.043745,7161.9925938666665,3432.6666666666665,104990762.962803,0.0,BENIGN,0.0,0.0,0.0,60.714285714285715,43.740577216562826,4,22187.103186435936,File_17
2017-07-05 09:35:00,4,0,1,913609.8382435,15854.493019375,25.5,0.0,0.0,BENIGN,512.0,0.0,0.0,48.125,24.12134502291043,4,23136.364015046416,File_17
2017-07-05 09:37:00,1,0,1,7696.502298,62.31985666,3.0,0.0,0.0,BENIGN,0.0,0.0,0.0,88.0,90.50966799187809,1,0.0,File_17
2017-07-05 09:38:00,1,0,1,5573.32653,117.7463351,10130.33333,306323476.40664065,0.0,BENIGN,0.0,0.0,0.0,63.0,42.473521163190604,7,28687.215218274352,File_17
2017-07-05 09:39:00,2,0,1,4283.7939105000005,54.345393865,26.0,0.0,0.0,BENIGN,1365.3333333333333,0.0,0.0,57.75,57.209410647782995,2,26927.32363645192,File_17
2017-07-05 09:40:00,2,0,1,1517944.8995,24422.933729999997,3.0,0.0,0.0,BENIGN,0.0,0.0,0.0,91.75,108.77921063634662,2,25124.742245222915,File_17
2017-07-05 09:41:00,1,0,1,1857142.857,21978.02198,4.0,0.0,0.0,BENIGN,0.0,0.0,0.0,83.0,91.92388155425118,1,0.0,File_17
2017-07-05 09:42:00,1,0,1,1918367.347,13605.44218,48.0,0.0,0.0,BENIGN,0.0,0.0,0.0,45.5,37.476659402887016,1,0.0,File_17
2017-07-05 09:43:00,2,0,1,5528.616462,65.446155895,2.0,0.0,0.0,BENIGN,1365.3333333333333,0.0,0.0,104.75,95.10827163466558,2,15737.141565947313,File_17
2017-07-05 09:45:00,1,0,1,2308243.728,14336.91756,47.0,0.0,0.0,BENIGN,0.0,0.0,0.0,86.5,79.90306627407988,1,0.0,File_17
2017-07-05 09:46:00,1,0,1,1051470.588,14705.88235,1.0,0.0,0.0,BENIGN,2048.0,0.0,0.0,22.0,11.313708498984761,1,0.0,File_17
2017-07-05 09:47:00,4,0,1,7180.0501065,105.32657850249998,2383.41666675,67369624.05158003,0.0,BENIGN,1097.142857142857,0.0,0.0,92.375,119.99278252104523,4,22484.960570050698,File_17
2017-07-05 09:49:00,1,0,1,1206030.151,20100.50251,4.0,0.0,0.0,BENIGN,0.0,0.0,0.0,60.0,42.42640687119285,1,0.0,File_17
2017-07-05 09:51:00,2,0,1,141327.8635035,2368.0545646,5090.833335,154691368.22170612,0.0,BENIGN,0.0,0.0,0.0,40.8,28.083803161252927,3,23567.94964963011,File_17
2017-07-05 09:53:00,4,0,1,187097.98559325,4531.7852925425,2.0,0.0,0.0,BENIGN,1170.2857142857142,0.0,0.0,83.75,78.83028787029949,4,18310.293769308217,File_17
2017-07-05 09:54:00,2,0,2,5148.305085,64.0587117955,756017.5,252106132773.9067,0.5,DoS slowloris,1697.0,512.0,0.0,16.5,23.101226518664905,1,29838.729690714976,File_17
2017-07-05 09:55:00,3,0,1,8.27495865,0.7212931406666666,3631641.3973333333,68499996612482.94,1.0,DoS slowloris,0.3999999999999999,11793.4,0.0,0.0,0.0,3,23585.74520738436,File_17
2017-07-05 09:56:00,1,0,1,14011.39481,168.8119857,46.0,0.0,0.0,BENIGN,0.0,0.0,0.0,95.0,57.982756057296896,1,0.0,File_17
2017-07-05 09:57:00,5,0,1,670657.06101436,9340.091045361998,1.4,0.0,0.0,BENIGN,1042.618181818182,0.0,0.0,57.54545454545455,41.1785469300791,6,21241.883532304757,File_17
2017-07-05 09:59:00,1,0,1,2740740.741,18518.51852,3.0,0.0,0.0,BENIGN,0.0,0.0,0.0,40.0,11.313708498984761,1,0.0,File_17
2017-07-05 10:00:00,1,0,1,884.3897316,15.79267378,3.0,0.0,0.0,BENIGN,0.0,0.0,0.0,78.5,61.518289963229634,1,0.0,File_17
2017-07-05 10:01:00,4,0,1,535389.5292785,7855.74550489,10176.8333325,1240099648.9568133,0.0,BENIGN,1170.2857142857142,0.0,0.0,64.375,55.746716751495136,4,24985.533682268127,File_17
2017-07-05 10:03:00,7,0,1,1324209.6416857142,17451.827379857143,2.7142857142857144,0.0,0.0,BENIGN,1012.7472527472523,0.0,0.0,49.07142857142857,31.604440500357846,7,21036.314098812687,File_17
2017-07-05 10:04:00,1,0,1,10123.68861,163.2853002,48.0,0.0,0.0,BENIGN,0.0,0.0,0.0,37.0,11.313708498984761,1,0.0,File_17
2017-07-05 10:07:00,10,0,1,770147.11993904,9018.6634884767,164919.76669999998,815836155624.5223,0.0,BENIGN,0.0,0.0,0.0,78.3,62.94533969622917,10,21967.666790319956,File_17
2017-07-05 10:08:00,3,0,1,16.078945023333333,0.453041185,5193859.910999999,121668564036173.77,1.0,DoS slowloris,0.6545454545454545,13354.0,0.0,0.0,0.0,3,19750.21312391337,File_17
2017-07-05 10:09:00,2,0,1,1372831.7659999998,20585.161965,3.0,0.0,0.0,BENIGN,0.0,0.0,0.0,56.0,29.597297173897484,2,28154.065808610227,File_17
2017-07-05 10:11:00,1,0,1,1356321.839,22988.50575,1.0,0.0,0.0,BENIGN,0.0,0.0,0.0,31.0,22.627416997969522,1,0.0,File_17
2017-07-05 10:13:00,9,0,1,823779.5248397778,13752.293374967778,1140.2222222222222,34908174.1256522,0.0,BENIGN,838.3625730994154,0.0,0.0,73.26315789473684,69.04253286945114,10,24130.328733057744,File_17
2017-07-05 10:14:00,1,0,1,1060465.116,18604.65116,4.0,0.0,0.0,BENIGN,8064.5,0.0,0.0,47.5,21.920310216782973,1,0.0,File_17
2017-07-05 10:15:00,8,0,2,229031.23045276862,2585.572926768,8004891.416625,618588817031469.4,0.25,DoS Slowhttptest,942.96,9980.333333333334,0.0,34.6,32.93680818375292,14,23104.405577927664,File_17
2017-07-05 10:16:00,4,0,1,1436129.2076035,14533.823432425,5712.0833325,391106463.4854151,0.0,BENIGN,0.0,0.0,0.0,83.3,57.088722373356916,6,26939.65103708658,File_17
2017-07-05 10:17:00,1,0,1,12462.07549,130.4929371,3.0,0.0,0.0,BENIGN,0.0,0.0,0.0,40.666666666666664,25.40341184434353,2,31133.5,File_17
2017-07-05 10:18:00,2,0,1,526387.50978,10905.750523300001,5121.833335,157214728.2088519,0.0,BENIGN,0.0,0.0,0.0,52.42857142857143,57.529288606926535,5,22515.674506268344,File_17
2017-07-05 10:20:00,1,0,1,1051282.051,25641.02564,3.0,0.0,0.0,BENIGN,2048.0,0.0,0.0,141.0,152.73506473629428,1,0.0,File_17
2017-07-05 10:21:00,1,0,1,1297297.297,21621.62162,3.0,0.0,0.0,BENIGN,0.0,0.0,0.0,50.0,31.176914536239792,3,28034.898255963446,File_17
2017-07-05 10:22:00,3,0,1,0.0,0.11091578166666667,10500000.0,141610000000000.0,1.0,DoS Slowhttptest,0.8181818181818182,14654.5,0.0,0.0,0.0,3,17458.959510049666,File_17
2017-07-05 10:25:00,5,0,2,646990.9937415769,8395.642736994001,21900001.2,2399090000000000.0,0.6,DoS Slowhttptest,1182.1538461538462,10011.777777777777,0.0,25.357142857142858,42.62647632066816,4,23637.49358202423,File_17
2017-07-05 10:26:00,1,0,1,1048128.342,21390.37433,2.0,0.0,0.0,BENIGN,0.0,0.0,0.0,60.0,39.59797974644666,1,0.0,File_17
2017-07-05 10:27:00,1,0,1,3116.269728,36.51878587,13899.0,579296447.9048271,0.0,BENIGN,0.0,0.0,0.0,46.0,33.94112549695428,1,0.0,File_17
2017-07-05 10:28:00,2,0,1,1159846.73215,17025.73742,25.0,0.0,0.0,BENIGN,819.2000000000003,0.0,0.0,40.0,25.03996805109783,3,27118.86935673204,File_17
2017-07-05 10:29:00,5,0,1,962898.1839772001,10287.143825809999,11.8,0.0,0.0,BENIGN,670.2545454545455,0.0,0.0,44.0,42.4287638283276,6,24743.064151394025,File_17
2017-07-05 10:30:00,2,0,1,1170927.6016,17609.351430000002,3.5,0.0,0.0,BENIGN,0.0,0.0,0.0,104.0,58.83309726109389,2,37.2409571424915,File_17
2017-07-05 10:31:00,2,0,1,1447260.1694999998,20161.4951,3.5,0.0,0.0,BENIGN,1024.0,0.0,0.0,59.0,47.742364136407545,2,11714.013516582037,File_17
2017-07-05 10:33:00,4,0,2,916.0153902065,16.706634635249998,12175000.75,810645000000000.0,0.75,DoS Slowhttptest,755.4,9922.222222222223,0.0,12.545454545454545,36.045425885578425,3,28319.505621391065,File_17
2017-07-05 10:34:00,2,0,1,269347.388652,11603.303947434999,4.0,0.0,0.0,BENIGN,1024.0,0.0,0.0,55.0,23.50886357667394,2,20981.642658921315,File_17
2017-07-05 10:35:00,2,1,2,9368.137229,61.64465275,31800.83333,4407113182.026549,0.0,BENIGN,819.2,28960.0,0.0,25.6,20.019990009987517,3,20034.63155856628,File_17
2017-07-05 10:36:00,2,0,1,474586.262357,11569.986226375,5049.0,152772696.00026026,0.0,BENIGN,0.0,0.0,0.0,31.5,9.678154093971983,2,28341.234459117455,File_17
2017-07-05 10:37:00,1,0,1,1813471.503,20725.3886,3.0,0.0,0.0,BENIGN,0.0,0.0,0.0,60.5,61.518289963229634,1,0.0,File_17
2017-07-05 10:38:00,6,0,1,1199529.2484471668,17567.21779735,1741.1666666666667,54382020.48713983,0.0,BENIGN,0.0,0.0,0.0,56.57142857142857,35.0048662237218,8,26785.792713708794,File_17
2017-07-05 10:40:00,1,0,1,1165714.286,22857.14286,3.0,0.0,0.0,BENIGN,0.0,0.0,0.0,49.333333333333336,35.21836642056717,2,28974.5,File_17
2017-07-05 10:41:00,1,0,1,1520000.0,20000.0,3.0,0.0,0.0,BENIGN,0.0,0.0,0.0,46.666666666666664,37.52776749732568,2,32555.0,File_17
2017-07-05 10:42:00,3,0,1,1084275.269413,14675.661099933335,2836.3333333333335,72233001.35793002,0.0,BENIGN,682.6666666666666,0.0,0.0,81.16666666666667,64.35034317442812,3,20670.71089827343,File_17
2017-07-05 10:43:00,4,0,1,43490.15684225,31.307509674000002,378139.625,459132908110.7276,1.0,DoS Hulk,52.36363636363635,8181.636363636364,0.0,0.0,0.0,3,0.0,File_17
2017-07-05 10:44:00,12,0,1,112438.55177083334,83.57244303416667,11526.194444166666,1219672271.1126683,1.0,DoS Hulk,25.128964059196626,10762.363636363636,0.0,0.0,0.0,14,18280.00148569272,File_17
2017-07-05 10:45:00,1,1,1,121.1109055,0.121780699,19700000.0,1936000000000000.0,0.0,BENIGN,0.0,28960.0,0.0,0.0,0.0,0,0.0,File_17
2017-07-05 10:46:00,4,2,3,3126.0011293,61.71994885875,8527526.3333325,791645076497400.4,0.0,BENIGN,1092.2666666666669,29080.0,0.0,50.666666666666664,65.64957476379162,2,19607.8790836745,File_17
2017-07-05 10:47:00,1,1,1,120.9084892,0.121617927,16400000.0,1624090000000000.0,0.0,BENIGN,0.0,29200.0,0.0,0.0,0.0,0,0.0,File_17
2017-07-05 10:50:00,1,0,1,1047169.811,18867.92453,48.0,0.0,0.0,BENIGN,2048.0,0.0,0.0,69.0,72.12489168102785,1,0.0,File_17
2017-07-05 10:51:00,2,1,2,547486.0335,261173.18436,24.0,0.0,0.0,BENIGN,1365.3333333333333,28960.0,0.0,39.666666666666664,43.385865593915874,1,12112.0,File_17
2017-07-05 10:52:00,1,1,1,140.748418,0.129353546,17000000.0,1436410000000000.0,0.0,BENIGN,0.0,28960.0,0.0,0.0,0.0,0,0.0,File_17
2017-07-05 10:53:00,1,0,1,1059907.834,18433.17972,48.0,0.0,0.0,BENIGN,2048.0,0.0,0.0,57.5,45.96194077712559,1,0.0,File_17
2017-07-05 10:54:00,4,1,2,350968.1689479,6089.4568137487495,3552557.25,302760078374629.75,0.0,BENIGN,1170.2857142857142,28960.0,0.0,46.0,40.66120181860508,3,20966.957867612127,File_17
2017-07-05 10:55:00,2,2,2,59.90604915,300000.0600963545,8300000.0,828245000000000.0,0.0,BENIGN,0.0,28960.0,0.0,0.0,0.0,0,0.0,File_17
2017-07-05 10:56:00,5,0,1,1117612.2760758,16661.872375508003,2066.0666659999997,63849850.4470705,0.0,BENIGN,315.0769230769231,0.0,0.0,56.69230769230769,41.694093537303765,8,25910.046006836594,File_17
2017-07-05 10:57:00,3,0,1,764071.2688073333,14496.154374569998,17.333333333333332,0.0,0.0,BENIGN,682.6666666666666,0.0,0.0,57.166666666666664,31.00591341448703,3,24256.17943865027,File_17
2017-07-05 10:58:00,3,2,2,235923.56494329998,3986.7967136666666,4733334.333333333,473763333333333.3,0.0,BENIGN,1228.8,29200.0,0.0,46.8,40.114835161072264,2,19419.07851025635,File_17
2017-07-05 10:59:00,1,0,1,2325.493356,32.4487445,10135.66667,302303300.20977485,0.0,BENIGN,0.0,0.0,0.0,103.0,48.49742261192856,2,26838.0,File_17
2017-07-05 11:00:00,4,0,1,1831005.7685,18106.3026725,3.5,0.0,0.0,BENIGN,455.11111111111114,0.0,0.0,72.0,58.4700778176325,5,29224.94810944923,File_17
2017-07-05 11:03:00,1,0,1,8020.86084,66.01531555,4.0,0.0,0.0,BENIGN,2048.0,0.0,0.0,55.0,38.18376618407357,1,0.0,File_17
2017-07-05 11:04:00,1,0,1,1320158.103,15810.27668,1.0,0.0,0.0,BENIGN,2048.0,0.0,0.0,57.5,43.1335136523794,1,0.0,File_17
2017-07-05 11:07:00,1,0,1,876404.4944,14981.27341,4.0,0.0,0.0,BENIGN,2048.0,0.0,0.0,67.0,67.88225099390856,1,0.0,File_17
2017-07-05 11:08:00,1,0,1,2718.173756,46.07074162,49.0,0.0,0.0,BENIGN,2048.0,0.0,0.0,50.0,46.66904755831214,1,0.0,File_17
2017-07-05 11:09:00,1,0,1,1161290.323,25806.45161,3.0,0.0,0.0,BENIGN,0.0,0.0,0.0,58.0,42.42640687119285,1,0.0,File_17
2017-07-05 11:11:00,4,0,2,262594.27511524997,4005.4975441375,46263.375,10378471007.11289,0.0,BENIGN,357.8584615384614,4089.818181818182,0.0,116.96153846153847,251.96610577920688,10,26808.403098849434,File_17
2017-07-05 11:12:00,5,0,1,1034523.3210588001,12794.934260678001,3230.8,78541790.97950177,0.0,BENIGN,0.0,0.0,0.0,51.0,35.874782229304195,6,27068.532812843776,File_17
2017-07-05 11:14:00,1,0,1,5726.205571,81.80293673,1.0,0.0,0.0,BENIGN,2048.0,0.0,0.0,51.5,26.16295090390226,1,0.0,File_17
2017-07-05 11:17:00,2,0,1,586971.7332325,10031.54773172,2.0,0.0,0.0,BENIGN,1024.0,0.0,0.0,38.0,9.865765724632494,2,3455.3951373982622,File_17
2017-07-05 11:18:00,1,0,1,765550.2392,19138.75598,4.0,0.0,0.0,BENIGN,2048.0,0.0,0.0,140.0,165.46298679765212,1,0.0,File_17
2017-07-05 11:19:00,1,0,1,14636.96476,256.7888554,10328.0,319816875.06621665,0.0,BENIGN,0.0,0.0,0.0,110.5,125.15790027001891,1,0.0,File_17
2017-07-05 11:22:00,1,0,1,7071.177542,127.0271415,10206.0,312273018.9542277,0.0,BENIGN,0.0,0.0,0.0,75.0,67.88225099390856,1,0.0,File_17
2017-07-05 11:23:00,2,0,1,628543.016855,12104.6818129,5158.666665,159438995.2041573,0.0,BENIGN,0.0,0.0,0.0,74.0,59.28462420110856,2,28211.2505374875,File_17
2017-07-05 11:27:00,6,0,1,952310.8956048334,12187.270602733333,49.0,0.0,0.0,BENIGN,1086.060606060606,0.0,0.0,51.166666666666664,39.93820985047535,6,23765.23754952018,File_17
2017-07-05 11:28:00,1,0,1,8861.876287,78.42368395,3.0,0.0,0.0,BENIGN,0.0,0.0,0.0,40.0,22.627416997969522,1,0.0,File_17
2017-07-05 11:34:00,2,0,1,310747.06079150003,13454.66490955,1.0,0.0,0.0,BENIGN,1365.3333333333333,0.0,0.0,24.5,20.33879708012907,2,8884.596895751658,File_17
2017-07-05 11:35:00,2,0,1,1886738.2615,22602.3976,2.5,0.0,0.0,BENIGN,1024.0,0.0,0.0,59.75,28.429737951659,2,25262.33798012809,File_17
2017-07-05 11:36:00,3,0,1,375912.42091033334,6560.146908583333,33.666666666666664,0.0,0.0,BENIGN,1228.8,0.0,0.0,67.33333333333333,61.27859876552879,3,15923.155523953159,File_17
2017-07-05 11:38:00,1,0,1,1600000.0,27586.2069,4.0,0.0,0.0,BENIGN,0.0,0.0,0.0,43.0,34.64101615137755,2,29129.0,File_17
2017-07-05 11:40:00,3,0,1,1478806.8935366666,15429.5320074,3492.0,107837840.35553259,0.0,BENIGN,0.0,0.0,0.0,62.833333333333336,53.56646961175122,3,22469.365625224047,File_17
2017-07-05 11:41:00,1,0,1,1349112.426,23668.63905,4.0,0.0,0.0,BENIGN,0.0,0.0,0.0,75.0,46.188021535170066,3,0.0,File_17
2017-07-05 11:42:00,2,0,1,816262.408628,10403.437455149999,6.5,0.0,0.0,BENIGN,1365.3333333333333,0.0,0.0,79.0,70.52659073002182,2,29581.469259581336,File_17
2017-07-05 11:43:00,3,1,3,71947.92763866666,11624.504452033334,3234.196078333333,310459770.33807296,0.0,BENIGN,1050.2564102564104,1717.0,0.0,16.0,21.211390263796403,7,27032.623871540432,File_17
2017-07-05 11:45:00,3,0,1,1110057.9712463333,15235.188535866668,6996.666666666667,436392099.99725384,0.0,BENIGN,0.0,0.0,0.0,44.857142857142854,31.73551413074723,4,22930.348483081445,File_17
2017-07-05 11:46:00,1,0,1,9754.552652,126.682502,3.0,0.0,0.0,BENIGN,2048.0,0.0,0.0,52.0,38.18376618407357,1,0.0,File_17
2017-07-05 11:48:00,2,0,1,676670.543697,11461.46562582,1.0,0.0,0.0,BENIGN,682.6666666666666,0.0,0.0,76.83333333333333,63.44262499823495,4,20976.219951173283,File_17
2017-07-05 11:49:00,8,0,1,698439.0311497513,9051.694244054124,627797.6166662499,15401578333767.984,0.0,BENIGN,0.0,0.0,0.0,60.31578947368421,44.55465137406338,11,26974.83219298141,File_17
2017-07-05 11:52:00,1,0,1,7271.074756,129.8406206,3.0,0.0,0.0,BENIGN,0.0,0.0,0.0,45.5,37.476659402887016,1,0.0,File_17
2017-07-05 11:54:00,1,0,1,1484276.73,25157.2327,4.0,0.0,0.0,BENIGN,2048.0,0.0,0.0,28.0,11.313708498984761,1,0.0,File_17
2017-07-05 11:56:00,1,0,1,345.9955925,7.863536193,47.0,0.0,0.0,BENIGN,2048.0,0.0,0.0,39.5,24.748737341529164,1,0.0,File_17
2017-07-05 11:57:00,1,0,1,1162162.162,27027.02703,3.0,0.0,0.0,BENIGN,0.0,0.0,0.0,31.333333333333332,26.558112382722786,2,32531.5,File_17
2017-07-05 12:00:00,1,0,1,5764.760576,123.9733457,1.0,0.0,0.0,BENIGN,2048.0,0.0,0.0,121.0,148.49242404917499,1,0.0,File_17
2017-07-05 12:01:00,2,0,1,1040505.5679705,11436.639004,5326.333335,169325600.66256413,0.0,BENIGN,0.0,0.0,0.0,33.4,11.081516141756055,3,29619.642405842784,File_17
2017-07-05 12:02:00,4,0,1,853749.68174975,11071.1459422,19.0,0.0,0.0,BENIGN,1097.142857142857,0.0,0.0,54.125,46.60606183749063,4,19692.64697333313,File_17
2017-07-05 12:03:00,2,0,1,756261.644092,10371.199771700001,24.5,0.0,0.0,BENIGN,1365.3333333333333,0.0,0.0,64.0,46.44710252893428,2,11896.523423065899,File_17
2017-07-05 12:10:00,1,0,1,12598.4252,125.984252,1.0,0.0,0.0,BENIGN,2048.0,0.0,0.0,45.5,26.16295090390226,1,0.0,File_17
2017-07-05 12:11:00,1,0,1,7755.459649,97.34886589,10061.0,303459918.85020095,0.0,BENIGN,0.0,0.0,0.0,40.0,22.627416997969522,1,0.0,File_17
2017-07-05 12:12:00,1,0,1,1587301.587,21164.02116,3.0,0.0,0.0,BENIGN,2048.0,0.0,0.0,48.0,41.012193308819754,1,0.0,File_17
2017-07-05 12:14:00,1,0,1,973.3076048,22.63506058,48.0,0.0,0.0,BENIGN,2048.0,0.0,0.0,65.0,48.08326112068523,1,0.0,File_17
2017-07-05 12:17:00,2,0,1,4589.2460785,40.255672184999995,25.5,0.0,0.0,BENIGN,1365.3333333333333,0.0,0.0,60.5,50.73131840063558,2,13479.675375253746,File_17
2017-07-05 12:21:00,1,0,1,1082568.807,18348.62385,1.0,0.0,0.0,BENIGN,2048.0,0.0,0.0,34.0,11.313708498984761,1,0.0,File_17
2017-07-05 12:22:00,1,0,1,1405405.405,27027.02703,3.0,0.0,0.0,BENIGN,0.0,0.0,0.0,39.0,22.627416997969522,1,0.0,File_17
2017-07-05 12:25:00,2,0,1,565184.2611005,8128.4670157,3.5,0.0,0.0,BENIGN,0.0,0.0,0.0,69.6,63.61053371887395,3,26184.145632424214,File_17
2017-07-05 12:30:00,2,0,1,1063702.0270375,10961.039763730001,25.0,0.0,0.0,BENIGN,682.6666666666666,0.0,0.0,43.666666666666664,31.347514521356658,4,16212.48419706246,File_17
2017-07-05 12:35:00,1,0,1,1359605.911,19704.4335,48.0,0.0,0.0,BENIGN,2048.0,0.0,0.0,89.0,100.40916292848975,1,0.0,File_17
2017-07-05 12:38:00,1,0,1,1386666.667,26666.66667,4.0,0.0,0.0,BENIGN,0.0,0.0,0.0,130.0,148.49242404917499,1,0.0,File_17
2017-07-05 12:52:00,1,0,1,1714285.714,30075.18797,3.0,0.0,0.0,BENIGN,2048.0,0.0,0.0,11.0,0.0,1,0.0,File_17
2017-07-05 12:57:00,1,0,1,6619.50808,129.7942761,1.0,0.0,0.0,BENIGN,2048.0,0.0,0.0,61.5,61.518289963229634,1,0.0,File_17
2017-07-06 01:01:00,2,0,1,608427.9158689999,14149.48640905,26.5,0.0,0.0,BENIGN,0.0,0.0,0.0,54.5,34.004901607464376,2,26082.48661884488,File_17
2017-07-06 01:04:00,1,0,1,5618.711616,65.333856,4.0,0.0,0.0,BENIGN,2048.0,0.0,0.0,45.5,30.405591591021544,1,0.0,File_17
2017-07-06 01:08:00,3,0,1,806387.9874946667,11835.91715504,32.0,0.0,0.0,BENIGN,1228.8,0.0,0.0,67.83333333333333,50.79534099370401,3,16214.756531012115,File_17
2017-07-06 01:10:00,1,0,1,1573770.492,21857.9235,3.0,0.0,0.0,BENIGN,0.0,0.0,0.0,130.0,90.50966799187809,1,0.0,File_17
2017-07-06 01:11:00,1,0,1,1218543.046,26490.06623,4.0,0.0,0.0,BENIGN,0.0,0.0,0.0,54.333333333333336,35.21836642056717,2,25406.5,File_17
2017-07-06 01:12:00,1,0,1,1083333.333,18518.51852,48.0,0.0,0.0,BENIGN,2048.0,0.0,0.0,34.0,19.79898987322333,1,0.0,File_17
2017-07-06 01:13:00,3,0,2,430599.52501599997,7277.692225566668,17.0,0.0,0.0,BENIGN,1279.6,0.0,0.0,69.16666666666667,63.99192657411297,3,25033.94586875988,File_17
2017-07-06 01:15:00,2,0,1,4078.4328315000002,89.67820108000001,24.5,0.0,0.0,BENIGN,1365.3333333333333,0.0,0.0,54.25,53.84158863431378,2,19943.018115509887,File_17
2017-07-06 01:16:00,2,0,1,4300.7497075,89.59895224,0.0,0.0,0.0,BENIGN,27.666666666666668,0.0,0.0,36.0,0.0,2,0.0,File_17
2017-07-06 01:19:00,4,0,1,1285067.299432,14477.393312400001,5700.8333325,389720416.35698843,0.0,BENIGN,877.7142857142857,0.0,0.0,59.125,43.44269624623749,4,20372.90629983952,File_17
2017-07-06 01:21:00,2,0,1,1653273.9505000003,19757.41495,48.0,0.0,0.0,BENIGN,0.0,0.0,0.0,69.25,51.951098801340734,2,23046.79182783486,File_17
2017-07-06 01:23:00,1,0,1,1254545.455,18181.81818,49.0,0.0,0.0,BENIGN,2048.0,0.0,0.0,28.0,11.313708498984761,1,0.0,File_17
2017-07-06 01:24:00,2,0,1,1347745.7085000002,24599.13224,3.0,0.0,0.0,BENIGN,0.0,0.0,0.0,88.25,106.14887344354312,2,27053.899439616627,File_17
2017-07-06 01:25:00,2,0,1,4307.2137095,67.83054002,24.5,0.0,0.0,BENIGN,1365.3333333333333,0.0,0.0,42.75,24.649205531483837,2,3564.2895817009903,File_17
2017-07-06 01:26:00,2,0,1,900809.030535,11237.5758603,3.0,0.0,0.0,BENIGN,819.2000000000003,0.0,0.0,60.0,36.52396473549935,3,24466.2101785299,File_17
2017-07-06 01:28:00,1,0,1,1404761.905,23809.52381,3.0,0.0,0.0,BENIGN,0.0,0.0,0.0,96.0,90.50966799187809,1,0.0,File_17
2017-07-06 01:29:00,1,0,1,14221.19727,128.1188943,4.0,0.0,0.0,BENIGN,2048.0,0.0,0.0,46.5,24.748737341529164,1,0.0,File_17
2017-07-06 01:31:00,1,0,1,6136.07063,65.27734713,3.0,0.0,0.0,BENIGN,2048.0,0.0,0.0,60.0,41.012193308819754,1,0.0,File_17
2017-07-06 01:32:00,1,0,1,1882352.941,23529.41176,3.0,0.0,0.0,BENIGN,0.0,0.0,0.0,41.0,19.79898987322333,1,0.0,File_17
2017-07-06 01:34:00,1,0,1,2058.350657,30.7216516,10222.66667,311947130.2797895,0.0,BENIGN,0.0,0.0,0.0,24.0,11.313708498984761,1,0.0,File_17
2017-07-06 01:35:00,1,0,1,2467.380395,62.73001004,10109.0,303701347.08619326,0.0,BENIGN,0.0,0.0,0.0,34.0,11.313708498984761,1,0.0,File_17
2017-07-06 01:36:00,1,0,1,8885.404417,130.667712,4.0,0.0,0.0,BENIGN,2048.0,0.0,0.0,114.5,120.91525958289962,1,0.0,File_17
2017-07-06 01:37:00,1,0,1,1760869.565,21739.13043,3.0,0.0,0.0,BENIGN,0.0,0.0,0.0,67.0,56.568542494923804,1,0.0,File_17
2017-07-06 01:38:00,1,0,1,7925.680504,129.9291886,3.0,0.0,0.0,BENIGN,0.0,0.0,0.0,68.66666666666667,60.04442799572108,2,24690.5,File_17
2017-07-06 01:40:00,2,0,1,619690.3229550001,13584.297939,4102.0,100823103.43388204,0.0,BENIGN,0.0,0.0,0.0,78.5,65.15878042648333,2,29617.00594065661,File_17
2017-07-06 01:41:00,1,0,1,3342.771748,39.32672644,4.0,0.0,0.0,BENIGN,2048.0,0.0,0.0,70.0,55.154328932550705,1,0.0,File_17
2017-07-06 01:43:00,1,0,1,1485714.286,28571.42857,3.0,0.0,0.0,BENIGN,0.0,0.0,0.0,56.5,25.98076211353316,3,0.0,File_17
2017-07-06 01:44:00,4,0,1,251451.7294645,5682.8426180075,5.5,0.0,0.0,BENIGN,1170.2857142857142,0.0,0.0,83.25,94.25459443140461,4,23254.106019701343,File_17
2017-07-06 01:45:00,1,0,1,6722.124191,168.0531048,3.0,0.0,0.0,BENIGN,2048.0,0.0,0.0,59.5,37.476659402887016,1,0.0,File_17
2017-07-06 01:46:00,2,0,1,1493497.8569999998,19851.238855000003,24.0,0.0,0.0,BENIGN,1365.3333333333333,0.0,0.0,46.0,26.153393661244042,2,18992.042707992794,File_17
2017-07-06 01:48:00,3,0,1,702627.0337933333,15370.337766899998,18.666666666666668,0.0,0.0,BENIGN,0.0,0.0,0.0,47.125,30.708014309901948,5,24733.552935563595,File_17
2017-07-06 01:50:00,1,0,1,16252.78442,165.0028876,3.0,0.0,0.0,BENIGN,0.0,0.0,0.0,69.0,41.012193308819754,1,0.0,File_17
2017-07-06 01:54:00,2,0,1,667171.2719200001,9784.575874999999,48.5,0.0,0.0,BENIGN,1365.3333333333333,0.0,0.0,45.5,21.42428528562855,2,12673.656045338912,File_17
2017-07-06 01:56:00,1,0,1,605263.1579,26315.78947,1.0,0.0,0.0,BENIGN,2048.0,0.0,0.0,94.0,96.16652224137046,1,0.0,File_17
2017-07-06 01:57:00,2,0,1,662951.9921555,12040.7351422,25.0,0.0,0.0,BENIGN,1365.3333333333333,0.0,0.0,61.0,66.69832581607028,2,8207.152706971861,File_17
2017-07-06 01:59:00,3,0,1,490802.3398053334,10594.187956306667,2.3333333333333335,0.0,0.0,BENIGN,1228.8,0.0,0.0,50.166666666666664,28.722232967975636,3,18396.739965548244,File_17
2017-07-06 02:01:00,1,0,1,11848.03606,193.174501,10109.33333,306413920.2787094,0.0,BENIGN,0.0,0.0,0.0,58.5,43.1335136523794,1,0.0,File_17
2017-07-06 02:02:00,4,0,1,669657.7801177499,14761.2426594725,13.5,0.0,0.0,BENIGN,1097.142857142857,0.0,0.0,64.5,50.36722290197408,4,19272.463321791427,File_17
2017-07-06 02:03:00,3,0,1,369421.29362066666,7830.035565446667,32.666666666666664,0.0,0.0,BENIGN,682.6666666666666,0.0,0.0,50.833333333333336,31.102518654711336,3,20985.97824643874,File_17
2017-07-06 02:04:00,5,0,1,777193.4141451999,15072.293875328,3246.0,157833576.8476645,0.0,BENIGN,620.6060606060605,0.0,0.0,53.333333333333336,40.98854237540786,7,25881.799773598847,File_17
2017-07-06 02:05:00,2,0,1,2763.647861,60.29664099,3504.5,73647073.51656479,0.0,BENIGN,1024.0,0.0,0.0,59.75,34.48067091381296,2,16777.641497606935,File_17
2017-07-06 02:06:00,1,0,1,19019.75128,154.0060832,4.0,0.0,0.0,BENIGN,0.0,0.0,0.0,47.0,11.313708498984761,1,0.0,File_17
2017-07-06 02:08:00,1,0,1,1193877.551,20408.16327,48.0,0.0,0.0,BENIGN,2048.0,0.0,0.0,64.5,47.37615433949868,1,0.0,File_17
2017-07-06 02:14:00,2,0,1,314359.9833475,13596.05241145,24.5,0.0,0.0,BENIGN,1365.3333333333333,0.0,0.0,70.5,54.21869296346664,2,16559.884547369955,File_17
2017-07-06 02:15:00,1,0,1,10892.10184,110.5797142,4.0,0.0,0.0,BENIGN,2048.0,0.0,0.0,33.5,24.748737341529164,1,0.0,File_17
2017-07-06 02:17:00,1,0,1,1038961.039,25974.02597,3.0,0.0,0.0,BENIGN,0.0,0.0,0.0,59.5,50.204581464244875,1,0.0,File_17
2017-07-06 02:18:00,1,0,1,248062.0155,4429.678848,4.0,0.0,0.0,BENIGN,0.0,0.0,0.0,50.0,43.840620433565945,1,0.0,File_17
2017-07-06 02:19:00,4,0,1,6840.0058895,82.6760979025,14.5,0.0,0.0,BENIGN,1137.7777777777778,0.0,0.0,59.7,56.36202425195335,6,21266.355484197262,File_17
2017-07-06 02:20:00,2,0,1,904701.8682645,11194.33001735,3.5,0.0,0.0,BENIGN,1365.3333333333333,0.0,0.0,74.75,56.13302652331038,2,8412.454470736957,File_17
2017-07-06 02:21:00,1,0,1,4159.478937,64.48804553,1.0,0.0,0.0,BENIGN,2048.0,0.0,0.0,63.0,60.81118318204309,1,0.0,File_17
2017-07-06 02:26:00,1,0,1,414414.4144,18018.01802,49.0,0.0,0.0,BENIGN,2048.0,0.0,0.0,70.0,57.982756057296896,1,0.0,File_17
2017-07-06 02:28:00,2,0,1,705846.8983115001,9788.55350106,1.0,0.0,0.0,BENIGN,1365.3333333333333,0.0,0.0,59.75,42.75024366402294,2,8649.80155199464,File_17
2017-07-06 02:30:00,2,0,1,7252.7342325,110.449790335,3.0,0.0,0.0,BENIGN,682.6666666666666,0.0,0.0,87.16666666666667,76.79431402562736,4,30487.478566782134,File_17
2017-07-06 02:36:00,1,0,1,1672727.273,24242.42424,4.0,0.0,0.0,BENIGN,0.0,0.0,0.0,45.0,11.313708498984761,1,0.0,File_17
2017-07-06 02:37:00,2,0,1,270591.70800549997,11625.9124491,1.5,0.0,0.0,BENIGN,1024.0,0.0,0.0,58.25,30.847744379992086,2,26710.936615717706,File_17
2017-07-06 02:39:00,1,0,1,8614.782183,195.7905042,8879.666667,236438897.27661508,0.0,BENIGN,0.0,0.0,0.0,39.0,11.313708498984761,1,0.0,File_17
2017-07-06 02:40:00,2,0,1,1185435.29,14088.612515,1.0,0.0,0.0,BENIGN,1365.3333333333333,0.0,0.0,66.5,57.256731773070435,2,9162.891719684712,File_17
2017-07-06 02:41:00,1,0,1,4592.924709,43.74214008,49.0,0.0,0.0,BENIGN,2048.0,0.0,0.0,41.0,22.627416997969522,1,0.0,File_17
2017-07-06 02:44:00,1,0,1,5615.468062,51.04970965,4.0,0.0,0.0,BENIGN,2048.0,0.0,0.0,106.5,103.94469683442249,1,0.0,File_17
2017-07-06 02:47:00,4,0,1,723803.8924156,10661.1134963675,2616.0833325,81609657.34997647,0.0,BENIGN,512.0,0.0,0.0,61.125,44.472905073924345,4,22893.486893054298,File_17
2017-07-06 02:48:00,1,0,1,1744.448549,41.04584821,2.0,0.0,0.0,BENIGN,2048.0,0.0,0.0,44.0,38.18376618407357,1,0.0,File_17
2017-07-06 02:50:00,2,0,1,819916.8003685,9894.19387247,97.0,0.0,0.0,BENIGN,0.0,0.0,0.0,37.0,9.865765724632494,2,25595.75394908738,File_17
2017-07-06 02:55:00,2,0,1,342011.740695,8313.7182322,8256.333335,406479704.0546222,0.0,BENIGN,1024.0,0.0,0.0,50.0,27.85677655436824,2,17482.979462576994,File_17
2017-07-06 02:56:00,3,0,1,810017.0700566666,9874.548364566666,17.666666666666668,0.0,0.0,BENIGN,1092.2666666666669,0.0,0.0,69.0,57.93099343184095,3,21403.447810107606,File_17
2017-07-06 02:57:00,1,0,1,1417543.86,14035.08772,1.0,0.0,0.0,BENIGN,2048.0,0.0,0.0,52.5,33.23401871576773,1,0.0,File_17
2017-07-06 03:01:00,1,0,1,9285.995955,76.32325442,10264.0,314511846.84266907,0.0,BENIGN,0.0,0.0,0.0,61.666666666666664,73.90083445627211,2,28657.0,File_17
2017-07-06 03:06:00,8,1,5,384620.8017071962,10457.43540833925,1327652.1447437499,147622582834551.38,0.0,BENIGN,696.9014283195204,47562.35643564357,0.0,253.50467289719626,556.4564329490771,48,26200.63898130799,File_17
2017-07-06 03:07:00,3,0,1,146275.042772,6256.082417943333,18.0,0.0,0.0,BENIGN,1228.8,0.0,0.0,86.66666666666667,71.49731929706643,3,9438.166313431862,File_17
2017-07-06 03:10:00,1,0,1,10875.93073,167.3220112,4.0,0.0,0.0,BENIGN,0.0,0.0,0.0,69.0,72.12489168102785,1,0.0,File_17
2017-07-06 03:12:00,1,0,1,2294736.842,21052.63158,3.0,0.0,0.0,BENIGN,0.0,0.0,0.0,50.5,40.30508652763321,1,0.0,File_17
2017-07-06 03:15:00,5,0,1,6166.6933770000005,84.086862418,21.0,0.0,0.0,BENIGN,1137.7777777777778,0.0,0.0,93.3,103.35058995692498,5,21450.03994701164,File_17
2017-07-06 03:16:00,1,0,1,1903225.806,16129.03226,3.0,0.0,0.0,BENIGN,2048.0,0.0,0.0,46.5,24.748737341529164,1,0.0,File_17
2017-07-06 03:17:00,1,0,1,1361344.538,16806.72269,48.0,0.0,0.0,BENIGN,2048.0,0.0,0.0,59.0,39.59797974644666,1,0.0,File_17
2017-07-06 03:18:00,2,0,1,1583076.1815,19961.427190000002,25.0,0.0,0.0,BENIGN,0.0,0.0,0.0,85.75,74.2175855171805,2,29276.282372520516,File_17
2017-07-06 03:19:00,4,0,1,611655.70144,13933.986785,13.5,0.0,0.0,BENIGN,1170.2857142857142,0.0,0.0,66.375,90.59003019885009,4,23693.749190321854,File_17
2017-07-06 03:20:00,5,0,1,544041.0111382001,7488.008898832,47.6,0.0,0.0,BENIGN,1137.7777777777778,0.0,0.0,44.3,31.59483080083407,5,20349.459831457414,File_17
2017-07-06 03:21:00,2,0,1,702342.6120925,10993.1630854,25.0,0.0,0.0,BENIGN,0.0,0.0,0.0,28.5,9.39858145324779,2,30164.863758279356,File_17
2017-07-06 03:23:00,1,0,1,7129.443967,127.3114994,1.0,0.0,0.0,BENIGN,2048.0,0.0,0.0,94.0,96.16652224137046,1,0.0,File_17
2017-07-06 03:24:00,1,0,1,2292929.293,20202.0202,3.0,0.0,0.0,BENIGN,2048.0,0.0,0.0,92.0,94.75230867899737,1,0.0,File_17
2017-07-06 03:25:00,2,0,1,672877.0980025,7777.31257742,2.5,0.0,0.0,BENIGN,1228.8,0.0,0.0,47.5,34.881227042637136,4,18118.44229066064,File_17
2017-07-06 03:26:00,2,0,1,231441.4414415,10025.74002574,48.5,0.0,0.0,BENIGN,1365.3333333333333,0.0,0.0,48.5,37.063009411901064,2,17474.490385193563,File_17
2017-07-06 03:29:00,2,0,1,887711.222781,9001.333448885,4.0,0.0,0.0,BENIGN,1365.3333333333333,0.0,0.0,64.0,51.94869263674175,2,3214.654811259765,File_17
2017-07-06 03:30:00,2,0,1,512443.870395,12406.85979925,24.5,0.0,0.0,BENIGN,819.2,0.0,0.0,51.0,31.496031496047245,3,24040.384949080995,File_17
2017-07-06 03:31:00,3,0,1,878901.6248666666,12945.811354333333,32.666666666666664,0.0,0.0,BENIGN,1228.8,0.0,0.0,63.666666666666664,38.583243340427806,3,21179.017843138998,File_17
2017-07-06 03:32:00,1,0,1,698795.1807,12048.19277,1.0,0.0,0.0,BENIGN,2048.0,0.0,0.0,69.0,72.12489168102785,1,0.0,File_17
2017-07-06 03:33:00,3,0,1,782686.099946,11607.707987466667,18.0,0.0,0.0,BENIGN,1228.8,0.0,0.0,62.0,53.76244042079935,3,15351.318966134473,File_17
2017-07-06 03:37:00,3,0,1,861565.2103513334,10140.777091566668,1.6666666666666667,0.0,0.0,BENIGN,1092.2666666666667,0.0,0.0,53.166666666666664,40.23638486080312,3,21280.77386374847,File_17
2017-07-06 03:40:00,1,0,1,12089.25471,128.6090927,4.0,0.0,0.0,BENIGN,2048.0,0.0,0.0,68.0,67.88225099390856,1,0.0,File_17
2017-07-06 03:41:00,1,0,1,1604651.163,23255.81395,3.0,0.0,0.0,BENIGN,2048.0,0.0,0.0,50.0,38.18376618407357,1,0.0,File_17
2017-07-06 03:42:00,6,0,1,1106904.7252073332,17442.073084516665,17.833333333333332,0.0,0.0,BENIGN,1117.090909090909,0.0,0.0,68.41666666666667,61.75384910099028,6,15071.33832069533,File_17
2017-07-06 03:44:00,1,0,1,712574.8503,11976.0479,1.0,0.0,0.0,BENIGN,2048.0,0.0,0.0,81.0,91.92388155425118,1,0.0,File_17
2017-07-06 03:45:00,1,0,1,6872.191652,96.11456857,48.0,0.0,0.0,BENIGN,2048.0,0.0,0.0,30.5,16.263455967290593,1,0.0,File_17
2017-07-06 03:46:00,2,0,1,1241046.0995,16843.971635,24.5,0.0,0.0,BENIGN,1365.3333333333333,0.0,0.0,51.0,32.914029430219166,2,14949.166450192317,File_17
2017-07-06 03:47:00,1,0,1,1486238.532,18348.62385,4.0,0.0,0.0,BENIGN,2048.0,0.0,0.0,28.0,11.313708498984761,1,0.0,File_17
2017-07-06 03:48:00,3,0,1,1394678.6754333333,20814.335303333333,2.6666666666666665,0.0,0.0,BENIGN,975.2380952380954,0.0,0.0,45.42857142857143,34.67399190006415,4,11048.35125960229,File_17
2017-07-06 03:51:00,1,0,1,9717.464713,97.17464713,3.0,0.0,0.0,BENIGN,2048.0,0.0,0.0,61.0,46.66904755831214,1,0.0,File_17
2017-07-06 03:54:00,1,0,1,1676300.578,23121.38728,3.0,0.0,0.0,BENIGN,2048.0,0.0,0.0,86.5,79.90306627407988,1,0.0,File_17
2017-07-06 03:56:00,1,0,1,5295.348037,105.9069607,3.0,0.0,0.0,BENIGN,0.0,0.0,0.0,92.0,131.63586137523467,2,24720.5,File_17
2017-07-06 04:00:00,1,0,1,7479.918046,130.0855312,3.0,0.0,0.0,BENIGN,2048.0,0.0,0.0,54.0,35.35533905932738,1,0.0,File_17
2017-07-06 04:01:00,1,0,1,9328.539501,129.5630486,3.0,0.0,0.0,BENIGN,0.0,0.0,0.0,60.0,55.154328932550705,1,0.0,File_17
2017-07-06 04:03:00,1,0,1,1681318.681,21978.02198,4.0,0.0,0.0,BENIGN,0.0,0.0,0.0,40.0,22.627416997969522,1,0.0,File_17
2017-07-06 04:12:00,1,0,1,1748.444893,19.21368014,1.0,0.0,0.0,BENIGN,2048.0,0.0,0.0,44.0,38.18376618407357,1,0.0,File_17
2017-07-06 04:15:00,1,0,1,5452.562704,121.1680601,3.0,0.0,0.0,BENIGN,2048.0,0.0,0.0,42.5,26.16295090390226,1,0.0,File_17
2017-07-06 04:22:00,1,0,1,4848.437833,77.57500533,1.0,0.0,0.0,BENIGN,2048.0,0.0,0.0,52.0,43.840620433565945,1,0.0,File_17
2017-07-06 04:23:00,1,0,1,1175257.732,20618.5567,46.0,0.0,0.0,BENIGN,2048.0,0.0,0.0,66.5,50.204581464244875,1,0.0,File_17
2017-07-06 04:30:00,3,0,1,10160.465218666666,89.48598044,3.0,0.0,0.0,BENIGN,1228.8,0.0,0.0,46.833333333333336,36.394596668553234,3,24089.212349099336,File_17
2017-07-06 04:31:00,1,0,1,9697.56739,164.365549,3.0,0.0,0.0,BENIGN,2048.0,0.0,0.0,40.0,11.313708498984761,1,0.0,File_17
2017-07-06 04:35:00,1,0,1,1289.252754,8.681836729,1.0,0.0,0.0,BENIGN,2048.0,0.0,0.0,69.0,48.08326112068523,1,0.0,File_17
2017-07-06 04:46:00,5,0,1,5629.4270074,85.810499818,4.2,0.0,0.0,BENIGN,1137.7777777777778,0.0,0.0,51.5,41.97155121163752,5,18233.085042659113,File_17
2017-07-06 04:48:00,1,0,1,4568.449308,51.62089614,4.0,0.0,0.0,BENIGN,2048.0,0.0,0.0,49.0,33.94112549695428,1,0.0,File_17
2017-07-06 04:50:00,3,0,1,347842.41032566666,6387.550287156667,3469.2222233333337,108153066.79642536,0.0,BENIGN,1092.2666666666669,0.0,0.0,77.33333333333333,70.37518502047911,3,22994.657697821902,File_17
2017-07-06 04:52:00,2,0,1,1056172.74115,11894.530214499999,2.0,0.0,0.0,BENIGN,1365.3333333333333,0.0,0.0,70.75,68.26602375999352,2,10279.918384890028,File_17
2017-07-06 04:54:00,2,0,1,668265.4503755,9653.422197250002,25.5,0.0,0.0,BENIGN,1365.3333333333333,0.0,0.0,38.75,18.20942979154848,2,16147.283039432845,File_17
2017-07-06 04:57:00,2,0,1,765552.689456,13902.870406435,3.5,0.0,0.0,BENIGN,0.0,0.0,0.0,76.5,47.176971783558415,2,2988.7046618151408,File_17
2017-07-06 04:58:00,1,0,1,6421.42296,68.31301021,3.0,0.0,0.0,BENIGN,2048.0,0.0,0.0,57.5,58.68986283848344,1,0.0,File_17
2017-07-06 09:01:00,2,0,2,756885.9932824901,9174.421493385,5200001.5,228980000000000.0,0.0,BENIGN,1630.25,0.0,0.0,42.5,28.75760768909681,2,23660.26430302267,File_17
2017-07-06 09:04:00,1,0,1,1268571.429,22857.14286,1.0,0.0,0.0,BENIGN,2048.0,0.0,0.0,58.5,38.890872965260115,1,0.0,File_17
2017-07-06 09:07:00,2,0,1,1786197.3775,19185.645275000003,25.5,0.0,0.0,BENIGN,1365.3333333333333,0.0,0.0,49.75,32.10789103424058,2,14578.731243378714,File_17
2017-07-06 09:09:00,1,0,1,1405063.291,25316.4557,1.0,0.0,0.0,BENIGN,2048.0,0.0,0.0,72.0,65.05382386916237,1,0.0,File_17
2017-07-06 09:10:00,1,0,1,1230769.231,23668.63905,3.0,0.0,0.0,BENIGN,0.0,0.0,0.0,31.0,11.313708498984761,1,0.0,File_17
2017-07-06 09:11:00,1,0,1,663900.4149,16597.51037,4.0,0.0,0.0,BENIGN,2048.0,0.0,0.0,144.0,175.36248173426378,1,0.0,File_17
2017-07-06 09:12:00,2,0,1,762599.4911199999,14343.1525389,2.0,0.0,0.0,BENIGN,1024.0,0.0,0.0,56.75,30.357591033106257,2,10470.837215810396,File_17
2017-07-06 09:14:00,4,0,1,321750.36697925,4418.484544839999,4658.4166675,260088818.62272176,0.0,BENIGN,0.0,0.0,0.0,67.8,51.449651764289584,6,28168.05150748619,File_17
2017-07-06 09:17:00,1,0,1,464646.4646,20202.0202,191.0,0.0,0.0,BENIGN,2048.0,0.0,0.0,57.0,35.35533905932738,1,0.0,File_17
2017-07-06 09:19:00,2,0,1,470418.973589,7592.166754295,2.5,0.0,0.0,BENIGN,1365.3333333333333,0.0,0.0,94.0,78.64265170164767,2,20657.355305610206,File_17
2017-07-06 09:21:00,1,0,1,705583.7563,10152.28426,0.0,0.0,0.0,BENIGN,2048.0,0.0,0.0,66.0,48.08326112068523,1,0.0,File_17
2017-07-06 09:22:00,1,1,1,0.0,3629.764065,0.0,0.0,0.0,BENIGN,0.0,28960.0,0.0,0.0,0.0,0,0.0,File_17
2017-07-06 09:23:00,1,0,1,1324840.764,25477.70701,4.0,0.0,0.0,BENIGN,0.0,0.0,0.0,71.0,67.88225099390856,1,0.0,File_17
2017-07-06 09:25:00,2,0,1,8427.3345535,161.2439831,4047.6666665,98107440.65155658,0.0,BENIGN,1024.0,0.0,0.0,75.0,92.8798507032966,2,24930.919335012273,File_17
2017-07-06 09:29:00,1,0,1,7089.135989,71.97092375,1.0,0.0,0.0,BENIGN,2048.0,0.0,0.0,89.0,100.40916292848975,1,0.0,File_17
2017-07-06 09:30:00,1,0,1,652719.6653,16736.40167,1.0,0.0,0.0,BENIGN,2048.0,0.0,0.0,66.0,50.91168824543142,1,0.0,File_17
2017-07-06 09:31:00,1,0,1,7916.653472,126.6664556,1.0,0.0,0.0,BENIGN,2048.0,0.0,0.0,57.0,35.35533905932738,1,0.0,File_17
2017-07-06 09:32:00,3,0,1,331390.807882,8200.185765833334,2957.2222223333333,78520274.78650765,0.0,BENIGN,1092.2666666666669,0.0,0.0,35.666666666666664,23.787952132679823,3,25230.318293672,File_17
2017-07-06 09:33:00,3,0,1,4173.913331,63.83424482,17.333333333333332,0.0,0.0,BENIGN,1228.8,0.0,0.0,44.5,22.984777571253545,3,20321.58091684798,File_17
2017-07-06 09:37:00,2,0,1,946594.84565,9095.8813315,25.5,0.0,0.0,BENIGN,1024.0,0.0,0.0,68.25,46.86416541452542,2,2376.3501893075904,File_17
2017-07-06 09:38:00,1,0,1,7593.33474,64.90029692,3.0,0.0,0.0,BENIGN,2048.0,0.0,0.0,69.0,72.12489168102785,1,0.0,File_17
2017-07-06 09:39:00,1,0,1,1324840.764,25477.70701,48.0,0.0,0.0,BENIGN,0.0,0.0,0.0,35.666666666666664,28.86751345948129,2,30309.0,File_17
2017-07-06 09:40:00,1,0,1,8562.089613,115.7039137,1.0,0.0,0.0,BENIGN,2048.0,0.0,0.0,57.0,38.18376618407357,1,0.0,File_17
2017-07-06 09:41:00,3,0,1,413414.108373,7748.2466220999995,19.0,0.0,0.0,BENIGN,975.2380952380954,0.0,0.0,77.14285714285714,56.4193482516668,4,18183.582503639558,File_17
2017-07-06 09:44:00,1,0,1,1404761.905,23809.52381,3.0,0.0,0.0,BENIGN,0.0,0.0,0.0,47.5,26.16295090390226,1,0.0,File_17
2017-07-07 01:08:00,3,0,1,410742.53837366664,5098.100180633333,32.333333333333336,0.0,0.0,BENIGN,1228.8,0.0,0.0,62.5,46.42305461729118,3,20264.132703868676,File_17
2017-07-07 01:11:00,1,0,1,1717.49591,19.18989844,3.0,0.0,0.0,BENIGN,2048.0,0.0,0.0,72.5,57.27564927611035,1,0.0,File_17
2017-07-07 01:28:00,1,1,1,22452.57304,69.63580474,30156.9,1037453735.2109803,0.0,BENIGN,140.25,4101.0,0.0,0.0,0.0,1,24135.911464500823,File_17
2017-07-07 01:35:00,1,0,1,19426.54338,186.7936864,10374.66667,322652181.5119657,0.0,BENIGN,0.0,0.0,0.0,28.0,11.313708498984761,1,0.0,File_17
2017-07-07 01:36:00,2,0,1,779558.945327,12082.951803005,2.0,0.0,0.0,BENIGN,1365.3333333333333,0.0,0.0,69.75,78.822056980687,2,17879.72849035714,File_17
2017-07-07 01:40:00,2,0,2,1542481.920485,8474.956181204,1055362.3115,12669326694277.264,0.0,BENIGN,231.30352941176469,1443.7083333333333,0.0,188.1764705882353,198.07520853275435,25,10682.12239585374,File_17
2017-07-07 01:41:00,1,0,1,156.1423272,0.647047564,2507114.333,34882658036605.37,0.0,BENIGN,0.0,322.0,0.0,194.84615384615384,202.4018895338624,25,0.0,File_17
2017-07-07 01:43:00,2,0,2,123185.86184,322.12237634999997,8776.5574205,1339270020.3065343,0.0,BENIGN,593.623188405797,611.7916666666666,0.0,177.20833333333334,259.02576322538414,5,15988.822684118948,File_17
2017-07-07 01:45:00,3,0,2,617594.9418645,5985.977274252667,853376.37389,6307839426135.884,0.0,BENIGN,129.9277622284419,64980.0,0.0,167.3821138211382,243.39654348897474,41,10646.114162378602,File_17
2017-07-07 01:46:00,1,0,1,2895752.896,15444.01544,4.0,0.0,0.0,BENIGN,0.0,0.0,0.0,59.666666666666664,61.77647880328996,2,26757.0,File_17
2017-07-07 01:47:00,4,0,1,2516.1988641400003,2.86657397275,4317626.66045,65127673647914.97,0.0,BENIGN,4838.12257751938,10854.868217054263,0.0,304.26356589147287,631.1838767271469,70,26863.29125953627,File_17
2017-07-07 01:48:00,41,0,5,82962.27906941732,1282.8248363653172,5926900.455622926,295026500422222.3,0.0,BENIGN,563.8737276710482,357.2961876832845,0.0,24.327536231884057,52.676668095512255,120,9403.046199583237,File_17
2017-07-07 01:49:00,21,0,2,53.78641234238095,0.30661899285714284,7230844.076571429,288764380266366.56,0.0,BENIGN,581.5700034399725,333.3333333333333,0.0,15.607843137254902,20.691415488617512,48,142.6312182882894,File_17
2017-07-07 01:50:00,99,24,27,420013.9053815775,29874.076028694773,2913429.7989148186,73963769209314.05,0.0,BENIGN,680.2691613122365,6097.189083820663,0.0,13.675728155339806,65.01211439178739,667,15437.273644490544,File_17
2017-07-07 01:51:00,75,50,54,24008382.744655576,316022.8235029362,510113.2652705867,1720837399251.1323,0.0,BENIGN,3216.8058175864903,6051.748226950354,0.0,151.45501730103805,486.8827974557312,232,23164.97562135738,File_17
2017-07-07 01:52:00,147,38,48,922914.9334362631,115943.51555626163,951647.0064114075,16806757497221.715,0.0,BENIGN,1901.4792148244405,3189.286243822076,0.00039277297721916735,98.39159465828752,357.45536085225245,1723,22314.52395690233,File_17
2017-07-07 01:53:00,349,112,107,1404293.828035587,80411.11216959487,1672379.175658109,30714704208596.65,0.0,BENIGN,3374.4694125005767,17919.390358708002,0.0,302.9588225832395,653.2248942448241,2679,23430.093033196114,File_17
2017-07-07 01:54:00,238,113,109,1959691.8867019652,90729.13225920955,1161399.3760254916,22057972342537.23,0.0,BENIGN,3969.3223832092704,13459.22677097846,0.0,465.37734032309834,661.8248674381307,4112,25425.980082476763,File_17
2017-07-07 01:55:00,775,203,185,785665.7491965329,67728.82065144638,1143800.5902069858,20605692488973.664,0.03483870967741935,PortScan,1678.6224517950577,3975.331183419088,0.00014161297174821214,303.55930043191955,671.1202761707584,6370,22092.164986749278,File_17
2017-07-07 01:56:00,288,117,118,1033518.6544027637,137146.46481891067,634321.1313450173,10249957653940.092,0.1423611111111111,PortScan,6845.900891358195,7131.695095328191,0.0,758.0673395818313,949.5025634008982,2218,19667.18323813577,File_17
2017-07-07 01:57:00,376,142,130,1345996.0092874514,90095.38158855143,771585.6124571224,10920896216240.76,0.06648936170212766,PortScan,3231.3911445389454,6204.031914893617,0.0,476.915239350022,838.7970374138016,2913,20701.86332597217,File_17
2017-07-07 01:58:00,384,168,148,3686989.0429930654,95645.47285024358,1274489.5196208577,24067291386842.37,0.020833333333333332,PortScan,3433.3182083837673,3084.958711808423,0.0,314.59932005828074,652.1549758943303,2653,21401.17415041022,File_17
2017-07-07 01:59:00,631,134,123,515235.4132450104,42388.080522469565,1324040.0342473558,15643779915738.041,0.07290015847860538,PortScan,1198.4564151226662,2601.0303071302937,0.0,530.6012322777262,789.7022578501383,6631,19462.8328513129,File_17
2017-07-07 02:00:00,275,121,105,5244181.816358886,89025.26084221933,859453.8757596106,21139549966374.973,0.12,PortScan,2685.377050022178,4599.452095341953,0.0,764.4135546334717,877.8255186956917,2028,17982.90085306967,File_17
2017-07-07 02:01:00,277,150,144,4430480.760041467,91172.89045938078,358182.49921929603,13270407631537.248,0.0,BENIGN,2201.369690056511,12843.886244574165,0.0,666.2419188191882,941.8291540256954,2558,20665.28053777392,File_17
2017-07-07 02:02:00,216,99,93,1311764.3416574544,111763.43115582532,576446.5054277593,14960978642882.762,0.0,BENIGN,2057.257846949348,5210.807567127747,0.0,681.7407259672916,992.5587092617192,1987,20129.079066695325,File_17
2017-07-07 02:03:00,113,49,48,10998210.031186664,152743.32692401775,641606.7284950707,2560294458803.703,0.0,BENIGN,7174.020737657146,19505.428032683845,0.0,563.3014888337469,771.4192639010313,1307,20807.113530664188,File_17
2017-07-07 02:04:00,196,71,60,984854.6446518481,53424.629371566574,1625695.0510382794,36448263819913.2,0.0,BENIGN,3888.0332562730196,2512.8007138607973,0.0,213.05477855477855,483.452823325819,1708,21604.732369242076,File_17
2017-07-07 02:05:00,298,127,108,1002271.2354888436,87354.48479532155,1823744.889297651,36907411641507.88,0.0,BENIGN,2462.7779255564324,5523.575491380257,0.0,537.5110721333041,901.7998999030544,3776,22153.05234875054,File_17
2017-07-07 02:06:00,240,83,75,6548100.690384779,65717.25446340353,1132973.7508014678,22315419435613.79,0.0,BENIGN,3031.6391127571374,11921.199691040165,0.0,549.0977152182783,797.2168283891011,4779,17777.114667499958,File_17
2017-07-07 02:07:00,387,133,132,1323419.0235658425,95134.14991543638,1940410.8155097072,21138739015745.047,0.0,BENIGN,2387.356625663334,7459.411646402779,0.0,636.2677158191576,911.1068683408532,4675,22337.601274105276,File_17
2017-07-07 02:08:00,636,222,182,2833666.450679428,84813.46010185944,1860209.8132214465,27212963274277.03,0.0,BENIGN,1806.7372106838836,4517.9050661798265,0.0,436.184371972877,747.3260687780835,6855,16330.804013335743,File_17
2017-07-07 02:09:00,333,180,169,2729793.0279037696,88304.06231455681,1458770.7139284394,16307811242317.48,0.0,BENIGN,3836.2108292310427,7513.848231934988,0.0,708.0550870660388,960.6671074152448,3732,24391.910115397262,File_17
2017-07-07 02:10:00,767,256,223,1130778.2170092491,82174.92671571925,1188646.5055217156,14365553312739.191,0.0,BENIGN,2828.233670647745,5326.484441250449,0.00013965505202150687,525.1199636896865,821.4421000510016,6198,21638.35114100735,File_17
2017-07-07 02:11:00,310,142,136,6954806.99250205,105306.96903016746,721352.3524991667,9827128380625.96,0.0,BENIGN,2662.760687816623,2471.243116273,0.0,560.4681783045606,899.7120721294549,3469,18786.169855177188,File_17
2017-07-07 02:12:00,202,123,129,893681.2724127743,103818.87228994083,783239.4044304158,19581465269822.883,0.0,BENIGN,2776.2706979800155,1655.9586520570601,0.0,896.88253319714,1018.1477022794103,1500,17131.48742097644,File_17
2017-07-07 02:13:00,171,87,73,2426949.3843929013,179221.94745464055,893668.3101582046,47809796906993.5,0.0,BENIGN,810.4488876599735,35080.43840451818,0.0,355.8978025810952,670.3278106353265,1235,22964.353971851713,File_17
2017-07-07 02:14:00,51,58,51,1521646.3803313726,154993.5008262157,19.522875817,6507.732026909289,0.0,BENIGN,1399.197102420699,1907.5955882352941,0.0,1310.3297511312217,881.8651892922788,208,843.5956494205625,File_17
2017-07-07 02:15:00,11,12,11,2516883.2987222727,285790.71022046363,782.7272727272727,10521176.63837413,0.0,BENIGN,23.8360150860184,404.8633034987795,0.0,1237.0292921074044,547.0304338500847,77,5984.838107973882,File_17
2017-07-07 02:16:00,1,1,1,0.0,74074.07407,0.0,0.0,0.0,BENIGN,0.0,1053.8947368421052,0.0,332.3157894736842,535.7269259438866,10,0.0,File_17
2017-07-07 02:17:00,7,7,7,0.0,38036.47813985714,32.0,0.0,0.0,BENIGN,1.6906437047149003,1512.0242990654206,0.0,632.8990654205608,680.1652318386476,225,3999.5474611789286,File_17
2017-07-07 02:20:00,1,2,1,183168.3168,14851.48515,202.0,0.0,0.0,BENIGN,0.0,2623.6666666666665,0.0,240.97222222222223,369.89508057680445,19,0.0,File_17
2017-07-07 02:25:00,1,1,1,900000.0,200000.0,2.0,1.999999998944728,0.0,BENIGN,0.0,2384.25,0.0,366.6,779.8191018299997,1,0.0,File_17
2017-07-07 03:57:00,2,2,2,164.32759035,0.21115218,15950000.0,1118120000000000.0,0.0,BENIGN,0.0,29080.0,0.0,0.0,0.0,0,0.0,File_17
2017-07-07 03:58:00,2,2,2,161.752697,0.2216169745,13200000.0,944740000000000.0,0.0,BENIGN,0.0,29200.0,0.0,0.0,0.0,0,0.0,File_17
2017-07-07 04:00:00,2,3,2,90.3390596,0.967557855,9550000.0,733445000000000.0,0.0,BENIGN,0.0,29200.0,0.0,0.0,0.0,0,0.0,File_17
2017-07-07 04:02:00,1,1,1,145.7324162,0.199718943,16000000.0,1218010000000000.0,0.0,BENIGN,0.0,28960.0,0.0,0.0,0.0,0,0.0,File_17
2017-07-07 04:04:00,1,1,1,141.3120493,0.193661053,16500000.0,1288810000000000.0,0.0,BENIGN,0.0,29200.0,0.0,0.0,0.0,0,0.0,File_17
2017-07-07 04:15:00,2,2,2,4.5440996215,0.7573499370000001,0.0,0.0,0.0,BENIGN,0.0,29200.0,0.0,0.0,0.0,0,0.0,File_17
2017-07-07 09:01:00,12,0,2,1320360.9778339101,15430.03502244875,2883607.6666666665,108270835999205.92,0.0,BENIGN,6858.8609195402305,0.0,0.0,57.2,35.21206689719327,18,20277.598782119363,File_17
2017-07-07 09:02:00,3,0,1,9.927192699,0.20681651466666665,11300000.0,518463333333333.3,0.0,BENIGN,36.839285714285715,0.0,0.0,36.0,0.0,5,0.0,File_17
2017-07-07 09:04:00,1,0,1,5807.622505,120.9921355,0.0,0.0,0.0,BENIGN,98.0,0.0,0.0,36.0,0.0,1,0.0,File_17
2017-07-07 09:05:00,4,0,1,807982.33124775,10824.743878782501,2.25,0.0,0.0,BENIGN,1024.0,0.0,0.0,54.888888888888886,45.264347019603754,5,21375.394253674014,File_17
2017-07-07 09:07:00,6,0,2,684.0923851308333,5.699793634666666,7283257.961666667,282105000000000.0,0.0,BENIGN,480.19736842105266,0.0,0.0,39.0,14.138413519278084,14,17831.60523020495,File_17
2017-07-07 09:10:00,2,0,1,1594892.247,24294.75687,3.5,0.0,0.0,BENIGN,0.0,0.0,0.0,64.75,46.81434965193187,2,23508.2663522619,File_17
2017-07-07 09:12:00,8,0,2,254245.63287689126,4662.18465655,8471887.40625,352316250000000.0,0.0,BENIGN,472.5131578947368,0.0,0.0,36.75,8.378386982054042,12,19812.20173434358,File_17
2017-07-07 09:19:00,1,0,1,1151.069673,16.44385247,49.0,0.0,0.0,BENIGN,2048.0,0.0,0.0,86.0,91.92388155425118,1,0.0,File_17
2017-07-07 09:25:00,4,0,1,883984.9708875,14908.946149375,13.5,0.0,0.0,BENIGN,1024.0,0.0,0.0,49.0,34.31836243179444,5,29603.977366859002,File_17
2017-07-07 09:28:00,1,0,1,1126760.563,28169.01408,4.0,0.0,0.0,BENIGN,2048.0,0.0,0.0,31.0,18.384776310850235,1,0.0,File_17
2017-07-07 09:30:00,1,0,1,15639.82998,82.53208435,3.0,0.0,0.0,BENIGN,2048.0,0.0,0.0,110.5,125.15790027001891,1,0.0,File_17
2017-07-07 09:34:00,1,0,1,7665.356846,77.42784693,1.0,0.0,0.0,BENIGN,2048.0,0.0,0.0,47.0,36.76955262170047,1,0.0,File_17
2017-07-07 09:37:00,3,0,1,356047.30706300004,6179.758603153333,48.0,0.0,0.0,BENIGN,1228.8,0.0,0.0,52.166666666666664,40.21152405302075,3,19587.331902022797,File_17
2017-07-07 09:42:00,1,0,1,1397489.54,16736.40167,1.0,0.0,0.0,BENIGN,2048.0,0.0,0.0,36.0,11.313708498984761,1,0.0,File_17
2017-07-07 09:46:00,2,0,1,558758.5743965,9458.58856096,24.5,0.0,0.0,BENIGN,1365.3333333333333,0.0,0.0,86.75,115.58943146614514,2,21167.462646450775,File_17
2017-07-07 09:52:00,1,0,1,1107981.221,18779.34272,3.0,0.0,0.0,BENIGN,2048.0,0.0,0.0,58.5,38.890872965260115,1,0.0,File_17
2017-07-07 09:56:00,1,0,1,936708.8608,16877.63713,1.0,0.0,0.0,BENIGN,2048.0,0.0,0.0,101.0,106.06601717798213,1,0.0,File_17
2017-07-07 09:58:00,2,0,1,653520.693242,5238.7257842,19.5,0.0,0.0,BENIGN,1365.3333333333333,0.0,0.0,59.25,41.37128633887679,2,23979.601497939868,File_17
2017-07-07 09:59:00,2,0,1,10321.8334815,97.96337589,9225.333335,507794002.2018519,0.0,BENIGN,0.0,0.0,0.0,85.75,101.35539781712006,2,2657.3072836990455,File_17
2017-07-07 10:02:00,1,0,1,32.64234551,0.377368156,7066415.0,148840000000000.0,0.0,BENIGN,0.0,0.0,0.0,28.0,11.313708498984761,1,0.0,File_17
2017-07-07 10:03:00,2,0,1,12568.685779,109.06836484,26.0,0.0,0.0,BENIGN,0.0,0.0,0.0,36.8,26.88308018066382,3,25806.48138549694,File_17
2017-07-07 10:04:00,1,0,1,10361.93545,73.22922578,3.0,0.0,0.0,BENIGN,2048.0,0.0,0.0,45.5,27.577164466275352,1,0.0,File_17
2017-07-07 10:06:00,1,0,1,834.787888,25.29660267,1.0,0.0,0.0,BENIGN,2048.0,0.0,0.0,57.0,35.35533905932738,1,0.0,File_17
2017-07-07 10:08:00,1,0,1,11619.69571,128.3944277,8.0,0.0,0.0,BENIGN,0.0,0.0,0.0,110.5,125.15790027001891,1,0.0,File_17
2017-07-07 10:09:00,1,0,1,7263.003252,66.02730229,49.0,0.0,0.0,BENIGN,2048.0,0.0,0.0,32.0,22.627416997969522,1,0.0,File_17
2017-07-07 10:15:00,1,0,1,1373.277046,33.90807521,1.0,0.0,0.0,BENIGN,2048.0,0.0,0.0,47.0,26.870057685088806,1,0.0,File_17
2017-07-07 10:17:00,1,0,1,1178947.368,21052.63158,4.0,0.0,0.0,BENIGN,0.0,0.0,0.0,57.0,45.254833995939045,1,0.0,File_17
2017-07-07 10:21:00,4,0,1,5818.52397525,58.899416072499996,14.5,0.0,0.0,BENIGN,1170.2857142857142,0.0,0.0,66.0,59.01573640019366,4,21824.265930100722,File_17
2017-07-07 10:23:00,3,0,1,983077.5221066666,9954.714633263333,1.6666666666666667,0.0,0.0,BENIGN,1228.8,0.0,0.0,49.333333333333336,29.486720174795067,3,14129.18005547385,File_17
2017-07-07 10:24:00,1,0,1,954954.955,12012.01201,1.0,0.0,0.0,BENIGN,2048.0,0.0,0.0,72.0,74.95331880577403,1,0.0,File_17
2017-07-07 10:25:00,3,0,1,388848.1061873333,4471.223019933333,18.0,0.0,0.0,BENIGN,1228.8,0.0,0.0,75.5,60.10241259716618,3,21362.93696475276,File_17
2017-07-07 10:26:00,2,0,1,487252.155784,10373.946762700001,3.0,0.0,0.0,BENIGN,1024.0,0.0,0.0,93.5,97.05840166277896,2,24355.02889890847,File_17
2017-07-07 10:27:00,3,0,1,1225649.2296666666,17778.488773333334,2.6666666666666665,0.0,0.0,BENIGN,1092.2666666666669,0.0,0.0,60.166666666666664,44.355007233306445,3,19656.48404369408,File_17
2017-07-07 10:29:00,1,0,1,1734104.046,23121.38728,3.0,0.0,0.0,BENIGN,2048.0,0.0,0.0,84.5,92.63098833543772,1,0.0,File_17
2017-07-07 10:32:00,1,0,1,1352380.952,19047.61905,4.0,0.0,0.0,BENIGN,2048.0,0.0,0.0,71.5,68.58935777509511,1,0.0,File_17
2017-07-07 10:34:00,3,0,1,1441493.938,15889.931846666666,2.6666666666666665,0.0,0.0,BENIGN,1228.8,0.0,0.0,66.83333333333333,51.285150547372545,3,25972.67320396574,File_17
2017-07-07 10:36:00,4,0,1,703954.302866035,8427.36679262675,691664.0,5740654192072.177,0.0,BENIGN,1170.2857142857142,0.0,0.0,67.5,51.46704909801166,4,14479.754990034486,File_17
2017-07-07 10:37:00,1,0,1,500000.0,21739.13043,3.0,0.0,0.0,BENIGN,2048.0,0.0,0.0,11.0,0.0,1,0.0,File_17
2017-07-07 10:38:00,2,0,1,1467908.8514999999,19951.241355,3.0,0.0,0.0,BENIGN,1365.3333333333333,0.0,0.0,55.5,31.712247896777463,2,22827.758604140025,File_17
2017-07-07 10:40:00,1,0,1,605263.1579,26315.78947,3.0,0.0,0.0,BENIGN,2048.0,0.0,0.0,11.0,0.0,1,0.0,File_17
2017-07-07 10:41:00,1,0,1,5065.428451,129.8827808,48.0,0.0,0.0,BENIGN,0.0,0.0,0.0,37.0,11.313708498984761,1,0.0,File_17
2017-07-07 10:46:00,2,0,1,939210.06185,21072.37423,3.0,0.0,0.0,BENIGN,819.2,0.0,0.0,43.0,58.44655678480983,3,27987.943944670176,File_17
2017-07-07 10:51:00,1,0,1,11840.79282,128.7042698,3.0,0.0,0.0,BENIGN,2048.0,0.0,0.0,54.5,40.30508652763321,1,0.0,File_17
2017-07-07 10:55:00,2,0,1,554829.48325,9341.120356,2.5,0.0,0.0,BENIGN,1365.3333333333333,0.0,0.0,48.0,48.62783839187864,2,17405.974000006114,File_17
2017-07-07 10:56:00,1,0,1,850574.7126,15325.6705,1.0,0.0,0.0,BENIGN,2048.0,0.0,0.0,84.0,35.35533905932738,1,0.0,File_17
2017-07-07 10:57:00,1,0,1,772946.8599,19323.6715,4.0,0.0,0.0,BENIGN,2048.0,0.0,0.0,111.0,127.27922061357856,1,0.0,File_17
2017-07-07 11:01:00,1,0,1,1212851.406,16064.25703,1.0,0.0,0.0,BENIGN,2048.0,0.0,0.0,53.0,45.254833995939045,1,0.0,File_17
2017-07-07 11:02:00,1,0,1,1884393.064,23121.38728,3.0,0.0,0.0,BENIGN,2048.0,0.0,0.0,40.0,19.79898987322333,1,0.0,File_17
2017-07-07 11:04:00,1,0,1,740740.7407,18518.51852,47.0,0.0,0.0,BENIGN,2048.0,0.0,0.0,60.5,36.062445840513924,1,0.0,File_17
2017-07-07 11:06:00,1,0,1,4389.832834,78.38987203,1.0,0.0,0.0,BENIGN,2048.0,0.0,0.0,55.0,36.76955262170047,1,0.0,File_17
2017-07-07 11:08:00,1,0,1,1010752.688,21505.37634,3.0,0.0,0.0,BENIGN,2048.0,0.0,0.0,79.5,71.4177848998413,1,0.0,File_17
2017-07-07 11:21:00,1,0,1,1470.640728,28.55613064,1.0,0.0,0.0,BENIGN,2048.0,0.0,0.0,45.0,28.284271247461902,1,0.0,File_17
2017-07-07 11:23:00,1,0,1,1720430.108,21505.37634,3.0,0.0,0.0,BENIGN,2048.0,0.0,0.0,86.5,79.90306627407988,1,0.0,File_17
2017-07-07 11:29:00,3,0,1,1146324.0091436666,15486.247533729998,2.6666666666666665,0.0,0.0,BENIGN,1092.2666666666669,0.0,0.0,88.83333333333333,89.64020675269926,3,21411.523579605444,File_17
2017-07-07 11:35:00,1,0,1,14562.52257,180.5271392,6441.0,124324218.8899413,0.0,BENIGN,0.0,0.0,0.0,35.666666666666664,28.867513459481287,2,30088.0,File_17
2017-07-07 11:38:00,1,0,1,842105.2632,21052.63158,4.0,0.0,0.0,BENIGN,2048.0,0.0,0.0,63.5,67.17514421272202,1,0.0,File_17
2017-07-07 11:44:00,1,0,1,6187.16164,162.8200431,3.0,0.0,0.0,BENIGN,2048.0,0.0,0.0,26.0,11.313708498984761,1,0.0,File_17
2017-07-07 11:48:00,1,0,1,210414.4527,4250.797024,1.0,0.0,0.0,BENIGN,2048.0,0.0,0.0,52.0,38.18376618407357,1,0.0,File_17
2017-07-07 11:51:00,1,0,1,951219.5122,24390.2439,3.0,0.0,0.0,BENIGN,2048.0,0.0,0.0,46.0,39.59797974644666,1,0.0,File_17
2017-07-07 11:54:00,1,0,1,9889.352734,81.06026831,3.0,0.0,0.0,BENIGN,2048.0,0.0,0.0,26.0,11.313708498984761,1,0.0,File_17
2017-07-07 11:55:00,1,0,1,1479166.667,20833.33333,48.0,0.0,0.0,BENIGN,2048.0,0.0,0.0,77.5,61.518289963229634,1,0.0,File_17
2017-07-07 11:56:00,1,0,1,20828.62589,133.2568555,16438.0,2459645985.347777,0.0,BENIGN,0.0,282.0,0.0,2.0,2.1081851067789197,4,20029.92347082019,File_17
2017-07-07 11:57:00,1,0,1,24742.60367,162.7802873,1.0,0.0,0.0,BENIGN,2048.0,0.0,0.0,46.5,36.062445840513924,1,0.0,File_17
2017-07-07 11:58:00,2,0,1,564442.76412,6839.785649050001,48.5,0.0,0.0,BENIGN,1365.3333333333333,0.0,0.0,65.75,37.85388575386504,2,12145.73747818093,File_17
2017-07-07 11:59:00,2,0,1,900295.740624,11183.8643553,2.5,0.0,0.0,BENIGN,1365.3333333333333,0.0,0.0,63.0,46.021733996015406,2,16861.804378206056,File_17
2017-07-07 12:00:00,1,0,1,20141.86146,140.0685776,14278.72,1969899402.3066392,0.0,BENIGN,0.0,282.0,0.0,2.0,2.138089935299395,3,19490.520301742927,File_17
2017-07-07 12:01:00,3,0,1,526905.542663,4745.806447816666,17.0,0.0,0.0,BENIGN,1228.8,0.0,0.0,62.833333333333336,44.4765856003658,3,19396.674956290834,File_17
2017-07-07 12:02:00,1,0,1,10421.04379,84.04067569,3.0,0.0,0.0,BENIGN,2048.0,0.0,0.0,28.0,11.313708498984761,1,0.0,File_17
2017-07-07 12:10:00,1,0,1,1443396.226,18867.92453,48.0,0.0,0.0,BENIGN,2048.0,0.0,0.0,45.5,27.577164466275352,1,0.0,File_17
2017-07-07 12:13:00,1,0,1,1603686.636,18433.17972,48.0,0.0,0.0,BENIGN,0.0,0.0,0.0,63.0,71.01408311032397,2,24903.0,File_17
2017-07-07 12:14:00,1,0,1,1098591.549,28169.01408,3.0,0.0,0.0,BENIGN,0.0,0.0,0.0,59.333333333333336,36.950417228136054,2,32483.5,File_17
2017-07-07 12:16:00,1,0,1,16313.62104,166.4655208,4.0,0.0,0.0,BENIGN,0.0,0.0,0.0,60.0,39.59797974644666,1,0.0,File_17
2017-07-07 12:28:00,1,0,1,601307.1895,26143.79085,1.0,0.0,0.0,BENIGN,2048.0,0.0,0.0,57.0,35.35533905932738,1,0.0,File_17
2017-07-07 12:33:00,1,0,1,2222222.222,16460.90535,4.0,0.0,0.0,BENIGN,2048.0,0.0,0.0,39.0,15.556349186104045,1,0.0,File_17
2017-07-07 12:40:00,1,0,1,2276923.077,20512.82051,3.0,0.0,0.0,BENIGN,0.0,0.0,0.0,37.0,11.313708498984761,1,0.0,File_17
2017-07-07 12:55:00,1,0,1,1500000.0,21739.13043,1.0,0.0,0.0,BENIGN,2048.0,0.0,0.0,165.0,182.43354954612926,1,0.0,File_17
