Timestamp,packet_count,pkt_ttl_variance,pkt_tcp_window_avg,pkt_ip_frag_fraction,pkt_payload_mean,pkt_payload_std,pkt_retrans_count,pkt_rst_count,pkt_portscan_delta_std,dominant_attack_type,attack_fraction
2017-07-03 01:01:50,2,2048.0,0.0,0.0,41.0,29.698484809834994,1,0,0.0,BENIGN,0.0
2017-07-03 01:03:40,4,0.0,0.0,0.0,35.0,9.237604307034012,2,0,4149.302592002661,BENIGN,0.0
2017-07-03 01:05:30,2,2048.0,0.0,0.0,57.0,38.18376618407357,1,0,0.0,BENIGN,0.0
2017-07-03 01:06:40,4,0.0,0.0,0.0,80.75,74.84817967058385,2,0,488.84648806029986,BENIGN,0.0
2017-07-03 01:07:30,6,0.0,0.0,0.0,63.833333333333336,57.922074088094135,4,0,23917.94311390509,BENIGN,0.0
2017-07-03 01:07:40,4,0.0,0.0,0.0,69.75,49.26374596665043,2,0,25207.611738432413,BENIGN,0.0
2017-07-03 01:09:50,2,2048.0,0.0,0.0,49.0,18.384776310850235,1,0,0.0,BENIGN,0.0
2017-07-03 01:15:30,2,2048.0,0.0,0.0,62.0,56.568542494923804,1,0,0.0,BENIGN,0.0
2017-07-03 01:15:40,4,0.0,0.0,0.0,34.0,11.547005383792516,2,0,1686.2139708695204,BENIGN,0.0
2017-07-03 01:19:50,2,2048.0,0.0,0.0,106.5,125.15790027001891,1,0,0.0,BENIGN,0.0
2017-07-03 01:21:00,2,2048.0,0.0,0.0,70.0,67.88225099390856,1,0,0.0,BENIGN,0.0
2017-07-03 01:21:10,4,0.0,0.0,0.0,93.5,109.69503179269333,2,0,28944.00604615747,BENIGN,0.0
2017-07-03 01:21:20,2,0.0,0.0,0.0,68.0,41.012193308819754,1,0,0.0,BENIGN,0.0
2017-07-03 01:22:50,11,0.0,0.0,0.0,56.90909090909091,51.21221445212957,6,0,17396.18845868255,BENIGN,0.0
2017-07-03 01:23:40,2,0.0,0.0,0.0,120.0,90.50966799187809,1,0,0.0,BENIGN,0.0
2017-07-03 01:24:10,2,0.0,0.0,0.0,27.0,11.313708498984761,1,0,0.0,BENIGN,0.0
2017-07-03 01:24:50,2,2048.0,0.0,0.0,60.5,36.062445840513924,1,0,0.0,BENIGN,0.0
2017-07-03 01:26:30,11,0.0,0.0,0.0,43.72727272727273,35.460092806113494,6,0,25217.290834068594,BENIGN,0.0
2017-07-03 01:26:40,2,0.0,0.0,0.0,44.0,19.79898987322333,1,0,0.0,BENIGN,0.0
2017-07-03 01:26:50,4,0.0,0.0,0.0,37.5,9.39858145324779,2,0,1874.775779185933,BENIGN,0.0
2017-07-03 01:27:00,11,0.0,0.0,0.0,58.72727272727273,38.431994247217794,7,0,16482.564425477,BENIGN,0.0
2017-07-03 01:28:30,2,0.0,0.0,0.0,35.0,11.313708498984761,1,0,0.0,BENIGN,0.0
2017-07-03 01:29:10,2,2048.0,0.0,0.0,75.5,75.66042558696059,1,0,0.0,BENIGN,0.0
2017-07-03 01:30:30,7,975.2380952380954,0.0,0.0,45.857142857142854,35.1588233185193,4,0,23189.20164645605,BENIGN,0.0
2017-07-03 01:30:40,2,0.0,0.0,0.0,42.0,22.627416997969522,1,0,0.0,BENIGN,0.0
2017-07-03 01:31:30,2,0.0,0.0,0.0,93.0,33.94112549695428,1,0,0.0,BENIGN,0.0
2017-07-03 01:31:50,5,0.0,0.0,0.0,49.8,15.254507530562893,3,0,23214.347453406914,BENIGN,0.0
2017-07-03 01:32:20,2,2048.0,0.0,0.0,79.0,70.71067811865476,1,0,0.0,BENIGN,0.0
2017-07-03 01:32:30,6,1228.8,0.0,0.0,53.833333333333336,42.29144909632048,3,0,21873.849290876995,BENIGN,0.0
2017-07-03 01:33:30,6,1228.8,0.0,0.0,46.666666666666664,27.565679143940326,3,0,10147.17640725734,BENIGN,0.0
2017-07-03 01:34:00,2,2048.0,0.0,0.0,47.0,36.76955262170047,1,0,0.0,BENIGN,0.0
2017-07-03 01:34:10,2,0.0,0.0,0.0,53.0,19.79898987322333,1,0,0.0,BENIGN,0.0
2017-07-03 01:34:30,6,0.0,0.0,0.0,53.5,51.66333322579951,4,0,25274.500132742487,BENIGN,0.0
2017-07-03 01:34:40,6,0.0,0.0,0.0,84.5,92.36395400804363,3,0,20864.837220548838,BENIGN,0.0
2017-07-03 01:35:00,2,2048.0,0.0,0.0,93.5,102.5304832720494,1,0,0.0,BENIGN,0.0
2017-07-03 01:35:10,4,1024.0,0.0,0.0,45.5,35.02855977627399,2,0,13309.418578168203,BENIGN,0.0
2017-07-03 01:35:20,2,0.0,0.0,0.0,28.0,11.313708498984761,1,0,0.0,BENIGN,0.0
2017-07-03 01:36:50,2,2048.0,0.0,0.0,51.0,26.870057685088806,1,0,0.0,BENIGN,0.0
2017-07-03 01:37:00,6,1228.8,0.0,0.0,65.0,58.34038052669866,3,0,13778.995281224245,BENIGN,0.0
2017-07-03 01:37:50,4,1365.3333333333333,0.0,0.0,80.25,65.30122510336234,3,0,0.0,BENIGN,0.0
2017-07-03 01:38:00,2,2048.0,0.0,0.0,53.0,46.66904755831214,1,0,0.0,BENIGN,0.0
2017-07-03 01:38:20,7,0.0,0.0,0.0,53.0,49.20365840057018,5,0,27990.154411864183,BENIGN,0.0
2017-07-03 01:38:50,6,0.0,0.0,0.0,74.0,80.47359815492284,3,0,27745.1516730401,BENIGN,0.0
2017-07-03 01:39:30,24,1068.5217391304348,0.0,0.0,69.5,59.278267885273614,12,0,16133.649303630966,BENIGN,0.0
2017-07-03 01:39:40,6,1092.2666666666669,0.0,0.0,69.83333333333333,72.22857237040385,3,0,17152.043229889554,BENIGN,0.0
2017-07-03 01:39:50,2,2048.0,0.0,0.0,68.0,67.88225099390856,1,0,0.0,BENIGN,0.0
2017-07-03 01:40:10,2,2048.0,0.0,0.0,87.0,90.50966799187809,1,0,0.0,BENIGN,0.0
2017-07-03 01:40:40,4,1365.3333333333333,0.0,0.0,45.5,40.476330531970575,2,0,11276.93894636306,BENIGN,0.0
2017-07-03 01:40:50,10,0.0,0.0,0.0,55.5,30.01203462316779,6,0,21768.125114204355,BENIGN,0.0
2017-07-03 01:41:00,4,0.0,0.0,0.0,99.25,109.86468950486321,2,0,27453.00338153672,BENIGN,0.0
2017-07-03 01:41:50,2,0.0,0.0,0.0,54.5,43.1335136523794,1,0,0.0,BENIGN,0.0
2017-07-03 01:42:20,4,0.0,0.0,0.0,43.0,15.01110699893027,3,0,26075.74106755592,BENIGN,0.0
2017-07-03 01:43:00,10,0.0,0.0,0.0,73.0,75.41146390893688,5,0,25537.320196909975,BENIGN,0.0
2017-07-03 01:43:50,4,1365.3333333333333,0.0,0.0,120.25,107.48759618362173,2,0,13989.400558994656,BENIGN,0.0
2017-07-03 01:44:20,8,1170.2857142857142,0.0,0.0,66.5,73.74860773504231,4,0,15259.002203450198,BENIGN,0.0
2017-07-03 01:45:20,4,1365.3333333333333,0.0,0.0,74.0,63.56099432828282,2,0,7237.002203183919,BENIGN,0.0
2017-07-03 01:45:50,8,1170.2857142857142,0.0,0.0,46.25,28.524425623364568,4,0,19997.81550008676,BENIGN,0.0
2017-07-03 01:46:00,6,1228.8,0.0,0.0,55.833333333333336,35.33506285075303,3,0,26084.232007862527,BENIGN,0.0
2017-07-03 01:46:30,14,1102.7692307692307,0.0,0.0,61.785714285714285,54.88194122411736,7,0,17198.751431220215,BENIGN,0.0
2017-07-03 01:46:40,2,2048.0,0.0,0.0,36.5,13.435028842544403,1,0,0.0,BENIGN,0.0
2017-07-03 01:47:20,4,1365.3333333333333,0.0,0.0,70.25,66.40469360921209,2,0,13260.835980016074,BENIGN,0.0
2017-07-03 01:47:40,3,0.0,0.0,0.0,80.66666666666667,98.14954576223639,2,0,25522.5,BENIGN,0.0
2017-07-03 01:48:10,6,1092.2666666666669,0.0,0.0,53.0,32.67414880299103,3,0,17321.88955050805,BENIGN,0.0
2017-07-03 01:48:30,2,2048.0,0.0,0.0,69.5,43.1335136523794,1,0,0.0,BENIGN,0.0
2017-07-03 01:48:40,2,2048.0,0.0,0.0,34.0,19.79898987322333,1,0,0.0,BENIGN,0.0
2017-07-03 01:48:50,10,1092.2666666666669,0.0,0.0,55.3,38.04105968847637,5,0,23090.405872526895,BENIGN,0.0
2017-07-03 01:49:10,6,0.0,0.0,0.0,95.33333333333333,87.8513896683864,3,0,27133.64198628706,BENIGN,0.0
2017-07-03 01:49:20,8,1097.142857142857,0.0,0.0,63.375,50.69780919470641,4,0,25406.960387312156,BENIGN,0.0
2017-07-03 01:49:40,2,0.0,0.0,0.0,32.0,11.313708498984761,1,0,0.0,BENIGN,0.0
2017-07-03 01:49:50,6,682.6666666666667,0.0,0.0,71.5,67.23020154662635,3,0,23001.31121827623,BENIGN,0.0
2017-07-03 01:50:30,2,2048.0,0.0,0.0,31.0,11.313708498984761,1,0,0.0,BENIGN,0.0
2017-07-03 01:51:00,2,2048.0,0.0,0.0,41.0,29.698484809834994,1,0,0.0,BENIGN,0.0
2017-07-03 01:51:20,10,0.0,0.0,0.0,44.9,24.186543549852033,5,0,18513.708405221798,BENIGN,0.0
2017-07-03 01:51:30,6,1092.2666666666669,0.0,0.0,57.5,36.94725970894188,3,0,21717.906698390616,BENIGN,0.0
2017-07-03 01:52:10,2,0.0,0.0,0.0,47.0,36.76955262170047,1,0,0.0,BENIGN,0.0
2017-07-03 01:53:00,6,1228.8,0.0,0.0,69.83333333333333,59.5261847145159,3,0,6339.210285201147,BENIGN,0.0
2017-07-03 01:53:10,58,204.42831215970958,0.0,0.0,57.293103448275865,45.60201927688577,35,0,26323.75518858747,BENIGN,0.0
2017-07-03 01:53:30,8,1170.2857142857142,0.0,0.0,66.25,68.55810882539195,4,0,10990.912790081798,BENIGN,0.0
2017-07-03 01:53:40,7,585.1428571428573,0.0,0.0,68.14285714285714,44.99047518245231,4,0,28398.022630692674,BENIGN,0.0
2017-07-03 01:54:00,2,0.0,0.0,0.0,44.5,31.81980515339464,1,0,0.0,BENIGN,0.0
2017-07-03 01:54:10,8,1170.2857142857142,0.0,0.0,61.5,44.03569980303319,4,0,20127.297836621827,BENIGN,0.0
2017-07-03 01:54:50,6,1228.8,0.0,0.0,73.83333333333333,68.71802286639705,3,0,20172.410638295067,BENIGN,0.0
2017-07-03 01:55:20,10,0.0,0.0,0.0,63.0,68.59057272443981,5,0,27400.734452623892,BENIGN,0.0
2017-07-03 01:55:30,2,2048.0,0.0,0.0,45.0,28.284271247461902,1,0,0.0,BENIGN,0.0
2017-07-03 01:55:40,4,1365.3333333333333,0.0,0.0,49.25,29.14761282392322,2,0,14882.692699911531,BENIGN,0.0
2017-07-03 01:55:50,2,2048.0,0.0,0.0,79.5,89.80256121069154,1,0,0.0,BENIGN,0.0
2017-07-03 01:57:00,6,1228.8,0.0,0.0,64.66666666666667,51.92943930629973,3,0,10917.540920921707,BENIGN,0.0
2017-07-03 01:57:40,2,0.0,0.0,0.0,178.5,219.9102089490163,1,0,0.0,BENIGN,0.0
2017-07-03 01:58:00,2,0.0,0.0,0.0,66.0,46.66904755831214,1,0,0.0,BENIGN,0.0
2017-07-03 01:58:30,5,0.0,0.0,0.0,45.4,26.34008352302627,3,0,24637.082389915817,BENIGN,0.0
2017-07-03 01:58:50,2,0.0,0.0,0.0,29.0,11.313708498984761,1,0,0.0,BENIGN,0.0
2017-07-03 01:59:30,4,0.0,0.0,0.0,45.0,9.521904571390467,2,0,747.1761654537853,BENIGN,0.0
2017-07-03 02:00:40,2,2048.0,0.0,0.0,81.5,81.31727983645297,1,0,0.0,BENIGN,0.0
2017-07-03 02:01:20,7,0.0,0.0,0.0,41.714285714285715,25.76634940973909,4,0,26065.691467265293,BENIGN,0.0
2017-07-03 02:01:30,21,0.0,0.0,0.0,53.42857142857143,32.92350441336923,13,0,26417.220047537176,BENIGN,0.0
2017-07-03 02:01:40,13,0.0,0.0,0.0,60.53846153846154,48.69054559942033,7,0,24053.329826513742,BENIGN,0.0
2017-07-03 02:02:10,2,0.0,0.0,0.0,69.0,72.12489168102785,1,0,0.0,BENIGN,0.0
2017-07-03 02:02:20,2,2048.0,0.0,0.0,60.5,36.062445840513924,1,0,0.0,BENIGN,0.0
2017-07-03 02:02:30,2,0.0,0.0,0.0,80.0,86.2670273047588,1,0,0.0,BENIGN,0.0
2017-07-03 02:03:00,2,0.0,0.0,0.0,58.5,43.1335136523794,1,0,0.0,BENIGN,0.0
2017-07-03 02:03:20,2,0.0,0.0,0.0,50.0,45.254833995939045,1,0,0.0,BENIGN,0.0
2017-07-03 02:03:30,33,0.0,0.0,0.0,59.03030303030303,50.08335854383473,18,0,26581.67947895458,BENIGN,0.0
2017-07-03 02:03:40,8,0.0,0.0,0.0,71.375,63.610281064800034,5,0,26032.44389728529,BENIGN,0.0
2017-07-03 02:04:50,2,2048.0,0.0,0.0,52.5,33.23401871576773,1,0,0.0,BENIGN,0.0
2017-07-03 02:05:10,2,0.0,0.0,0.0,62.5,60.10407640085654,1,0,0.0,BENIGN,0.0
2017-07-03 02:05:20,5,0.0,0.0,0.0,72.6,76.18267519587377,3,0,27049.90665764856,BENIGN,0.0
2017-07-03 02:05:30,7,0.0,0.0,0.0,43.0,37.57658845611187,4,0,29098.148868193588,BENIGN,0.0
2017-07-03 02:05:40,2,0.0,0.0,0.0,25.0,11.313708498984761,1,0,0.0,BENIGN,0.0
2017-07-03 02:06:50,4,1024.0,0.0,0.0,73.0,59.06493601678297,2,0,21317.207217540377,BENIGN,0.0
2017-07-03 02:07:00,2,0.0,0.0,0.0,37.0,11.313708498984761,1,0,0.0,BENIGN,0.0
2017-07-03 02:07:30,24,0.0,0.0,0.0,51.458333333333336,45.69271578011443,15,0,25966.868114044362,BENIGN,0.0
2017-07-03 02:07:40,2,0.0,0.0,0.0,69.0,72.12489168102785,1,0,0.0,BENIGN,0.0
2017-07-03 02:09:20,2,0.0,0.0,0.0,62.5,38.890872965260115,1,0,0.0,BENIGN,0.0
2017-07-03 02:09:30,9,0.0,0.0,0.0,58.333333333333336,40.64172732549638,6,0,28429.432464437275,BENIGN,0.0
2017-07-03 02:10:40,6,0.0,0.0,0.0,54.0,46.493010227344925,4,0,29557.70696789587,BENIGN,0.0
2017-07-03 02:11:30,2,2048.0,0.0,0.0,52.5,33.23401871576773,1,0,0.0,BENIGN,0.0
2017-07-03 02:13:10,10,0.0,0.0,0.0,66.1,52.28649708842406,5,0,29152.51402707433,BENIGN,0.0
2017-07-03 02:13:20,2,0.0,0.0,0.0,99.0,90.50966799187809,1,0,0.0,BENIGN,0.0
2017-07-03 02:13:50,2,0.0,0.0,0.0,30.0,11.313708498984761,1,0,0.0,BENIGN,0.0
2017-07-03 02:14:10,37,0.0,0.0,0.0,48.945945945945944,33.63112475895733,22,0,27442.47664395775,BENIGN,0.0
2017-07-03 02:15:20,6,1092.2666666666667,0.0,0.0,58.833333333333336,54.74821153852121,3,0,28199.887067858977,BENIGN,0.0
2017-07-03 02:15:30,39,9.673414304993253,2594.153846153846,0.0,88.28205128205128,304.37934682666776,24,0,5882.351512194709,BENIGN,0.0
2017-07-03 02:15:40,2,0.0,0.0,0.0,59.5,57.27564927611035,1,0,0.0,BENIGN,0.0
2017-07-03 02:16:30,4,1365.3333333333333,0.0,0.0,64.25,40.75434537158788,2,0,7562.742727050521,BENIGN,0.0
2017-07-03 02:16:50,4,0.0,0.0,0.0,82.5,60.97267147392073,2,0,23613.273630641634,BENIGN,0.0
2017-07-03 02:17:20,23,0.0,2190.782608695652,0.0,230.47826086956522,608.4668415231857,17,0,0.0,BENIGN,0.0
2017-07-03 02:17:30,10,0.0,0.0,0.0,48.0,31.109126920853594,6,0,28264.828486265837,BENIGN,0.0
2017-07-03 02:18:10,2,2048.0,0.0,0.0,60.5,41.71930009000631,1,0,0.0,BENIGN,0.0
2017-07-03 02:20:20,9,0.0,0.0,0.0,45.0,38.61994303465504,6,0,24822.68635964639,BENIGN,0.0
2017-07-03 02:20:30,3,0.0,0.0,0.0,99.0,135.09996299037243,2,0,30948.5,BENIGN,0.0
2017-07-03 02:21:00,4,0.0,0.0,0.0,52.0,46.49731175025068,2,0,22395.61447148873,BENIGN,0.0
2017-07-03 02:21:20,3,0.0,0.0,0.0,109.66666666666667,129.32646029847618,2,0,24952.5,BENIGN,0.0
2017-07-03 02:22:20,3,0.0,0.0,0.0,57.666666666666664,49.652123150307816,2,0,30994.0,BENIGN,0.0
2017-07-03 02:23:00,4,0.0,0.0,0.0,59.25,35.57503806510027,2,0,25290.053631154417,BENIGN,0.0
2017-07-03 02:23:10,3,0.0,0.0,0.0,36.666666666666664,21.939310229205777,2,0,30454.0,BENIGN,0.0
2017-07-03 02:23:50,4,0.0,0.0,0.0,57.75,47.02747423935644,2,0,3721.738691645195,BENIGN,0.0
2017-07-03 02:24:00,6,0.0,0.0,0.0,54.833333333333336,26.2100489634542,3,0,28261.526941055396,BENIGN,0.0
2017-07-03 02:24:10,14,292.5714285714285,0.0,0.0,53.357142857142854,39.13213737868372,8,0,25532.396286486262,BENIGN,0.0
2017-07-03 02:24:40,2,0.0,0.0,0.0,69.0,72.12489168102785,1,0,0.0,BENIGN,0.0
2017-07-03 02:25:10,2,2048.0,0.0,0.0,73.0,74.95331880577403,1,0,0.0,BENIGN,0.0
2017-07-03 02:25:20,2,0.0,0.0,0.0,69.0,67.88225099390856,1,0,0.0,BENIGN,0.0
2017-07-03 02:25:40,2,0.0,0.0,0.0,40.0,19.79898987322333,1,0,0.0,BENIGN,0.0
2017-07-03 02:26:10,2,2048.0,0.0,0.0,69.5,43.1335136523794,1,0,0.0,BENIGN,0.0
2017-07-03 02:27:00,2,2048.0,0.0,0.0,76.5,68.58935777509511,1,0,0.0,BENIGN,0.0
2017-07-03 02:27:30,4,0.0,0.0,0.0,57.0,41.376321731154405,2,0,25593.68714264429,BENIGN,0.0
2017-07-03 02:28:20,5,0.0,0.0,0.0,78.6,77.29036162420253,3,0,26170.17654220162,BENIGN,0.0
2017-07-03 02:28:30,2,0.0,0.0,0.0,36.0,11.313708498984761,1,0,0.0,BENIGN,0.0
2017-07-03 02:29:00,2,0.0,0.0,0.0,92.5,96.87362902255701,1,0,0.0,BENIGN,0.0
2017-07-03 02:29:10,4,0.0,0.0,0.0,69.75,51.31195442259695,2,0,27347.26472611109,BENIGN,0.0
2017-07-03 02:31:00,36,0.0,0.0,0.0,64.80555555555556,48.22733039289441,22,0,28901.0769938437,BENIGN,0.0
2017-07-03 02:31:10,5,0.0,0.0,0.0,69.8,63.24713432243393,3,0,28420.73172329488,BENIGN,0.0
2017-07-03 02:31:50,6,1228.8,0.0,0.0,68.33333333333333,49.55266558588616,3,0,22104.547468790217,BENIGN,0.0
2017-07-03 02:32:30,6,0.0,0.0,0.0,77.33333333333333,90.18573427469929,3,0,3637.634781008121,BENIGN,0.0
2017-07-03 02:33:30,2,0.0,0.0,0.0,86.5,79.90306627407988,1,0,0.0,BENIGN,0.0
2017-07-03 02:34:20,4,1365.3333333333333,0.0,0.0,45.0,19.782146833277054,2,0,20509.266247235664,BENIGN,0.0
2017-07-03 02:34:50,4,0.0,0.0,0.0,57.0,34.64101615137755,3,0,0.0,BENIGN,0.0
2017-07-03 02:35:40,15,0.0,0.0,0.0,64.4,62.568590933699085,8,0,27340.77737994653,BENIGN,0.0
2017-07-03 02:37:40,3,0.0,0.0,0.0,51.0,53.693575034635195,2,0,30293.5,BENIGN,0.0
2017-07-03 02:37:50,9,0.0,0.0,0.0,56.44444444444444,55.23158315472931,5,0,27185.079464662227,BENIGN,0.0
2017-07-03 02:38:40,2,0.0,0.0,0.0,32.0,11.313708498984761,1,0,0.0,BENIGN,0.0
2017-07-03 02:39:20,4,0.0,0.0,0.0,54.25,48.72627627882106,2,0,1937.001175930349,BENIGN,0.0
2017-07-03 02:40:10,12,0.0,0.0,0.0,62.333333333333336,55.24710331087435,6,0,23671.52629930827,BENIGN,0.0
2017-07-03 02:40:50,8,1170.2857142857142,0.0,0.0,85.875,60.85682847001289,4,0,25670.975587862904,BENIGN,0.0
2017-07-03 02:41:00,2,0.0,0.0,0.0,31.0,11.313708498984761,1,0,0.0,BENIGN,0.0
2017-07-03 02:43:50,4,0.0,0.0,0.0,61.75,57.25018195022033,2,0,1657.9296996220585,BENIGN,0.0
2017-07-03 02:44:20,8,562.2857142857143,9958.666666666666,0.0,14.25,28.674279166428676,2,0,20684.657398020143,BENIGN,0.0
2017-07-03 02:45:10,2,2048.0,0.0,0.0,81.5,82.73149339882606,1,0,0.0,BENIGN,0.0
2017-07-03 02:45:20,2,0.0,0.0,0.0,72.0,56.568542494923804,1,0,0.0,BENIGN,0.0
2017-07-03 02:46:10,2,0.0,0.0,0.0,57.0,45.254833995939045,1,0,0.0,BENIGN,0.0
2017-07-03 02:48:10,2,2048.0,0.0,0.0,45.0,28.284271247461902,1,0,0.0,BENIGN,0.0
2017-07-03 02:49:10,2,0.0,0.0,0.0,89.5,94.04520189781083,1,0,0.0,BENIGN,0.0
2017-07-03 02:49:50,6,1228.8,0.0,0.0,52.0,33.250563904992646,3,0,15159.631491563374,BENIGN,0.0
2017-07-03 02:50:50,2,2048.0,0.0,0.0,41.0,22.627416997969522,1,0,0.0,BENIGN,0.0
2017-07-03 02:51:10,28,281.73544973544966,0.0,0.0,56.714285714285715,40.34100674743784,16,0,27775.37196781741,BENIGN,0.0
2017-07-03 02:51:40,2,0.0,0.0,0.0,54.0,11.313708498984761,1,0,0.0,BENIGN,0.0
2017-07-03 02:52:50,2,2048.0,0.0,0.0,54.5,40.30508652763321,1,0,0.0,BENIGN,0.0
2017-07-03 02:53:40,2,2048.0,0.0,0.0,65.0,56.568542494923804,1,0,0.0,BENIGN,0.0
2017-07-03 02:54:40,2,0.0,0.0,0.0,69.0,72.12489168102785,1,0,0.0,BENIGN,0.0
2017-07-03 02:57:20,2,0.0,0.0,0.0,43.0,19.79898987322333,1,0,0.0,BENIGN,0.0
2017-07-03 02:58:00,13,315.07692307692315,0.0,0.0,42.84615384615385,38.18779506999183,8,0,26549.984319282878,BENIGN,0.0
2017-07-03 02:58:10,8,0.0,0.0,0.0,46.875,38.84929673936012,5,0,27049.79485379978,BENIGN,0.0
2017-07-03 02:58:50,2,2048.0,0.0,0.0,51.0,22.627416997969522,1,0,0.0,BENIGN,0.0
2017-07-03 02:59:00,2,2048.0,0.0,0.0,32.0,11.313708498984761,1,0,0.0,BENIGN,0.0
2017-07-03 02:59:20,2,2048.0,0.0,0.0,93.5,88.38834764831844,1,0,0.0,BENIGN,0.0
2017-07-03 03:02:00,2,2048.0,0.0,0.0,57.5,45.96194077712559,1,0,0.0,BENIGN,0.0
2017-07-03 03:02:40,3,0.0,0.0,0.0,70.0,58.88972745734183,2,0,0.0,BENIGN,0.0
2017-07-03 03:03:00,2,0.0,0.0,0.0,75.5,70.0035713374682,1,0,0.0,BENIGN,0.0
2017-07-03 03:03:20,2,2048.0,0.0,0.0,74.0,73.53910524340094,1,0,0.0,BENIGN,0.0
2017-07-03 03:04:30,10,1137.7777777777778,0.0,0.0,58.0,32.50299131533041,5,0,11397.628994284645,BENIGN,0.0
2017-07-03 03:04:40,2,0.0,0.0,0.0,37.0,11.313708498984761,1,0,0.0,BENIGN,0.0
2017-07-03 03:06:40,2,2048.0,0.0,0.0,27.0,11.313708498984761,1,0,0.0,BENIGN,0.0
2017-07-03 03:07:10,4,0.0,0.0,0.0,47.25,31.857756773926607,2,0,2268.3985540464446,BENIGN,0.0
2017-07-03 03:07:20,13,0.0,0.0,0.0,57.92307692307692,46.86765327042654,8,0,27093.084340406665,BENIGN,0.0
2017-07-03 03:08:00,4,0.0,0.0,0.0,70.0,56.979528487577596,2,0,27206.925086577987,BENIGN,0.0
2017-07-03 03:08:10,5,0.0,0.0,0.0,49.8,39.73914946246333,3,0,26225.02576738486,BENIGN,0.0
2017-07-03 03:09:20,8,0.0,0.0,0.0,63.25,55.285622000661256,4,0,20320.495226369312,BENIGN,0.0
2017-07-03 03:09:40,2,2048.0,0.0,0.0,34.0,19.79898987322333,1,0,0.0,BENIGN,0.0
2017-07-03 03:09:50,3,0.0,0.0,0.0,38.333333333333336,36.950417228136054,2,0,29054.0,BENIGN,0.0
2017-07-03 03:10:00,2,0.0,0.0,0.0,58.5,43.1335136523794,1,0,0.0,BENIGN,0.0
2017-07-03 03:10:20,2,0.0,0.0,0.0,54.0,43.840620433565945,1,0,0.0,BENIGN,0.0
2017-07-03 03:12:00,2,0.0,0.0,0.0,40.0,11.313708498984761,1,0,0.0,BENIGN,0.0
2017-07-03 03:12:10,2,0.0,0.0,0.0,65.0,33.94112549695428,1,0,0.0,BENIGN,0.0
2017-07-03 03:12:20,2,0.0,0.0,0.0,43.0,39.59797974644666,1,0,0.0,BENIGN,0.0
2017-07-03 03:13:30,2,2048.0,0.0,0.0,51.5,38.890872965260115,1,0,0.0,BENIGN,0.0
2017-07-03 03:14:10,3,0.0,0.0,0.0,52.0,38.1051177665153,2,0,28891.0,BENIGN,0.0
2017-07-03 03:14:30,2,2048.0,0.0,0.0,73.0,67.88225099390856,1,0,0.0,BENIGN,0.0
2017-07-03 03:14:40,2,2048.0,0.0,0.0,70.0,59.39696961966999,1,0,0.0,BENIGN,0.0
2017-07-03 03:15:00,2,2048.0,0.0,0.0,66.5,44.54772721475249,1,0,0.0,BENIGN,0.0
2017-07-03 03:15:10,2,2048.0,0.0,0.0,32.0,19.79898987322333,1,0,0.0,BENIGN,0.0
2017-07-03 03:15:20,2,2048.0,0.0,0.0,76.5,68.58935777509511,1,0,0.0,BENIGN,0.0
2017-07-03 03:15:30,2,0.0,0.0,0.0,40.0,19.79898987322333,1,0,0.0,BENIGN,0.0
2017-07-03 03:15:40,22,0.0,0.0,0.0,54.27272727272727,39.38235260836631,14,0,27261.516175562872,BENIGN,0.0
2017-07-03 03:18:00,2,0.0,0.0,0.0,121.5,118.08683245815344,1,0,0.0,BENIGN,0.0
2017-07-03 03:18:20,4,0.0,0.0,0.0,36.0,14.375905768565216,2,0,27222.74519996509,BENIGN,0.0
2017-07-03 03:18:50,4,0.0,0.0,0.0,49.75,46.31324504573898,2,0,613.2972815491322,BENIGN,0.0
2017-07-03 03:19:30,4,1365.3333333333333,0.0,0.0,61.25,43.515322971722654,2,0,26863.467249531783,BENIGN,0.0
2017-07-03 03:19:40,2,2048.0,0.0,0.0,39.0,15.556349186104045,1,0,0.0,BENIGN,0.0
2017-07-03 03:20:10,2,0.0,0.0,0.0,28.0,11.313708498984761,1,0,0.0,BENIGN,0.0
2017-07-03 03:20:50,2,0.0,0.0,0.0,36.0,11.313708498984761,1,0,0.0,BENIGN,0.0
2017-07-03 03:21:20,4,1365.3333333333333,0.0,0.0,54.75,44.70924587450192,2,0,10429.353617980785,BENIGN,0.0
2017-07-03 03:21:30,6,1228.8,0.0,0.0,97.33333333333333,112.58892781560125,3,0,23949.550263835852,BENIGN,0.0
2017-07-03 03:21:40,2,2048.0,0.0,0.0,65.0,48.08326112068523,1,0,0.0,BENIGN,0.0
2017-07-03 03:22:30,8,1170.2857142857142,0.0,0.0,62.0,49.75655017898936,4,0,14586.317207351189,BENIGN,0.0
2017-07-03 03:22:50,2,2048.0,0.0,0.0,58.5,50.204581464244875,1,0,0.0,BENIGN,0.0
2017-07-03 03:24:10,3,0.0,0.0,0.0,60.666666666666664,46.188021535170066,2,0,32290.5,BENIGN,0.0
2017-07-03 03:24:20,4,0.0,0.0,0.0,69.0,58.88972745734183,2,0,29268.634113823777,BENIGN,0.0
2017-07-03 03:25:40,2,2048.0,0.0,0.0,95.5,98.2878425849301,1,0,0.0,BENIGN,0.0
2017-07-03 03:25:50,2,2048.0,0.0,0.0,28.0,11.313708498984761,1,0,0.0,BENIGN,0.0
2017-07-03 03:26:20,6,0.0,0.0,0.0,39.333333333333336,14.65150731722394,4,0,26434.481204669028,BENIGN,0.0
2017-07-03 03:27:20,6,682.6666666666666,0.0,0.0,50.333333333333336,32.93427798915086,3,0,20728.017064832806,BENIGN,0.0
2017-07-03 03:28:00,2,2048.0,0.0,0.0,122.5,139.30003589374985,1,0,0.0,BENIGN,0.0
2017-07-03 03:28:10,2,2048.0,0.0,0.0,49.0,41.012193308819754,1,0,0.0,BENIGN,0.0
2017-07-03 03:28:50,4,0.0,0.0,0.0,43.25,23.471614061812335,2,0,2645.5221706792695,BENIGN,0.0
2017-07-03 03:29:00,2,2048.0,0.0,0.0,58.5,45.96194077712559,1,0,0.0,BENIGN,0.0
2017-07-03 03:29:50,8,512.0,0.0,0.0,47.625,38.82170784496736,5,0,26153.339363009356,BENIGN,0.0
2017-07-03 03:31:20,2,0.0,0.0,0.0,49.0,36.76955262170047,1,0,0.0,BENIGN,0.0
2017-07-03 03:33:40,4,0.0,0.0,0.0,29.0,9.237604307034012,3,0,26096.954270991515,BENIGN,0.0
2017-07-03 03:34:50,6,1092.2666666666667,0.0,0.0,58.0,40.209451625208715,3,0,17180.20162163413,BENIGN,0.0
2017-07-03 03:35:00,2,2048.0,0.0,0.0,68.0,43.840620433565945,1,0,0.0,BENIGN,0.0
2017-07-03 03:35:10,2,2048.0,0.0,0.0,63.0,39.59797974644666,1,0,0.0,BENIGN,0.0
2017-07-03 03:37:10,2,0.0,0.0,0.0,31.0,11.313708498984761,1,0,0.0,BENIGN,0.0
2017-07-03 03:37:20,4,1024.0,0.0,0.0,52.5,34.29771615331454,2,0,1478.7959817214664,BENIGN,0.0
2017-07-03 03:37:40,2,2048.0,0.0,0.0,69.0,41.012193308819754,1,0,0.0,BENIGN,0.0
2017-07-03 03:38:40,2,2048.0,0.0,0.0,53.5,37.476659402887016,1,0,0.0,BENIGN,0.0
2017-07-03 03:41:00,11,0.0,0.0,0.0,70.63636363636364,66.53461163525752,6,0,22221.8077338456,BENIGN,0.0
2017-07-03 03:42:30,11,0.0,0.0,0.0,41.18181818181818,31.256417522864588,7,0,28817.090872605444,BENIGN,0.0
2017-07-03 03:42:50,13,315.07692307692315,0.0,0.0,54.76923076923077,43.998397406712144,8,0,22900.369961834433,BENIGN,0.0
2017-07-03 03:43:00,11,0.0,0.0,0.0,43.36363636363637,27.023222336622727,7,0,29721.69539982536,BENIGN,0.0
2017-07-03 03:46:20,2,2048.0,0.0,0.0,112.0,113.13708498984761,1,0,0.0,BENIGN,0.0
2017-07-03 03:47:50,7,0.0,0.0,0.0,37.857142857142854,15.115428888264816,4,0,26652.46395999606,BENIGN,0.0
2017-07-03 03:48:20,6,0.0,0.0,0.0,76.0,58.0723686446489,3,0,1401.4804458143537,BENIGN,0.0
2017-07-03 03:49:00,4,1365.3333333333333,0.0,0.0,46.5,37.810933163129775,2,0,11199.522440215425,BENIGN,0.0
2017-07-03 03:49:20,3,0.0,0.0,0.0,41.0,32.90896534380867,2,0,24958.5,BENIGN,0.0
2017-07-03 03:49:30,4,1365.3333333333333,0.0,0.0,62.5,53.922784300021696,2,0,5675.710430324022,BENIGN,0.0
2017-07-03 03:50:20,2,2048.0,0.0,0.0,42.5,34.64823227814083,1,0,0.0,BENIGN,0.0
2017-07-03 03:51:10,2,2048.0,0.0,0.0,45.0,31.11269837220809,1,0,0.0,BENIGN,0.0
2017-07-03 03:52:20,4,1365.3333333333333,0.0,0.0,59.5,44.762335357604684,2,0,2638.0039171060125,BENIGN,0.0
2017-07-03 03:52:50,4,0.0,0.0,0.0,131.5,127.97265332874832,2,0,453.4911490009725,BENIGN,0.0
2017-07-03 03:53:20,10,0.0,0.0,0.0,50.1,38.95139421267371,6,0,24135.061254900054,BENIGN,0.0
2017-07-03 03:54:30,14,292.5714285714285,0.0,0.0,54.714285714285715,42.54125341075697,8,0,23338.616871599097,BENIGN,0.0
2017-07-03 03:54:40,12,0.0,0.0,0.0,39.333333333333336,17.747385637600175,7,0,25921.800309251812,BENIGN,0.0
2017-07-03 03:55:00,2,0.0,0.0,0.0,69.0,72.12489168102785,1,0,0.0,BENIGN,0.0
2017-07-03 03:55:10,3,0.0,0.0,0.0,44.666666666666664,32.331615074619044,2,0,0.0,BENIGN,0.0
2017-07-03 03:55:40,2,0.0,0.0,0.0,32.0,11.313708498984761,1,0,0.0,BENIGN,0.0
2017-07-03 03:56:30,4,0.0,0.0,0.0,33.5,9.678154093971983,2,0,5147.737367038066,BENIGN,0.0
2017-07-03 03:56:40,2,0.0,0.0,0.0,32.0,11.313708498984761,1,0,0.0,BENIGN,0.0
2017-07-03 03:57:10,3,0.0,0.0,0.0,96.33333333333333,47.34272207354931,2,0,28363.5,BENIGN,0.0
2017-07-03 03:57:20,4,0.0,0.0,0.0,77.75,62.962290301417724,2,0,3067.429216787243,BENIGN,0.0
2017-07-03 03:57:40,4,0.0,0.0,0.0,49.5,9.678154093971983,2,0,25642.286481513303,BENIGN,0.0
2017-07-03 03:58:00,2,2048.0,0.0,0.0,43.0,31.11269837220809,1,0,0.0,BENIGN,0.0
2017-07-03 03:58:10,3,0.0,0.0,0.0,28.333333333333332,16.165807537309522,2,0,0.0,BENIGN,0.0
2017-07-03 03:58:20,2,2048.0,0.0,0.0,47.0,33.94112549695428,1,0,0.0,BENIGN,0.0
2017-07-03 03:58:40,8,0.0,0.0,0.0,56.25,32.10585171406786,4,0,24737.72710262771,BENIGN,0.0
2017-07-03 03:58:50,2,0.0,0.0,0.0,71.0,39.59797974644666,1,0,0.0,BENIGN,0.0
2017-07-03 03:59:10,4,0.0,0.0,0.0,32.0,19.73153144926499,2,0,1613.6176746677015,BENIGN,0.0
2017-07-03 03:59:40,4,1024.0,0.0,0.0,53.75,38.23937760999779,2,0,21433.377869316093,BENIGN,0.0
2017-07-03 04:00:40,4,0.0,0.0,0.0,83.5,72.16878364870321,3,0,27839.265379835168,BENIGN,0.0
2017-07-03 04:01:10,2,0.0,0.0,0.0,70.0,42.42640687119285,1,0,0.0,BENIGN,0.0
2017-07-03 04:01:30,9,455.11111111111114,0.0,0.0,54.22222222222222,45.29287410227402,5,0,26724.763688150735,BENIGN,0.0
2017-07-03 04:01:50,4,1024.0,0.0,0.0,82.5,68.61243813381556,2,0,6409.687269195658,BENIGN,0.0
2017-07-03 04:02:00,5,0.0,0.0,0.0,41.8,19.677398201998148,3,0,22329.35617074527,BENIGN,0.0
2017-07-03 04:02:20,4,0.0,0.0,0.0,37.25,30.103986446980738,2,0,25883.31202832349,BENIGN,0.0
2017-07-03 04:03:10,3,0.0,0.0,0.0,93.66666666666667,118.93415545306289,2,0,26959.0,BENIGN,0.0
2017-07-03 04:04:30,2,2048.0,0.0,0.0,86.5,79.90306627407988,1,0,0.0,BENIGN,0.0
2017-07-03 04:06:00,6,1092.2666666666669,0.0,0.0,46.833333333333336,26.49842762630769,3,0,18458.015683165948,BENIGN,0.0
2017-07-03 04:07:10,20,1077.8947368421052,0.0,0.0,67.8,58.20707137362896,10,0,19433.53147030159,BENIGN,0.0
2017-07-03 04:08:30,3,0.0,0.0,0.0,24.333333333333332,9.237604307034012,2,0,25097.5,BENIGN,0.0
2017-07-03 04:08:40,5,0.0,0.0,0.0,65.8,59.06945064921461,3,0,548.5,BENIGN,0.0
2017-07-03 04:09:30,8,0.0,0.0,0.0,53.375,46.002911398550175,6,0,25225.687743299466,BENIGN,0.0
2017-07-03 04:09:40,11,0.0,0.0,0.0,67.72727272727273,57.65603335140376,7,0,29105.75928248566,BENIGN,0.0
2017-07-03 04:10:10,2,0.0,0.0,0.0,32.0,11.313708498984761,1,0,0.0,BENIGN,0.0
2017-07-03 04:10:20,6,1092.2666666666669,0.0,0.0,60.0,54.75764786767233,3,0,8691.556969841478,BENIGN,0.0
2017-07-03 04:11:40,2,0.0,0.0,0.0,64.0,56.568542494923804,1,0,0.0,BENIGN,0.0
2017-07-03 04:12:10,8,1170.2857142857142,0.0,0.0,75.75,63.42543428535365,4,0,14246.409409434522,BENIGN,0.0
2017-07-03 04:12:20,2,2048.0,0.0,0.0,50.0,38.18376618407357,1,0,0.0,BENIGN,0.0
2017-07-03 04:13:00,2,2048.0,0.0,0.0,89.0,100.40916292848975,1,0,0.0,BENIGN,0.0
2017-07-03 04:13:30,2,0.0,0.0,0.0,106.5,125.15790027001891,1,0,0.0,BENIGN,0.0
2017-07-03 04:15:20,2,0.0,0.0,0.0,38.0,11.313708498984761,1,0,0.0,BENIGN,0.0
2017-07-03 04:15:30,6,0.0,0.0,0.0,37.333333333333336,9.136009340333812,4,0,28004.849427197423,BENIGN,0.0
2017-07-03 04:15:40,5,0.0,0.0,0.0,63.4,50.88516483219839,3,0,30584.18695993078,BENIGN,0.0
2017-07-03 04:17:20,8,877.7142857142857,0.0,0.0,83.625,75.38271400943701,4,0,17594.935909899454,BENIGN,0.0
2017-07-03 04:17:30,7,0.0,0.0,0.0,65.14285714285714,55.34566701326182,4,0,20644.05801246989,BENIGN,0.0
2017-07-03 04:17:40,2,0.0,0.0,0.0,39.0,11.313708498984761,1,0,0.0,BENIGN,0.0
2017-07-03 04:18:00,4,1365.3333333333333,0.0,0.0,64.5,48.6244108790362,2,0,7466.786293684557,BENIGN,0.0
2017-07-03 04:19:20,8,0.0,0.0,0.0,52.5,48.57689044920728,5,0,24070.775812260013,BENIGN,0.0
2017-07-03 04:20:20,9,0.0,0.0,0.0,41.44444444444444,34.46052492022978,6,0,26584.94947804114,BENIGN,0.0
2017-07-03 04:20:50,2,2048.0,0.0,0.0,32.0,11.313708498984761,1,0,0.0,BENIGN,0.0
2017-07-03 04:22:20,5,0.0,0.0,0.0,64.4,48.629209329373225,3,0,25352.961931251742,BENIGN,0.0
2017-07-03 04:22:50,2,2048.0,0.0,0.0,28.0,11.313708498984761,1,0,0.0,BENIGN,0.0
2017-07-03 04:23:00,2,2048.0,0.0,0.0,55.5,36.062445840513924,1,0,0.0,BENIGN,0.0
2017-07-03 04:23:30,2,2048.0,0.0,0.0,60.5,41.71930009000631,1,0,0.0,BENIGN,0.0
2017-07-03 04:23:40,2,2048.0,0.0,0.0,166.5,194.45436482630058,1,0,0.0,BENIGN,0.0
2017-07-03 04:23:50,2,2048.0,0.0,0.0,81.0,91.92388155425118,1,0,0.0,BENIGN,0.0
2017-07-03 04:27:40,2,2048.0,0.0,0.0,51.0,36.76955262170047,1,0,0.0,BENIGN,0.0
2017-07-03 04:28:20,2,2048.0,0.0,0.0,46.5,24.748737341529164,1,0,0.0,BENIGN,0.0
2017-07-03 04:29:00,2,0.0,0.0,0.0,91.0,22.627416997969522,1,0,0.0,BENIGN,0.0
2017-07-03 04:29:10,2,2048.0,0.0,0.0,28.0,11.313708498984761,1,0,0.0,BENIGN,0.0
2017-07-03 04:30:00,2,2048.0,0.0,0.0,56.5,60.10407640085654,1,0,0.0,BENIGN,0.0
2017-07-03 04:30:10,4,1365.3333333333333,0.0,0.0,46.5,31.83813227352802,2,0,3471.9897593294954,BENIGN,0.0
2017-07-03 04:31:10,5,0.0,0.0,0.0,86.4,77.28065734710077,3,0,28347.38255443525,BENIGN,0.0
2017-07-03 04:31:20,57,0.0,0.0,0.0,55.333333333333336,42.78865559490094,33,0,26476.003977128777,BENIGN,0.0
2017-07-03 04:31:30,6,0.0,0.0,0.0,55.666666666666664,64.3107041375436,3,0,25923.85417024251,BENIGN,0.0
2017-07-03 04:32:10,6,0.0,0.0,0.0,32.666666666666664,15.214028613968972,4,0,28029.70660567106,BENIGN,0.0
2017-07-03 04:32:30,2,2048.0,0.0,0.0,50.0,46.66904755831214,1,0,0.0,BENIGN,0.0
2017-07-03 04:32:50,3,0.0,0.0,0.0,42.333333333333336,16.165807537309522,2,0,31053.0,BENIGN,0.0
2017-07-03 04:33:10,2,2048.0,0.0,0.0,46.5,24.748737341529164,1,0,0.0,BENIGN,0.0
2017-07-03 04:33:20,2,2048.0,0.0,0.0,33.0,22.627416997969522,1,0,0.0,BENIGN,0.0
2017-07-03 04:35:40,2,0.0,0.0,0.0,67.5,64.34671708797582,1,0,0.0,BENIGN,0.0
2017-07-03 04:36:50,2,2048.0,0.0,0.0,45.5,26.16295090390226,1,0,0.0,BENIGN,0.0
2017-07-03 04:37:00,2,2048.0,0.0,0.0,51.0,26.870057685088806,1,0,0.0,BENIGN,0.0
2017-07-03 04:37:10,4,1365.3333333333333,0.0,0.0,56.25,31.330230342806825,2,0,4259.562601436392,BENIGN,0.0
2017-07-03 04:38:10,2,2048.0,0.0,0.0,54.0,41.012193308819754,1,0,0.0,BENIGN,0.0
2017-07-03 04:38:20,2,2048.0,0.0,0.0,28.0,11.313708498984761,1,0,0.0,BENIGN,0.0
2017-07-03 04:41:30,2,0.0,0.0,0.0,60.0,42.42640687119285,1,0,0.0,BENIGN,0.0
2017-07-03 04:42:40,5,0.0,0.0,0.0,37.8,15.514509338035799,3,0,22812.13266005614,BENIGN,0.0
2017-07-03 04:43:10,4,1365.3333333333333,0.0,0.0,67.75,50.979571071819215,2,0,5404.300777056074,BENIGN,0.0
2017-07-03 04:43:30,4,1365.3333333333333,0.0,0.0,58.75,31.63726705432482,2,0,5258.787333808264,BENIGN,0.0
2017-07-03 04:44:40,57,0.0,0.0,0.0,53.96491228070175,44.71495631548508,33,0,27101.47701428591,BENIGN,0.0
2017-07-03 04:44:50,7,0.0,0.0,0.0,57.0,34.88552708502482,4,0,26628.561260525425,BENIGN,0.0
2017-07-03 04:45:10,2,2048.0,0.0,0.0,69.0,41.012193308819754,1,0,0.0,BENIGN,0.0
2017-07-03 04:46:20,39,0.0,0.0,0.0,55.84615384615385,41.16369022224016,25,0,28278.920219407657,BENIGN,0.0
2017-07-03 04:46:40,9,0.0,0.0,0.0,60.333333333333336,60.80912760433255,6,0,26218.765259828695,BENIGN,0.0
2017-07-03 04:46:50,11,372.3636363636364,0.0,0.0,57.63636363636363,47.28905312495214,6,0,26188.55360438984,BENIGN,0.0
2017-07-03 04:48:00,2,0.0,0.0,0.0,68.5,70.0035713374682,1,0,0.0,BENIGN,0.0
2017-07-03 04:48:10,2,0.0,0.0,0.0,38.0,11.313708498984761,1,0,0.0,BENIGN,0.0
2017-07-03 04:48:50,25,0.0,0.0,0.0,53.24,46.360255967081685,13,0,28483.120457531753,BENIGN,0.0
2017-07-03 04:49:00,12,0.0,0.0,0.0,74.75,42.5144360509142,7,0,26588.548965035978,BENIGN,0.0
2017-07-03 04:49:10,17,240.94117647058826,0.0,0.0,56.705882352941174,52.2132223506201,11,0,24898.76740164247,BENIGN,0.0
2017-07-03 04:49:20,19,215.578947368421,0.0,0.0,57.0,45.29164750076258,10,0,25062.089322764416,BENIGN,0.0
2017-07-03 04:49:40,13,0.0,0.0,0.0,50.30769230769231,24.509809653091335,7,0,27320.701352942364,BENIGN,0.0
2017-07-03 04:49:50,2,0.0,0.0,0.0,49.0,41.012193308819754,1,0,0.0,BENIGN,0.0
2017-07-03 04:50:20,4,1365.3333333333333,0.0,0.0,55.25,29.284523785326154,2,0,7576.077143805288,BENIGN,0.0
2017-07-03 04:50:50,10,0.0,0.0,0.0,65.0,46.46862740961189,6,0,28779.925895373843,BENIGN,0.0
2017-07-03 04:51:00,22,0.0,0.0,0.0,56.63636363636363,38.37229339553346,13,0,24741.768236880893,BENIGN,0.0
2017-07-03 04:51:20,4,0.0,0.0,0.0,64.0,38.1051177665153,3,0,0.0,BENIGN,0.0
2017-07-03 04:52:00,5,0.0,0.0,0.0,49.4,41.84853641407307,3,0,23414.42974428376,BENIGN,0.0
2017-07-03 04:52:10,7,585.1428571428572,0.0,0.0,56.42857142857143,42.99169354986744,4,0,24990.355806457286,BENIGN,0.0
2017-07-03 04:53:00,9,0.0,0.0,0.0,55.0,35.58791929854849,4,0,19608.783165570854,BENIGN,0.0
2017-07-03 04:53:10,14,0.0,0.0,0.0,58.42857142857143,41.41852852884208,7,0,28286.210769842895,BENIGN,0.0
2017-07-03 04:53:40,7,0.0,0.0,0.0,75.0,56.462376853972415,4,0,28268.613036369505,BENIGN,0.0
2017-07-03 04:53:50,25,0.0,0.0,0.0,73.36,67.11673909440674,15,0,25702.401424634536,BENIGN,0.0
2017-07-03 04:54:10,4,0.0,0.0,0.0,46.5,26.689573494781317,2,0,550.6004802839251,BENIGN,0.0
2017-07-03 04:54:50,2,2048.0,0.0,0.0,69.0,48.08326112068523,1,0,0.0,BENIGN,0.0
2017-07-03 04:55:00,2,2048.0,0.0,0.0,39.0,22.627416997969522,1,0,0.0,BENIGN,0.0
2017-07-03 04:55:10,13,787.6923076923077,0.0,0.0,57.84615384615385,52.65429098349307,8,0,29854.840918182766,BENIGN,0.0
2017-07-03 04:55:20,4,0.0,0.0,0.0,37.0,17.281975195754296,2,0,24415.4104659787,BENIGN,0.0
2017-07-03 04:56:00,2,0.0,0.0,0.0,75.5,70.0035713374682,1,0,0.0,BENIGN,0.0
2017-07-03 04:57:10,6,0.0,0.0,0.0,71.33333333333333,67.51197424654879,3,0,29178.606940016856,BENIGN,0.0
2017-07-03 04:57:20,8,0.0,0.0,0.0,73.0,63.653077582425546,4,0,27960.916413699273,BENIGN,0.0
2017-07-03 04:57:30,2,0.0,0.0,0.0,40.0,11.313708498984761,1,0,0.0,BENIGN,0.0
2017-07-03 05:00:00,4,1365.3333333333333,0.0,0.0,56.25,37.268172301129376,2,0,14971.555304049818,BENIGN,0.0
2017-07-03 05:00:10,2,2048.0,0.0,0.0,61.0,56.568542494923804,1,0,0.0,BENIGN,0.0
2017-07-03 05:00:30,4,1365.3333333333333,0.0,0.0,56.5,28.629821282478634,2,0,8768.12408671319,BENIGN,0.0
2017-07-03 08:56:30,6,0.0,0.0,0.0,53.0,3.286335345030997,5,0,0.0,BENIGN,0.0
2017-07-03 08:56:40,3,0.0,0.0,0.0,38.0,0.0,2,0,0.0,BENIGN,0.0
2017-07-03 08:56:50,6,2688.166666666667,0.0,0.0,59.666666666666664,62.484131318813,4,0,24598.214940113034,BENIGN,0.0
2017-07-03 08:57:00,10,4480.277777777777,0.0,0.0,76.4,46.32302043500858,8,0,30543.507085976737,BENIGN,0.0
2017-07-03 08:57:20,24,5803.114130434783,0.0,0.0,76.08333333333333,55.783678980322826,13,0,29217.73478680087,BENIGN,0.0
2017-07-03 08:57:30,24,3112.427536231884,0.0,0.0,63.708333333333336,59.40537171338797,17,0,23397.034787648678,BENIGN,0.0
2017-07-03 08:57:40,10,4480.277777777777,0.0,0.0,92.7,70.97581747797392,8,0,28307.754453898706,BENIGN,0.0
2017-07-03 08:57:50,26,1874.7938461538463,0.0,0.0,86.84615384615384,80.25045410846836,20,0,16642.962193071282,BENIGN,0.0
2017-07-03 08:58:10,6,58.8,0.0,0.0,36.0,0.0,5,0,0.0,BENIGN,0.0
2017-07-03 08:58:20,17,240.94117647058826,0.0,0.0,42.8235294117647,22.313771796016603,15,0,6848.251746568244,BENIGN,0.0
2017-07-03 08:58:30,50,4312.496326530613,0.0,0.0,47.02,39.99922958441748,44,0,19937.13374927825,BENIGN,0.0
2017-07-03 08:58:40,8,4608.285714285715,0.0,0.0,73.375,42.17967520026677,5,0,29891.70784068139,BENIGN,0.0
2017-07-03 08:58:50,2,8064.5,0.0,0.0,128.0,57.982756057296896,1,0,0.0,BENIGN,0.0
2017-07-03 08:59:10,29,1925.5517241379307,0.0,0.0,64.58620689655173,43.776638617759936,25,0,11515.014195317664,BENIGN,0.0
2017-07-03 08:59:20,21,4224.261904761905,0.0,0.0,73.28571428571429,48.28989838169351,15,0,28119.00383015017,BENIGN,0.0
2017-07-03 08:59:30,30,4171.293103448276,0.0,0.0,66.83333333333333,38.2974594757779,23,0,30382.80802257264,BENIGN,0.0
2017-07-03 09:00:20,4,5376.333333333333,0.0,0.0,78.5,43.912792365475156,2,0,29273.628644225162,BENIGN,0.0
2017-07-03 09:01:00,2,8064.5,0.0,0.0,106.0,57.982756057296896,1,0,0.0,BENIGN,0.0
2017-07-03 09:01:20,4,5376.333333333333,0.0,0.0,73.25,62.84040632162292,3,0,29106.400731721464,BENIGN,0.0
2017-07-03 09:01:30,6,6067.466666666667,0.0,0.0,87.16666666666667,64.50555531631882,3,0,23555.642843276426,BENIGN,0.0
2017-07-03 09:01:40,43,4410.302325581396,0.0,0.0,75.13953488372093,48.28170381819639,30,0,29559.413907626084,BENIGN,0.0
2017-07-03 09:01:50,28,4586.078042328042,0.0,0.0,90.03571428571429,79.12787687958587,16,0,25190.821381537822,BENIGN,0.0
2017-07-03 09:02:00,38,4141.22972972973,0.0,0.0,86.13157894736842,50.02495110017281,27,0,28376.3676173348,BENIGN,0.0
2017-07-03 09:02:10,95,4074.6947368421056,0.0,0.0,83.05263157894737,59.21244988787851,66,0,30048.647061910207,BENIGN,0.0
2017-07-03 09:02:20,9,4480.277777777777,0.0,0.0,114.0,143.19392445212193,6,0,28892.226648951357,BENIGN,0.0
2017-07-03 09:02:30,40,5506.215384615385,0.0,0.0,67.025,45.27097190734806,28,0,29719.353315183613,BENIGN,0.0
2017-07-03 09:02:40,8,7458.571428571428,0.0,0.0,51.375,31.825136067490515,6,0,30885.27772653013,BENIGN,0.0
2017-07-03 09:03:00,50,5393.62,0.0,0.0,62.42,42.672980506476485,38,0,30333.245050389247,BENIGN,0.0
2017-07-03 09:03:10,12,3910.060606060606,0.0,0.0,63.5,44.1639507455407,9,0,30342.613051505443,BENIGN,0.0
2017-07-03 09:03:20,7,3840.2380952380954,0.0,0.0,69.0,47.07440918375928,5,0,28980.079537503,BENIGN,0.0
2017-07-03 09:03:30,26,4193.54,0.0,0.0,68.26923076923077,45.44144160768467,19,0,29913.77975432727,BENIGN,0.0
2017-07-03 09:03:40,10,4480.277777777777,0.0,0.0,95.7,62.51408730127244,7,0,19111.249479473252,BENIGN,0.0
2017-07-03 09:04:00,2,8064.5,0.0,0.0,78.5,64.34671708797582,1,0,0.0,BENIGN,0.0
2017-07-03 09:04:10,16,4301.066666666667,0.0,0.0,78.1875,59.370271741559904,9,0,30360.93672072718,BENIGN,0.0
2017-07-03 09:04:20,26,4626.375384615384,0.0,0.0,77.07692307692308,60.91628555775414,19,0,30336.47467576943,BENIGN,0.0
2017-07-03 09:04:30,45,5606.764646464647,0.0,0.0,74.68888888888888,63.862359885154646,34,0,28703.629443672613,BENIGN,0.0
2017-07-03 09:04:40,4,6410.916666666667,0.0,0.0,75.25,47.710061831861005,2,0,16825.67884712729,BENIGN,0.0
2017-07-03 09:05:00,16,4301.066666666667,0.0,0.0,75.8125,47.258464850225515,12,0,28571.899983491938,BENIGN,0.0
2017-07-03 09:05:30,38,4141.22972972973,0.0,0.0,78.57894736842105,47.88027387023853,29,0,29103.276353252586,BENIGN,0.0
2017-07-03 09:05:50,72,4085.887128325509,0.0,0.0,81.66666666666667,53.167288471204564,47,0,30051.680878511335,BENIGN,0.0
2017-07-03 09:06:00,4,5376.333333333333,0.0,0.0,48.75,17.5,3,0,28502.53154058815,BENIGN,0.0
2017-07-03 09:06:10,38,4141.22972972973,0.0,0.0,69.8157894736842,42.681001066781334,28,0,30428.245450966297,BENIGN,0.0
2017-07-03 09:06:20,189,3993.6660475064728,0.0,0.0,72.32804232804233,51.74506150635122,132,0,29937.864535402845,BENIGN,0.0
2017-07-03 09:06:30,324,4050.1575507395937,0.0,0.0,73.10802469135803,48.87765794553657,226,0,29942.888340480447,BENIGN,0.0
2017-07-03 09:06:40,397,4064.983754420781,0.0,0.0,74.35012594458438,50.70443997886139,291,0,30365.77637701706,BENIGN,0.0
2017-07-03 09:06:50,362,4098.781041000291,0.0,0.0,76.45856353591161,53.31456533257319,252,0,30032.801519373428,BENIGN,0.0
2017-07-03 09:07:00,152,4214.503136981527,0.0,0.0,77.11842105263158,49.086750375137655,109,0,30203.857562578676,BENIGN,0.0
2017-07-03 09:07:10,16,4301.066666666667,0.0,0.0,74.0,60.08771366372108,11,0,28224.027132451058,BENIGN,0.0
2017-07-03 09:07:20,29,4131.566502463053,0.0,0.0,66.82758620689656,37.98972508222006,20,0,29136.670678800932,BENIGN,0.0
2017-07-03 09:07:40,12,4398.818181818182,0.0,0.0,72.25,56.669897412358814,7,0,27291.77576874708,BENIGN,0.0
2017-07-03 09:07:50,12,4276.628787878788,0.0,0.0,60.916666666666664,31.42222240081151,8,0,27705.562031017264,BENIGN,0.0
2017-07-03 09:08:10,19,3678.543859649122,0.0,0.0,58.73684210526316,36.782909837862896,14,0,30336.943045750526,BENIGN,0.0
2017-07-03 09:08:20,10,4480.277777777777,0.0,0.0,75.8,46.9321022565815,8,0,30045.872278695027,BENIGN,0.0
2017-07-03 09:08:30,8,4320.267857142857,0.0,0.0,63.375,32.69310761788004,5,0,30487.78804166464,BENIGN,0.0
2017-07-03 09:08:40,8,4608.285714285715,0.0,0.0,79.0,49.57822102496216,5,0,21611.13361682079,BENIGN,0.0
2017-07-03 09:08:50,4,5376.333333333333,0.0,0.0,119.25,101.39485522780072,3,0,29380.758162821843,BENIGN,0.0
2017-07-03 09:09:10,79,4078.056150600456,0.0,0.0,71.44303797468355,47.6226478214324,58,0,30145.752808317415,BENIGN,0.0
2017-07-03 09:09:20,216,3962.0937123169683,0.0,0.0,71.72222222222223,48.73093346088285,148,0,30067.947243444996,BENIGN,0.0
2017-07-03 09:09:30,12,4398.818181818182,0.0,0.0,80.91666666666667,56.46633483498792,8,0,27220.732617462832,BENIGN,0.0
2017-07-03 09:09:40,8,4320.267857142857,0.0,0.0,52.375,25.013924693486796,4,0,30354.10182684188,BENIGN,0.0
2017-07-03 09:09:50,11,4105.563636363638,0.0,0.0,65.63636363636364,56.56372110685917,8,0,30066.53971044889,BENIGN,0.0
2017-07-03 09:10:00,6,4838.7,0.0,0.0,77.66666666666667,42.60829340241952,5,0,29840.663842481787,BENIGN,0.0
2017-07-03 09:10:10,48,4110.8931737588655,0.0,0.0,66.85416666666667,40.00371769070987,36,0,30190.899390004357,BENIGN,0.0
2017-07-03 09:10:20,12,4398.818181818182,0.0,0.0,70.08333333333333,48.440138002455875,10,0,29769.876580249806,BENIGN,0.0
2017-07-03 09:10:30,22,4189.350649350648,0.0,0.0,64.04545454545455,45.7138900145212,15,0,25754.618992106472,BENIGN,0.0
2017-07-03 09:10:40,8,4608.285714285715,0.0,0.0,62.375,38.49281008930666,6,0,27436.931999606302,BENIGN,0.0
2017-07-03 09:10:50,38,4141.22972972973,0.0,0.0,77.0,54.35667988985943,22,0,30518.398798284008,BENIGN,0.0
2017-07-03 09:11:00,97,4073.8195876288664,0.0,0.0,78.20618556701031,54.11810736411187,71,0,30217.51627927804,BENIGN,0.0
2017-07-03 09:11:10,12,4276.628787878788,0.0,0.0,80.25,60.20891658520054,9,0,28837.959321321297,BENIGN,0.0
2017-07-03 09:11:20,30,4097.136781609195,0.0,0.0,70.73333333333333,43.469318020822485,21,0,28697.82717682003,BENIGN,0.0
2017-07-03 09:11:40,36,4467.761111111112,0.0,0.0,72.38888888888889,49.76532227954825,29,0,26615.065331116355,BENIGN,0.0
2017-07-03 09:11:50,2,8064.5,0.0,0.0,47.0,22.627416997969522,1,0,0.0,BENIGN,0.0
2017-07-03 09:12:00,6,4838.7,0.0,0.0,87.0,61.53698075141484,3,0,24231.38523980831,BENIGN,0.0
2017-07-03 09:12:10,32,4162.322580645161,0.0,0.0,78.09375,54.005590735081874,24,0,28458.144952278075,BENIGN,0.0
2017-07-03 09:12:20,80,4060.322626582278,0.0,0.0,72.225,48.11457186047129,56,0,30106.510866787998,BENIGN,0.0
2017-07-03 09:12:30,105,4026.341941391941,0.0,0.0,70.52380952380952,40.913392399747025,74,0,30023.35405681111,BENIGN,0.0
2017-07-03 09:12:40,14,4342.423076923077,0.0,0.0,72.92857142857143,44.96915915074769,8,0,30244.350644660233,BENIGN,0.0
2017-07-03 09:12:50,10,4480.277777777777,0.0,0.0,57.4,28.675192530594572,7,0,29124.061307821208,BENIGN,0.0
2017-07-03 09:13:10,12,4398.818181818182,0.0,0.0,93.41666666666667,59.82468072829494,8,0,27244.84976669751,BENIGN,0.0
2017-07-03 09:13:30,2,8064.5,0.0,0.0,76.0,50.91168824543142,1,0,0.0,BENIGN,0.0
2017-07-03 09:13:50,12,4398.818181818182,0.0,0.0,78.83333333333333,43.56152041201111,10,0,29247.008269689275,BENIGN,0.0
2017-07-03 09:14:10,74,4087.486301369863,0.0,0.0,76.94594594594595,59.416083771456734,46,0,30048.53241146008,BENIGN,0.0
2017-07-03 09:14:40,18,4269.441176470588,0.0,0.0,79.5,51.42355834577355,14,0,27629.566264017183,BENIGN,0.0
2017-07-03 09:14:50,200,4046.028542713568,0.0,0.0,76.695,53.81946347039523,139,0,30214.551188904505,BENIGN,0.0
2017-07-03 09:15:00,10,4480.277777777777,0.0,0.0,66.1,44.81430823099049,7,0,25654.568912744675,BENIGN,0.0
2017-07-03 09:15:10,114,4062.9253997826413,0.0,0.0,75.9298245614035,54.290715205190224,77,0,29518.195165337198,BENIGN,0.0
2017-07-03 09:15:20,126,4027.641714285715,0.0,0.0,73.22222222222223,50.42077173370338,85,0,29994.95913006824,BENIGN,0.0
2017-07-03 09:15:30,198,4032.4567502435525,0.0,0.0,77.94444444444444,53.533346924496726,139,0,30485.601792133184,BENIGN,0.0
2017-07-03 09:15:40,24,4672.954710144927,0.0,0.0,71.95833333333333,52.18818720800686,16,0,21382.01750946452,BENIGN,0.0
2017-07-03 09:15:50,24,4207.565217391304,0.0,0.0,68.25,42.29837081866208,16,0,29969.423939391618,BENIGN,0.0
2017-07-03 09:16:10,58,4487.764367816091,0.0,0.0,80.41379310344827,64.94992254030431,40,0,28725.07367024555,BENIGN,0.0
2017-07-03 09:16:20,2,8064.5,0.0,0.0,51.0,11.313708498984761,1,0,0.0,BENIGN,0.0
2017-07-03 09:16:40,12,4398.818181818182,0.0,0.0,70.16666666666667,43.7239966012701,10,0,29095.050143899614,BENIGN,0.0
2017-07-03 09:16:50,20,4244.473684210527,0.0,0.0,77.85,63.11082566239705,13,0,29484.66093015494,BENIGN,0.0
2017-07-03 09:17:00,6,4838.7,0.0,0.0,81.33333333333333,31.506613062445584,5,0,30534.849235586542,BENIGN,0.0
2017-07-03 09:17:20,6,4838.7,0.0,0.0,88.0,55.960700495973065,5,0,29736.315579439226,BENIGN,0.0
2017-07-03 09:17:30,92,4076.5604395604396,0.0,0.0,80.1304347826087,50.94690565101361,66,0,30394.72860163911,BENIGN,0.0
2017-07-03 09:17:40,4,5376.333333333333,0.0,0.0,67.0,25.974346318370873,2,0,28305.054825360552,BENIGN,0.0
2017-07-03 09:17:50,64,4032.25,0.0,0.0,71.875,38.47551272387516,48,0,30276.89665786506,BENIGN,0.0
2017-07-03 09:18:00,102,4403.391962725684,0.0,0.0,71.00980392156863,46.48485223263472,68,0,29764.209487596458,BENIGN,0.0
2017-07-03 09:18:10,71,4069.5706237424556,0.0,0.0,70.53521126760563,48.782558647215446,48,0,30246.747616406836,BENIGN,0.0
2017-07-03 09:18:20,17,4150.845588235294,0.0,0.0,63.76470588235294,38.6046134091586,10,0,28998.66549838975,BENIGN,0.0
2017-07-03 09:18:30,29,3774.0270935960593,0.0,0.0,69.72413793103448,46.99004191750489,20,0,30185.03479662512,BENIGN,0.0
2017-07-03 09:18:40,46,4114.063768115943,0.0,0.0,68.8913043478261,45.953226587655685,32,0,30057.572975249834,BENIGN,0.0
2017-07-03 09:18:50,10,4480.277777777777,0.0,0.0,106.1,75.0813632741915,7,0,28766.323122707217,BENIGN,0.0
2017-07-03 09:19:00,4,5376.333333333333,0.0,0.0,74.5,59.78015278222921,2,0,28152.89910865704,BENIGN,0.0
2017-07-03 09:19:10,12,4398.818181818182,0.0,0.0,100.0,68.09485363013192,7,0,27014.987661122082,BENIGN,0.0
2017-07-03 09:19:30,14,4342.423076923077,0.0,0.0,71.5,45.63188831036067,10,0,28112.194155292327,BENIGN,0.0
2017-07-03 09:19:40,77,4084.616883116883,0.0,0.0,71.59740259740259,42.63778276928246,60,0,30306.893834690516,BENIGN,0.0
2017-07-03 09:19:50,6,6067.466666666667,0.0,0.0,57.5,36.32492257390234,3,0,24426.800792572078,BENIGN,0.0
2017-07-03 09:20:00,42,4130.59756097561,0.0,0.0,80.42857142857143,44.71107401274121,32,0,29089.02603274319,BENIGN,0.0
2017-07-03 09:20:10,28,4500.571428571428,0.0,0.0,72.60714285714286,43.02052850693344,19,0,29923.237305791474,BENIGN,0.0
2017-07-03 09:20:20,16,4233.8625,0.0,0.0,61.25,32.15483374756171,11,0,28896.479849897907,BENIGN,0.0
2017-07-03 09:20:30,2,8064.5,0.0,0.0,95.0,93.33809511662427,1,0,0.0,BENIGN,0.0
2017-07-03 09:20:50,2,8064.5,0.0,0.0,69.5,44.54772721475249,1,0,0.0,BENIGN,0.0
2017-07-03 09:21:00,26,4193.54,0.0,0.0,67.8076923076923,41.69893929660008,20,0,29359.917201082157,BENIGN,0.0
2017-07-03 09:21:10,32,4015.9909274193546,0.0,0.0,80.46875,79.6103350297459,22,0,26426.567943681184,BENIGN,0.0
2017-07-03 09:21:20,112,3693.6344111969124,0.0,0.0,65.74107142857143,47.64579248143576,73,0,29792.23679827558,BENIGN,0.0
2017-07-03 09:21:30,76,4777.625789473684,0.0,0.0,66.01315789473684,59.405834375882115,55,0,29139.07985398761,BENIGN,0.0
2017-07-03 09:21:40,18,3956.1176470588225,0.0,0.0,71.77777777777777,68.75066250423512,12,0,28728.861228766626,BENIGN,0.0
2017-07-03 09:21:50,8,4608.285714285715,0.0,0.0,70.5,45.6164130862691,6,0,27496.684638742336,BENIGN,0.0
2017-07-03 09:22:00,2,0.0,0.0,0.0,100.0,110.30865786510141,1,0,0.0,BENIGN,0.0
2017-07-03 09:22:10,4,6410.916666666667,0.0,0.0,44.75,22.0661883130428,2,0,15259.265542249694,BENIGN,0.0
2017-07-03 09:22:20,4,5376.333333333333,0.0,0.0,56.0,29.416548630546945,2,0,29065.47692136956,BENIGN,0.0
2017-07-03 09:22:30,18,4216.732026143792,0.0,0.0,77.94444444444444,67.97531751194452,12,0,29345.664973207255,BENIGN,0.0
2017-07-03 09:22:40,6,4838.7,0.0,0.0,73.66666666666667,41.53392187919011,3,0,232.91852652805443,BENIGN,0.0
2017-07-03 09:22:50,6,4838.7,0.0,0.0,65.33333333333333,30.519938837859204,5,0,30089.042102400002,BENIGN,0.0
2017-07-03 09:23:10,14,5421.258241758241,0.0,0.0,67.0,39.669790870287024,10,0,28132.460932074082,BENIGN,0.0
2017-07-03 09:23:40,18,4269.441176470588,0.0,0.0,72.38888888888889,50.77185288869842,15,0,29811.29642976852,BENIGN,0.0
2017-07-03 09:23:50,2,8064.5,0.0,0.0,54.0,19.79898987322333,1,0,0.0,BENIGN,0.0
2017-07-03 09:24:00,28,4181.592592592592,0.0,0.0,69.96428571428571,49.46265493080848,20,0,30190.906330577895,BENIGN,0.0
2017-07-03 09:24:10,36,4416.457142857143,0.0,0.0,74.58333333333333,45.69737410398983,24,0,28807.9414522015,BENIGN,0.0
2017-07-03 09:24:20,64,3612.2239583333335,0.0,0.0,69.0,47.132370165951954,43,0,29675.581027457716,BENIGN,0.0
2017-07-03 09:24:30,66,3789.7510489510487,0.0,0.0,63.121212121212125,43.52382730325475,47,0,28964.63570838221,BENIGN,0.0
2017-07-03 09:24:40,125,4167.861290322582,0.0,0.0,78.728,54.76656856384253,89,0,29121.90641408881,BENIGN,0.0
2017-07-03 09:24:50,14,4342.423076923077,0.0,0.0,77.5,91.01119964893584,8,0,25473.865199013573,BENIGN,0.0
2017-07-03 09:25:00,16,3225.8,0.0,0.0,64.4375,39.74580690672497,10,0,28374.883032867092,BENIGN,0.0
2017-07-03 09:25:10,12,3910.0606060606065,0.0,0.0,71.58333333333333,53.40319761167411,9,0,30719.422358657503,BENIGN,0.0
2017-07-03 09:25:20,4,5376.333333333333,0.0,0.0,57.75,28.58175408659634,2,0,391.7371567773473,BENIGN,0.0
2017-07-03 09:25:30,8,4608.285714285715,0.0,0.0,62.125,30.82409771591052,5,0,29907.43586877514,BENIGN,0.0
2017-07-03 09:25:50,4,1365.3333333333333,0.0,0.0,75.75,81.56541342178477,2,0,8615.389021976895,BENIGN,0.0
2017-07-03 09:26:00,4,5376.333333333333,0.0,0.0,83.5,65.97726881282674,2,0,28411.59845712467,BENIGN,0.0
2017-07-03 09:26:20,96,4199.368311403509,0.0,0.0,80.53125,54.84407622859939,66,0,29523.984275685318,BENIGN,0.0
2017-07-03 09:26:40,15,3840.2380952380954,0.0,0.0,73.73333333333333,50.67327651120413,11,0,29561.62121358553,BENIGN,0.0
2017-07-03 09:27:00,2,8064.5,0.0,0.0,53.0,11.313708498984761,1,0,0.0,BENIGN,0.0
2017-07-03 09:27:10,10,4480.277777777777,0.0,0.0,80.7,56.38764640119915,8,0,29797.69813050235,BENIGN,0.0
2017-07-03 09:27:20,19,3678.543859649122,0.0,0.0,73.73684210526316,55.98396804767033,12,0,21368.633934396046,BENIGN,0.0
2017-07-03 09:27:30,16,2620.9625,0.0,0.0,53.125,32.69633006929065,10,0,30907.77967107239,BENIGN,0.0
2017-07-03 09:27:40,2,8064.5,0.0,0.0,45.0,11.313708498984761,1,0,0.0,BENIGN,0.0
2017-07-03 09:27:50,4,5376.333333333333,0.0,0.0,97.75,71.5745532061966,3,0,0.0,BENIGN,0.0
2017-07-03 09:28:00,12,7231.787878787878,0.0,0.0,52.583333333333336,26.908796579061896,10,0,27268.28366587535,BENIGN,0.0
2017-07-03 09:28:10,45,6136.890909090909,0.0,0.0,60.91111111111111,46.27183623201947,31,0,30124.537612273914,BENIGN,0.0
2017-07-03 09:28:20,38,5995.607396870556,0.0,0.0,69.89473684210526,49.920363322528026,27,0,30164.34785268278,BENIGN,0.0
2017-07-03 09:28:30,32,5690.802419354839,0.0,0.0,69.03125,49.4632378151824,23,0,30495.91455488787,BENIGN,0.0
2017-07-03 09:28:40,16,4233.8625,0.0,0.0,76.0,46.7133100233042,10,0,26819.186810938172,BENIGN,0.0
2017-07-03 09:28:50,8,4608.285714285715,0.0,0.0,60.5,32.2490309931942,5,0,27775.837610765077,BENIGN,0.0
2017-07-03 09:29:00,18,4269.441176470588,0.0,0.0,80.77777777777777,52.63141038844697,13,0,30133.643140753094,BENIGN,0.0
2017-07-03 09:29:10,26,3970.215384615385,0.0,0.0,62.96153846153846,42.50221713673842,17,0,27733.068520190835,BENIGN,0.0
2017-07-03 09:29:20,39,4285.57085020243,0.0,0.0,75.84615384615384,47.3105854748777,26,0,29687.559997618333,BENIGN,0.0
2017-07-03 09:29:30,8,4320.267857142857,0.0,0.0,86.5,62.7489328309938,6,0,26904.234997790336,BENIGN,0.0
2017-07-03 09:29:40,30,4716.533333333334,0.0,0.0,71.63333333333334,52.45851124745012,20,0,26445.926357765064,BENIGN,0.0
2017-07-03 09:29:50,8,4608.285714285715,0.0,0.0,66.625,48.28764260731133,6,0,21153.26974966378,BENIGN,0.0
2017-07-03 09:30:10,30,4004.4413793103454,0.0,0.0,75.03333333333333,54.38146447238175,21,0,28459.873478109697,BENIGN,0.0
2017-07-03 09:30:20,14,4253.802197802198,0.0,0.0,77.85714285714286,55.15552436639388,8,0,16373.64783630867,BENIGN,0.0
2017-07-03 09:30:40,4,5376.333333333333,0.0,0.0,100.75,47.422744191649926,2,0,28681.72913197529,BENIGN,0.0
2017-07-03 09:30:50,12,1344.0833333333337,0.0,0.0,85.33333333333333,66.31650464159573,6,0,24131.148930256408,BENIGN,0.0
2017-07-03 09:31:00,81,2588.6049382716046,0.0,0.0,66.20987654320987,52.66396207307772,54,0,28342.43733050483,BENIGN,0.0
2017-07-03 09:31:10,2,8064.5,0.0,0.0,80.0,65.05382386916237,1,0,0.0,BENIGN,0.0
2017-07-03 09:31:20,2,0.0,0.0,0.0,45.0,31.11269837220809,1,0,0.0,BENIGN,0.0
2017-07-03 09:31:30,2,8064.5,0.0,0.0,35.0,11.313708498984761,1,0,0.0,BENIGN,0.0
2017-07-03 09:31:50,6,4838.7,0.0,0.0,54.0,27.488179277645873,4,0,29967.549833778536,BENIGN,0.0
2017-07-03 09:32:00,14,4342.423076923077,0.0,0.0,78.28571428571429,58.67174470197411,11,0,25717.039739873802,BENIGN,0.0
2017-07-03 09:32:20,4,5376.333333333333,0.0,0.0,78.75,38.5,3,0,0.0,BENIGN,0.0
2017-07-03 09:32:30,2,0.0,0.0,0.0,33.5,26.16295090390226,1,0,0.0,BENIGN,0.0
2017-07-03 09:32:40,2,8064.5,0.0,0.0,94.0,79.19595949289332,1,0,0.0,BENIGN,0.0
2017-07-03 09:33:00,52,6688.052790346907,43696.846153846156,0.0,91.5576923076923,141.43943669780953,33,0,29693.599410207444,BENIGN,0.0
2017-07-03 09:33:10,9,2473.0,0.0,0.0,62.666666666666664,50.368641037852115,5,0,5154.493300752267,BENIGN,0.0
2017-07-03 09:33:20,11,0.0,0.0,0.0,40.63636363636363,19.122095739080102,6,0,27734.0901967236,BENIGN,0.0
2017-07-03 09:33:30,5,0.0,0.0,0.0,63.8,83.7776819922824,3,0,28750.63065395262,BENIGN,0.0
2017-07-03 09:33:40,4,5376.333333333333,0.0,0.0,76.75,50.5791459002621,3,0,0.0,BENIGN,0.0
2017-07-03 09:33:50,2,8064.5,0.0,0.0,74.5,43.1335136523794,1,0,0.0,BENIGN,0.0
2017-07-03 09:34:00,36,4730.158730158731,0.0,0.0,79.63888888888889,65.39469300345307,26,0,29529.900095976744,BENIGN,0.0
2017-07-03 09:34:10,14,4896.532967032967,0.0,0.0,58.714285714285715,39.81385257850409,9,0,22952.161927795893,BENIGN,0.0
2017-07-03 09:34:50,14,4253.802197802198,0.0,0.0,74.28571428571429,47.587051521684685,8,0,27721.58958594542,BENIGN,0.0
2017-07-03 09:35:00,26,4168.726153846155,0.0,0.0,74.76923076923077,47.75881714808916,18,0,27395.114093604352,BENIGN,0.0
2017-07-03 09:35:30,2,8064.5,0.0,0.0,84.5,68.58935777509511,1,0,0.0,BENIGN,0.0
2017-07-03 09:35:50,4,6410.916666666667,0.0,0.0,79.5,61.495257269700616,2,0,25484.86038154156,BENIGN,0.0
2017-07-03 09:36:40,3,0.0,0.0,0.0,83.33333333333333,47.34272207354931,2,0,25367.0,BENIGN,0.0
2017-07-03 09:37:00,14,5359.340659340659,0.0,0.0,85.92857142857143,59.387209560145685,10,0,25040.39276115964,BENIGN,0.0
2017-07-03 09:37:10,24,872.1576086956521,0.0,0.0,65.41666666666667,74.52628171770456,14,0,26891.01831031312,BENIGN,0.0
2017-07-03 09:37:30,2,8064.5,0.0,0.0,58.0,24.041630560342615,1,0,0.0,BENIGN,0.0
2017-07-03 09:37:50,3,5376.333333333333,0.0,0.0,64.33333333333333,31.533051443419385,2,0,0.0,BENIGN,0.0
2017-07-03 09:38:00,20,4074.694736842105,0.0,0.0,81.95,59.03564935474871,14,0,23361.907353449027,BENIGN,0.0
2017-07-03 09:38:10,8,4608.285714285715,0.0,0.0,63.875,39.68244484115651,6,0,29658.15201765007,BENIGN,0.0
2017-07-03 09:38:20,15,2952.5999999999985,41441.6,0.0,199.53333333333333,582.2842784691862,6,0,25735.776630510114,BENIGN,0.0
2017-07-03 09:38:30,4,1365.3333333333333,0.0,0.0,83.25,67.96261227076742,2,0,5717.194028153633,BENIGN,0.0
2017-07-03 09:38:40,4,5376.333333333333,0.0,0.0,89.5,91.05492847726585,2,0,28314.46930850413,BENIGN,0.0
2017-07-03 09:38:50,6,4301.066666666667,0.0,0.0,84.66666666666667,51.08685414729181,3,0,21744.398184360034,BENIGN,0.0
2017-07-03 09:39:00,16,4963.995833333333,0.0,0.0,61.9375,35.02279019914509,9,0,17815.89823799706,BENIGN,0.0
2017-07-03 09:39:10,52,3083.485294117647,0.0,0.0,69.11538461538461,48.52234328521641,32,0,28669.884394167562,BENIGN,0.0
2017-07-03 09:39:20,6,4838.7,0.0,0.0,98.66666666666667,66.68333125052067,5,0,29817.14874095107,BENIGN,0.0
2017-07-03 09:39:40,2,8064.5,0.0,0.0,78.5,61.518289963229634,1,0,0.0,BENIGN,0.0
2017-07-03 09:39:50,6,4301.0666666666675,0.0,0.0,55.666666666666664,22.455882673960218,4,0,21764.056768902254,BENIGN,0.0
2017-07-03 09:40:00,11,3307.2181818181816,0.0,0.0,69.0909090909091,59.53394753492254,7,0,28373.973116925306,BENIGN,0.0
2017-07-03 09:40:10,2,2048.0,0.0,0.0,58.5,54.44722215136416,1,0,0.0,BENIGN,0.0
2017-07-03 09:40:20,2,0.0,0.0,0.0,52.0,36.76955262170047,1,0,0.0,BENIGN,0.0
2017-07-03 09:40:30,6,4838.7,0.0,0.0,68.66666666666667,38.25005446619216,5,0,24072.0,BENIGN,0.0
2017-07-03 09:40:40,10,4301.0666666666675,0.0,0.0,85.8,67.7164020833292,7,0,24460.567090626944,BENIGN,0.0
2017-07-03 09:40:50,3,0.0,0.0,0.0,38.333333333333336,23.09401076758503,2,0,25220.0,BENIGN,0.0
2017-07-03 09:41:10,5,0.0,0.0,0.0,80.2,92.77230190094456,3,0,25729.67903389974,BENIGN,0.0
2017-07-03 09:41:20,63,2832.6917562724025,0.0,0.0,60.523809523809526,40.40834197764725,41,0,28257.605517874264,BENIGN,0.0
2017-07-03 09:41:50,2,0.0,0.0,0.0,49.0,24.041630560342615,1,0,0.0,BENIGN,0.0
2017-07-03 09:42:00,2,8064.5,0.0,0.0,68.0,42.42640687119285,1,0,0.0,BENIGN,0.0
2017-07-03 09:42:10,4,5376.333333333333,0.0,0.0,77.5,74.20916385460761,3,0,28679.308235884786,BENIGN,0.0
2017-07-03 09:42:30,7,3840.2380952380954,0.0,0.0,61.42857142857143,34.447337308114946,5,0,30784.669137232722,BENIGN,0.0
2017-07-03 09:42:40,4,6410.916666666667,0.0,0.0,70.25,53.02436546846491,2,0,9759.95919845752,BENIGN,0.0
2017-07-03 09:43:00,12,4398.818181818182,0.0,0.0,89.33333333333333,61.77868613531743,8,0,23530.79331569838,BENIGN,0.0
2017-07-03 09:43:10,24,2440.4275362318845,0.0,0.0,72.33333333333333,63.592224481399874,13,0,25450.496340713238,BENIGN,0.0
2017-07-03 09:43:20,10,2867.3777777777777,0.0,0.0,72.5,57.2426608590326,5,0,3878.358931300712,BENIGN,0.0
2017-07-03 09:43:30,22,3351.4805194805194,0.0,0.0,72.36363636363636,63.41964954217224,14,0,28741.153667530285,BENIGN,0.0
2017-07-03 09:43:40,2,0.0,0.0,0.0,50.0,33.94112549695428,1,0,0.0,BENIGN,0.0
2017-07-03 09:43:50,15,1425.7428571428572,0.0,0.0,66.86666666666666,59.33544672533644,9,0,28075.75269022095,BENIGN,0.0
2017-07-03 09:44:00,13,2274.6025641025644,0.0,0.0,70.23076923076923,58.75677811417994,8,0,26536.563843853048,BENIGN,0.0
2017-07-03 09:44:10,3,0.0,0.0,0.0,46.666666666666664,23.671361036774655,2,0,0.0,BENIGN,0.0
2017-07-03 09:44:30,2,0.0,0.0,0.0,40.0,19.79898987322333,1,0,0.0,BENIGN,0.0
2017-07-03 09:45:00,2,8064.5,0.0,0.0,75.5,43.1335136523794,1,0,0.0,BENIGN,0.0
2017-07-03 09:45:30,26,4626.375384615385,0.0,0.0,74.15384615384616,51.49655701709955,21,0,29198.575278228902,BENIGN,0.0
2017-07-03 09:45:40,65,3388.6408653846156,0.0,0.0,69.92307692307692,48.275675711320865,38,0,29276.349613154143,BENIGN,0.0
2017-07-03 09:45:50,14,3987.939560439562,0.0,0.0,69.35714285714286,40.68189380444922,8,0,29122.245220965688,BENIGN,0.0
2017-07-03 09:46:00,14,4342.423076923077,0.0,0.0,83.21428571428571,52.47736298989904,10,0,29441.145090445894,BENIGN,0.0
2017-07-03 09:46:10,16,2831.1833333333334,0.0,0.0,56.25,40.825645534802426,8,0,22195.337469738,BENIGN,0.0
2017-07-03 09:46:40,5,3225.7999999999997,0.0,0.0,60.2,41.24560582656048,3,0,26698.57700679008,BENIGN,0.0
2017-07-03 09:46:50,16,3505.2291666666665,0.0,0.0,72.5625,52.48487877474806,9,0,19441.39984831911,BENIGN,0.0
2017-07-03 09:47:10,2,0.0,0.0,0.0,104.0,55.154328932550705,1,0,0.0,BENIGN,0.0
2017-07-03 09:47:20,16,3696.2291666666665,0.0,0.0,87.6875,58.28518250807833,11,0,26786.131635273916,BENIGN,0.0
2017-07-03 09:47:30,9,4042.8611111111113,0.0,0.0,60.0,38.70077518603471,6,0,27353.18248822932,BENIGN,0.0
2017-07-03 09:47:40,2,8064.5,0.0,0.0,79.5,43.1335136523794,1,0,0.0,BENIGN,0.0
2017-07-03 09:47:50,2,0.0,0.0,0.0,48.0,11.313708498984761,1,0,0.0,BENIGN,0.0
2017-07-03 09:48:00,2,0.0,0.0,0.0,55.0,49.49747468305833,1,0,0.0,BENIGN,0.0
2017-07-03 09:48:10,2,8064.5,0.0,0.0,43.0,11.313708498984761,1,0,0.0,BENIGN,0.0
2017-07-03 09:48:20,2,8064.5,0.0,0.0,110.0,90.50966799187809,1,0,0.0,BENIGN,0.0
2017-07-03 09:48:50,4,4032.25,0.0,0.0,65.75,34.3644680835695,2,0,601.9835730501475,BENIGN,0.0
2017-07-03 09:49:10,33,3228.4962121212125,0.0,0.0,70.96969696969697,65.79964135943526,18,0,27083.138467431978,BENIGN,0.0
2017-07-03 09:49:20,21,3763.433333333333,0.0,0.0,75.76190476190476,49.39221068337068,15,0,28237.5523516115,BENIGN,0.0
2017-07-03 09:49:30,27,0.0,0.0,0.0,54.111111111111114,38.97665310387087,16,0,26418.562669357936,BENIGN,0.0
2017-07-03 09:49:40,96,1908.2446271929823,0.0,0.0,64.21875,56.02578412518744,62,0,28133.140108343367,BENIGN,0.0
2017-07-03 09:49:50,10,0.0,0.0,0.0,65.8,61.84712334997213,6,0,26269.0444035664,BENIGN,0.0
2017-07-03 09:50:00,1,0.0,0.0,0.0,55.0,0.0,0,0,0.0,BENIGN,0.0
2017-07-03 09:50:10,2,0.0,0.0,0.0,72.5,65.76093065034893,1,0,0.0,BENIGN,0.0
2017-07-03 09:50:20,12,2443.787878787879,0.0,0.0,63.75,49.442574587274294,6,0,24883.60934065197,BENIGN,0.0
2017-07-03 09:50:50,1,0.0,0.0,0.0,11.0,0.0,0,0,0.0,BENIGN,0.0
2017-07-03 09:51:10,2,8064.5,0.0,0.0,189.5,219.9102089490163,1,0,0.0,BENIGN,0.0
2017-07-03 09:51:20,2,0.0,0.0,0.0,123.0,118.79393923933998,1,0,0.0,BENIGN,0.0
2017-07-03 09:51:30,4,1024.0,0.0,0.0,84.0,53.372901988431046,2,0,20634.859308138417,BENIGN,0.0
2017-07-03 09:51:40,8,2818.410714285714,0.0,0.0,98.875,86.53230197859227,4,0,24445.421205583007,BENIGN,0.0
2017-07-03 09:52:00,4,6410.916666666667,0.0,0.0,60.5,45.98912915026767,2,0,27354.66153246199,BENIGN,0.0
2017-07-03 09:52:10,12,837.8181818181819,0.0,0.0,76.5,62.03298242943756,6,0,20429.34819128259,BENIGN,0.0
2017-07-03 09:53:00,16,5322.916666666667,0.0,0.0,71.6875,46.32021696840376,11,0,28635.172548148235,BENIGN,0.0
2017-07-03 09:53:20,2,0.0,0.0,0.0,55.0,49.49747468305833,1,0,0.0,BENIGN,0.0
2017-07-03 09:53:30,2,0.0,0.0,0.0,39.0,22.627416997969522,1,0,0.0,BENIGN,0.0
2017-07-03 09:53:40,8,3456.214285714286,0.0,0.0,69.125,55.32614339403337,5,0,25651.28330321976,BENIGN,0.0
2017-07-03 09:54:00,2,0.0,0.0,0.0,96.0,90.50966799187809,1,0,0.0,BENIGN,0.0
2017-07-03 09:54:10,4,0.0,0.0,0.0,51.0,31.843366656181317,2,0,29295.97393272097,BENIGN,0.0
2017-07-03 09:54:20,4,0.0,0.0,0.0,73.5,60.71518206621251,2,0,26594.696664310097,BENIGN,0.0
2017-07-03 09:54:30,6,4838.7,0.0,0.0,63.166666666666664,32.79278375903252,5,0,24846.8,BENIGN,0.0
2017-07-03 09:54:40,16,256.0,0.0,0.0,53.8125,44.79318214490534,9,0,25608.68133756381,BENIGN,0.0
2017-07-03 09:54:50,2,8064.5,0.0,0.0,49.0,11.313708498984761,1,0,0.0,BENIGN,0.0
2017-07-03 09:55:10,10,1137.7777777777778,0.0,0.0,63.2,49.42963573494032,5,0,20903.920456326952,BENIGN,0.0
2017-07-03 09:55:20,4,1024.0,0.0,0.0,64.0,50.51732376126036,2,0,6347.461872451242,BENIGN,0.0
2017-07-03 09:55:40,16,1881.7166666666667,0.0,0.0,53.0625,31.359142739133247,10,0,26171.451635873946,BENIGN,0.0
2017-07-03 09:55:50,6,0.0,0.0,0.0,110.83333333333333,105.92717624229708,3,0,23137.264398368272,BENIGN,0.0
2017-07-03 09:57:00,2,8064.5,0.0,0.0,73.0,11.313708498984761,1,0,0.0,BENIGN,0.0
2017-07-03 09:57:10,3,5376.333333333333,0.0,0.0,77.33333333333333,32.715949219506584,2,0,29998.5,BENIGN,0.0
2017-07-03 09:57:30,2,0.0,0.0,0.0,118.0,90.50966799187809,1,0,0.0,BENIGN,0.0
2017-07-03 09:57:50,5,3225.7999999999997,0.0,0.0,59.2,43.973855869141154,3,0,28657.193498099216,BENIGN,0.0
2017-07-03 09:58:00,4,4032.25,0.0,0.0,47.5,23.101226518664905,2,0,3438.424574649785,BENIGN,0.0
2017-07-03 09:58:10,4,5376.333333333333,0.0,0.0,69.5,46.14108798023731,3,0,28789.616893749888,BENIGN,0.0
2017-07-03 09:58:40,4,5376.333333333333,0.0,0.0,84.75,85.34000624951153,3,0,0.0,BENIGN,0.0
2017-07-03 09:58:50,7,0.0,0.0,0.0,52.42857142857143,44.88079449258574,4,0,25675.67503169748,BENIGN,0.0
2017-07-03 09:59:00,2,0.0,0.0,0.0,69.0,72.12489168102785,1,0,0.0,BENIGN,0.0
2017-07-03 09:59:20,8,0.0,0.0,0.0,50.25,54.46820828965934,5,0,28952.869848942366,BENIGN,0.0
2017-07-03 09:59:30,8,4320.267857142857,0.0,0.0,53.625,20.514367787340795,5,0,19901.97889965842,BENIGN,0.0
2017-07-03 09:59:40,26,302.4738461538462,0.0,0.0,62.53846153846154,56.524140520121676,16,0,27161.675356752203,BENIGN,0.0
2017-07-03 09:59:50,2,0.0,0.0,0.0,50.0,22.627416997969522,1,0,0.0,BENIGN,0.0
2017-07-03 10:00:10,2,0.0,0.0,0.0,71.0,43.840620433565945,1,0,0.0,BENIGN,0.0
2017-07-03 10:00:20,5,0.0,0.0,0.0,47.2,30.93056740507681,3,0,26012.923763967785,BENIGN,0.0
2017-07-03 10:00:30,2,2048.0,0.0,0.0,48.0,35.35533905932738,1,0,0.0,BENIGN,0.0
2017-07-03 10:00:40,2,2048.0,0.0,0.0,69.5,43.1335136523794,1,0,0.0,BENIGN,0.0
2017-07-03 10:01:00,18,749.59477124183,0.0,0.0,70.11111111111111,55.40109245991124,10,0,20132.58457581694,BENIGN,0.0
2017-07-03 10:01:10,6,4838.7,0.0,0.0,104.83333333333333,79.2247856839428,5,0,29422.78089236298,BENIGN,0.0
2017-07-03 10:01:20,4,0.0,0.0,0.0,33.5,11.210114480533491,2,0,26122.46742216788,BENIGN,0.0
2017-07-03 10:01:40,13,0.0,0.0,0.0,45.76923076923077,36.476370995832916,8,0,26886.645794065786,BENIGN,0.0
2017-07-03 10:01:50,11,0.0,0.0,0.0,50.27272727272727,37.32315878671287,8,0,29691.513901450024,BENIGN,0.0
2017-07-03 10:02:20,7,2304.1428571428573,0.0,0.0,55.57142857142857,39.78214483432294,4,0,28537.077966899287,BENIGN,0.0
2017-07-03 10:02:30,2,0.0,0.0,0.0,42.0,26.870057685088806,1,0,0.0,BENIGN,0.0
2017-07-03 10:02:40,8,0.0,0.0,0.0,59.5,43.40177744878988,5,0,28371.695935296113,BENIGN,0.0
2017-07-03 10:02:50,2,0.0,0.0,0.0,36.0,11.313708498984761,1,0,0.0,BENIGN,0.0
2017-07-03 10:03:20,4,0.0,0.0,0.0,60.25,43.200115740585694,2,0,1873.8329701443508,BENIGN,0.0
2017-07-03 10:03:40,2,0.0,0.0,0.0,45.0,19.79898987322333,1,0,0.0,BENIGN,0.0
2017-07-03 10:04:00,3,0.0,0.0,0.0,40.666666666666664,34.06366588218792,2,0,29927.5,BENIGN,0.0
2017-07-03 10:04:10,2,2048.0,0.0,0.0,58.0,45.254833995939045,1,0,0.0,BENIGN,0.0
2017-07-03 10:04:20,2,2048.0,0.0,0.0,66.0,69.29646455628166,1,0,0.0,BENIGN,0.0
2017-07-03 10:04:40,2,2048.0,0.0,0.0,36.5,17.67766952966369,1,0,0.0,BENIGN,0.0
2017-07-03 10:04:50,4,4032.25,0.0,0.0,64.0,36.941395028702786,2,0,1572.6054813588817,BENIGN,0.0
2017-07-03 10:05:00,9,3136.1944444444443,0.0,0.0,48.44444444444444,33.29456078367423,5,0,30095.955387518436,BENIGN,0.0
2017-07-03 10:05:30,4,1024.0,0.0,0.0,92.75,63.808959663462105,2,0,2809.5709439145485,BENIGN,0.0
2017-07-03 10:06:00,2,2048.0,0.0,0.0,81.5,82.73149339882606,1,0,0.0,BENIGN,0.0
2017-07-03 10:06:10,8,3984.125,0.0,0.0,48.125,31.370766646672823,4,0,22843.13260264539,BENIGN,0.0
2017-07-03 10:06:20,20,4648.58947368421,0.0,0.0,75.6,65.67655994581165,13,0,23932.274009213532,BENIGN,0.0
2017-07-03 10:06:30,6,1228.8,0.0,0.0,75.16666666666667,76.69006889204537,3,0,10354.906921841452,BENIGN,0.0
2017-07-03 10:07:50,6,1092.2666666666667,0.0,0.0,58.0,37.61914406256474,3,0,19077.525852164374,BENIGN,0.0
2017-07-03 10:08:00,10,409.59999999999997,0.0,0.0,57.8,36.73266787056025,6,0,29234.381438620614,BENIGN,0.0
2017-07-03 10:08:10,84,0.0,0.0,0.0,62.285714285714285,51.841410490575235,52,0,27390.53637882007,BENIGN,0.0
2017-07-03 10:08:20,4,0.0,0.0,0.0,47.0,26.54555832275273,2,0,1342.0886706920671,BENIGN,0.0
2017-07-03 10:08:30,8,877.7142857142857,0.0,0.0,43.875,15.23564898519259,4,0,19365.367408266306,BENIGN,0.0
2017-07-03 10:09:00,2,0.0,0.0,0.0,72.0,60.81118318204309,1,0,0.0,BENIGN,0.0
2017-07-03 10:09:30,6,3912.7,0.0,0.0,64.66666666666667,54.434057966191226,3,0,24486.08206798303,BENIGN,0.0
2017-07-03 10:09:40,3,0.0,0.0,0.0,74.33333333333333,92.37604307034013,2,0,31766.0,BENIGN,0.0
2017-07-03 10:10:00,6,4301.0666666666675,0.0,0.0,63.5,42.35445667223226,4,0,24054.977750145605,BENIGN,0.0
2017-07-03 10:10:20,2,2048.0,0.0,0.0,39.0,22.627416997969522,1,0,0.0,BENIGN,0.0
2017-07-03 10:10:30,3,0.0,0.0,0.0,35.666666666666664,21.939310229205777,2,0,29628.0,BENIGN,0.0
2017-07-03 10:10:40,2,2048.0,0.0,0.0,69.0,41.012193308819754,1,0,0.0,BENIGN,0.0
2017-07-03 10:11:40,2,0.0,0.0,0.0,120.0,90.50966799187809,1,0,0.0,BENIGN,0.0
2017-07-03 10:11:50,5,0.0,0.0,0.0,69.6,76.25155736114509,3,0,27831.815081844736,BENIGN,0.0
2017-07-03 10:12:10,4,5376.333333333333,0.0,0.0,83.0,59.18896293510584,3,0,0.0,BENIGN,0.0
2017-07-03 10:12:40,2,2048.0,0.0,0.0,57.0,48.08326112068523,1,0,0.0,BENIGN,0.0
2017-07-03 10:13:20,6,0.0,0.0,0.0,46.333333333333336,33.862466931200785,3,0,3746.1825155750216,BENIGN,0.0
2017-07-03 10:13:30,5,0.0,0.0,0.0,50.4,30.179463215902302,3,0,23564.354107422507,BENIGN,0.0
2017-07-03 10:13:50,6,4301.0666666666675,0.0,0.0,80.0,61.990321825265596,4,0,24703.867238956736,BENIGN,0.0
2017-07-03 10:14:30,4,0.0,0.0,0.0,59.75,36.12363030852058,2,0,2843.983473932294,BENIGN,0.0
2017-07-03 10:14:40,6,4838.7,0.0,0.0,81.0,46.3033476111609,5,0,29950.400982958476,BENIGN,0.0
2017-07-03 10:16:00,4,1365.3333333333333,0.0,0.0,85.0,81.15417426109393,2,0,5940.639771008581,BENIGN,0.0
2017-07-03 10:16:10,2,0.0,0.0,0.0,58.0,38.18376618407357,1,0,0.0,BENIGN,0.0
2017-07-03 10:17:00,2,2048.0,0.0,0.0,47.0,33.94112549695428,1,0,0.0,BENIGN,0.0
2017-07-03 10:17:50,2,2048.0,0.0,0.0,52.5,36.062445840513924,1,0,0.0,BENIGN,0.0
2017-07-03 10:18:00,4,1365.3333333333333,0.0,0.0,51.5,37.063009411901064,2,0,13114.076059291743,BENIGN,0.0
2017-07-03 10:18:40,2,2048.0,0.0,0.0,50.0,39.59797974644666,1,0,0.0,BENIGN,0.0
2017-07-03 10:19:00,2,2048.0,0.0,0.0,51.0,43.840620433565945,1,0,0.0,BENIGN,0.0
2017-07-03 10:19:10,4,1365.3333333333333,0.0,0.0,69.5,56.92392584259569,2,0,12408.309796261536,BENIGN,0.0
2017-07-03 10:19:40,8,0.0,0.0,0.0,40.625,21.10475572674828,4,0,22553.974844033724,BENIGN,0.0
2017-07-03 10:19:50,4,0.0,0.0,0.0,34.0,9.521904571390467,2,0,26148.59110714933,BENIGN,0.0
2017-07-03 10:21:30,6,1228.8,0.0,0.0,78.83333333333333,59.780989174374376,3,0,8904.640093793798,BENIGN,0.0
2017-07-03 10:21:50,2,0.0,0.0,0.0,30.0,11.313708498984761,1,0,0.0,BENIGN,0.0
2017-07-03 10:22:40,6,4864.166666666667,0.0,0.0,67.83333333333333,41.77758569695796,3,0,26831.516584792593,BENIGN,0.0
2017-07-03 10:23:30,4,4032.25,0.0,0.0,58.5,29.320072760255332,2,0,5248.617934487347,BENIGN,0.0
2017-07-03 10:23:40,17,0.0,0.0,0.0,49.529411764705884,31.285215452068616,9,0,28280.738217468792,BENIGN,0.0
2017-07-03 10:24:00,2,0.0,0.0,0.0,69.0,72.12489168102785,1,0,0.0,BENIGN,0.0
2017-07-03 10:24:40,7,2304.1428571428573,0.0,0.0,52.714285714285715,40.227330202712864,4,0,25222.0456941938,BENIGN,0.0
2017-07-03 10:24:50,2,2048.0,0.0,0.0,49.0,33.94112549695428,1,0,0.0,BENIGN,0.0
2017-07-03 10:25:00,4,6410.916666666667,0.0,0.0,94.0,83.01405503487547,2,0,15256.203554255851,BENIGN,0.0
2017-07-03 10:25:10,2,2048.0,0.0,0.0,61.0,56.568542494923804,1,0,0.0,BENIGN,0.0
2017-07-03 10:25:20,18,0.0,0.0,0.0,48.611111111111114,30.699949969089122,10,0,28306.84990498329,BENIGN,0.0
2017-07-03 10:25:30,16,0.0,0.0,0.0,59.0625,53.68856954697154,10,0,27754.333092249854,BENIGN,0.0
2017-07-03 10:25:50,4,0.0,0.0,0.0,70.0,41.505019776729014,2,0,2313.1819835215924,BENIGN,0.0
2017-07-03 10:26:00,2,2048.0,0.0,0.0,66.5,65.76093065034893,1,0,0.0,BENIGN,0.0
2017-07-03 10:27:30,6,1228.8,0.0,0.0,53.5,27.00185178834963,3,0,19215.99570774307,BENIGN,0.0
2017-07-03 10:27:50,2,2048.0,0.0,0.0,59.5,37.476659402887016,1,0,0.0,BENIGN,0.0
2017-07-03 10:28:00,10,728.1777777777779,0.0,0.0,75.7,70.79398907314722,5,0,27030.110449069365,BENIGN,0.0
2017-07-03 10:28:10,14,0.0,0.0,0.0,41.785714285714285,22.5121456839792,7,0,26585.56264026414,BENIGN,0.0
2017-07-03 10:28:20,8,0.0,0.0,0.0,69.625,57.636638892783665,4,0,26096.28969170655,BENIGN,0.0
2017-07-03 10:28:30,2,0.0,0.0,0.0,70.0,42.42640687119285,1,0,0.0,BENIGN,0.0
2017-07-03 10:28:40,8,0.0,0.0,0.0,67.25,80.21711609304909,4,0,21411.8045460528,BENIGN,0.0
2017-07-03 10:28:50,5,1228.8,0.0,0.0,43.2,18.349386910739007,2,0,9860.455174584995,BENIGN,0.0
2017-07-03 10:29:00,6,0.0,0.0,0.0,47.666666666666664,22.91433321453336,3,0,18769.075192987002,BENIGN,0.0
2017-07-03 10:29:40,7,0.0,0.0,0.0,81.57142857142857,90.90078317018165,4,0,28764.117857825728,BENIGN,0.0
2017-07-03 10:29:50,2,0.0,0.0,0.0,46.0,19.79898987322333,1,0,0.0,BENIGN,0.0
2017-07-03 10:30:00,2,0.0,0.0,0.0,95.0,33.94112549695428,1,0,0.0,BENIGN,0.0
2017-07-03 10:30:30,2,0.0,0.0,0.0,45.0,28.284271247461902,1,0,0.0,BENIGN,0.0
2017-07-03 10:31:50,5,819.2000000000003,0.0,0.0,39.6,14.028542333400146,3,0,30774.514330042643,BENIGN,0.0
2017-07-03 10:32:00,15,273.0666666666667,0.0,0.0,61.46666666666667,45.31929054208699,10,0,24879.274442304588,BENIGN,0.0
2017-07-03 10:32:10,28,520.1269841269841,0.0,0.0,50.07142857142857,30.94071819347512,17,0,25226.67929265425,BENIGN,0.0
2017-07-03 10:32:20,7,0.0,0.0,0.0,64.71428571428571,49.05342083115198,4,0,26222.91866330333,BENIGN,0.0
2017-07-03 10:33:20,2,2048.0,0.0,0.0,50.0,38.18376618407357,1,0,0.0,BENIGN,0.0
2017-07-03 10:34:50,1,0.0,0.0,0.0,38.0,0.0,0,0,0.0,BENIGN,0.0
2017-07-03 10:35:00,6,1228.8,0.0,0.0,64.5,41.01097414107595,3,0,20194.4770826085,BENIGN,0.0
2017-07-03 10:36:50,4,1365.3333333333333,0.0,0.0,55.75,45.988223130130464,2,0,10290.098163876875,BENIGN,0.0
2017-07-03 10:37:00,6,0.0,0.0,0.0,75.0,89.16725856501365,3,0,4978.953480401278,BENIGN,0.0
2017-07-03 10:38:30,2,2048.0,0.0,0.0,47.0,33.94112549695428,1,0,0.0,BENIGN,0.0
2017-07-03 10:39:30,2,2048.0,0.0,0.0,53.5,41.71930009000631,1,0,0.0,BENIGN,0.0
2017-07-03 10:39:50,6,0.0,0.0,0.0,71.33333333333333,55.845023651769246,4,0,23898.92737844107,BENIGN,0.0
2017-07-03 10:40:10,6,1228.8,0.0,0.0,68.0,49.73127788424504,3,0,17295.37906378464,BENIGN,0.0
2017-07-03 10:41:00,6,0.0,0.0,0.0,32.166666666666664,21.921830823785378,4,0,26713.95543606375,BENIGN,0.0
2017-07-03 10:41:10,8,0.0,0.0,0.0,41.75,23.29162939770423,5,0,20574.942478655925,BENIGN,0.0
2017-07-03 10:41:20,5,0.0,0.0,0.0,38.6,28.80624932197873,3,0,21966.73350062544,BENIGN,0.0
2017-07-03 10:41:30,17,0.0,0.0,0.0,69.88235294117646,70.7344349953942,9,0,25113.234513197294,BENIGN,0.0
2017-07-03 10:42:10,2,2048.0,0.0,0.0,53.5,28.991378028648448,1,0,0.0,BENIGN,0.0
2017-07-03 10:42:20,2,2048.0,0.0,0.0,30.5,16.263455967290593,1,0,0.0,BENIGN,0.0
2017-07-03 10:43:20,2,0.0,0.0,0.0,40.0,22.627416997969522,1,0,0.0,BENIGN,0.0
2017-07-03 10:43:30,4,1024.0,0.0,0.0,58.75,43.41562698691183,2,0,13153.117915113848,BENIGN,0.0
2017-07-03 10:43:40,2,2048.0,0.0,0.0,76.5,68.58935777509511,1,0,0.0,BENIGN,0.0
2017-07-03 10:44:00,6,1228.8,0.0,0.0,52.333333333333336,55.759005251767775,3,0,17387.655418715887,BENIGN,0.0
2017-07-03 10:44:50,2,0.0,0.0,0.0,69.0,72.12489168102785,1,0,0.0,BENIGN,0.0
2017-07-03 10:45:30,4,0.0,0.0,0.0,44.75,37.259227045122664,2,0,28473.82181349505,BENIGN,0.0
2017-07-03 10:45:50,2,0.0,0.0,0.0,126.0,90.50966799187809,1,0,0.0,BENIGN,0.0
2017-07-03 10:46:00,4,0.0,0.0,0.0,37.0,9.521904571390467,2,0,321.02647865869255,BENIGN,0.0
2017-07-03 10:46:10,2,0.0,0.0,0.0,60.0,39.59797974644666,1,0,0.0,BENIGN,0.0
2017-07-03 10:47:30,4,1365.3333333333333,0.0,0.0,53.5,23.671361036774655,2,0,24443.738616577368,BENIGN,0.0
2017-07-03 10:48:10,2,0.0,0.0,0.0,82.0,79.19595949289332,1,0,0.0,BENIGN,0.0
2017-07-03 10:48:30,2,0.0,0.0,0.0,54.5,43.1335136523794,1,0,0.0,BENIGN,0.0
2017-07-03 10:49:50,15,273.0666666666667,0.0,0.0,55.13333333333333,52.15069738838819,10,0,26704.72087640563,BENIGN,0.0
2017-07-03 10:50:10,7,975.2380952380953,0.0,0.0,62.57142857142857,51.289560805480164,5,0,13328.02001632484,BENIGN,0.0
2017-07-03 10:50:20,4,1365.3333333333333,0.0,0.0,105.75,104.88525476284389,2,0,26358.00908010062,BENIGN,0.0
2017-07-03 10:50:30,2,0.0,0.0,0.0,50.0,33.94112549695428,1,0,0.0,BENIGN,0.0
2017-07-03 10:51:20,2,2048.0,0.0,0.0,57.0,29.698484809834994,1,0,0.0,BENIGN,0.0
2017-07-03 10:51:40,2,2048.0,0.0,0.0,59.5,54.44722215136416,1,0,0.0,BENIGN,0.0
2017-07-03 10:52:20,10,0.0,0.0,0.0,42.4,20.640844082654286,6,0,27219.76248977937,BENIGN,0.0
2017-07-03 10:52:30,38,0.0,0.0,0.0,71.34210526315789,50.9940517547586,22,0,26902.52454260608,BENIGN,0.0
2017-07-03 10:52:50,4,0.0,0.0,0.0,57.75,41.08020610139795,2,0,25169.80422384462,BENIGN,0.0
2017-07-03 10:53:00,2,2048.0,0.0,0.0,75.5,58.68986283848344,1,0,0.0,BENIGN,0.0
2017-07-03 10:53:40,8,1170.2857142857142,0.0,0.0,82.0,77.03987835623091,4,0,5615.117041322924,BENIGN,0.0
2017-07-03 10:54:40,18,0.0,0.0,0.0,64.77777777777777,46.31929537658152,11,0,25049.57211536017,BENIGN,0.0
2017-07-03 10:54:50,14,292.5714285714285,0.0,0.0,62.285714285714285,43.174829867249436,7,0,22692.03714780054,BENIGN,0.0
2017-07-03 10:55:00,2,0.0,0.0,0.0,72.0,60.81118318204309,1,0,0.0,BENIGN,0.0
2017-07-03 10:57:00,10,1137.7777777777778,0.0,0.0,84.5,76.31258815628723,5,0,21119.350939334414,BENIGN,0.0
2017-07-03 10:57:10,14,857.6538461538462,4474.6,0.0,115.57142857142857,247.94903765638068,5,0,19864.069741874628,BENIGN,0.0
2017-07-03 10:58:50,5,0.0,0.0,0.0,54.8,37.88403357616504,3,0,26318.395917827136,BENIGN,0.0
2017-07-03 10:59:00,3,0.0,0.0,0.0,22.333333333333332,9.237604307034012,2,0,25854.0,BENIGN,0.0
2017-07-03 10:59:10,6,0.0,0.0,0.0,67.66666666666667,41.86486195685669,3,0,29322.10993499615,BENIGN,0.0
2017-07-03 11:00:00,4,0.0,0.0,0.0,23.5,7.681145747868608,2,0,24091.640671034056,BENIGN,0.0
2017-07-03 11:00:10,2,2048.0,0.0,0.0,35.0,22.627416997969522,1,0,0.0,BENIGN,0.0
2017-07-03 11:00:20,2,2048.0,0.0,0.0,47.5,30.405591591021544,1,0,0.0,BENIGN,0.0
2017-07-03 11:00:30,4,1365.3333333333333,0.0,0.0,31.0,13.613718571108091,2,0,23306.118357394673,BENIGN,0.0
2017-07-03 11:00:40,6,1228.8,0.0,0.0,117.83333333333333,147.04069731426966,3,0,22727.034796470918,BENIGN,0.0
2017-07-03 11:01:20,10,0.0,0.0,0.0,54.1,43.85949789447613,6,0,27901.755524219858,BENIGN,0.0
2017-07-03 11:02:00,2,2048.0,0.0,0.0,41.5,33.23401871576773,1,0,0.0,BENIGN,0.0
2017-07-03 11:03:00,4,1024.0,0.0,0.0,37.25,11.87083260208258,2,0,1886.5608922057088,BENIGN,0.0
2017-07-03 11:03:30,3,0.0,0.0,0.0,67.66666666666667,65.24058041842771,2,0,26381.5,BENIGN,0.0
2017-07-03 11:03:40,2,0.0,0.0,0.0,42.0,11.313708498984761,1,0,0.0,BENIGN,0.0
2017-07-03 11:04:00,30,0.0,0.0,0.0,67.56666666666666,59.99809383945307,15,0,26001.22306635771,BENIGN,0.0
2017-07-03 11:04:20,2,0.0,0.0,0.0,69.0,72.12489168102785,1,0,0.0,BENIGN,0.0
2017-07-03 11:05:10,2,0.0,0.0,0.0,102.0,90.50966799187809,1,0,0.0,BENIGN,0.0
2017-07-03 11:05:30,26,0.0,0.0,0.0,62.88461538461539,54.463438689144056,14,0,26885.808560621717,BENIGN,0.0
2017-07-03 11:05:40,6,0.0,0.0,0.0,73.83333333333333,56.92948855089659,3,0,28648.813243134522,BENIGN,0.0
2017-07-03 11:06:00,6,0.0,0.0,0.0,51.333333333333336,42.49548995677855,4,0,22407.056650974933,BENIGN,0.0
2017-07-03 11:07:00,12,0.0,0.0,0.0,83.33333333333333,74.71562247899861,6,0,30049.13119713246,BENIGN,0.0
2017-07-03 11:07:10,2,0.0,0.0,0.0,72.0,60.81118318204309,1,0,0.0,BENIGN,0.0
2017-07-03 11:07:20,2,0.0,0.0,0.0,66.0,59.39696961966999,1,0,0.0,BENIGN,0.0
2017-07-03 11:08:30,2,0.0,0.0,0.0,51.5,26.16295090390226,1,0,0.0,BENIGN,0.0
2017-07-03 11:08:40,2,0.0,0.0,0.0,75.0,82.02438661763951,1,0,0.0,BENIGN,0.0
2017-07-03 11:09:00,13,0.0,0.0,0.0,52.61538461538461,40.1466861678073,7,0,28991.683860299585,BENIGN,0.0
2017-07-03 11:09:30,2,2048.0,0.0,0.0,86.0,74.95331880577403,1,0,0.0,BENIGN,0.0
2017-07-03 11:09:50,7,1375.2380952380954,532.0,0.0,16.0,31.654383582688826,4,0,21076.984752331155,BENIGN,0.0
2017-07-03 11:10:00,4,0.0,0.0,0.0,55.0,48.46304433964778,2,0,26765.087911099577,BENIGN,0.0
2017-07-03 11:10:10,2,0.0,0.0,0.0,37.0,11.313708498984761,1,0,0.0,BENIGN,0.0
2017-07-03 11:11:10,6,0.0,0.0,0.0,68.66666666666667,80.00666638891202,3,0,27013.15161620354,BENIGN,0.0
2017-07-03 11:11:20,2,0.0,0.0,0.0,84.0,35.35533905932738,1,0,0.0,BENIGN,0.0
2017-07-03 11:11:30,5,0.0,0.0,0.0,69.8,87.03562489004143,3,0,24152.272723027538,BENIGN,0.0
2017-07-03 11:12:00,2,0.0,0.0,0.0,91.0,90.50966799187809,1,0,0.0,BENIGN,0.0
2017-07-03 11:12:20,2,2048.0,0.0,0.0,107.0,120.20815280171308,1,0,0.0,BENIGN,0.0
2017-07-03 11:12:30,2,2048.0,0.0,0.0,38.0,11.313708498984761,1,0,0.0,BENIGN,0.0
2017-07-03 11:12:50,6,0.0,0.0,0.0,29.5,14.237275020171522,4,0,26642.51678501864,BENIGN,0.0
2017-07-03 11:13:40,2,2048.0,0.0,0.0,74.0,73.53910524340094,1,0,0.0,BENIGN,0.0
2017-07-03 11:13:50,2,2048.0,0.0,0.0,114.0,137.17871555019022,1,0,0.0,BENIGN,0.0
2017-07-03 11:14:20,3,0.0,0.0,0.0,46.0,50.22947341949744,2,0,29735.5,BENIGN,0.0
2017-07-03 11:14:50,127,1379.5695538057744,10508.563025210084,0.0,203.0236220472441,436.43046073414484,74,0,22421.967996514817,BENIGN,0.0
2017-07-03 11:15:00,2,0.0,0.0,0.0,81.0,67.88225099390856,1,0,0.0,BENIGN,0.0
2017-07-03 11:15:10,2,0.0,0.0,0.0,69.0,72.12489168102785,1,0,0.0,BENIGN,0.0
2017-07-03 11:15:20,6,0.0,0.0,0.0,62.5,62.685724052610254,3,0,27590.141098588098,BENIGN,0.0
2017-07-03 11:15:30,12,1117.090909090909,0.0,0.0,59.0,55.69886566496338,6,0,20415.248472608582,BENIGN,0.0
2017-07-03 11:15:40,2,2048.0,0.0,0.0,62.0,55.154328932550705,1,0,0.0,BENIGN,0.0
2017-07-03 11:16:50,17,240.94117647058826,0.0,0.0,48.64705882352941,39.87314443405265,10,0,28592.46661757855,BENIGN,0.0
2017-07-03 11:19:10,2,2048.0,0.0,0.0,59.5,37.476659402887016,1,0,0.0,BENIGN,0.0
2017-07-03 11:20:00,4,0.0,0.0,0.0,106.75,71.79774833980984,2,0,1977.5419647183778,BENIGN,0.0
2017-07-03 11:20:10,8,0.0,0.0,0.0,64.125,45.43893075955274,4,0,19169.281761852897,BENIGN,0.0
2017-07-03 11:20:40,13,0.0,0.0,0.0,81.46153846153847,54.60710482561676,7,0,28677.322165006197,BENIGN,0.0
2017-07-03 11:20:50,7,585.1428571428572,0.0,0.0,44.42857142857143,26.387226346960272,4,0,25072.010972840257,BENIGN,0.0
2017-07-03 11:21:10,5,0.0,0.0,0.0,43.2,25.67489045740994,3,0,29638.18061639412,BENIGN,0.0
2017-07-03 11:22:00,6,0.0,0.0,0.0,37.0,18.611824198610947,3,0,17622.404551025378,BENIGN,0.0
2017-07-03 11:22:50,4,1365.3333333333333,0.0,0.0,58.5,45.78573285788198,2,0,14357.438931322908,BENIGN,0.0
2017-07-03 11:23:00,4,0.0,0.0,0.0,30.0,9.521904571390467,2,0,29105.821368852583,BENIGN,0.0
2017-07-03 11:23:40,4,1365.3333333333333,0.0,0.0,72.75,67.71693535101343,2,0,16299.754115391503,BENIGN,0.0
2017-07-03 11:23:50,2,2048.0,0.0,0.0,63.0,39.59797974644666,1,0,0.0,BENIGN,0.0
2017-07-03 11:25:10,4,0.0,0.0,0.0,59.0,41.198705481281,2,0,30286.090679826386,BENIGN,0.0
2017-07-03 11:25:20,2,2048.0,0.0,0.0,141.0,152.73506473629428,1,0,0.0,BENIGN,0.0
2017-07-03 11:25:30,6,0.0,0.0,0.0,74.83333333333333,69.9125644406402,3,0,26372.704149555844,BENIGN,0.0
2017-07-03 11:25:40,2,0.0,0.0,0.0,37.0,11.313708498984761,1,0,0.0,BENIGN,0.0
2017-07-03 11:27:30,2,2048.0,0.0,0.0,117.0,135.7645019878171,1,0,0.0,BENIGN,0.0
2017-07-03 11:28:20,2,0.0,0.0,0.0,33.0,11.313708498984761,1,0,0.0,BENIGN,0.0
2017-07-03 11:28:50,2,0.0,0.0,0.0,86.5,79.90306627407988,1,0,0.0,BENIGN,0.0
2017-07-03 11:29:00,5,0.0,0.0,0.0,42.4,6.06630035524124,3,0,25479.787695347855,BENIGN,0.0
2017-07-03 11:30:00,2,2048.0,0.0,0.0,89.0,100.40916292848975,1,0,0.0,BENIGN,0.0
2017-07-03 11:30:10,7,0.0,0.0,0.0,76.85714285714286,67.55350613014983,4,0,27673.903624273098,BENIGN,0.0
2017-07-03 11:30:40,5,0.0,0.0,0.0,60.2,56.94910008068609,3,0,26490.472570341208,BENIGN,0.0
2017-07-03 11:30:50,2,0.0,0.0,0.0,61.0,45.254833995939045,1,0,0.0,BENIGN,0.0
2017-07-03 11:31:00,15,0.0,0.0,0.0,63.46666666666667,62.211467324494656,8,0,27129.764968196683,BENIGN,0.0
2017-07-03 11:31:50,2,2048.0,0.0,0.0,82.0,76.36753236814714,1,0,0.0,BENIGN,0.0
2017-07-03 11:32:10,12,0.0,0.0,0.0,64.41666666666667,46.261034719657246,7,0,28546.424335871496,BENIGN,0.0
2017-07-03 11:33:20,2,2048.0,0.0,0.0,61.5,60.10407640085654,1,0,0.0,BENIGN,0.0
2017-07-03 11:33:40,2,0.0,0.0,0.0,47.0,11.313708498984761,1,0,0.0,BENIGN,0.0
2017-07-03 11:34:00,2,2048.0,0.0,0.0,46.5,34.64823227814083,1,0,0.0,BENIGN,0.0
2017-07-03 11:35:00,4,0.0,0.0,0.0,31.5,9.255628917943215,2,0,28192.57899203658,BENIGN,0.0
2017-07-03 11:35:30,10,0.0,0.0,0.0,65.2,46.098445382319206,5,0,23673.30465125457,BENIGN,0.0
2017-07-03 11:36:30,6,0.0,0.0,0.0,49.333333333333336,32.07906898067129,3,0,4380.735782947882,BENIGN,0.0
2017-07-03 11:37:00,2,2048.0,0.0,0.0,63.0,62.22539674441618,1,0,0.0,BENIGN,0.0
2017-07-03 11:37:30,3,0.0,0.0,0.0,35.0,20.784609690826528,2,0,0.0,BENIGN,0.0
2017-07-03 11:38:00,2,0.0,0.0,0.0,61.0,45.254833995939045,1,0,0.0,BENIGN,0.0
2017-07-03 11:39:00,2,0.0,0.0,0.0,69.0,72.12489168102785,1,0,0.0,BENIGN,0.0
2017-07-03 11:39:30,2,0.0,0.0,0.0,41.0,11.313708498984761,1,0,0.0,BENIGN,0.0
2017-07-03 11:39:40,4,0.0,0.0,0.0,33.0,18.475208614068023,3,0,27382.474399188657,BENIGN,0.0
2017-07-03 11:40:20,2,0.0,0.0,0.0,60.5,41.71930009000631,1,0,0.0,BENIGN,0.0
2017-07-03 11:40:50,4,0.0,0.0,0.0,60.25,35.02737025051505,2,0,28316.821576974744,BENIGN,0.0
2017-07-03 11:42:10,2,0.0,0.0,0.0,136.0,90.50966799187809,1,0,0.0,BENIGN,0.0
2017-07-03 11:42:20,2,0.0,0.0,0.0,47.0,11.313708498984761,1,0,0.0,BENIGN,0.0
2017-07-03 11:42:30,4,0.0,0.0,0.0,54.0,34.62176579359676,2,0,1834.7063949186952,BENIGN,0.0
2017-07-03 11:42:40,8,1097.142857142857,0.0,0.0,74.625,75.87948621710237,4,0,18859.240724214684,BENIGN,0.0
2017-07-03 11:42:50,2,0.0,0.0,0.0,67.0,56.568542494923804,1,0,0.0,BENIGN,0.0
2017-07-03 11:43:00,10,0.0,0.0,0.0,50.7,52.123890875490105,6,0,26500.431946165205,BENIGN,0.0
2017-07-03 11:43:50,2,2048.0,0.0,0.0,55.5,45.96194077712559,1,0,0.0,BENIGN,0.0
2017-07-03 11:44:30,2,0.0,0.0,0.0,40.0,39.59797974644666,1,0,0.0,BENIGN,0.0
2017-07-03 11:45:30,9,0.0,0.0,0.0,46.77777777777778,33.71860679868676,5,0,28595.67803882258,BENIGN,0.0
2017-07-03 11:45:40,2,0.0,0.0,0.0,31.0,11.313708498984761,1,0,0.0,BENIGN,0.0
2017-07-03 11:46:00,2,2048.0,0.0,0.0,66.5,62.932503525602726,1,0,0.0,BENIGN,0.0
2017-07-03 11:46:10,8,1170.2857142857142,0.0,0.0,74.0,60.441234742043925,4,0,15690.933537087782,BENIGN,0.0
2017-07-03 11:46:40,2,0.0,0.0,0.0,37.0,11.313708498984761,1,0,0.0,BENIGN,0.0
2017-07-03 11:47:00,2,0.0,0.0,0.0,126.0,147.07821048680188,1,0,0.0,BENIGN,0.0
2017-07-03 11:47:20,6,4864.166666666667,0.0,0.0,66.16666666666667,47.00390054736592,3,0,20089.32715647789,BENIGN,0.0
2017-07-03 11:48:00,2,2048.0,0.0,0.0,42.5,26.16295090390226,1,0,0.0,BENIGN,0.0
2017-07-03 11:48:10,4,1365.3333333333333,0.0,0.0,78.0,65.09992319503918,2,0,8063.076432451547,BENIGN,0.0
2017-07-03 11:49:00,2,0.0,0.0,0.0,31.0,11.313708498984761,1,0,0.0,BENIGN,0.0
2017-07-03 11:49:10,2,0.0,0.0,0.0,85.0,22.627416997969522,1,0,0.0,BENIGN,0.0
2017-07-03 11:49:20,3,0.0,0.0,0.0,48.333333333333336,16.165807537309522,2,0,0.0,BENIGN,0.0
2017-07-03 11:49:50,2,2048.0,0.0,0.0,31.0,11.313708498984761,1,0,0.0,BENIGN,0.0
2017-07-03 11:50:00,3,0.0,0.0,0.0,62.333333333333336,61.19912853410033,2,0,29465.5,BENIGN,0.0
2017-07-03 11:50:20,2,0.0,0.0,0.0,43.0,19.79898987322333,1,0,0.0,BENIGN,0.0
2017-07-03 11:50:40,2,2048.0,0.0,0.0,52.0,36.76955262170047,1,0,0.0,BENIGN,0.0
2017-07-03 11:52:50,4,0.0,0.0,0.0,70.5,61.932759236664616,2,0,1216.695068161653,BENIGN,0.0
2017-07-03 11:53:10,4,1365.3333333333333,0.0,0.0,71.0,65.69119677196734,2,0,13963.102830913575,BENIGN,0.0
2017-07-03 11:53:20,2,2048.0,0.0,0.0,65.0,69.29646455628166,1,0,0.0,BENIGN,0.0
2017-07-03 11:53:30,6,0.0,0.0,0.0,57.0,41.32795663954365,3,0,24565.24486830937,BENIGN,0.0
2017-07-03 11:53:50,2,0.0,0.0,0.0,45.0,19.79898987322333,1,0,0.0,BENIGN,0.0
2017-07-03 11:54:30,3,0.0,0.0,0.0,35.333333333333336,9.237604307034013,2,0,30759.0,BENIGN,0.0
2017-07-03 11:55:00,15,858.2095238095238,0.0,0.0,57.266666666666666,37.71408730106538,7,0,23441.692466933477,BENIGN,0.0
2017-07-03 11:55:20,2,2048.0,0.0,0.0,71.5,68.58935777509511,1,0,0.0,BENIGN,0.0
2017-07-03 11:55:40,6,0.0,0.0,0.0,61.5,41.87481343242021,3,0,28619.832462123184,BENIGN,0.0
2017-07-03 11:56:10,4,1365.3333333333333,0.0,0.0,59.0,44.49719092257398,2,0,16555.774964243345,BENIGN,0.0
2017-07-03 11:57:00,2,2048.0,0.0,0.0,53.5,28.991378028648448,1,0,0.0,BENIGN,0.0
2017-07-03 11:57:40,2,2048.0,0.0,0.0,26.0,22.627416997969522,1,0,0.0,BENIGN,0.0
2017-07-03 11:58:00,8,0.0,0.0,0.0,67.875,80.98577917493557,4,0,27506.67095933832,BENIGN,0.0
2017-07-03 11:58:50,7,975.2380952380954,0.0,0.0,67.85714285714286,78.37395096890415,4,0,25377.783431904896,BENIGN,0.0
2017-07-03 11:59:10,24,0.0,0.0,0.0,55.166666666666664,63.610681811938704,15,0,27541.630220353825,BENIGN,0.0
2017-07-03 12:00:00,2,0.0,0.0,0.0,108.0,90.50966799187809,1,0,0.0,BENIGN,0.0
2017-07-03 12:00:10,2,0.0,0.0,0.0,47.0,11.313708498984761,1,0,0.0,BENIGN,0.0
2017-07-03 12:00:40,2,0.0,0.0,0.0,59.0,43.840620433565945,1,0,0.0,BENIGN,0.0
2017-07-03 12:01:20,4,0.0,0.0,0.0,34.5,11.902380714238083,3,0,0.0,BENIGN,0.0
2017-07-03 12:01:50,2,2048.0,0.0,0.0,60.0,42.42640687119285,1,0,0.0,BENIGN,0.0
2017-07-03 12:02:20,6,1228.8,0.0,0.0,68.66666666666667,45.77189822005055,3,0,9946.959909439667,BENIGN,0.0
2017-07-03 12:02:30,2,2048.0,0.0,0.0,27.0,12.727922061357855,1,0,0.0,BENIGN,0.0
2017-07-03 12:02:40,4,1365.3333333333333,0.0,0.0,50.5,45.332107826572546,2,0,17940.565264227323,BENIGN,0.0
2017-07-03 12:03:00,2,0.0,0.0,0.0,36.0,11.313708498984761,1,0,0.0,BENIGN,0.0
2017-07-03 12:04:30,2,0.0,0.0,0.0,31.0,11.313708498984761,1,0,0.0,BENIGN,0.0
2017-07-03 12:04:40,9,0.0,0.0,0.0,52.0,33.64149223800871,5,0,21859.816553438868,BENIGN,0.0
2017-07-03 12:05:30,2,0.0,0.0,0.0,80.0,79.19595949289332,1,0,0.0,BENIGN,0.0
2017-07-03 12:07:40,2,2048.0,0.0,0.0,81.5,81.31727983645297,1,0,0.0,BENIGN,0.0
2017-07-03 12:07:50,4,1365.3333333333333,0.0,0.0,43.0,34.60250472629595,2,0,190.4474263995768,BENIGN,0.0
2017-07-03 12:08:10,2,0.0,0.0,0.0,32.0,11.313708498984761,1,0,0.0,BENIGN,0.0
2017-07-03 12:09:20,11,0.0,0.0,0.0,58.09090909090909,42.4486855990961,8,0,22486.023787232814,BENIGN,0.0
2017-07-03 12:09:30,2,0.0,0.0,0.0,71.5,65.76093065034893,1,0,0.0,BENIGN,0.0
2017-07-03 12:11:10,2,0.0,0.0,0.0,28.0,11.313708498984761,1,0,0.0,BENIGN,0.0
2017-07-03 12:12:40,4,1024.0,0.0,0.0,65.0,43.95452195167182,2,0,25746.080741649894,BENIGN,0.0
2017-07-03 12:13:20,2,2048.0,0.0,0.0,28.0,22.627416997969522,1,0,0.0,BENIGN,0.0
2017-07-03 12:13:50,2,2048.0,0.0,0.0,166.5,194.45436482630058,1,0,0.0,BENIGN,0.0
2017-07-03 12:16:40,2,2048.0,0.0,0.0,55.0,49.49747468305833,1,0,0.0,BENIGN,0.0
2017-07-03 12:18:10,4,0.0,0.0,0.0,56.5,41.46082488325576,2,0,6924.932410420255,BENIGN,0.0
2017-07-03 12:18:20,30,0.0,0.0,0.0,48.766666666666666,34.46805951075259,18,0,27430.65227237571,BENIGN,0.0
2017-07-03 12:18:50,4,0.0,0.0,0.0,57.5,32.90896534380867,3,0,30030.35359247188,BENIGN,0.0
2017-07-03 12:19:20,6,0.0,0.0,0.0,89.0,96.40539403996023,3,0,23750.712996455495,BENIGN,0.0
2017-07-03 12:19:50,12,341.33333333333326,0.0,0.0,43.083333333333336,35.99863212889505,7,0,23491.904581707142,BENIGN,0.0
2017-07-03 12:20:30,2,2048.0,0.0,0.0,60.0,53.74011537017761,1,0,0.0,BENIGN,0.0
2017-07-03 12:20:40,4,0.0,0.0,0.0,50.0,27.712812921102035,3,0,0.0,BENIGN,0.0
2017-07-03 12:22:50,2,2048.0,0.0,0.0,62.0,60.81118318204309,1,0,0.0,BENIGN,0.0
2017-07-03 12:25:40,2,0.0,0.0,0.0,36.0,11.313708498984761,1,0,0.0,BENIGN,0.0
2017-07-03 12:25:50,2,0.0,0.0,0.0,60.0,50.91168824543142,1,0,0.0,BENIGN,0.0
2017-07-03 12:27:30,8,512.0,0.0,0.0,35.75,13.80217374184226,6,0,29248.851029238947,BENIGN,0.0
2017-07-03 12:27:50,2,2048.0,0.0,0.0,11.0,0.0,1,0,0.0,BENIGN,0.0
2017-07-03 12:28:40,2,0.0,0.0,0.0,35.0,19.79898987322333,1,0,0.0,BENIGN,0.0
2017-07-03 12:28:50,4,1365.3333333333333,0.0,0.0,87.75,75.3585872125179,2,0,1216.2236636408618,BENIGN,0.0
2017-07-03 12:29:30,4,1365.3333333333333,0.0,0.0,56.5,58.97174464662434,2,0,5896.327746054224,BENIGN,0.0
2017-07-03 12:29:50,2,2048.0,0.0,0.0,53.5,27.577164466275352,1,0,0.0,BENIGN,0.0
2017-07-03 12:30:50,4,0.0,0.0,0.0,79.5,49.29841106296767,2,0,24768.765092798272,BENIGN,0.0
2017-07-03 12:31:30,2,0.0,0.0,0.0,32.0,11.313708498984761,1,0,0.0,BENIGN,0.0
2017-07-03 12:31:50,4,1024.0,0.0,0.0,54.25,48.334770093587906,2,0,28037.134458904082,BENIGN,0.0
2017-07-03 12:34:30,2,2048.0,0.0,0.0,86.0,11.313708498984761,1,0,0.0,BENIGN,0.0
2017-07-03 12:34:50,2,2048.0,0.0,0.0,106.5,125.15790027001891,1,0,0.0,BENIGN,0.0
2017-07-03 12:35:40,2,2048.0,0.0,0.0,63.0,65.05382386916237,1,0,0.0,BENIGN,0.0
2017-07-03 12:36:00,2,0.0,0.0,0.0,35.0,11.313708498984761,1,0,0.0,BENIGN,0.0
2017-07-03 12:37:00,2,0.0,0.0,0.0,32.0,11.313708498984761,1,0,0.0,BENIGN,0.0
2017-07-03 12:40:10,2,2048.0,0.0,0.0,67.0,55.154328932550705,1,0,0.0,BENIGN,0.0
2017-07-03 12:48:20,2,2048.0,0.0,0.0,11.0,0.0,1,0,0.0,BENIGN,0.0
2017-07-03 12:48:40,2,0.0,0.0,0.0,60.0,39.59797974644666,1,0,0.0,BENIGN,0.0
2017-07-03 12:49:50,4,1365.3333333333333,0.0,0.0,58.75,40.03644173333423,2,0,10952.141231538038,BENIGN,0.0
2017-07-03 12:50:00,2,2048.0,0.0,0.0,88.0,90.50966799187809,1,0,0.0,BENIGN,0.0
2017-07-03 12:51:10,3,0.0,0.0,0.0,52.0,27.712812921102035,2,0,27812.0,BENIGN,0.0
2017-07-03 12:51:20,3,0.0,0.0,0.0,49.0,46.76537180435969,2,0,26547.5,BENIGN,0.0
2017-07-03 12:52:00,2,2048.0,0.0,0.0,54.0,43.840620433565945,1,0,0.0,BENIGN,0.0
2017-07-03 12:52:40,2,2048.0,0.0,0.0,57.0,29.698484809834994,1,0,0.0,BENIGN,0.0
2017-07-03 12:53:50,2,2048.0,0.0,0.0,67.5,58.68986283848344,1,0,0.0,BENIGN,0.0
2017-07-03 12:54:30,3,0.0,0.0,0.0,35.666666666666664,18.475208614068023,2,0,29444.0,BENIGN,0.0
2017-07-03 12:54:40,14,0.0,0.0,0.0,62.857142857142854,69.30296601806519,8,0,29261.416545487347,BENIGN,0.0
2017-07-03 12:54:50,5,0.0,0.0,0.0,71.0,68.33373983618927,3,0,29616.907041207054,BENIGN,0.0
2017-07-03 12:55:00,26,0.0,0.0,0.0,60.11538461538461,47.7311863863256,17,0,28280.08434640887,BENIGN,0.0
2017-07-03 12:55:10,2,0.0,0.0,0.0,69.0,72.12489168102785,1,0,0.0,BENIGN,0.0
2017-07-04 09:00:00,1435,2393.313588850174,5922.561290322581,0.0,685.7247386759582,1001.5272954248508,626,15,23247.419687049492,DoS Slowhttptest,0.05226480836236934
2017-07-04 09:00:10,1436,2532.335272679627,5826.667859699356,0.0,694.733983286908,1024.5815940053994,609,16,23211.00061572039,DoS Slowhttptest,0.05153203342618384
2017-07-04 09:00:20,1429,2555.684836705851,6194.436246418338,0.0,685.6934919524143,1001.4903431324676,621,19,23153.840645104236,DoS Slowhttptest,0.052484254723582924
2017-07-04 09:00:30,1443,2567.273208554762,5750.911891117478,0.0,675.9050589050589,1003.5821879844108,606,16,23230.954583951396,DoS Slowhttptest,0.0498960498960499
2017-07-04 09:00:40,1451,2417.6115820242876,6170.459843638948,0.0,691.3907649896623,1038.002840151669,617,7,23343.986400267997,DoS Slowhttptest,0.05099931082012405
2017-07-04 09:00:50,1444,2420.910281845877,5669.8372257607925,0.0,698.3891966759003,1025.058038101799,613,12,23185.022947908274,DoS Slowhttptest,0.05609418282548476
2017-07-04 09:01:00,1449,2314.329775917093,5711.065294535131,0.0,663.7232574189096,989.0190114403699,632,16,23480.49526088992,DoS Slowhttptest,0.049689440993788817
2017-07-04 09:01:10,1441,2331.04836726039,5887.432835820896,0.0,677.1540596807772,1001.0974983732266,633,10,23404.731425445163,DoS Slowhttptest,0.05135322692574601
2017-07-04 09:01:20,1446,2264.2069716243836,6233.191489361702,0.0,664.5968188105118,1019.3649926289823,640,12,23402.394781594216,DoS Slowhttptest,0.051175656984785614
2017-07-04 09:01:30,1442,2314.0047918064292,5721.622601279318,0.0,693.6816920943135,1015.0903737919465,642,8,23403.282898362482,DoS Slowhttptest,0.05131761442441054
2017-07-04 09:01:40,1445,2299.478032953445,5690.639145907473,0.0,698.683044982699,1041.7665534199668,623,8,23586.586931641934,DoS Slowhttptest,0.05259515570934256
2017-07-04 09:01:50,1432,2458.3784003646315,6273.361945636624,0.0,653.4308659217877,979.5945513753968,623,11,23353.935856399272,DoS Slowhttptest,0.04818435754189944
2017-07-04 09:02:00,1444,2160.1275409225545,6025.296829971182,0.0,640.6419667590028,975.9699391752877,608,13,23451.53080867198,DoS Slowhttptest,0.04778393351800554
2017-07-04 09:02:10,1434,2390.573373101266,5225.752703677001,0.0,658.0202231520224,983.297647750085,620,19,23330.809933816847,DoS Slowhttptest,0.046722454672245464
2017-07-04 09:02:20,1426,2371.832675377082,5714.702741702742,0.0,692.6711079943899,1046.108604187032,632,14,23485.416038487645,DoS Slowhttptest,0.05049088359046283
2017-07-04 09:02:30,1446,2503.3636706916113,5680.496062992126,0.0,692.1355463347164,1033.3125204919759,615,12,23477.065450802616,DoS Slowhttptest,0.04979253112033195
2017-07-04 09:02:40,1442,2483.6421559615806,6066.842480399145,0.0006934812760055479,656.9445214979196,995.2165578003613,627,18,23495.21437163572,DoS Slowhttptest,0.049237170596393896
2017-07-04 09:02:50,1438,2506.1198235003194,6302.763101220387,0.0,652.52016689847,1005.9765589225785,640,11,23358.216815448075,DoS Slowhttptest,0.04728789986091794
2017-07-04 09:03:00,1427,2379.6587776708657,5520.02102973169,0.0,684.5571128241065,1043.2734322720896,590,10,23721.481894414002,DoS Slowhttptest,0.04484933426769446
2017-07-04 09:03:10,1432,2434.829391779784,5969.372832369942,0.0,657.3421787709498,1011.0515425811371,630,15,23404.280655124803,DoS Slowhttptest,0.05027932960893855
2017-07-04 09:03:20,1433,2423.343618302815,5525.564714389009,0.0,716.5589672016748,1070.3338705564656,605,11,23423.32247745493,DoS Slowhttptest,0.052337752965806
2017-07-04 09:03:30,1425,2257.2415207963727,6107.757246376812,0.0,699.8884210526315,1030.6400478282721,595,15,23332.29835065268,DoS Slowhttptest,0.05403508771929825
2017-07-04 09:03:40,1433,2463.561908641869,5957.058106169297,0.0,698.9134682484299,1068.5885397885204,615,16,23431.557283548904,DoS Slowhttptest,0.04675505931612003
2017-07-04 09:03:50,1429,2375.210664251705,5811.292118582791,0.0,696.0909727081876,1037.623265997028,596,15,23271.1061485077,DoS Slowhttptest,0.04758572428271519
2017-07-04 09:04:00,1441,2324.1708420078644,6721.800573888092,0.0,680.4580152671756,1007.5839507723978,620,12,23332.519354864507,DoS Slowhttptest,0.05135322692574601
2017-07-04 09:04:10,1441,2360.8910180044722,6143.923242467718,0.0,671.9174184594032,1012.2066472058833,621,20,23658.509191452224,DoS Slowhttptest,0.05135322692574601
2017-07-04 09:04:20,1448,2531.698686938493,5937.094932191292,0.0,696.6574585635359,1039.9887153511183,630,12,23421.685460462882,DoS Slowhttptest,0.049723756906077346
2017-07-04 09:04:30,1439,2490.1537199859663,6020.86542591267,0.0,665.866574009729,985.289533487425,615,12,23314.805368138754,DoS Slowhttptest,0.04933981931897151
2017-07-04 09:04:40,1433,2439.9383934941347,6028.351798561151,0.0,663.2896022330774,1018.7701469423948,617,13,23549.464782343694,DoS Slowhttptest,0.05792044661549198
2017-07-04 09:04:50,1430,2411.0246497379453,6050.006446991404,0.0,688.4293706293706,1017.598867835336,623,17,23621.442763361647,DoS Slowhttptest,0.055944055944055944
2017-07-04 09:05:00,1438,2405.6059980468503,5623.611622962438,0.0,685.5723226703756,1012.3451589904572,603,15,23540.935476932926,DoS Slowhttptest,0.05285118219749652
2017-07-04 09:05:10,1438,2426.9803262282435,6242.87962962963,0.0,670.3560500695411,999.690558839286,631,16,23710.134894875882,DoS Slowhttptest,0.054242002781641166
2017-07-04 09:05:20,1440,2291.969971430777,6166.840143369176,0.0,691.8520833333333,1048.7465954504462,631,14,23368.03669054291,DoS Slowhttptest,0.05625
2017-07-04 09:05:30,1423,2267.353319436661,6009.858073859522,0.0,683.9156711173576,1019.5779186134549,632,12,23592.042988365356,DoS Slowhttptest,0.054111033028812365
2017-07-04 09:05:40,1447,2388.7911068925937,5772.413890857548,0.0,691.635798203179,1022.0910478053848,611,11,23512.98720393766,DoS Slowhttptest,0.0525224602626123
2017-07-04 09:05:50,1450,2580.7177749220627,5428.3083451202265,0.0,708.3358620689655,1030.8350067806184,623,12,23440.758173959774,DoS Slowhttptest,0.05310344827586207
2017-07-04 09:06:00,1451,2609.024573777894,6225.974860335195,0.0,690.237767057202,992.7582811576787,631,10,23410.958898530665,DoS Slowhttptest,0.04755341144038594
2017-07-04 09:06:10,1458,2532.1420228535817,5444.687237026648,0.0,672.2345679012345,993.5919971567046,627,11,23294.41406783255,DoS Slowhttptest,0.05555555555555555
2017-07-04 09:06:20,1459,2572.565837510142,5943.55985915493,0.0,684.0006854009596,1002.0490574031805,623,15,23283.439297997764,DoS Slowhttptest,0.0568882796435915
2017-07-04 09:06:30,1449,2384.0982845856734,6127.0621908127205,0.0,686.5810904071774,1011.5235891925652,638,11,23325.713898829177,DoS Slowhttptest,0.049689440993788817
2017-07-04 09:06:40,1449,2462.2791351627525,6187.219391365888,0.0,658.6494133885438,978.580903945954,605,14,23346.324942188076,DoS Slowhttptest,0.05314009661835749
2017-07-04 09:06:50,1454,2393.6334027875732,5223.993617021277,0.0,669.7799174690509,1010.0189117271606,650,13,23524.321500820428,DoS Slowhttptest,0.05295735900962861
2017-07-04 09:07:00,1453,2347.857957033894,5949.176345609065,0.0,699.7680660701996,1027.3266125711323,633,18,23286.482848180938,DoS Slowhttptest,0.048864418444597386
2017-07-04 09:07:10,1443,2330.6197156294247,5806.626420454545,0.0,699.6257796257796,1008.7801727028626,623,17,23543.237055380083,DoS Slowhttptest,0.05266805266805267
2017-07-04 09:07:20,1448,2408.677375938787,5353.579359430605,0.0,684.1270718232045,1003.9799103636541,626,11,23410.83908079679,DoS Slowhttptest,0.055248618784530384
2017-07-04 09:07:30,1450,2229.546510554247,5785.077359829666,0.0,679.3048275862069,1029.3808578433332,648,8,23462.323503931504,DoS Slowhttptest,0.05103448275862069
2017-07-04 09:07:40,1440,2402.7204612578175,5371.1836298932385,0.0,686.3416666666667,1020.7112210286723,605,13,23438.720936290865,DoS Slowhttptest,0.05416666666666667
2017-07-04 09:07:50,1439,2522.8815656831694,5688.456754824875,0.0,676.7692842251564,1019.3655391983389,602,12,23379.08842566767,DoS Slowhttptest,0.05350938151494093
2017-07-04 09:08:00,1446,2435.0734722202283,5845.748216833095,0.0,662.4820193637621,996.7765441237206,635,12,23299.283362684597,DoS Slowhttptest,0.048409405255878286
2017-07-04 09:08:10,1452,2505.509338102534,5629.638237384506,0.0,667.3319559228651,989.9949654924393,621,12,23386.76338724683,DoS Slowhttptest,0.05165289256198347
2017-07-04 09:08:20,1446,2324.4683982062434,5886.782078853046,0.0,659.9183955739973,1021.8203277795195,624,12,23478.75589691783,DoS Slowhttptest,0.050484094052558784
2017-07-04 09:08:30,1447,2331.918370721701,5727.959459459459,0.0,700.473393227367,1049.7908718584722,623,11,23529.837512322138,DoS Slowhttptest,0.05459571527297857
2017-07-04 09:08:40,1447,2549.5455251051203,6096.456152758133,0.0,691.4105044920525,1008.9723440125842,614,10,23418.352038082186,DoS Slowhttptest,0.055286800276434005
2017-07-04 09:08:50,1446,2599.1020057717988,6274.781560283688,0.0,703.8706777316736,1035.907613286135,594,16,23313.73433461495,DoS Slowhttptest,0.051175656984785614
2017-07-04 09:09:00,1446,2598.068559012572,5993.72053634439,0.0,714.2655601659751,1055.364013694475,638,10,23332.34622721408,DoS Slowhttptest,0.04771784232365145
2017-07-04 09:09:10,1465,2327.1589986758427,5539.516877637131,0.0,695.3037542662116,1043.8097379355684,625,9,23736.827519213468,DoS Slowhttptest,0.04368600682593857
2017-07-04 09:09:20,1437,2378.594850964269,5177.125089349535,0.0,706.9582463465554,1047.9293462299636,614,14,23533.923604769803,DoS Slowhttptest,0.04871259568545581
2017-07-04 09:09:30,1449,2327.554820623101,5600.481876332623,0.0,694.7218771566597,1037.5898972290704,635,13,23510.912311692355,DoS Slowhttptest,0.05106970324361629
2017-07-04 09:09:40,1448,2364.287128159996,5448.0703125,0.0,676.0089779005525,1017.632136087286,631,16,23459.26585610761,DoS Slowhttptest,0.06353591160220995
2017-07-04 09:09:50,1445,2390.3035666018077,5857.799575070821,0.0,663.1044982698962,993.9257690408314,627,13,23642.820986564515,DoS Slowhttptest,0.05467128027681661
2017-07-04 09:10:00,1445,2515.612188365651,5996.4555160142345,0.0,681.0927335640139,1012.2771125602748,619,17,23770.214513947743,DoS Slowhttptest,0.057439446366782006
2017-07-04 09:10:10,1441,2501.4708236949646,6009.0952040085895,0.0,691.8258154059681,1051.152732744069,623,18,23329.339296506576,DoS Slowhttptest,0.05343511450381679
2017-07-04 09:10:20,1441,2507.6301468887345,5980.330229226361,0.0,696.8743927827898,1045.278401998287,617,14,23394.394764760305,DoS Slowhttptest,0.05412907702984039
2017-07-04 09:10:30,1429,2325.5891007207642,5979.574605451937,0.0,678.1301609517145,1023.6270779981196,613,13,23528.810716031498,DoS Slowhttptest,0.05318404478656403
2017-07-04 09:10:40,1442,2556.9198170094937,6078.838549075391,0.0,691.8037447988904,1026.155056259196,601,13,23536.8586896709,DoS Slowhttptest,0.05825242718446602
2017-07-04 09:10:50,1440,2466.6223028144545,5931.015625,0.0,675.2409722222222,987.5471728540261,631,15,23385.492573743,DoS Slowhttptest,0.05347222222222222
2017-07-04 09:11:00,1435,2510.7157902409863,6680.119115549215,0.0006968641114982578,694.3428571428572,1037.9331198622738,607,10,23388.722147034612,DoS Slowhttptest,0.05226480836236934
2017-07-04 09:11:10,1435,2546.571707511456,6100.170014347203,0.0,685.6285714285714,1007.0429436012267,612,14,23640.967852319245,DoS Slowhttptest,0.0445993031358885
2017-07-04 09:11:20,1443,2506.4382753606055,6191.760371959943,0.0,692.2557172557173,1036.188657470181,619,16,23614.328890821664,DoS Slowhttptest,0.05544005544005544
2017-07-04 09:11:30,1433,2555.5353908470333,6415.656384505021,0.0,702.3991625959526,1018.9406783130636,632,16,23632.60176136423,DoS Slowhttptest,0.0642009769713887
2017-07-04 09:11:40,1429,2497.5369418586183,6193.306973400431,0.0,693.7347795661302,1012.501392771963,594,15,23476.564923888956,DoS Slowhttptest,0.0622813156053184
2017-07-04 09:11:50,1440,2540.0245536058997,6269.6469329529245,0.0,714.4381944444444,1062.4584562043099,625,12,23599.375437073748,DoS Slowhttptest,0.05486111111111111
2017-07-04 09:12:00,1451,2404.849466955013,6615.746817538897,0.0,723.6912474155755,1053.4391891778819,611,14,23642.67086168806,DoS Slowhttptest,0.05513439007580979
2017-07-04 09:12:10,1448,2251.657511540356,5958.428874734607,0.0,687.7734806629834,1026.181954664253,611,21,23265.089272935304,DoS Slowhttptest,0.06077348066298342
2017-07-04 09:12:20,1427,2412.0258901902894,5880.380505415163,0.0,698.2494744218641,1029.9017107432144,605,16,23583.231331131537,DoS Slowhttptest,0.05746320953048353
2017-07-04 09:12:30,1444,2319.396722260295,5916.7303290414875,0.0,708.2174515235457,1061.0242491039357,623,9,23734.866208080828,DoS Slowhttptest,0.05332409972299169
2017-07-04 09:12:40,1426,2319.9036839644696,5793.550505050505,0.0,683.31206171108,1011.0495058358441,619,13,23668.219482049484,DoS Slowhttptest,0.05960729312762973
2017-07-04 09:12:50,1446,2417.627651031123,5744.568879371877,0.0,687.1161825726141,1015.7657872704485,631,9,23508.75716317963,DoS Slowhttptest,0.056016597510373446
2017-07-04 09:13:00,1437,2423.9867886710745,5217.28011404134,0.0,693.3959638135003,1015.133115472323,610,14,23623.55462441359,DoS Slowhttptest,0.05358385525400139
2017-07-04 09:13:10,1442,2357.8728094702305,6217.820895522388,0.0,688.8425797503468,1042.249583257227,615,11,23572.85697965478,DoS Slowhttptest,0.059639389736477116
2017-07-04 09:13:20,1435,2382.8232939221202,5941.979315263909,0.0,696.0710801393728,1064.741270275971,639,13,23838.606027889462,DoS Slowhttptest,0.05505226480836237
2017-07-04 09:13:30,1447,2304.234425018233,5454.995741660752,0.0,697.2149274360746,1037.392663433152,624,6,23481.25218092959,DoS Slowhttptest,0.05874222529371113
2017-07-04 09:13:40,1441,2337.308050929139,5855.549005681818,0.0,656.2616238723109,980.8512156284771,632,9,23601.961391722132,DoS Slowhttptest,0.054823039555863984
2017-07-04 09:13:50,1434,2389.4862792845665,5938.102362204724,0.0,682.7412831241284,1035.7527749890153,642,11,23759.94447785602,DoS Slowhttptest,0.05788005578800558
2017-07-04 09:14:00,1436,2408.7920802073127,6041.792235801581,0.0,690.690807799443,1026.912411139518,628,7,23470.594986798977,DoS Slowhttptest,0.054317548746518104
2017-07-04 09:14:10,1442,2510.79094017966,5528.508196721312,0.0,715.3002773925105,1043.1456414476659,599,12,23415.512382709727,DoS Slowhttptest,0.060332871012482664
2017-07-04 09:14:20,1441,2400.49550466497,5905.795454545455,0.0,683.7869535045107,1013.061026870052,621,9,23594.995370170996,DoS Slowhttptest,0.055517002081887576
2017-07-04 09:14:30,1436,2375.5173599720483,6177.568879371877,0.0,692.675487465181,1031.672461992786,608,9,23629.40879250064,DoS Slowhttptest,0.056406685236768804
2017-07-04 09:14:40,1448,2288.608887410417,6052.436440677966,0.0,680.506906077348,1022.2016186773694,645,12,23480.94979554022,DoS Slowhttptest,0.060082872928176795
2017-07-04 09:14:50,1458,2458.497689127649,5871.472435450105,0.0,693.0212620027435,1044.135614809942,635,9,23591.700728672517,DoS Slowhttptest,0.0541838134430727
2017-07-04 09:15:00,1450,2167.159532614645,5944.186535764376,0.0,700.1696551724137,1053.9749422670006,626,14,23370.13850338732,DoS Slowhttptest,0.06137931034482759
2017-07-04 09:15:10,1454,2289.3828359671356,5853.163829787234,0.0,682.7269601100413,1032.9766610363522,633,12,23333.096827996815,DoS Slowhttptest,0.0515818431911967
2017-07-04 09:15:20,1457,2247.7938080279364,5823.5407303370785,0.0,677.7357584076871,1013.8379347869364,628,9,23529.912807808803,DoS Slowhttptest,0.05833905284831846
2017-07-04 09:15:30,1444,2328.407554955339,5970.1964412811385,0.0,683.0616343490304,1033.07144117635,615,13,23502.175317807898,DoS Slowhttptest,0.05817174515235457
2017-07-04 09:15:40,1451,2325.5670610043016,6267.32531824611,0.0,683.4693314955204,1033.416446878742,641,13,23377.39396136649,DoS Slowhttptest,0.05306685044796692
2017-07-04 09:15:50,1444,2380.5568673297207,6136.450994318182,0.0,730.1779778393352,1086.9248971243142,651,11,23515.720792445147,DoS Slowhttptest,0.05332409972299169
2017-07-04 09:16:00,1448,2376.684790784515,5794.033145275035,0.0,672.5490331491712,1029.279354354817,644,7,23401.38961515477,DoS Slowhttptest,0.060082872928176795
2017-07-04 09:16:10,1450,2065.185215011542,5894.004943502825,0.0,640.5979310344827,963.2061163084416,631,11,23580.921362024008,DoS Slowhttptest,0.057931034482758624
2017-07-04 09:16:20,1446,2283.9272274787386,5582.763157894737,0.0,654.2524204702628,993.9415900025001,640,12,23638.74489187898,DoS Slowhttptest,0.06016597510373444
2017-07-04 09:16:30,1445,2373.9278455654708,6128.444992947814,0.0,683.1335640138408,1001.2753920968297,637,11,23457.396935652585,DoS Slowhttptest,0.05051903114186851
2017-07-04 09:16:40,1442,2397.256242053359,5853.124378109453,0.0,691.6373092926491,1023.3220809748312,605,10,23629.6890559537,DoS Slowhttptest,0.05547850208044383
2017-07-04 09:16:50,1434,2223.6002067231752,6297.452533904354,0.0,698.3786610878661,1032.765398350481,620,4,23365.627432524543,DoS Slowhttptest,0.05369595536959554
2017-07-04 09:17:00,1444,2268.316578457853,6171.873676781934,0.0,667.733379501385,978.7899746723667,601,12,23385.43024307318,DoS Slowhttptest,0.06717451523545706
2017-07-04 09:17:10,1448,2395.2184554059263,6052.877911079746,0.0,689.732044198895,1001.4388556672084,612,12,23458.345773275876,DoS Slowhttptest,0.05939226519337017
2017-07-04 09:17:20,1451,2503.488621877896,5925.206338028169,0.0,710.9152308752584,1035.1504926649131,609,8,23639.83052463087,DoS Slowhttptest,0.057201929703652656
2017-07-04 09:17:30,1446,2274.5229804687315,5767.311394196745,0.0,717.121715076072,1052.6396277298463,617,10,23627.671059214135,DoS Slowhttptest,0.050484094052558784
2017-07-04 09:17:40,1448,2357.445894439629,6120.132906894101,0.0,690.8059392265193,1030.4362997502901,628,8,23507.195603165994,DoS Slowhttptest,0.049723756906077346
2017-07-04 09:17:50,1443,2131.1118893351904,5576.691977077364,0.0,702.072765072765,1025.7488240506923,611,9,23395.054508870995,DoS Slowhttptest,0.05474705474705475
2017-07-04 09:18:00,1440,2351.2119450235505,5992.653655074521,0.0,700.3840277777778,1024.4304028075376,617,10,23486.18161938318,DoS Slowhttptest,0.05625
2017-07-04 09:18:10,1435,2326.3193309326994,5884.409318996416,0.0,722.6418118466898,1069.5178484238274,624,14,23463.13349112138,DoS Slowhttptest,0.05505226480836237
2017-07-04 09:18:20,1440,2334.097250694927,6148.235673352436,0.0,701.21875,1038.1833622257332,630,13,23564.59969669074,DoS Slowhttptest,0.06111111111111111
2017-07-04 09:18:30,1444,2280.9552985757973,5941.77211606511,0.0,692.3801939058171,1028.7094500162325,636,12,23538.31644491161,DoS Slowhttptest,0.05609418282548476
2017-07-04 09:18:40,1439,2311.5639772636114,6498.547788873038,0.0,685.6650451702571,1030.0980395945212,638,8,23611.08254843604,DoS Slowhttptest,0.059763724808895066
2017-07-04 09:18:50,1429,2235.0843305831777,6094.448325017819,0.0,709.9587123862841,1063.6889474209872,634,11,23574.958403309283,DoS Slowhttptest,0.052484254723582924
2017-07-04 09:19:00,1458,2257.455807214215,6009.931690140845,0.0,690.9677640603567,1047.8303391712102,643,11,23568.088246465304,DoS Slowhttptest,0.05212620027434842
2017-07-04 09:19:10,1448,2321.1165413677377,5758.248067463106,0.0,688.1899171270718,1031.9584425789367,628,16,23376.164941229887,DoS Slowhttptest,0.05662983425414365
2017-07-04 09:19:20,1450,2308.4657652126325,5735.455382436261,0.0,682.9489655172414,1028.3375980071523,655,4,23485.167068987863,DoS Slowhttptest,0.05448275862068966
2017-07-04 09:19:30,1450,2338.1588639013826,5515.515237420269,0.0,690.0648275862069,1012.858416792817,664,12,23349.929432765333,DoS Slowhttptest,0.05862068965517241
2017-07-04 09:19:40,1441,2498.716349564346,6777.800571837027,0.0,697.7814018043026,1016.2639537587773,646,14,23474.976802697773,DoS Slowhttptest,0.06731436502428868
2017-07-04 09:19:50,1445,2398.802956991824,5850.08439716312,0.0,702.7487889273357,1029.153474380718,625,10,23444.28431547891,DoS Slowhttptest,0.056055363321799306
2017-07-04 09:20:00,1444,2389.9388527671076,5779.065294535131,0.0,694.9065096952909,1024.1541290724724,604,12,23634.332192593818,DoS Slowhttptest,0.05955678670360111
2017-07-04 09:20:10,1454,2208.603519162081,5514.109695682944,0.0,676.8012379642366,1030.9324979113185,639,12,23548.831845693712,DoS Slowhttptest,0.052269601100412656
2017-07-04 09:20:20,1459,2376.3554410400047,6158.723120168658,0.0,712.9383139136395,1055.784293100855,647,11,23550.053072574654,DoS Slowhttptest,0.055517477724468814
2017-07-04 09:20:30,1439,2365.310354992698,6079.38439716312,0.0,713.9430159833217,1044.7586325877844,624,14,23556.309333471236,DoS Slowhttptest,0.06045865184155664
2017-07-04 09:20:40,1438,2499.0805838736433,6245.622332859175,0.0,706.2051460361613,1043.3397437051149,611,11,23499.971838943566,DoS Slowhttptest,0.05493741307371349
2017-07-04 09:20:50,1441,2522.7834432107334,5785.1572146446515,0.0,708.2713393476753,1024.0963017956894,613,12,23523.26375773798,DoS Slowhttptest,0.05759888965995836
2017-07-04 09:21:00,1449,2557.4199219122347,6042.399572649572,0.0,717.5900621118012,1040.9126787406562,612,15,23459.879826637352,DoS Slowhttptest,0.055900621118012424
2017-07-04 09:21:10,1449,2473.4245564668336,6121.637199434229,0.0,717.0572808833679,1040.8098944367885,626,12,23492.853516701307,DoS Slowhttptest,0.051759834368530024
2017-07-04 09:21:20,1440,2422.5104234229016,5672.109452736318,0.0,731.1916666666667,1090.9218908769044,632,15,23586.757380310373,DoS Slowhttptest,0.04791666666666667
2017-07-04 09:21:30,1443,2470.128082098956,6008.220242337848,0.0,718.6486486486486,1041.6049458842228,606,12,23389.277774082027,DoS Slowhttptest,0.05336105336105336
2017-07-04 09:21:40,1444,2437.9505685101253,5938.795744680851,0.0,711.3150969529086,1040.8816481362371,625,14,23451.834282092095,DoS Slowhttptest,0.04709141274238227
2017-07-04 09:21:50,1445,2249.4010342282586,5712.207412687099,0.0,715.3397923875433,1071.3211922971811,652,10,23627.747449242823,DoS Slowhttptest,0.05536332179930796
2017-07-04 09:22:00,1448,2369.3323503190068,6061.847192608387,0.0,677.2582872928177,1008.2780230690906,626,17,23409.781273626184,DoS Slowhttptest,0.052486187845303865
2017-07-04 09:22:10,1453,2328.084054269783,6414.988676574664,0.0,705.1520991052994,1038.3432811694088,624,15,23508.06838099793,DoS Slowhttptest,0.05505849965588438
2017-07-04 09:22:20,1450,2306.5534018704934,5701.058238636364,0.0,685.9310344827586,1015.1725263128596,626,15,23534.687221648124,DoS Slowhttptest,0.05517241379310345
2017-07-04 09:22:30,1445,2298.15471920559,5526.956951305575,0.0,731.2498269896194,1054.8588189831214,626,16,23142.629794060045,DoS Slowhttptest,0.05813148788927336
2017-07-04 09:22:40,1456,2135.6253195687473,5717.615977575333,0.0,734.0467032967033,1096.2103326232375,625,14,23352.489603925496,DoS Slowhttptest,0.054945054945054944
2017-07-04 09:22:50,1447,2397.50606443818,6424.094125973107,0.0,714.2536281962681,1027.6032003776143,632,15,23411.824827151864,DoS Slowhttptest,0.0497581202487906
2017-07-04 09:23:00,1456,2246.893644027794,6230.940383250532,0.0,716.8475274725274,1039.7434147368897,631,9,23528.002505220422,DoS Slowhttptest,0.0521978021978022
2017-07-04 09:23:10,1444,2418.9479496009967,6105.222064056939,0.0,719.314404432133,1055.730456993757,613,14,23202.79521260581,DoS Slowhttptest,0.05055401662049862
2017-07-04 09:23:20,1435,2449.492552690022,6218.052254831782,0.0,698.7567944250872,1025.2911067794562,612,12,23462.37378188585,DoS Slowhttptest,0.05365853658536585
2017-07-04 09:23:30,1435,2516.827236987253,5681.890156918687,0.0,683.8578397212543,1020.8182435338099,622,12,23216.0865606833,DoS Slowhttptest,0.05156794425087108
2017-07-04 09:23:40,1428,2374.7240317290198,5625.468299711815,0.0,704.8319327731092,1027.3242428633125,627,12,23397.21669329627,DoS Slowhttptest,0.056022408963585436
2017-07-04 09:23:50,1427,2385.187676851269,6241.370397111913,0.0,702.510161177295,1041.0364564454171,592,16,23280.562897372303,DoS Slowhttptest,0.05606166783461808
2017-07-04 09:24:00,1443,2587.523817213138,5893.279685264663,0.0,718.3714483714484,1058.4543820360743,619,15,23398.65524061894,DoS Slowhttptest,0.05197505197505198
2017-07-04 09:24:10,1444,2504.9917564592083,6677.6711840228245,0.0,688.3684210526316,1032.1706782690103,626,11,23365.468237720037,DoS Slowhttptest,0.05609418282548476
2017-07-04 09:24:20,1447,2337.0044476051467,5944.195017793594,0.0,705.8776779543884,1035.60857197555,609,16,23544.77799083942,DoS Slowhttptest,0.05114029025570145
2017-07-04 09:24:30,1442,2370.21758708941,5706.9778887303855,0.0,686.870319001387,996.9721199091948,602,14,23368.44326853613,DoS Slowhttptest,0.054785020804438284
2017-07-04 09:24:40,1443,2516.0486330777594,5629.126420454545,0.0,693.6403326403326,1015.1232471419913,649,13,23331.25508136688,DoS Slowhttptest,0.05474705474705475
2017-07-04 09:24:50,1443,2394.7430063158217,5916.761363636364,0.0,707.006237006237,1020.60067127004,614,10,23341.845354073834,DoS Slowhttptest,0.058905058905058906
2017-07-04 09:25:00,1439,2356.7882560231037,5960.522580645162,0.0,698.0361362056984,1050.4589082994503,607,6,23454.200913798395,DoS Slowhttptest,0.04933981931897151
2017-07-04 09:25:10,1446,2381.631411314831,5359.473609129815,0.0,708.8070539419087,1029.2135685398198,620,15,23338.58858868556,DoS Slowhttptest,0.05394190871369295
2017-07-04 09:25:20,1433,2289.332563048961,5692.955619183966,0.0,680.9846475924634,1001.4552294435241,630,10,23313.090778512124,DoS Slowhttptest,0.05931612002791347
2017-07-04 09:25:30,1445,2233.104879755389,5737.664516129033,0.0,697.8608996539792,1020.2911848236413,632,12,23334.26611771825,DoS Slowhttptest,0.058823529411764705
2017-07-04 09:25:40,1443,2353.1017048201516,5175.497134670487,0.0,695.7442827442827,1025.5292232228212,615,9,23455.975308101883,DoS Slowhttptest,0.058212058212058215
2017-07-04 09:25:50,1440,2331.225812195969,5346.73613086771,0.0,682.2034722222222,1005.987485496083,607,11,23452.954203909707,DoS Slowhttptest,0.059722222222222225
2017-07-04 09:26:00,1443,2415.4559339025354,5873.985074626866,0.0,696.6708246708247,1012.9532141403436,621,2,23378.644168049377,DoS Slowhttptest,0.058905058905058906
2017-07-04 09:26:10,1436,2367.274455271612,5901.270192994996,0.0,693.849582172702,1026.6260064646965,619,7,23542.302060325594,DoS Slowhttptest,0.06197771587743733
2017-07-04 09:26:20,1451,2221.812716081656,5525.146306818182,0.0,673.9662301860785,987.4550770559848,633,14,23369.654167715827,DoS Slowhttptest,0.05444521019986216
2017-07-04 09:26:30,1446,2377.973723958707,6175.466760961811,0.0,697.1251728907331,1028.948052984012,596,8,23246.31531743669,DoS Slowhttptest,0.04979253112033195
2017-07-04 09:26:40,1446,2364.816079197117,5903.404390934844,0.0,695.2586445366528,1017.3390153518413,616,10,23289.13171225229,DoS Slowhttptest,0.059474412171507604
2017-07-04 09:26:50,1433,2293.0118027968047,5749.962697274032,0.0,711.2958827634334,1048.0078456362621,627,11,23615.753698976154,DoS Slowhttptest,0.05024424284717376
2017-07-04 09:27:00,1450,2421.1155203350704,6459.064907275321,0.0,671.6751724137931,1004.8004234491374,623,9,23455.223954143563,DoS Slowhttptest,0.05517241379310345
2017-07-04 09:27:10,1450,2361.176489850313,6246.611781405252,0.0,711.2779310344828,1055.2511568989173,597,10,23607.86795551332,DoS Slowhttptest,0.05517241379310345
2017-07-04 09:27:20,1448,2470.369810657982,5997.029829545455,0.0,673.7175414364641,988.5650981772033,632,10,23484.617820650026,DoS Slowhttptest,0.05386740331491713
2017-07-04 09:27:30,1447,2340.072447310742,5498.258706467662,0.0,697.9626814098134,1036.9197555834407,606,16,23486.533103040536,DoS Slowhttptest,0.05044920525224603
2017-07-04 09:27:40,1455,2370.9939713646913,5328.410147991543,0.0,689.4103092783505,1017.3272842760264,623,13,23447.45541571071,DoS Slowhttptest,0.05017182130584193
2017-07-04 09:27:50,1457,2302.4807616885514,5178.670205237084,0.0,698.0384351407,1017.5042078940827,630,9,23387.693004512086,DoS Slowhttptest,0.04941660947151681
2017-07-04 09:28:00,1449,2266.9759855339366,5745.793661971831,0.0006901311249137336,714.32022084196,1038.3439672618715,623,14,23703.266629724825,DoS Slowhttptest,0.04692891649413389
2017-07-04 09:28:10,1453,2226.0627702919196,5286.627118644068,0.0,706.0027529249828,1043.2755830274073,637,12,23560.449276843032,DoS Slowhttptest,0.04955264969029594
2017-07-04 09:28:20,1454,2429.3716008523847,5598.945736434109,0.0,701.8823933975241,1055.8766862951263,616,9,23235.542273489555,DoS Slowhttptest,0.048143053645116916
2017-07-04 09:28:30,1442,2417.607896735296,5775.332382310984,0.0,689.7746185852982,1014.8806316831586,623,20,23525.767937751556,DoS Slowhttptest,0.05409153952843273
2017-07-04 09:28:40,1448,2420.4657989286275,5937.464768683274,0.0,689.2838397790056,1023.3317667631145,617,12,23397.827754350466,DoS Slowhttptest,0.05386740331491713
2017-07-04 09:28:50,1447,2419.977077580266,6269.816881258941,0.0,697.1907394609538,1054.7051121949285,645,11,23585.336114048918,DoS Slowhttptest,0.05736005528680028
2017-07-04 09:29:00,1439,2198.6137771458893,6104.548850574713,0.0,707.0611535788743,1032.0273674749644,627,14,23367.57889077504,DoS Slowhttptest,0.05211952744961779
2017-07-04 09:29:10,1436,2425.7045839682432,5947.908701854493,0.0,715.683147632312,1040.1593950594465,611,10,23432.646178637864,DoS Slowhttptest,0.055710306406685235
2017-07-04 09:29:20,1434,2360.746367988663,5955.83891660727,0.0,704.8654114365412,1008.1045305963057,607,14,23199.85737539903,DoS Slowhttptest,0.05160390516039052
2017-07-04 09:29:30,1445,2488.516540942595,5789.043509272468,0.0,697.7584775086506,1028.6342809134142,604,10,23292.019687505668,DoS Slowhttptest,0.05121107266435986
2017-07-04 09:29:40,1444,2353.852661525792,5846.0651395848245,0.0,697.2936288088642,1023.6297405841166,612,11,23476.18304871682,DoS Slowhttptest,0.05055401662049862
2017-07-04 09:29:50,1439,2464.654680222415,5903.605886575736,0.0,700.7512161223071,1028.94470931962,602,10,23137.741056148203,DoS Slowhttptest,0.05142460041695622
2017-07-04 09:30:00,1439,2574.4598222958493,5942.6841349605165,0.0,700.330785267547,1036.0831520758586,637,6,23380.585339902256,DoS Slowhttptest,0.05489923558026407
2017-07-04 09:30:10,1443,2544.6168302090628,6326.1385927505335,0.0,699.6444906444906,1012.1155665183185,605,12,23410.101044221694,DoS Slowhttptest,0.05405405405405406
2017-07-04 09:30:20,1430,2574.345338566263,6389.719740634006,0.0,738.5748251748252,1092.6757200454495,620,18,23201.555942425974,DoS Slowhttptest,0.04895104895104895
2017-07-04 09:30:30,1440,2407.957605107714,6193.333333333333,0.0,703.7784722222223,1037.9122481397576,593,18,23474.173817088737,DoS Slowhttptest,0.05486111111111111
2017-07-04 09:30:40,1445,2538.6427532133926,6091.628917378917,0.0,693.7515570934256,1023.1864301200703,619,18,23340.789808752605,DoS Slowhttptest,0.05328719723183391
2017-07-04 09:30:50,1436,2611.8362214047925,5575.690201729107,0.0,674.6580779944289,1002.6749717808588,633,15,23389.001109902543,DoS Slowhttptest,0.05362116991643454
2017-07-04 09:31:00,1441,2565.635920271416,5729.236428571428,0.0,687.824427480916,1026.887276277519,614,18,23511.583309576166,DoS Slowhttptest,0.05065926439972242
2017-07-04 09:31:10,1431,2312.640111809923,6087.977011494253,0.0,705.1397624039133,1041.173328861497,595,14,23581.863343507914,DoS Slowhttptest,0.050314465408805034
2017-07-04 09:31:20,1431,2353.507455786701,5854.46346704871,0.0,712.8518518518518,1039.3599168613523,606,14,23383.489204818863,DoS Slowhttptest,0.05450733752620545
2017-07-04 09:31:30,1439,2531.9848768800007,5859.626334519573,0.0,700.1695621959694,1028.0200546209874,592,13,23306.806541384907,DoS Slowhttptest,0.05559416261292564
2017-07-04 09:31:40,1443,2561.9657190530975,5574.318018664752,0.0,687.7706167706168,1034.7875005726044,604,14,23218.87250635115,DoS Slowhttptest,0.04851004851004851
2017-07-04 09:31:50,1440,2467.4658250328157,5610.666905444126,0.0,675.8770833333333,1017.2100431503113,634,13,23304.653945695343,DoS Slowhttptest,0.05347222222222222
2017-07-04 09:32:00,1442,2287.835953418848,6277.030736240172,0.0,680.9029126213592,1018.8785225555739,602,18,23424.120710162602,DoS Slowhttptest,0.052011095700416086
2017-07-04 09:32:10,1436,2314.0441314918526,6436.168812589413,0.0,714.9777158774373,1038.9007750545743,602,15,23312.349503542333,DoS Slowhttptest,0.054317548746518104
2017-07-04 09:32:20,1451,2519.7685353739394,6198.923728813559,0.0,701.6381805651275,1047.803341987021,609,14,23031.278031208516,DoS Slowhttptest,0.052377670572019294
2017-07-04 09:32:30,1454,2525.2893974521244,5674.383581033263,0.0,690.3590096286107,1027.7425058641522,655,17,23146.543517295424,DoS Slowhttptest,0.05089408528198074
2017-07-04 09:32:40,1436,2648.559290227403,5667.955808980755,0.0,685.4025069637883,1028.1753119101747,623,11,23141.912322742264,DoS Slowhttptest,0.057103064066852366
2017-07-04 09:32:50,1443,2320.7439684429974,5978.555869872702,0.0,658.8835758835759,991.9254676910235,605,12,23324.04970379868,DoS Slowhttptest,0.056133056133056136
2017-07-04 09:33:00,1449,2319.9209799861974,5976.240938166311,0.0,662.5334713595583,1024.864451563801,615,12,23243.12400308957,DoS Slowhttptest,0.05659075224292615
2017-07-04 09:33:10,1446,2393.2785002895466,6107.483687943262,0.0,668.7939142461964,1032.173361483772,633,15,23322.681803583986,DoS Slowhttptest,0.050484094052558784
