Timestamp, Destination Port,Flow Duration,Total Fwd Packets,Total Backward Packets,Flow Bytes/s,Flow Packets/s,SYN Flag Count,ACK Flag Count,RST Flag Count,Fwd IAT Mean,Fwd IAT Std,Label
04/07/2017 09:00:01,25,313771,7,4,11866.053703744226,43.75131853564574,0,5,0,939.3984187966162,446.1171887419867,BENIGN
04/07/2017 09:00:03,3306,536479,26,18,30629.857240376776,82.15235542546533,1,10,0,8643.006083420054,177.12688091698902,BENIGN
04/07/2017 09:00:04,53,159269,14,29,22069.38210701143,7.931925282013793,1,1,0,9363.655061237745,721.5034567062506,BENIGN
04/07/2017 09:00:01,80,267208,30,21,10593.936419319116,116.94945095516194,0,7,0,14166.615487276249,2083.623660689552,BENIGN
04/07/2017 09:00:03,53,313687,36,16,6986.545434549792,36.75853031601171,1,3,0,5585.054575079599,2951.6880130745985,BENIGN
04/07/2017 09:00:04,8080,309349,17,11,29120.3325370817,118.21856260442003,1,10,0,10659.621479841897,4122.874393843724,BENIGN
04/07/2017 09:00:03,3306,706987,39,18,17311.564997525496,14.594923822191694,1,2,0,13394.529170286396,975.0455279693148,BENIGN
04/07/2017 09:00:06,22,773694,37,15,13655.77405528665,117.07608191264818,0,5,0,2997.4682441488258,171.81530353648435,BENIGN
04/07/2017 09:00:05,3306,198502,22,2,28708.871503267674,59.36012559247616,0,3,0,10705.515168057731,294.33501855695454,BENIGN
04/07/2017 09:00:07,80,194456,37,14,26240.465650617294,16.696171694162658,0,1,0,7810.112973833417,4768.739991314386,BENIGN
04/07/2017 09:00:07,8080,564503,11,5,11600.050935647114,53.662780903679064,1,7,0,12956.870807760479,2752.8661275597747,BENIGN
04/07/2017 09:00:06,80,506211,22,2,14466.070900377785,23.147086703044923,0,6,0,4796.081328781112,1808.3299300666934,BENIGN
04/07/2017 09:00:06,53,108152,31,3,873.9579301922386,89.89249777404267,1,2,0,13753.45363463129,1290.4471456734043,BENIGN
04/07/2017 09:00:08,443,712596,28,22,3950.09322137023,106.54354382539526,0,9,0,10981.713660420619,4531.593978072835,BENIGN
04/07/2017 09:00:07,21,120578,22,14,25273.9392763727,46.6048229472856,0,6,0,7500.616721356649,519.7006903289534,BENIGN
04/07/2017 09:00:07,445,154099,24,22,3977.1030783943856,73.845470301545,1,1,0,1005.371626394967,2106.2859165406226,BENIGN
04/07/2017 09:00:07,8080,476200,18,29,16464.045254049655,69.32540477139122,1,10,0,10734.094297940526,2230.124283140632,BENIGN
04/07/2017 09:00:08,53,541923,9,27,21049.267292317098,24.55409337479584,1,2,0,5418.411576527703,4747.163650087283,BENIGN
04/07/2017 09:00:08,80,173821,8,15,8794.057170678861,73.49874023450343,1,3,0,9371.043866535829,4481.848202398737,BENIGN
04/07/2017 09:00:11,21,279443,26,35,29179.355963206803,14.158438192856924,1,5,0,3978.529308542267,478.031142946434,BENIGN
04/07/2017 09:00:08,80,346920,22,3,15632.608387595661,29.112605718672803,0,7,0,12863.525875768199,2357.785245454531,BENIGN
04/07/2017 09:00:09,53,551912,37,17,3215.792744654248,9.91449617833874,1,1,0,7123.371424657217,3616.973922750266,BENIGN
04/07/2017 09:00:11,445,650715,31,14,3024.807067363742,36.42765892889833,0,5,0,12934.63575401654,304.8121420003258,BENIGN
04/07/2017 09:00:09,3306,337543,19,28,3231.72100636995,15.260959050913632,1,8,0,6084.463636208432,1070.1818741626616,BENIGN
04/07/2017 09:00:11,53,246420,25,9,8779.607742017219,66.03051012715898,1,9,0,10628.187589709109,2539.6205927039227,BENIGN
04/07/2017 09:00:11,22,767072,40,27,14357.131107558234,33.68653621331646,1,8,0,7662.117708835168,4381.541081663611,BENIGN
04/07/2017 09:00:13,8080,647304,13,2,7667.181751988758,13.207281914756685,1,5,0,7158.047088526158,863.3426126312671,BENIGN
04/07/2017 09:00:13,80,294411,14,12,4196.820697752901,84.47871070476891,0,4,0,4790.148475953517,254.86422278183292,BENIGN
04/07/2017 09:00:14,80,258386,7,17,2119.3276148079512,50.4634643774969,0,10,0,5473.902226342709,3302.856908988207,BENIGN
04/07/2017 09:00:13,25,252028,36,10,8764.263018287798,8.763794184190763,0,10,0,9308.126626834439,2806.3990988611554,BENIGN
04/07/2017 09:00:15,3306,746049,7,16,20168.299185321033,84.43654318789528,0,4,0,11885.20194440601,3064.687872075903,BENIGN
04/07/2017 09:00:14,445,520768,34,18,10196.905262672773,118.68354014001534,1,9,0,998.0805833816131,4663.28239674874,BENIGN
04/07/2017 09:00:14,445,709654,28,10,26746.943973013327,104.49778641602325,1,5,0,7727.149680379229,4293.843939697464,BENIGN
04/07/2017 09:00:15,25,390101,38,7,11921.876323588762,43.07652875255015,1,6,0,4670.574575463674,2573.579879973674,BENIGN
04/07/2017 09:00:15,53,365125,27,19,16338.01020163992,49.84692868561748,1,9,0,4214.344862551598,1017.5315056067262,BENIGN
04/07/2017 09:00:17,53,754180,14,20,2661.0883078121037,57.18726173847852,1,4,0,662.2513228783088,2495.91638108279,BENIGN
04/07/2017 09:00:15,8080,62198,29,29,33766.916359693634,10.680564960757797,0,6,0,11704.661421053128,3736.466722425952,BENIGN
04/07/2017 09:00:19,22,165492,25,8,32559.48778623046,44.39170102671692,1,10,0,12122.798132253323,1656.906546273552,BENIGN
04/07/2017 09:00:17,53,341235,33,12,3703.041301436283,88.514165518536,0,3,0,8347.378054834087,3524.9647196788183,BENIGN
04/07/2017 09:00:19,3306,628777,8,21,13219.538850866093,8.240700769386653,0,1,0,2726.7775696018043,1391.1856012596286,BENIGN
04/07/2017 09:00:20,3306,495231,7,29,11494.991382198214,73.90514381668785,0,3,0,3276.5398863443565,3880.8869249029303,BENIGN
04/07/2017 09:00:20,3306,635651,32,6,19353.45351778147,96.71990951651821,0,8,0,5787.224746319451,443.4370993989285,BENIGN
04/07/2017 09:00:18,3306,148506,20,18,2596.0693917008216,105.95823715102755,0,7,0,11024.25643075966,2686.436128879602,BENIGN
04/07/2017 09:00:20,53,220885,3,32,20400.494900440888,29.502511701318443,0,5,0,851.6398657689554,237.41832554355648,BENIGN
04/07/2017 09:00:22,22,772980,4,18,29656.584216183455,56.01393888580193,0,8,0,5664.032256494084,177.03507439804184,BENIGN
04/07/2017 09:00:21,80,716184,28,14,23324.870823108788,77.14508295886537,0,1,0,1310.6500869680322,2298.2797834021003,BENIGN
04/07/2017 09:00:20,443,364973,6,33,8865.09505620785,6.01340972681723,0,2,0,7257.404301698801,1231.6452690578333,BENIGN
04/07/2017 09:00:22,80,174683,21,25,26519.1387319059,76.76394021029765,0,4,0,2933.852684334089,420.2910232115858,BENIGN
04/07/2017 09:00:24,445,142031,14,11,21071.585753261206,99.67050386598193,1,7,0,12414.380243150972,4193.137057201928,BENIGN
04/07/2017 09:00:21,25,478658,29,31,31168.134995936576,12.865901736354111,0,5,0,9292.183945143204,873.9688110651801,BENIGN
04/07/2017 09:00:23,53,666819,8,7,1804.9584740790501,50.459302298708394,0,8,0,1374.231951378968,4845.619088845132,BENIGN
04/07/2017 09:00:23,443,140854,17,6,4123.238525767094,119.66472092773779,1,2,0,8018.843372110437,2961.518015256399,BENIGN
04/07/2017 09:00:22,22,783829,35,26,1367.4104852942069,106.30036712130935,1,9,0,12318.483064005974,119.36486746697447,BENIGN
04/07/2017 09:00:23,445,543366,31,30,33858.80930368421,97.91522971391076,1,1,0,9574.063645215956,651.9607068682957,BENIGN
04/07/2017 09:00:25,21,276680,24,30,33834.50191792801,14.246008179565177,0,5,0,6099.06462409498,4248.543201613935,BENIGN
04/07/2017 09:00:23,21,778910,21,19,31017.307455711925,60.32830140768399,0,8,0,14701.765138034092,2680.904516085469,BENIGN
04/07/2017 09:00:27,443,330217,29,3,33633.85248382039,35.242333894006556,0,2,0,1982.8382251171859,2563.828513513746,BENIGN
04/07/2017 09:00:25,25,742545,23,23,26634.700088340698,32.85516554443487,0,3,0,10724.341658027339,234.90109708486335,BENIGN
04/07/2017 09:00:28,25,14951,20,11,21123.03875420827,108.95440723584733,0,6,0,4169.873366597627,1126.8013504304133,BENIGN
04/07/2017 09:00:28,53,644892,28,8,30935.155128992115,33.26829523061325,0,2,0,10494.758388445589,2965.3124951877758,BENIGN
04/07/2017 09:00:26,445,754069,10,27,6885.104962109196,108.07918496776037,0,3,0,3177.571628096685,1480.3808990186726,BENIGN
04/07/2017 09:00:28,53,582525,9,8,10053.354126949493,85.2490704716795,1,8,0,744.8861203374954,3984.6358742679213,BENIGN
04/07/2017 09:00:28,443,354181,13,2,26415.902054911458,50.488108557266735,1,5,0,1418.9404967449534,618.4296942134438,BENIGN
04/07/2017 09:00:26,445,105984,39,4,8003.854760668622,30.66785911079908,1,9,0,7640.925932757832,1888.3096366425552,BENIGN
04/07/2017 09:00:29,21,11976,8,28,28582.079232411917,113.27159718278213,1,2,0,14234.36929677586,701.810466307834,BENIGN
04/07/2017 09:00:30,445,562699,34,15,31019.364859995007,25.090085414163237,1,4,0,12542.939085882792,4821.472128306232,BENIGN
04/07/2017 09:00:29,53,196185,8,29,12293.038568548796,103.17628231444347,1,9,0,2487.9220888439277,3294.2560552324,BENIGN
04/07/2017 09:00:28,21,692285,36,21,22285.754509600854,104.98095701599495,1,2,0,9727.64681306989,4735.232947573096,BENIGN
04/07/2017 09:00:31,3306,265149,16,22,22488.852583918375,48.92286055258079,0,1,0,7124.091160863818,1868.0834089932903,BENIGN
04/07/2017 09:00:32,25,128226,34,32,1854.8453204624425,92.30825269720066,1,8,0,14634.23925853515,1604.6382925096796,BENIGN
04/07/2017 09:00:32,25,755533,26,17,29922.47592336982,85.68391007115802,0,6,0,6483.889451407097,3768.3976111846932,BENIGN
04/07/2017 09:00:33,3306,536086,40,5,9684.522291347574,68.06703847233726,0,3,0,8542.0439192029,4191.080160342906,BENIGN
04/07/2017 09:00:31,22,764972,6,23,24175.91987785543,46.06820776096004,0,4,0,10951.592458467374,1811.252423665894,BENIGN
04/07/2017 09:00:32,25,77104,28,30,8198.136697643038,32.05817698310334,1,4,0,7918.561204761222,3516.00904966658,BENIGN
04/07/2017 09:00:34,21,623793,29,32,11981.172259441271,51.53538667822669,1,1,0,2141.948329284921,3163.1918403539535,BENIGN
04/07/2017 09:00:33,53,140621,14,16,6629.987753234693,112.27318717813291,0,2,0,13395.150865455076,3980.7663664831316,BENIGN
04/07/2017 09:00:35,8080,59135,32,29,6561.118137502039,34.3019488375442,0,10,0,8593.30741760432,1210.6329864702836,BENIGN
04/07/2017 09:00:36,53,145510,32,17,4110.144192014481,50.48099992778165,1,8,0,3637.7986237139025,2595.471040836467,BENIGN
04/07/2017 09:00:35,25,313742,24,2,13982.429755987105,87.16784540485429,1,4,0,10458.123602039164,2214.2901362222483,BENIGN
04/07/2017 09:00:35,80,307283,15,26,25217.85702919333,100.79907393644157,1,2,0,9531.649683395573,1546.930657675128,BENIGN
04/07/2017 09:00:35,25,367763,8,6,19744.952302381393,85.80127321413087,1,3,0,7858.122635453633,1510.1264612515743,BENIGN
04/07/2017 09:00:36,445,331672,23,20,10847.822741594337,14.526933828198622,1,10,0,1820.3614505487708,2633.1554782684016,BENIGN
04/07/2017 09:00:34,445,284280,4,9,24706.079351989607,83.8385916836555,0,4,0,1679.6493884181918,1730.1527450547874,BENIGN
04/07/2017 09:00:38,3306,257384,4,17,13721.674355055435,59.16496330564956,1,8,0,1420.0614750858683,1649.4419135502353,BENIGN
04/07/2017 09:00:35,22,495071,19,24,2432.5343764837,41.226801914872865,1,9,0,14856.851319091502,1433.8205005480472,BENIGN
04/07/2017 09:00:38,8080,736231,30,15,31477.113419086032,10.85337120425849,1,2,0,2206.966910572173,2050.6845345562824,BENIGN
04/07/2017 09:00:38,445,269016,9,29,6564.122395871781,22.99081290253435,0,6,0,8393.592418453392,4114.262159254913,BENIGN
04/07/2017 09:00:40,22,716497,27,22,21829.350759559442,103.47671727433284,1,8,0,4561.5658117153835,1773.3881899435298,BENIGN
04/07/2017 09:00:37,80,204641,21,9,15872.73191761289,27.948334320220695,0,3,0,14457.076822325445,2210.8306442590947,BENIGN
04/07/2017 09:00:39,445,736464,21,22,4617.324960586043,73.51844051484899,1,4,0,9356.128712111935,3437.2818535651545,BENIGN
04/07/2017 09:00:39,3306,328837,38,26,734.9970557148575,64.86015327635131,0,9,0,4069.2776897254907,4145.573818254963,BENIGN
04/07/2017 09:00:40,53,697873,37,29,9779.875475025889,106.46127830550864,1,10,0,8927.80475004581,4901.554974146954,BENIGN
04/07/2017 09:00:38,25,637023,30,3,18029.714029205315,30.94959585680006,0,2,0,4929.2117481892365,2829.724641979469,BENIGN
04/07/2017 09:00:40,53,45955,27,23,15747.657705033578,87.9121193190634,1,5,0,2999.4229111253585,2326.0392645195966,BENIGN
04/07/2017 09:00:43,25,350742,31,35,568.9537928615736,10.256698250966604,1,4,0,14815.429001182314,766.6985983290242,BENIGN
04/07/2017 09:00:40,3306,157592,19,6,15438.173364967239,99.40175856435778,0,6,0,10701.336005989924,673.1009787945608,BENIGN
04/07/2017 09:00:41,80,791374,29,21,29976.85646632011,66.15783495974156,1,8,0,9098.324681395266,4268.218139097618,BENIGN
04/07/2017 09:00:43,8080,121407,15,11,33700.10392866632,22.192944610059424,0,10,0,878.5234333425194,3910.301818934091,BENIGN
04/07/2017 09:00:44,53,768997,24,26,1855.224072563373,68.7506696255517,0,4,0,11072.910362260236,4185.500768935202,BENIGN
04/07/2017 09:00:44,443,31667,31,11,24140.203855249663,17.632071863881137,0,3,0,8440.759522606793,4324.42814837249,BENIGN
04/07/2017 09:00:45,80,333145,19,19,16447.675041984912,92.0558347252617,1,9,0,5468.0307979025365,430.00928165985346,BENIGN
04/07/2017 09:00:43,80,10427,26,30,33378.8041832253,99.34869772653788,0,10,0,10970.424164669988,1813.5427683663204,BENIGN
04/07/2017 09:00:46,53,511157,10,27,13905.710344399211,29.103809335419136,0,4,0,3317.3782634213685,152.84320478082967,BENIGN
04/07/2017 09:00:44,25,94580,22,18,18984.507771799315,67.43594722940936,0,3,0,2450.79910031072,4399.933849869545,BENIGN
04/07/2017 09:00:46,8080,26745,39,7,15350.01641931751,63.42270938615191,1,9,0,2258.951554393885,257.3419527394902,BENIGN
04/07/2017 09:00:46,443,706787,24,11,14692.321171280066,56.80354969326319,0,6,0,819.7965746243965,3977.36886669554,BENIGN
04/07/2017 09:00:48,53,487604,29,5,17293.209596282475,118.96430629573557,0,4,0,1411.4945119418976,1974.3568721496868,BENIGN
04/07/2017 09:00:46,8080,257792,9,3,31202.375634737924,82.71409274846633,1,5,0,3724.5887704441398,1550.1203253140252,BENIGN
04/07/2017 09:00:46,445,526632,34,33,8568.317679684893,22.57091089747489,1,6,0,1338.8140779353205,2825.197307677271,BENIGN
04/07/2017 09:00:49,445,569286,8,13,22075.61282010551,18.01812300175038,0,10,0,11737.686378795766,2344.084592833239,BENIGN
04/07/2017 09:00:48,443,359090,18,16,10542.541589514152,13.529617295595367,0,3,0,8295.63829395173,4393.400743562496,BENIGN
04/07/2017 09:00:48,3306,305874,32,16,8487.405179832665,78.84050501258366,0,8,0,3793.2018655816387,4812.6172470112815,BENIGN
04/07/2017 09:00:49,443,583320,35,13,22457.014875283487,83.71384958253266,1,3,0,9455.871500809857,645.9538411786051,BENIGN
04/07/2017 09:00:49,25,448610,9,15,34889.956841211686,115.21747583873542,0,6,0,12098.072735371634,2765.372434654285,BENIGN
04/07/2017 09:00:50,80,169506,27,28,24276.33559483576,32.50070330348738,1,7,0,12890.194697410576,1342.7970672436963,BENIGN
04/07/2017 09:00:50,21,277160,28,20,18000.314996943664,70.5354501491147,1,7,0,7886.77037229091,951.4944113240084,BENIGN
04/07/2017 09:00:51,445,201676,12,13,24997.452025865226,25.975540237371437,1,3,0,3329.32902224062,1009.3308200955372,BENIGN
04/07/2017 09:00:51,3306,754107,39,26,13810.730352321843,34.09644559546281,1,6,0,5817.072734641954,4990.043333088128,BENIGN
04/07/2017 09:00:52,80,373611,20,9,1180.3271547565175,73.53245941132397,0,3,0,2054.607167891577,2697.406304102339,BENIGN
04/07/2017 09:00:52,25,87480,8,6,20230.79000631354,5.477227563817191,0,7,0,13573.569653764682,1907.3562993603082,BENIGN
04/07/2017 09:00:53,25,125648,32,6,10429.188505711523,107.16240941989889,0,7,0,2923.9866908791482,2661.9291569780194,BENIGN
04/07/2017 09:00:51,53,630366,10,18,2874.758754546113,11.936067919836503,0,2,0,11541.740497030081,4913.2167934089775,BENIGN
04/07/2017 09:00:54,22,357688,20,9,19876.514121241587,82.77836720592006,1,5,0,12968.170525321479,3854.0416875916494,BENIGN
04/07/2017 09:00:54,22,157707,4,25,10368.720146028749,63.67728710316861,0,5,0,10432.420665290028,2741.072148225323,BENIGN
04/07/2017 09:00:52,8080,24109,33,21,27244.030432601197,29.618415147986482,0,10,0,4697.392729654604,388.29579289757623,BENIGN
04/07/2017 09:00:53,445,242311,4,28,21915.626511640345,68.01703980844822,0,2,0,4163.415482502499,356.81280787374465,BENIGN
04/07/2017 09:00:53,80,600046,40,2,27872.283519517674,92.00269970028303,1,10,0,10410.708774365496,4246.774234141738,BENIGN
04/07/2017 09:00:55,25,353019,29,29,31162.107554482373,28.107241264166422,0,8,0,4202.007388439248,2202.048986778395,BENIGN
04/07/2017 09:00:54,3306,209840,8,4,13104.099450350133,84.03760258514012,0,4,0,7791.524879603991,2758.955848139448,BENIGN
04/07/2017 09:00:56,21,209840,12,14,29685.243224882393,117.17229871476779,1,2,0,8336.838639720587,2212.5074375172385,BENIGN
04/07/2017 09:00:54,3306,606932,30,34,8953.025966260517,65.78304967131277,1,9,0,7348.310019667894,789.6529972771689,BENIGN
04/07/2017 09:00:58,53,712152,24,10,18490.003815428456,25.12828225420242,1,8,0,3967.5797499964488,3291.8524864096635,BENIGN
04/07/2017 09:00:58,8080,537286,33,29,10039.613848697667,104.24619839730606,1,6,0,7432.844461337386,4971.822291049126,BENIGN
04/07/2017 09:00:58,8080,576754,36,5,11134.1633233864,116.6104673698196,1,10,0,2017.750062440902,621.2098610196733,BENIGN
04/07/2017 09:00:58,25,362761,34,18,10319.540262855315,71.14664742956249,1,3,0,5295.049146510589,3265.6958948751067,BENIGN
04/07/2017 09:00:58,53,463019,12,15,34326.0552246929,114.94868624902416,0,4,0,5986.617853738613,4145.619882499253,BENIGN
04/07/2017 09:00:57,3306,59917,18,18,4741.123772425715,45.99213950009927,1,5,0,5998.729835859606,1889.0066426356,BENIGN
04/07/2017 09:01:00,21,698936,14,14,28101.955509546046,24.880308574562445,0,9,0,6677.588528816716,2707.348045385754,BENIGN
04/07/2017 09:01:00,3306,454470,16,29,27126.477584484648,6.683340534362265,0,10,0,12209.395261860194,1647.1762845040644,BENIGN
04/07/2017 09:00:58,443,701261,33,33,34552.77007212731,21.887987092712773,1,3,0,10185.653993569633,1250.4605852711488,BENIGN
04/07/2017 09:01:01,8080,789284,26,21,30319.47875845552,98.30851140785167,0,9,0,2054.2864225706644,3528.896327719852,BENIGN
04/07/2017 09:00:59,443,61847,7,19,1143.4659216248679,62.260154917532866,1,3,0,742.6158687664888,4399.172402655119,BENIGN
04/07/2017 09:01:01,22,586362,3,19,21754.098778737316,66.41935751607181,0,8,0,3396.2989479653966,1725.770152604282,BENIGN
04/07/2017 09:01:00,445,54416,9,15,24822.86612649833,58.755491585932745,0,7,0,3856.2941103263306,1869.7550453954018,BENIGN
04/07/2017 09:01:00,443,115705,39,26,17970.38130197377,41.51715363829484,0,10,0,14245.43564082965,3272.7794982925575,BENIGN
04/07/2017 09:01:01,25,699932,12,24,16966.603007439546,32.7691865545427,0,9,0,7415.515600499449,1018.4012344137727,BENIGN
04/07/2017 09:01:03,8080,249576,26,9,17551.14488918582,23.080012024958112,0,4,0,3718.7010240976333,4920.803225435019,BENIGN
04/07/2017 09:01:04,80,605675,34,5,22344.842620177642,37.071248400037256,1,2,0,7107.679438251667,3500.285273766665,BENIGN
04/07/2017 09:01:05,3306,479738,34,16,24411.09418274021,46.86434371204728,0,7,0,4962.21409737557,1332.9270477218915,BENIGN
04/07/2017 09:01:03,25,436592,15,17,1426.050026980617,78.54640909619157,1,7,0,5202.59901298513,895.9693788123946,BENIGN
04/07/2017 09:01:06,53,220843,3,14,13231.996877381362,7.866148236069845,0,3,0,10827.256201638242,4034.9367378445586,BENIGN
04/07/2017 09:01:04,3306,553629,37,24,29203.207383661305,22.882581635480072,1,4,0,4292.720387126081,282.2085781027757,BENIGN
04/07/2017 09:01:05,443,387697,13,20,1875.2609149930902,93.82561011954212,1,4,0,8734.42577830701,760.900645388934,BENIGN
04/07/2017 09:01:06,3306,221773,6,15,4670.465624266144,29.051448781346856,1,10,0,3620.7658628133636,2290.254816069396,BENIGN
04/07/2017 09:01:05,3306,784303,30,14,8482.911564024991,39.42996260176421,0,3,0,3546.8813000691,3161.693715675859,BENIGN
04/07/2017 09:01:06,443,344333,11,5,10617.09215783287,65.5401024899675,1,5,0,9192.788131437943,3299.592459677774,BENIGN
04/07/2017 09:01:08,3306,701440,7,17,32104.507558898866,107.5703422727774,0,9,0,11440.874856007676,1917.2138400878875,BENIGN
04/07/2017 09:01:09,443,439966,14,6,20704.97392339828,106.81256987077514,0,7,0,13336.15440147929,1014.1255068663035,BENIGN
04/07/2017 09:01:10,443,73076,22,10,8790.693072621581,22.386954020220454,0,9,0,13086.922239715683,436.94814568041505,BENIGN
04/07/2017 09:01:09,53,210759,8,18,15070.084352180695,92.63880196583968,1,1,0,7480.334283165907,3045.9496787097496,BENIGN
04/07/2017 09:01:08,3306,372463,9,25,31325.23770585567,58.11417449070983,1,6,0,10794.832597949047,1708.9858648361153,BENIGN
04/07/2017 09:01:08,22,178332,35,35,26483.85542707632,6.6255875039119285,1,10,0,11832.467566196872,175.13734867248868,BENIGN
04/07/2017 09:01:08,53,585339,27,24,22969.18487836378,88.60390550898057,1,5,0,12849.841607505816,3181.2288436705667,BENIGN
04/07/2017 09:01:10,21,783799,6,6,25206.649625955288,71.77596267362823,0,5,0,10857.024614931735,1347.1266658423567,BENIGN
04/07/2017 09:01:09,443,112935,27,22,30442.607049382357,64.37528522706697,1,9,0,10096.353235491775,2100.382453398173,BENIGN
04/07/2017 09:01:12,3306,599431,34,8,1421.968505310346,80.85841094207065,0,8,0,3151.087763490637,4884.381994972891,BENIGN
04/07/2017 09:01:10,22,693760,17,33,13274.044231162596,32.505741878171634,1,4,0,9843.07235530835,1826.9215962412504,BENIGN
04/07/2017 09:01:13,25,447764,7,18,1688.6790659620642,30.05916818283303,0,9,0,2128.0028475491345,3066.699547096009,BENIGN
04/07/2017 09:01:13,8080,689048,13,11,2480.473816081962,110.38765781735431,1,4,0,1982.7301827123338,3193.012090724914,BENIGN
04/07/2017 09:01:13,80,204126,16,18,9543.03219772546,44.60272029959397,0,5,0,14590.750123238031,2666.4065476445185,BENIGN
04/07/2017 09:01:13,53,567037,18,18,13181.759651848415,35.38842305934139,0,8,0,8343.740912179032,1987.634174920566,BENIGN
04/07/2017 09:01:13,3306,599926,33,12,10557.011241382048,51.918382294876714,0,10,0,5005.8930722664945,561.9028929690492,BENIGN
04/07/2017 09:01:14,8080,267888,6,7,1933.4873282444482,52.16171692665802,1,7,0,2989.8098572416716,3211.1324892200864,BENIGN
04/07/2017 09:01:13,80,754469,39,3,10449.6467893223,67.17519418645477,1,6,0,1073.2141776870963,297.86119382863865,BENIGN
04/07/2017 09:01:14,80,510343,13,27,7306.50587205002,93.85150700333715,0,9,0,8871.254287454563,3906.5460142925695,BENIGN
04/07/2017 09:01:14,22,136494,15,32,11995.449805875733,78.15964409545344,1,8,0,861.9681837560736,2662.6736723134914,BENIGN
04/07/2017 09:01:16,21,119547,24,21,22012.660743683657,33.09149239988942,0,3,0,826.8415007683008,4628.1986376784,BENIGN
04/07/2017 09:01:14,21,120431,40,12,17187.870900324466,69.02468934406026,1,4,0,11970.192098557021,4305.269089022039,BENIGN
04/07/2017 09:01:15,443,196462,23,3,34425.180979874116,57.62549865070422,1,10,0,8833.728548116564,3395.158451580242,BENIGN
04/07/2017 09:01:19,443,323328,17,26,1594.908813105256,101.99897278195981,1,8,0,10298.284957476944,1987.2535700165447,BENIGN
04/07/2017 09:01:16,80,37324,25,13,9795.104883646056,14.560849532076347,0,3,0,1284.8920015220647,4781.983072276834,BENIGN
04/07/2017 09:01:16,443,203353,23,12,3016.5784669934296,104.06310163825837,1,2,0,11871.343878550966,4900.743315815424,BENIGN
04/07/2017 09:01:18,443,642944,24,35,15927.777748375429,47.05702817896382,1,9,0,2613.463826044008,2547.752238347071,BENIGN
04/07/2017 09:01:19,22,773102,22,8,34276.45964494326,116.95319691077289,0,1,0,6741.925194081456,2025.4258077712736,BENIGN
04/07/2017 09:01:19,8080,415510,38,11,29867.359793615502,108.99420262803937,1,4,0,13428.280202524798,803.5900837843163,BENIGN
04/07/2017 09:01:18,21,120207,10,4,2794.325072349591,92.09134538979679,0,7,0,2873.035442148392,1248.7146390400683,BENIGN
04/07/2017 09:01:21,8080,736862,7,2,6841.549268658428,106.59018625111963,0,7,0,1561.1904812645091,992.7456535417283,BENIGN
04/07/2017 09:01:19,80,30710,10,26,5515.7549324970005,29.909906160355725,1,10,0,3362.4638729400326,1569.2472113687888,BENIGN
04/07/2017 09:01:21,80,242460,6,17,4875.003908048606,57.45309859553202,1,9,0,5209.134828531589,647.8452771664969,BENIGN
04/07/2017 09:01:21,445,210760,37,19,27619.426584430148,100.32177502276764,0,2,0,8706.497492706976,4284.111546517536,BENIGN
04/07/2017 09:01:23,3306,687343,4,24,25720.92204368252,47.36399491882106,0,2,0,14813.959533649882,581.3189438563167,BENIGN
04/07/2017 09:01:22,80,356457,27,13,9081.472207005889,91.85059433710502,1,2,0,1937.3563792724208,4754.369901603243,BENIGN
04/07/2017 09:01:24,25,642305,25,15,31635.762718664864,51.1740357302596,0,6,0,8507.127525791475,2302.974876608031,BENIGN
04/07/2017 09:01:22,3306,557436,18,33,4356.7629560900605,83.56099188216953,1,10,0,9893.536747414839,3641.4248854243856,BENIGN
04/07/2017 09:01:23,443,370742,12,32,4213.817053726232,7.714548557944061,0,3,0,2509.201097455755,4668.759472843187,BENIGN
04/07/2017 09:01:25,80,463407,30,2,29630.07628858813,82.58026979634317,0,6,0,1906.388496452733,1635.363201334913,BENIGN
04/07/2017 09:01:23,21,358919,6,21,28060.215015551774,112.98835398871012,1,4,0,7767.941464090599,1332.2928883595462,BENIGN
04/07/2017 09:01:23,3306,504564,24,8,12334.688572707204,51.961406477890776,1,10,0,1073.7937527859287,3458.3561858648627,BENIGN
04/07/2017 09:01:26,22,409679,13,33,25909.326904929152,30.303353149429437,0,4,0,674.1684300344958,4370.688299155915,BENIGN
04/07/2017 09:01:23,53,510552,33,22,26332.457460570833,68.3928543196821,1,3,0,2078.2343176092427,4865.828561444133,BENIGN
04/07/2017 09:01:25,8080,118994,24,12,7315.203130626237,118.05576123165123,0,2,0,2881.264440944398,1209.0754741210803,BENIGN
04/07/2017 09:01:27,443,563832,23,11,4638.516333442399,49.27068107798471,1,5,0,11928.720115478329,4410.7603971563885,BENIGN
04/07/2017 09:01:26,21,463208,30,22,33274.4733035166,117.57397314458021,1,6,0,3670.4170669554687,277.29176438179326,BENIGN
04/07/2017 09:01:28,3306,354385,21,2,21857.16207999783,117.28371362871843,1,9,0,1490.7621837089291,1872.386350523513,BENIGN
04/07/2017 09:01:27,3306,600962,33,35,2470.821812452802,75.96620314915775,0,3,0,13636.089883887023,1862.8752014409106,BENIGN
04/07/2017 09:01:28,21,438908,4,12,23379.057717303058,68.19355987735545,0,9,0,10104.63411130366,2517.6924135942345,BENIGN
04/07/2017 09:01:28,21,408189,24,5,10273.679055467153,84.54912697002273,1,9,0,6527.97474425652,208.56489117061446,BENIGN
04/07/2017 09:01:29,80,606600,27,3,34808.48849125054,119.35693529696006,0,3,0,11854.655513885731,2470.2824562408746,BENIGN
04/07/2017 09:01:30,25,254158,12,17,19511.379599558877,29.81286816126575,0,4,0,14488.861333249519,4005.92628533669,BENIGN
04/07/2017 09:01:29,22,682603,9,16,33558.66553723194,78.6729658906324,0,1,0,7201.567852644686,3685.702956824768,BENIGN
04/07/2017 09:01:28,3306,478514,5,32,34430.18046511672,19.490014802007302,0,2,0,3182.950459142855,4658.143557831823,BENIGN
04/07/2017 09:01:29,53,396754,38,20,3486.25496668542,94.35167332430532,1,5,0,10128.935308540298,285.2740795769708,BENIGN
04/07/2017 09:01:30,21,396819,19,21,30952.14809617108,77.74345805969696,0,8,0,8809.921698034334,3864.811044217805,BENIGN
04/07/2017 09:01:32,8080,714174,25,6,33082.781665740644,26.99146500442833,0,1,0,9403.80575534999,4905.546979627548,BENIGN
04/07/2017 09:01:30,443,578479,11,12,31113.222458402382,70.78394512502717,0,7,0,2770.7157170415376,3656.1167435524176,BENIGN
04/07/2017 09:01:31,80,708633,16,21,31364.967355075256,105.18623035460932,1,6,0,9843.344937858414,2889.8018306189556,BENIGN
04/07/2017 09:01:34,25,469803,6,10,33029.46615004972,82.40949330443611,0,5,0,11830.180661921238,466.7745499643302,BENIGN
04/07/2017 09:01:33,3306,505682,20,28,11788.46891736201,17.079587544635732,1,2,0,10709.379139835102,2034.6631560337642,BENIGN
04/07/2017 09:01:35,8080,244424,18,21,3646.8691887067803,5.455962727397992,1,3,0,10804.11806735318,4505.560020964843,BENIGN
04/07/2017 09:01:34,8080,89166,6,33,3560.9022512044007,28.664490685389605,0,1,0,5109.618059071406,3924.5700151053966,BENIGN
04/07/2017 09:01:34,22,209195,11,12,1403.4345353619444,34.206159310881105,1,7,0,10384.07710559482,2042.8243237877577,BENIGN
04/07/2017 09:01:33,53,567678,30,28,22702.70756130778,115.27391899380919,0,5,0,10884.656309110795,4558.299816221856,BENIGN
04/07/2017 09:01:34,22,682184,19,23,32820.39289943298,98.33291160516694,1,4,0,11508.53957271114,893.8943558066916,BENIGN
04/07/2017 09:01:34,8080,597516,34,10,8841.085387609524,14.194618936448997,1,7,0,3502.4664076636736,3944.3078697978117,BENIGN
04/07/2017 09:01:37,443,426581,7,18,14351.726784444772,104.11655332743909,1,6,0,7741.924626534883,3178.576071309777,BENIGN
04/07/2017 09:01:37,53,31805,26,19,34617.08509442091,113.71645456420173,1,8,0,6374.747867919087,2282.230414912115,BENIGN
04/07/2017 09:01:35,80,240255,28,2,16815.01993902171,67.84385421294434,0,2,0,6506.477197940253,1352.1193820909618,BENIGN
04/07/2017 09:01:36,25,672025,32,32,9904.287248455828,29.037327133475145,1,3,0,8022.7606506598095,1759.4093063987493,BENIGN
04/07/2017 09:01:37,445,559944,33,2,27317.280547390055,19.5794774223097,0,8,0,5217.767319309445,4089.3281790839183,BENIGN
04/07/2017 09:01:36,8080,507090,31,21,12404.988472923127,92.56827910059418,1,5,0,1409.8041245357426,4193.894695946414,BENIGN
04/07/2017 09:01:36,443,484326,34,35,1568.1557920789535,12.012190152657524,0,3,0,12346.322684901244,4229.647221449321,BENIGN
04/07/2017 09:01:40,8080,201329,7,24,33794.87968233978,38.421208061017374,0,4,0,14144.077509946641,2854.7613940610913,BENIGN
04/07/2017 09:01:41,21,351491,16,6,8864.290172710163,68.47420066391022,0,6,0,10257.775777933704,3996.381532339325,BENIGN
04/07/2017 09:01:40,8080,303360,18,17,32381.52699603349,53.41480912412813,1,1,0,3675.764723383894,1910.6747189734265,BENIGN
04/07/2017 09:01:40,443,791065,9,16,34370.81901186946,65.68481122117291,0,3,0,8700.338412443632,3989.640017149783,BENIGN
04/07/2017 09:01:39,25,759072,28,33,11372.892743773778,5.987423174288713,0,10,0,12093.847372975963,193.57059973649228,BENIGN
04/07/2017 09:01:39,21,765917,8,12,22576.795832224983,92.74582117658856,0,8,0,12731.587612000663,2260.116193216713,BENIGN
04/07/2017 09:01:42,443,682984,6,11,27161.1705055112,15.070011377866216,1,1,0,3181.3267487742887,3416.220650188696,BENIGN
04/07/2017 09:01:41,443,457022,18,12,34599.810546329776,88.05477629632396,1,4,0,7394.697013294973,4490.470838744601,BENIGN
04/07/2017 09:01:42,80,433863,39,8,11359.62568568063,66.50714352852779,1,6,0,2472.8056722137408,1861.2885573211993,BENIGN
04/07/2017 09:01:41,3306,237620,6,34,2519.2100101036335,47.738566093661596,0,9,0,8978.504778566192,1089.0835079950216,BENIGN
04/07/2017 09:01:45,80,790588,4,35,11518.25737006881,78.47108217391617,1,10,0,10931.760971292817,1454.4176999556255,BENIGN
04/07/2017 09:01:43,445,374987,18,19,17404.63644364563,59.25309227515939,1,6,0,8121.622159736537,3818.443025437721,BENIGN
04/07/2017 09:01:44,8080,670281,6,25,12627.509348245152,113.44272559203691,1,7,0,11590.324696943191,2269.93865846361,BENIGN
04/07/2017 09:01:46,443,607439,24,24,5078.117553251423,58.00330665995024,1,10,0,3813.783038299671,4670.942360237897,BENIGN
04/07/2017 09:01:46,8080,256891,34,26,20682.569769591522,75.52791918779245,0,7,0,12694.243603983577,2388.9773681984075,BENIGN
04/07/2017 09:01:45,22,692295,24,15,6695.468018439905,66.72856576638583,1,7,0,13054.204095948076,377.7154404627744,BENIGN
04/07/2017 09:01:43,80,690345,14,22,4067.543130478386,25.85081774179658,1,6,0,2481.3193220763173,3887.826536916487,BENIGN
04/07/2017 09:01:48,22,414668,6,16,30412.3036625559,69.75367963994448,1,4,0,9693.461661881503,395.57493340747106,BENIGN
04/07/2017 09:01:47,3306,478082,6,15,1809.8915421470313,39.9397029401052,0,3,0,8644.900906944846,3344.216652832027,BENIGN
04/07/2017 09:01:46,80,463860,15,7,16498.096510570584,26.301482558143416,0,8,0,10117.644212806004,3510.5907418648508,BENIGN
04/07/2017 09:01:49,53,726490,13,23,23278.11668262449,65.23818525378258,1,2,0,12159.479084215356,4817.040841306463,BENIGN
04/07/2017 09:01:47,445,70509,28,6,13345.927873817485,37.660283977000354,0,10,0,13777.47230810392,143.7763053577009,BENIGN
04/07/2017 09:01:48,8080,58341,30,29,7453.192536690496,111.40463448793294,1,6,0,10765.22939609399,1703.1312502298897,BENIGN
04/07/2017 09:01:46,22,581037,6,17,11515.29599980424,40.52857991955668,0,10,0,14679.296577885094,801.658697411394,BENIGN
04/07/2017 09:01:48,53,606673,4,2,31903.049758315512,8.617981234700899,1,3,0,1234.477735914614,1924.5749446261646,BENIGN
04/07/2017 09:01:50,22,186763,19,31,6624.764813380828,29.5456005090451,0,3,0,4038.114639498763,4584.63861172393,BENIGN
04/07/2017 09:01:51,445,593106,31,19,18772.679715675487,5.588887517546162,1,9,0,2421.0905131781974,4401.01735970311,BENIGN
04/07/2017 09:01:48,21,667123,7,25,8377.851638950713,81.07254581490248,0,7,0,4440.400097638989,156.0400893494737,BENIGN
04/07/2017 09:01:51,53,365391,39,8,20735.499735644516,118.33402721096283,0,5,0,14471.917321419514,1336.573496119765,BENIGN
04/07/2017 09:01:49,25,268243,3,28,3312.8790670618155,79.80714151756628,0,5,0,14583.381381843034,4613.172490732924,BENIGN
04/07/2017 09:01:51,80,561570,18,12,5817.165973251572,56.41743012147901,0,9,0,7435.115249485525,2931.2834751642154,BENIGN
04/07/2017 09:01:50,53,694530,22,7,22840.45910669827,110.61088792257618,0,10,0,2975.415260399622,221.67188788013493,BENIGN
04/07/2017 09:01:51,443,379482,28,21,15688.19821081732,108.69220889693176,0,10,0,14290.752898376275,2281.005088821369,BENIGN
04/07/2017 09:01:54,80,797563,14,7,33536.55129349803,25.692135988354988,1,7,0,7944.2035455054565,996.6488699774143,BENIGN
04/07/2017 09:01:53,22,396857,29,25,25381.6220783923,39.40913551123019,0,2,0,14492.769344739492,2946.060273325152,BENIGN
04/07/2017 09:01:53,53,239174,27,4,5755.601400914562,28.047553815100464,1,9,0,11480.980802076836,682.2777281969161,BENIGN
04/07/2017 09:01:54,25,616002,8,24,34500.305377585515,79.2359167834285,0,6,0,8768.207458093735,1342.2459516706413,BENIGN
04/07/2017 09:01:52,8080,589759,22,6,17273.405637820608,8.92980679254479,1,1,0,749.4416992789756,4669.933311574318,BENIGN
04/07/2017 09:01:56,443,523132,11,33,5209.51898409734,49.407193966864185,1,3,0,2211.221636402407,2844.763119475227,BENIGN
04/07/2017 09:01:56,80,287061,10,4,23674.47762849522,73.96862049212858,0,2,0,3257.2912269417793,2278.0824539379055,BENIGN
04/07/2017 09:01:56,21,48337,6,2,1422.959856063629,58.53718346975275,1,7,0,13214.674629461593,1084.611796447937,BENIGN
04/07/2017 09:01:55,8080,464377,11,7,29579.60460250965,6.435543554463314,1,4,0,4417.43792645004,2260.8149714127635,BENIGN
04/07/2017 09:01:58,3306,725751,6,18,23766.990639465203,7.097246532280702,0,7,0,6373.639828199492,2468.535254415849,BENIGN
04/07/2017 09:01:55,53,316931,34,15,589.7051024425673,38.0577289009757,0,9,0,6457.617156138623,4324.97244354565,BENIGN
04/07/2017 09:01:58,53,8050,10,27,6536.877100988088,67.85787947280825,0,2,0,7571.946523594352,724.7590059450486,BENIGN
04/07/2017 09:01:58,22,122996,10,24,18920.153537497496,27.38987349714643,1,10,0,2406.0323153362797,1305.694230367735,BENIGN
04/07/2017 09:01:56,445,218941,3,11,29426.261017941295,33.37006964388904,1,2,0,9160.554457862409,3887.070601854723,BENIGN
04/07/2017 09:02:00,25,583125,32,30,32535.0537602834,91.6509877039631,1,10,0,1074.6187486526992,1386.6727452179102,BENIGN
04/07/2017 09:01:57,3306,17548,22,8,22365.48202037323,77.97219393461249,0,1,0,10237.663726759376,4143.5677082034,BENIGN
04/07/2017 09:01:58,3306,636721,20,30,15843.16553023377,14.411054102558953,0,3,0,9925.011830561049,1280.7002479813395,BENIGN
04/07/2017 09:01:59,53,505435,31,33,2109.111779580391,37.17066656081661,1,4,0,6532.085976789655,2672.91150959265,BENIGN
04/07/2017 09:01:59,8080,596662,32,32,1526.3819230590973,35.35257488776404,0,2,0,1373.3359715313095,317.17561627441455,BENIGN
04/07/2017 09:02:00,443,292880,12,11,26511.771300183635,64.05880323730959,1,7,0,13651.112581119703,4283.566449873161,BENIGN
04/07/2017 09:02:00,8080,701706,15,14,12322.14970149683,85.86658637673706,1,10,0,14235.541966492894,4281.572459702295,BENIGN
04/07/2017 09:02:00,8080,83251,16,16,25696.926899706712,5.3667224836626275,1,7,0,10376.446264981761,4894.411443210315,BENIGN
04/07/2017 09:02:03,80,609066,39,23,19197.532262760047,39.285517746961084,0,3,0,11988.015872547556,397.047056210035,BENIGN
04/07/2017 09:02:04,21,342073,9,14,30518.55394130939,87.57623233769124,0,10,0,4347.999929305579,2461.8766325192246,BENIGN
04/07/2017 09:02:02,53,154927,7,30,18108.792172730595,18.470995455932766,0,5,0,8914.688745131729,2740.73283027857,BENIGN
04/07/2017 09:02:04,8080,425667,9,25,14365.580109736427,33.154941410504236,0,1,0,5325.118456318123,4091.7083703911157,BENIGN
04/07/2017 09:02:04,25,172379,14,11,16997.945884202727,5.580863385288434,1,1,0,13700.627850034825,1723.7202680909706,BENIGN
04/07/2017 09:02:03,3306,372206,26,9,25824.807111274597,38.35585653312042,1,8,0,12964.97650580648,1809.320960493346,BENIGN
04/07/2017 09:02:03,25,317657,29,16,20598.14487973017,62.79024992343027,0,8,0,9672.065294648915,4758.630921417717,BENIGN
04/07/2017 09:02:04,80,548934,37,5,11957.851851432508,10.62305042637438,0,5,0,1356.947146534687,3999.9085242392407,BENIGN
04/07/2017 09:02:04,22,107852,34,20,16448.882418426685,31.340010326119256,1,4,0,12156.544745393938,3425.1879708766214,BENIGN
04/07/2017 09:02:04,445,11327,31,16,10785.974419704247,105.04105361182691,0,10,0,5707.781979639982,4333.866072548292,BENIGN
04/07/2017 09:02:08,443,188189,27,21,20348.4181662214,112.68926141981977,0,9,0,9945.552587687342,4429.880296931506,BENIGN
04/07/2017 09:02:07,8080,479304,32,26,21757.587080716607,67.60545797730578,0,4,0,6039.563339700513,3619.956968731847,BENIGN
04/07/2017 09:02:08,25,481865,13,14,11641.160516622002,113.50045960512877,1,1,0,14418.953868016652,4291.036477641999,BENIGN
04/07/2017 09:02:07,3306,698242,31,10,33554.3747110418,105.27180785215296,1,7,0,3068.525740904861,1001.6673640118996,BENIGN
04/07/2017 09:02:08,21,377079,3,14,20456.223451059835,95.75579184117478,0,8,0,4213.172891940123,3261.109769349744,BENIGN
04/07/2017 09:02:08,25,695772,33,17,24709.74850258034,28.16608651548128,1,9,0,843.9568132532755,3034.1135243711065,BENIGN
04/07/2017 09:02:08,53,646668,10,16,5157.616481991357,112.19877395076702,0,6,0,5930.971741870702,1048.7182993860056,BENIGN
04/07/2017 09:02:09,21,225572,28,28,1792.3982819677624,109.87458808129875,1,3,0,612.5140591008566,3263.3599679760096,BENIGN
04/07/2017 09:02:08,445,150808,29,3,32060.053688653883,29.596388525294103,1,5,0,11849.671799763497,1899.759624998296,BENIGN
04/07/2017 09:02:10,25,702160,19,6,684.3944498779963,13.131716900940667,1,1,0,6516.237762914194,4458.35246593112,BENIGN
04/07/2017 09:02:10,8080,716408,29,33,13626.412389947942,42.99735556935289,0,1,0,13458.881005979641,2873.9238404109788,BENIGN
04/07/2017 09:02:09,22,775999,24,5,10249.659945981884,55.946849922084276,1,5,0,2378.2125229789863,2317.8782621292467,BENIGN
04/07/2017 09:02:10,25,753066,37,35,7189.871190261933,73.36256858772101,1,1,0,1027.4963302428232,718.5723665911097,BENIGN
04/07/2017 09:02:13,3306,587355,32,35,2603.5402747898324,63.725541704251114,0,6,0,2556.5272861158683,3049.7475550126715,BENIGN
04/07/2017 09:02:12,443,234417,18,15,17233.99972923134,25.950149682331425,0,3,0,13681.567583014534,3704.0343374706877,BENIGN
04/07/2017 09:02:12,25,408754,3,4,20750.276613827627,61.51800041134091,0,4,0,5517.435856840491,1797.039820104604,BENIGN
04/07/2017 09:02:14,53,451997,39,33,19799.471256531215,101.72796097169287,1,6,0,12235.008431181248,478.32007881758847,BENIGN
04/07/2017 09:02:11,80,565046,11,16,13971.93929894133,28.368254705369793,0,7,0,646.9093026722749,2216.5531499993103,BENIGN
04/07/2017 09:02:13,8080,189407,37,23,31218.48135558618,115.20975459341848,0,5,0,5072.993168019001,3011.138702241356,BENIGN
04/07/2017 09:02:13,25,660538,5,6,2354.949020812477,49.034516681615024,0,3,0,6614.911350673024,2479.620153588168,BENIGN
04/07/2017 09:02:12,8080,447788,13,7,14252.587251959367,10.114428349914776,0,4,0,4429.770478106109,4485.927140778664,BENIGN
04/07/2017 09:02:14,445,759029,17,11,4329.23454793967,104.74669089305762,0,10,0,12074.919927899798,3866.9378540536336,BENIGN
04/07/2017 09:02:16,53,300943,11,35,22899.916197662722,94.33598839526728,0,7,0,13687.781427928296,3991.0963625152167,BENIGN
04/07/2017 09:02:15,25,210385,40,3,17929.550807797274,82.86463556454589,0,2,0,7281.883118705593,3977.1038601044224,BENIGN
04/07/2017 09:02:16,8080,667207,35,5,11694.693755808443,100.34488067513378,1,1,0,5108.169188850862,2651.8667557255053,BENIGN
04/07/2017 09:02:15,445,597686,9,13,25465.733782010782,48.69613829344904,0,7,0,6049.163461247015,1012.3789654769075,BENIGN
04/07/2017 09:02:18,22,362182,3,27,34541.99302619885,45.40029006172801,0,8,0,4426.505116634431,3498.347502381598,BENIGN
04/07/2017 09:02:18,22,540493,3,5,3246.274308047915,118.06573442510356,1,4,0,5635.38245579299,4979.973177751338,BENIGN
04/07/2017 09:02:17,25,676754,34,13,34444.34225185348,45.93995615084827,0,6,0,11411.925824596528,3840.4442092405757,BENIGN
04/07/2017 09:02:19,8080,778380,28,17,16806.653173114617,77.38820282375927,1,8,0,11780.776960590838,2211.3694039917664,BENIGN
04/07/2017 09:02:17,53,411434,40,19,15934.905298504567,28.219912083767685,0,2,0,4034.82573486124,379.79626346246806,BENIGN
04/07/2017 09:02:19,53,573135,18,18,8959.203339895848,66.06191193821051,0,1,0,6335.6163818099485,4263.838602944273,BENIGN
04/07/2017 09:02:19,25,702781,29,20,25356.710761885857,115.85092051055992,0,8,0,12437.689962086333,2836.3931808122074,BENIGN
04/07/2017 09:02:19,21,582440,15,24,26789.721546539,107.46779235457169,0,5,0,10051.59303175779,3723.630025292757,BENIGN
04/07/2017 09:02:21,53,653663,34,31,27099.677416827555,61.44757669509486,1,10,0,1508.1690590297585,1829.0537017451686,BENIGN
04/07/2017 09:02:19,53,564031,6,32,30165.899322077323,55.448543797465696,0,6,0,5532.10506227679,3112.8672822894227,BENIGN
04/07/2017 09:02:23,3306,505149,5,30,5031.262958239902,95.56740355641374,1,10,0,6079.938442646526,4926.863894360742,BENIGN
04/07/2017 09:02:23,53,702085,27,15,21378.964437856695,97.6902367356219,1,3,0,10722.399776863978,1227.7394967609464,BENIGN
04/07/2017 09:02:21,8080,795955,18,27,1338.5387411056054,18.346257756602775,0,8,0,8368.605043636602,2744.7093237079293,BENIGN
04/07/2017 09:02:22,80,474279,24,29,7068.523376003667,64.3614057435019,1,2,0,8848.541831945351,2130.461584239009,BENIGN
04/07/2017 09:02:23,80,107661,17,8,25738.227147663194,107.58162040655932,0,8,0,6334.135550235985,2146.0923608614476,BENIGN
04/07/2017 09:02:22,443,621298,33,17,25958.109963745377,81.1696437508483,1,1,0,4208.688302391978,941.0878459865424,BENIGN
04/07/2017 09:02:23,443,397848,10,3,16868.025865352778,39.13886748758437,0,3,0,4483.516552546145,712.4221697152138,BENIGN
04/07/2017 09:02:24,25,161202,16,14,20603.835208850312,100.74934744558459,0,1,0,4718.713452232486,3939.9193352855254,BENIGN
04/07/2017 09:02:25,80,192911,17,31,24676.668778222134,19.300142644511723,0,3,0,2800.6063329913623,871.1274283817246,BENIGN
04/07/2017 09:02:26,8080,222400,17,27,31060.34346824144,112.737754679763,0,4,0,1145.527614881021,4324.232401191123,BENIGN
04/07/2017 09:02:24,22,155720,34,28,4578.279797671245,59.140057955026485,1,10,0,3563.233210478645,3433.435070132286,BENIGN
04/07/2017 09:02:25,80,5288,7,22,4146.501631178977,73.5080239309004,0,5,0,4621.102137060515,4813.395902618312,BENIGN
04/07/2017 09:02:24,3306,509435,22,23,9534.826847224807,7.930533971920472,1,2,0,3668.6778368614487,861.6936166298098,BENIGN
04/07/2017 09:02:26,22,321902,9,3,23187.752395205727,60.37155351478239,0,6,0,13876.079305771078,4838.810512009308,BENIGN
04/07/2017 09:02:28,21,125075,34,6,17424.755508143415,101.22795905348208,1,6,0,3490.298166322584,2308.635409695642,BENIGN
04/07/2017 09:02:29,445,645348,35,35,34108.20746671603,26.352993500411387,1,9,0,13035.786000426613,2982.7590940541018,BENIGN
04/07/2017 09:02:27,443,654896,22,31,8116.548128061633,92.69472397195591,0,8,0,4057.8910459186823,398.1230411427378,BENIGN
04/07/2017 09:02:26,21,348486,34,22,32415.478875089982,62.41697479668567,0,5,0,6791.658987266405,3844.026486230029,BENIGN
04/07/2017 09:02:27,25,84443,34,5,9789.070620131157,24.146017087955155,0,6,0,4100.113600540681,3143.6519490333126,BENIGN
04/07/2017 09:02:30,80,226876,6,19,7640.639555299268,11.569280486388768,1,3,0,9022.802500217806,4466.0589573832485,BENIGN
04/07/2017 09:02:28,443,153163,13,22,5625.806583526147,52.21206021963492,0,6,0,14789.26679439545,1230.5553238529133,BENIGN
04/07/2017 09:02:31,443,187581,36,18,1156.7055937233558,9.583884225294348,1,5,0,5453.345604597148,4303.329349612717,BENIGN
04/07/2017 09:02:31,8080,787291,15,12,11345.03889785136,72.41716101815102,0,1,0,4298.579584288098,1766.9894800584186,BENIGN
04/07/2017 09:02:31,80,147001,40,33,12220.26119195965,66.36748498948216,0,8,0,5841.505136036789,2463.279939521299,BENIGN
04/07/2017 09:02:31,8080,621712,23,35,4663.727822589673,112.85812207795055,1,1,0,3657.972954105074,162.60036340692307,BENIGN
04/07/2017 09:02:31,80,743827,40,33,1449.0652026867674,46.61258598050978,0,7,0,5018.255582569069,2768.744403083599,BENIGN
04/07/2017 09:02:30,445,771135,23,6,8727.760831215444,89.94589236423398,1,6,0,3722.7436287518035,4862.262734081475,BENIGN
04/07/2017 09:02:33,25,164336,31,2,29122.903164042807,77.19798479445248,1,2,0,14953.15529441745,932.4005746615469,BENIGN
04/07/2017 09:02:35,443,111829,31,19,32083.485100176968,97.9617115168339,0,8,0,8065.722996139665,4897.465923501608,BENIGN
04/07/2017 09:02:33,3306,398896,23,21,28175.946794984808,79.60367991295328,1,5,0,13018.304217733134,4549.514175625529,BENIGN
04/07/2017 09:02:32,22,75464,5,18,21518.968145967236,35.194622138871345,0,8,0,10153.690637976933,1309.232982361034,BENIGN
04/07/2017 09:02:36,53,546416,30,32,8823.010977843998,71.63910699735814,0,10,0,7031.014076050907,2171.2003150087994,BENIGN
04/07/2017 09:02:35,3306,626670,3,4,550.784824262776,63.90504262157967,0,8,0,10555.793808909984,2337.469312565847,BENIGN
04/07/2017 09:02:37,443,283607,26,28,29293.64840928538,56.897022392046274,1,3,0,2341.8865151928185,211.66815664635993,BENIGN
04/07/2017 09:02:35,445,625143,14,19,1220.760234494139,5.998071295282363,0,8,0,6848.517432609477,2940.5707111773077,BENIGN
04/07/2017 09:02:36,25,330229,34,28,5352.6554054196595,35.70850502123764,1,5,0,10912.724166746437,1897.152092890348,BENIGN
04/07/2017 09:02:36,22,639105,35,10,21962.427856246224,79.65825364850726,0,2,0,6068.1198773412125,4512.992804625146,BENIGN
04/07/2017 09:02:35,443,352142,39,8,12055.151513792061,19.543359177942072,0,4,0,8445.504123500428,4550.21577193012,BENIGN
04/07/2017 09:02:37,22,365495,16,22,24604.186583643128,85.84456695133656,1,3,0,13186.397918469193,2069.9644761663367,BENIGN
04/07/2017 09:02:37,80,138116,10,17,3165.748656105476,80.71909896822157,1,2,0,3504.7076099103106,926.092643997855,BENIGN
04/07/2017 09:02:37,3306,607477,16,22,21819.108317709713,83.53700558270162,0,7,0,6229.404559944125,3940.420757820966,BENIGN
04/07/2017 09:02:39,443,562378,5,11,5533.29108494771,28.393649620612084,1,9,0,14467.822297542794,1557.4309224114916,BENIGN
04/07/2017 09:02:39,25,98722,6,21,33034.604308171176,66.97865701995468,0,7,0,6298.180317123095,799.9458843109271,BENIGN
04/07/2017 09:02:39,3306,463338,33,34,30107.818578848597,24.611951846623434,1,7,0,14578.333661299956,3004.2298883057388,BENIGN
04/07/2017 09:02:41,80,675209,30,5,17885.371958745527,83.15526476249923,0,9,0,8981.063112579353,2536.2465985866734,BENIGN
04/07/2017 09:02:38,3306,5731,11,17,30267.317079493503,48.58441815113055,1,10,0,13113.537219958012,2408.581240566954,BENIGN
04/07/2017 09:02:40,25,738776,8,13,1961.9109959416535,38.22336454467212,0,2,0,5942.004059372443,3891.935728708587,BENIGN
04/07/2017 09:02:41,445,630836,19,10,22470.139063406237,62.62833492720863,0,6,0,10647.627318768238,1571.8444433537315,BENIGN
04/07/2017 09:02:40,21,286101,39,34,17100.4244078531,112.29013478447455,1,2,0,6020.109517575187,4126.0199443367965,BENIGN
04/07/2017 09:02:40,21,413448,40,6,25812.109505989345,42.72226994419731,0,9,0,11422.902270739616,4839.64607367648,BENIGN
04/07/2017 09:02:42,8080,680460,36,11,8413.151397594884,14.305811682283908,1,7,0,8038.2936627456265,1385.2988744953602,BENIGN
04/07/2017 09:02:43,80,280040,27,4,5787.482428919854,112.68896849525622,1,4,0,8020.426610345017,3101.4521991243664,BENIGN
04/07/2017 09:02:41,25,20493,19,3,34935.757535251716,75.75570222844664,0,10,0,12137.312601514162,3970.210423944778,BENIGN
04/07/2017 09:02:44,22,574438,6,20,22742.318824529026,118.90475246025477,0,8,0,9522.834511257242,4512.379092950029,BENIGN
04/07/2017 09:02:44,8080,343486,15,27,21323.60688142525,33.51825503315341,1,7,0,5711.628872525709,2864.2527898862218,BENIGN
04/07/2017 09:02:44,25,537866,30,18,33840.28984004891,29.3667841025274,0,9,0,2216.597527904507,2867.768763199001,BENIGN
04/07/2017 09:02:43,21,661362,28,31,19853.424795599305,48.308518382537265,1,5,0,2209.6225837299107,2671.062845963903,BENIGN
04/07/2017 09:02:44,21,435927,8,3,31147.79706006457,95.995917509912,0,2,0,13480.066249498852,2028.0451242378494,BENIGN
04/07/2017 09:02:44,80,431646,37,8,3926.6705155246113,115.55724101810672,1,8,0,7832.890760518734,1572.9312287037842,BENIGN
04/07/2017 09:02:45,3306,209222,40,19,12738.182251526025,56.69754757499522,0,6,0,1652.9037678278219,4916.350732928699,BENIGN
04/07/2017 09:02:45,80,418306,4,34,30157.427281282817,113.88869193873529,0,10,0,7879.675006619222,1376.703663246055,BENIGN
04/07/2017 09:02:46,3306,551757,37,2,18714.446119961478,64.02227040119087,0,9,0,13587.91139565882,138.02920495352998,BENIGN
04/07/2017 09:02:49,445,413864,39,9,13212.646592430528,111.14354366722006,1,3,0,10034.046920541397,1079.2419602740313,BENIGN
04/07/2017 09:02:49,53,532540,16,18,25537.14200707082,75.83519317727213,1,6,0,2181.1449515382,2126.8740676368975,BENIGN
04/07/2017 09:02:49,21,107721,40,14,24217.417229850103,56.89946835139547,1,10,0,14983.822866562541,987.0148698935577,BENIGN
04/07/2017 09:02:50,80,54881,20,13,24544.450771418567,86.29929305410886,0,1,0,11223.02293868222,3020.5494729880884,BENIGN
04/07/2017 09:02:47,445,400107,18,2,31092.569415013157,39.529598252204515,1,1,0,10947.674957717052,957.132975645601,BENIGN
04/07/2017 09:02:51,8080,352697,12,6,26961.56561325329,51.1637084973079,1,7,0,12867.855989435735,135.28794877481658,BENIGN
04/07/2017 09:02:49,443,72018,38,19,12015.784438420673,88.53662713374833,1,9,0,5003.228765920624,636.1516538929175,BENIGN
04/07/2017 09:02:51,443,619161,22,14,26106.214726001323,57.8579139022623,1,9,0,1729.8701185538223,738.9348501045339,BENIGN
04/07/2017 09:02:49,25,46356,7,20,21815.317115185037,21.28294783510467,1,9,0,6749.768762909495,4193.100572833966,BENIGN
04/07/2017 09:02:49,3306,425673,20,31,30514.66913257582,40.98533582780135,0,5,0,5538.019193267957,2244.9869548481906,BENIGN
04/07/2017 09:02:51,25,618589,35,9,22232.859205715773,83.2594789577195,0,6,0,11392.73421616176,3108.809325658965,BENIGN
04/07/2017 09:02:51,53,495592,19,28,4258.093721503103,24.418695964501424,1,1,0,4667.297018298633,4308.613212851176,BENIGN
04/07/2017 09:02:52,443,573726,35,33,29816.80083825573,19.5574712799962,1,1,0,9577.43755263716,2940.97067355903,BENIGN
04/07/2017 09:02:54,8080,172616,15,24,13271.720264283978,49.5718901415891,0,7,0,1829.5842163611871,3025.7276520350742,BENIGN
04/07/2017 09:02:51,22,354252,35,28,7730.146319049507,61.29650040545847,0,8,0,14188.76640428241,234.80867121602702,BENIGN
04/07/2017 09:02:51,25,512840,20,35,31804.233603958768,24.029281824184658,0,7,0,2518.4444379008182,879.5659420013529,BENIGN
04/07/2017 09:02:53,53,616584,31,12,9968.743582848896,99.17387479847136,1,1,0,9617.83992688721,1357.8839512019056,BENIGN
04/07/2017 09:02:54,3306,214473,24,13,25870.689028249068,109.5133998043251,1,8,0,1025.648122229325,174.51118530595096,BENIGN
04/07/2017 09:02:56,22,123936,38,6,13549.897855973946,6.223783722114339,1,2,0,3388.832151063334,3037.901189655879,BENIGN
04/07/2017 09:02:55,53,766851,25,10,4661.874532747012,33.60261435943747,1,1,0,5188.811740194079,3879.4801489537854,BENIGN
04/07/2017 09:02:56,25,604714,7,12,22438.481994927584,14.830176527660301,1,6,0,2049.2071005511025,2035.4598168416844,BENIGN
04/07/2017 09:02:58,443,459455,25,24,1487.7719162194117,69.20066461284212,0,4,0,9805.702496716829,1919.3039217439798,BENIGN
04/07/2017 09:02:55,21,674785,24,21,21472.296182636273,22.298359945259886,0,8,0,7691.01987236577,1725.6187151081626,BENIGN
04/07/2017 09:02:58,25,157112,22,26,18456.673233062433,35.74457915607286,0,4,0,1806.1196102226725,1511.1974744540287,BENIGN
04/07/2017 09:02:56,25,794324,29,23,30955.474372989436,13.220073662799487,1,3,0,14045.902342569816,2317.5519811053878,BENIGN
04/07/2017 09:02:58,445,522361,39,18,4610.773609419525,52.64285297703162,1,4,0,2420.1851276016855,1903.0455212837396,BENIGN
04/07/2017 09:02:57,445,356554,15,21,25021.527263164877,54.5402706716019,1,3,0,4334.446825090417,2749.781216323613,BENIGN
04/07/2017 09:02:58,8080,540329,14,22,34211.063073390294,25.128175591760026,1,5,0,9810.185645062395,3215.3199957366205,BENIGN
04/07/2017 09:02:59,3306,196982,26,10,25567.038171289427,74.63053622867653,0,8,0,2940.8669219864114,3418.357059293149,BENIGN
04/07/2017 09:02:58,53,411960,7,30,32503.93204592375,113.72122356707891,0,9,0,5181.213098429707,4471.236493687533,BENIGN
04/07/2017 09:03:01,22,765011,13,31,18190.586634653115,62.13260010986455,1,9,0,9027.035451682854,866.3608288575987,BENIGN
04/07/2017 09:03:02,25,545008,10,23,5429.975847107254,67.54741556845936,1,4,0,3117.7597893756606,4935.024127400297,BENIGN
04/07/2017 09:03:00,53,79000,10,24,11619.291622652878,27.62819507458565,0,6,0,12022.108956415983,1850.2678431351374,BENIGN
04/07/2017 09:03:02,53,71447,10,14,24327.187944424488,29.495541583259993,1,1,0,14897.782341174508,3387.895689812274,BENIGN
04/07/2017 09:03:02,53,390067,25,23,6296.225727767648,64.01751931142655,0,6,0,10099.188855027549,4550.08119963869,BENIGN
04/07/2017 09:03:01,53,571247,40,18,22552.149800953648,81.9881718642513,1,4,0,14570.561821418503,1775.7695084271518,BENIGN
04/07/2017 09:03:01,80,222099,20,31,34282.472770278444,33.6213242527283,0,5,0,1649.0134039798008,652.782419593196,BENIGN
04/07/2017 09:03:01,445,95907,31,18,27443.253427184918,60.61478696128996,0,4,0,11631.706981243713,3935.1130318935234,BENIGN
04/07/2017 09:03:02,3306,142923,39,22,32648.9737992319,24.214185146701027,0,3,0,2965.291825898959,4908.179341865507,BENIGN
04/07/2017 09:03:04,21,622609,8,35,15077.536339569922,22.180073565626948,0,5,0,5344.655931206771,4186.108437992248,BENIGN
04/07/2017 09:03:05,3306,2612,26,7,4474.707225481165,67.63639127757904,0,5,0,637.1094100670088,4852.420873195285,BENIGN
04/07/2017 09:03:05,80,592203,26,18,12041.810565364964,8.801570337384767,0,6,0,7992.409863247735,1815.2984002661954,BENIGN
04/07/2017 09:03:06,8080,196000,23,35,12044.818611692142,94.16040262443512,1,1,0,12302.428135372038,833.7067518651883,BENIGN
04/07/2017 09:03:03,8080,403290,8,12,21340.37610226589,30.686905584021467,1,1,0,6853.137086544631,3958.67955423955,BENIGN
04/07/2017 09:03:04,22,489337,17,7,7998.429778069893,113.98845561529724,0,2,0,4701.140402734064,181.9222519398166,BENIGN
04/07/2017 09:03:04,53,25645,21,12,27237.782843905552,81.93656821440271,1,2,0,1597.1563317308423,3314.3551152887794,BENIGN
04/07/2017 09:03:04,80,218174,39,10,17756.719746735736,97.17475317877484,0,2,0,9185.031550683017,2376.8783698712055,BENIGN
04/07/2017 09:03:07,53,393761,34,32,32363.15447404721,83.50757257913159,0,7,0,12653.613676967278,3427.0876841144227,BENIGN
04/07/2017 09:03:07,53,452054,12,14,5208.346891258825,19.237524527453704,1,5,0,12596.11358520824,1094.7845732475828,BENIGN
04/07/2017 09:03:09,8080,482206,33,31,30745.44839383186,66.90088114423315,1,7,0,6932.718023299254,735.4887456070379,BENIGN
04/07/2017 09:03:10,25,439578,6,15,7484.177092436924,21.968726362621403,0,4,0,13105.391273843143,4547.123685994388,BENIGN
04/07/2017 09:03:10,21,474825,20,7,5509.906967908035,72.3095454096546,0,3,0,14146.103216284233,3470.8829668237786,BENIGN
04/07/2017 09:03:10,445,601604,23,6,9562.961160122855,42.18127747534214,1,4,0,4225.049367997016,3473.7584972370914,BENIGN
04/07/2017 09:03:07,8080,682125,6,15,29697.242238221643,51.62038166478667,0,3,0,6165.110437570858,1577.7147749010503,BENIGN
04/07/2017 09:03:08,8080,485087,15,21,4804.2392480673,99.65768431847793,1,9,0,798.701337175863,4130.48558340855,BENIGN
04/07/2017 09:03:11,25,338346,19,8,25052.889803580903,90.17230358248761,1,3,0,5083.05227621786,4449.943862727298,BENIGN
04/07/2017 09:03:12,22,356008,20,8,33081.05890741164,14.19712661352544,1,5,0,3826.8469166763452,1081.8137373618306,BENIGN
04/07/2017 09:03:09,8080,603098,39,30,1406.3049211643633,80.51167560237798,0,4,0,4262.973330238658,4991.698307929256,BENIGN
04/07/2017 09:03:10,80,148523,36,5,19286.48613465184,72.95127096579833,1,8,0,2156.273915881538,3088.5613562532403,BENIGN
04/07/2017 09:03:14,22,799186,35,26,33116.8030858341,107.29249613512312,1,2,0,12426.533926095984,887.1956833300566,BENIGN
04/07/2017 09:03:12,21,111603,27,28,33751.53822100782,113.20502030869403,1,2,0,1876.2223030911962,4686.0211194413405,BENIGN
04/07/2017 09:03:11,443,231709,26,4,17856.991642399495,76.73946212114828,0,1,0,4878.455780998701,2913.674684333221,BENIGN
04/07/2017 09:03:12,25,558090,22,6,1457.2104819884032,28.935606608680864,1,10,0,4316.642980964947,2039.1985484620466,BENIGN
04/07/2017 09:03:14,8080,31217,38,28,10465.334080603241,79.46048342678637,0,5,0,10955.208507434741,3246.660270111469,BENIGN
04/07/2017 09:03:16,53,489363,32,19,24630.485176407867,91.5017221789795,0,4,0,13424.758508980169,1844.6932997816582,BENIGN
04/07/2017 09:03:13,445,26227,27,35,32555.76557715888,87.34020955531392,1,10,0,3463.2836400883034,2825.4199298168587,BENIGN
04/07/2017 09:03:14,53,554141,8,24,1017.5860728172449,113.53251726090774,1,7,0,14030.465052570891,4668.30117523508,BENIGN
04/07/2017 09:03:15,53,452149,16,34,26796.835768156223,62.84396232890511,0,2,0,13550.326856267293,3987.81378813886,BENIGN
04/07/2017 09:03:16,443,155025,4,18,6171.21954886018,57.6903480519629,0,10,0,12706.740430762871,3054.677795590184,BENIGN
04/07/2017 09:03:18,25,772343,15,4,22057.62529727515,35.60308918933201,0,10,0,5731.447445673433,654.1880108807328,BENIGN
04/07/2017 09:03:16,445,222292,7,5,503.3267944607666,107.8691658845289,0,10,0,12122.414946921175,112.14868206502301,BENIGN
04/07/2017 09:03:15,445,412825,29,15,23550.31046779334,8.25945322377754,0,10,0,3232.1120903936153,2089.5403113231523,BENIGN
04/07/2017 09:03:18,8080,70795,34,13,33526.73326926536,100.28358547881847,0,9,0,14776.28314875242,3532.869184872084,BENIGN
04/07/2017 09:03:19,25,131555,8,17,7584.8011376865525,94.40419151518212,0,7,0,2104.626217869776,4304.1094350058365,BENIGN
04/07/2017 09:03:18,80,509815,13,24,3310.895464587721,28.38427465188932,1,7,0,12136.575755087282,1400.7442400037394,BENIGN
04/07/2017 09:03:20,3306,340744,20,14,26955.772159067605,62.76006791853427,1,7,0,12920.096408327523,535.6650624705628,BENIGN
04/07/2017 09:03:20,22,191980,22,20,14131.619070685312,112.3571535649474,1,3,0,5106.919496738359,702.8834693986154,BENIGN
04/07/2017 09:03:18,21,689574,40,25,1473.3100531758344,41.00512629614002,1,5,0,5380.038262215184,635.1260944422183,BENIGN
04/07/2017 09:03:19,3306,141529,24,27,13940.2673633109,50.694256307808615,0,9,0,4406.276024070905,1509.6842473860459,BENIGN
04/07/2017 09:03:20,53,629496,15,3,30302.50306744891,63.56505480129681,0,5,0,11173.122724366402,2670.392027133476,BENIGN
04/07/2017 09:03:22,80,710233,20,35,23951.96547248138,63.69155879522176,1,2,0,14608.95558072462,4132.736880522347,BENIGN
04/07/2017 09:03:22,80,695988,22,24,4146.977979180174,30.539304286978716,0,9,0,9047.040810217237,4296.87121963207,BENIGN
04/07/2017 09:03:23,22,249538,12,29,15746.466392419366,105.36124824355639,0,8,0,12947.519961958727,865.9796925267718,BENIGN
04/07/2017 09:03:23,53,783327,17,7,18325.63643508119,53.66943975669967,0,10,0,12867.526207447623,2680.7494688623387,BENIGN
04/07/2017 09:03:23,80,390430,39,16,18321.2077112556,36.72901160618562,1,2,0,11749.583772676806,3158.0371470829127,BENIGN
04/07/2017 09:03:24,80,351295,27,19,15399.048925485618,27.65803393848637,0,10,0,3760.410145304881,524.2524027283805,BENIGN
04/07/2017 09:03:22,445,364260,38,5,24833.745794192233,67.91499802983142,1,3,0,7808.969801883781,1151.656204935171,BENIGN
04/07/2017 09:03:24,21,189175,32,5,34958.75278220132,59.04156742086267,1,4,0,11891.498400457565,4713.499960500854,BENIGN
04/07/2017 09:03:25,22,161005,22,11,19835.826642477292,55.70780589349183,0,2,0,12343.904659516113,4442.441308573329,BENIGN
04/07/2017 09:03:23,3306,183565,39,16,12937.046748473616,105.1696586628234,0,10,0,10728.897782226883,2787.2761909354654,BENIGN
04/07/2017 09:03:25,25,117744,10,21,1788.856072300586,81.77692728028184,1,1,0,9200.816583406553,4072.050777610296,BENIGN
04/07/2017 09:03:27,80,26249,10,7,11715.18308616648,53.22136767565674,0,10,0,2245.7530266100375,294.3654845796934,BENIGN
04/07/2017 09:03:26,3306,50094,26,22,11830.03720737385,65.82889979580908,0,5,0,9897.360489698642,4312.5735244182415,BENIGN
04/07/2017 09:03:27,443,758097,3,3,29887.991122737487,53.31203571303089,0,8,0,14457.49813607421,3453.5863860722507,BENIGN
04/07/2017 09:03:28,443,706439,7,5,24581.691325775464,109.35029901499172,0,5,0,8906.197928015928,2025.3124040768505,BENIGN
04/07/2017 09:03:27,445,56914,9,18,5968.9050799406505,88.39724303603478,0,10,0,9048.771797454783,4227.451701593332,BENIGN
04/07/2017 09:03:29,8080,4947,20,30,29914.259327885964,58.339259700587625,1,10,0,4094.0964877504434,4452.729729856991,BENIGN
04/07/2017 09:03:27,445,377011,10,35,615.0443195312414,112.29490158166573,1,6,0,6491.753880697057,2472.1419204050685,BENIGN
04/07/2017 09:03:28,53,782041,37,29,15960.725621395324,78.8953941420809,1,4,0,8925.05091426592,4637.772121841295,BENIGN
04/07/2017 09:03:30,25,464207,8,32,31628.534252837693,23.169038414128067,1,8,0,2837.605265788727,4753.37108856165,BENIGN
04/07/2017 09:03:29,21,339565,3,5,23298.081621150825,19.142450029449268,1,3,0,8648.17718000786,2850.4936327253686,BENIGN
04/07/2017 09:03:29,445,33155,36,11,19380.52858617126,19.268479239251235,1,4,0,6701.593182429782,2568.595831460497,BENIGN
04/07/2017 09:03:29,22,734628,14,28,3990.4158724694294,54.53292672715732,0,2,0,1169.512232135331,3813.2855634944463,BENIGN
04/07/2017 09:03:30,22,598142,23,24,23646.087228067936,96.50705731146584,1,4,0,11165.325347103864,2473.092605410119,BENIGN
04/07/2017 09:03:31,53,418049,16,22,30545.518326670277,99.03594854991528,0,3,0,12416.768286561124,4650.593192460379,BENIGN
04/07/2017 09:03:30,443,767491,15,21,26329.510242746335,76.42838531949151,1,3,0,7659.445226481949,2450.7161251416546,BENIGN
04/07/2017 09:03:33,443,280434,38,18,6323.885046264592,88.10127662142496,0,5,0,5242.70319928496,339.0385163847289,BENIGN
04/07/2017 09:03:34,25,15582,34,12,22280.093698582717,71.75002220441799,1,2,0,11312.25441167045,4189.8570940179325,BENIGN
04/07/2017 09:03:32,445,540293,31,20,22746.16294628481,88.55484805260325,0,10,0,11474.357089147912,2332.5061148316763,BENIGN
04/07/2017 09:03:31,8080,212327,16,14,34035.37009085113,96.71918761200605,0,9,0,13987.256257154571,4532.689834340515,BENIGN
04/07/2017 09:03:32,80,743874,14,20,32784.21028882001,23.78658128590754,1,5,0,1419.1423922747035,4663.148296521939,BENIGN
04/07/2017 09:03:33,53,95483,14,21,27156.76650997986,89.59049947418484,1,5,0,6415.899770161306,2346.8866239504428,BENIGN
04/07/2017 09:03:33,3306,605619,14,18,21223.75857903385,20.148805472408597,0,3,0,13653.363802146405,351.20112811295223,BENIGN
04/07/2017 09:03:34,443,436378,12,6,34120.95896136766,16.133109159945064,0,9,0,11384.829307222833,2262.822341526217,BENIGN
04/07/2017 09:03:35,53,389750,15,19,7074.9350206163135,60.02686961909044,0,6,0,6546.191198941508,2810.94723646448,BENIGN
04/07/2017 09:03:35,21,703959,37,6,19980.381097171885,51.9227979627949,0,9,0,11014.396198267777,2177.9532213655802,BENIGN
04/07/2017 09:03:34,22,547601,30,10,13437.811199089134,71.31646700660619,1,2,0,941.178089759734,2507.220850243235,BENIGN
04/07/2017 09:03:35,22,20837,21,32,5172.954072562255,116.4189599866915,1,3,0,9667.655696122087,957.075168192574,BENIGN
04/07/2017 09:03:37,3306,229502,9,10,2720.181010370239,57.22321734020224,1,6,0,9585.730804330016,859.6230702531394,BENIGN
04/07/2017 09:03:37,8080,570400,18,7,10465.027997531713,28.176879991959307,0,4,0,13001.984334554727,1625.2670515147445,BENIGN
04/07/2017 09:03:39,445,88963,16,33,4967.592696722099,116.25984546198117,0,4,0,2067.9113813032254,1533.9528492282448,BENIGN
04/07/2017 09:03:39,445,398548,35,4,30861.599204674938,19.75529815156574,1,3,0,4218.938405873027,1513.1930974154893,BENIGN
04/07/2017 09:03:37,22,605798,39,27,19015.085237816962,53.84536789606538,1,7,0,7509.306507818231,3781.697638767542,BENIGN
04/07/2017 09:03:41,8080,714346,24,13,30288.321097276064,27.662288485450357,1,10,0,11610.326908447707,1892.6915021122463,BENIGN
04/07/2017 09:03:40,25,133226,5,12,19208.75864230406,56.79854358440761,0,1,0,7676.804091034488,3570.2116591215267,BENIGN
04/07/2017 09:03:39,25,728198,8,27,6182.885139341057,59.15600694462787,0,5,0,6976.0792819682865,299.53227296690187,BENIGN
04/07/2017 09:03:39,445,152136,6,13,34060.020903964185,27.161375944947373,0,1,0,7165.563692325556,1604.7865785683828,BENIGN
04/07/2017 09:03:39,22,161512,3,2,2186.864171926674,24.837615880387496,0,5,0,12170.474277912092,3462.0703440855323,BENIGN
04/07/2017 09:03:39,8080,347427,29,24,15485.733012842727,77.2212069066531,0,2,0,9249.969495225887,2826.9973100245656,BENIGN
04/07/2017 09:03:40,80,575735,11,24,6288.541970136756,21.986751548443745,0,8,0,11743.594320724698,4214.761762475198,BENIGN
04/07/2017 09:03:41,443,119776,9,25,26092.046297200355,77.79102200651597,1,7,0,6172.174561586649,3413.8935233248017,BENIGN
04/07/2017 09:03:43,21,562253,16,23,24161.992680162053,19.839354551948034,0,1,0,6317.250663551495,1619.948599550206,BENIGN
04/07/2017 09:03:41,22,59621,3,30,18357.704611651996,26.00348938305868,1,1,0,14017.255868387003,580.4831397682635,BENIGN
04/07/2017 09:03:42,25,97906,20,7,11384.234244675788,95.03737465989025,1,5,0,3707.2370348189183,4500.042288463241,BENIGN
04/07/2017 09:03:42,25,153526,30,35,7936.793572046925,54.971674772076305,1,7,0,1968.917267931551,1691.991561968913,BENIGN
04/07/2017 09:03:42,445,441916,6,34,2785.7001814003356,39.430563018088165,1,3,0,11032.414272587612,203.42831640439903,BENIGN
04/07/2017 09:03:45,80,110324,26,22,16499.761470637943,65.98054111091773,0,1,0,7612.833425843638,4860.374836285912,BENIGN
04/07/2017 09:03:45,3306,225139,26,10,12767.514312488429,37.60390499112374,0,5,0,6261.149981034336,3547.155281878241,BENIGN
04/07/2017 09:03:47,443,14207,3,9,33025.78749449612,49.14192160737614,0,9,0,9672.600792335548,1099.8938547802095,BENIGN
04/07/2017 09:03:47,25,105485,37,13,1546.2975970140396,83.7879863119193,1,3,0,5111.0108786540295,4334.642491327535,BENIGN
04/07/2017 09:03:48,25,428850,3,11,21528.18538759246,59.86961905439686,1,10,0,7999.874692409135,3540.754316458516,BENIGN
04/07/2017 09:03:48,8080,423374,37,21,30673.637791797773,61.79854984787774,0,3,0,1834.86855539559,1525.2298662275123,BENIGN
04/07/2017 09:03:47,80,687382,27,4,18206.240542376425,88.87282032358043,0,5,0,12121.470673748443,1864.8112739357405,BENIGN
04/07/2017 09:03:46,445,49153,34,25,27226.997015762143,83.12811597557938,0,8,0,3366.77552141336,2428.9388000312424,BENIGN
04/07/2017 09:03:47,21,316768,25,30,25524.481566724196,55.73124307981687,1,9,0,4715.556016444024,1843.5617270318323,BENIGN
04/07/2017 09:03:50,3306,206128,4,4,9822.370719729559,94.54602597127128,1,6,0,8674.162795833518,2839.8283117538517,BENIGN
04/07/2017 09:03:49,443,748635,6,12,29213.30239004074,109.58315613910398,0,2,0,8805.083332480797,2519.7011933030803,BENIGN
04/07/2017 09:03:47,22,57997,34,16,33801.79129658682,39.63251075782304,1,10,0,9849.671647372536,1858.8046380182914,BENIGN
04/07/2017 09:03:47,443,507366,34,25,6178.41876141064,43.1323687390621,0,1,0,8064.471310977281,1111.3513749732992,BENIGN
04/07/2017 09:03:49,3306,308284,25,14,11797.98781893751,27.00211479861837,0,6,0,14700.549703559645,1089.9611563517883,BENIGN
04/07/2017 09:03:51,3306,408677,17,12,5009.772126392567,84.5048342707641,0,10,0,3417.3141164373396,2739.9259779601084,BENIGN
04/07/2017 09:03:49,25,469488,19,26,32275.003103646315,22.93621225990734,1,2,0,2087.1982312513064,431.1312930046629,BENIGN
04/07/2017 09:03:52,25,420037,15,7,5700.22648034925,68.45922249541283,1,6,0,11025.289605468197,4743.036375588888,BENIGN
04/07/2017 09:03:51,25,559881,10,14,24636.164302058914,16.326850901219878,1,3,0,14188.856602990225,4643.883240947057,BENIGN
04/07/2017 09:03:50,53,560934,31,8,32747.633743722203,115.81492404223864,1,4,0,9150.16454543498,4547.657028602579,BENIGN
04/07/2017 09:03:52,25,20148,15,18,33014.37990804264,92.75628031552786,0,8,0,4022.408108447773,2870.5170235870028,BENIGN
04/07/2017 09:03:53,8080,647189,36,4,28688.54120326854,48.112076322429125,0,4,0,823.5289573726358,1261.7673820499929,BENIGN
04/07/2017 09:03:53,21,484097,26,4,13146.013805251996,37.38412950148012,1,8,0,4342.72919871434,1212.5858892231809,BENIGN
04/07/2017 09:03:55,3306,579581,40,27,22801.672483023576,74.20447245866337,0,5,0,1748.32703453713,1415.4698258024237,BENIGN
04/07/2017 09:03:52,22,596938,28,20,26979.693760992584,116.13127748086734,0,6,0,5821.893144064043,677.1979665315496,BENIGN
04/07/2017 09:03:56,443,85047,30,13,27949.842670965525,73.95451568728912,0,5,0,3418.762016526679,4600.048329467346,BENIGN
04/07/2017 09:03:53,80,565261,10,17,22790.01224895334,18.271077368786635,0,7,0,1984.6901006055025,4503.805868345876,BENIGN
04/07/2017 09:03:53,8080,193725,21,18,8467.871306170719,99.88080276010349,0,5,0,2380.7394186729234,4114.198151636907,BENIGN
04/07/2017 09:03:55,443,766369,19,4,14865.509118855025,89.33880132679901,1,1,0,2618.1287640391993,2639.3260527088187,BENIGN
04/07/2017 09:03:57,8080,753779,25,18,18883.3375737123,104.3541685288181,0,10,0,7872.386447358222,4930.901424272359,BENIGN
04/07/2017 09:03:57,445,224402,28,8,17857.062353644465,44.170564216687374,1,8,0,12384.88416740695,4189.155270180312,BENIGN
04/07/2017 09:03:55,3306,105144,32,31,30083.15651171695,100.66710988182813,0,10,0,6107.039799557827,2425.6086496575426,BENIGN
04/07/2017 09:03:57,22,587137,31,14,32233.737405210002,104.66703303170597,1,4,0,6600.646655653645,4954.439034070613,BENIGN
04/07/2017 09:03:56,445,302281,11,27,22530.623636302902,20.96565455785955,1,4,0,3343.932896592567,2227.445038537094,BENIGN
04/07/2017 09:03:57,21,154586,6,32,7247.756406009958,109.25907921451716,1,1,0,7106.325425386612,466.74085484138675,BENIGN
04/07/2017 09:03:58,8080,259381,24,28,28720.726588722067,117.99673627015275,1,3,0,8707.155509503233,379.26405038298765,BENIGN
04/07/2017 09:03:57,443,245977,38,27,34565.01967113973,98.32714456452548,1,8,0,6798.4890136751055,3825.3136511257894,BENIGN
04/07/2017 09:04:01,8080,650755,32,33,4406.887219133611,101.92298044435886,1,9,0,11167.101097128003,1677.9537585747853,BENIGN
04/07/2017 09:03:59,25,697204,37,33,26680.405168186295,10.790067652334475,1,9,0,10748.158445274255,419.9309920421954,BENIGN
04/07/2017 09:03:59,22,737502,4,14,1013.5290006966715,118.8736216541474,0,7,0,4775.070462940559,1129.5401593519896,BENIGN
04/07/2017 09:04:02,21,791836,32,18,29831.74876689219,84.9897083425801,0,5,0,9954.082249558272,4004.8411740470597,BENIGN
04/07/2017 09:04:01,443,130376,6,12,21206.720740705452,95.7216587588125,1,9,0,5646.163251032191,3834.454197924067,BENIGN
04/07/2017 09:04:02,25,139398,40,29,24683.3728655243,100.6127578636062,0,4,0,13952.757352944638,4050.7909051741112,BENIGN
04/07/2017 09:04:04,53,783267,19,26,29101.207635241823,28.97802361692979,0,7,0,9974.896106312124,3325.2572926414337,BENIGN
04/07/2017 09:04:00,21,742095,15,20,17379.01106719856,118.68304517361727,1,2,0,1886.516358355677,3102.251855900534,BENIGN
04/07/2017 09:04:04,25,724765,12,34,33822.1790200414,31.886526863611387,1,1,0,13118.598113932128,115.0142434836824,BENIGN
04/07/2017 09:04:03,443,178852,14,6,21236.83497893335,109.74834632043824,1,6,0,13279.828676382987,2368.8134548459457,BENIGN
04/07/2017 09:04:04,22,133243,17,12,2651.538647783996,42.12910676855059,1,4,0,11932.511554296983,4492.795558666958,BENIGN
04/07/2017 09:04:02,8080,650716,40,20,27651.131274371623,109.13757962080994,1,6,0,6069.781785297681,297.8808089327175,BENIGN
04/07/2017 09:04:06,53,423776,14,5,914.0177209458784,63.3302111606692,0,7,0,6885.379887083664,649.492797745012,BENIGN
04/07/2017 09:04:04,21,750505,39,3,26952.50649321759,24.33121190727458,0,8,0,12992.898626456798,2067.3749320608576,BENIGN
04/07/2017 09:04:06,443,210154,10,5,5287.676919212886,43.309337773120376,1,2,0,1317.1024730441463,2491.333547066744,BENIGN
04/07/2017 09:04:05,445,1692,19,15,30614.21659016273,47.03744327359416,0,8,0,3584.6106382823823,2610.8353976229064,BENIGN
04/07/2017 09:04:05,8080,758535,5,12,13318.296363815934,91.2554523350173,0,1,0,958.7702118904983,1584.402376480799,BENIGN
04/07/2017 09:04:05,53,795317,13,2,17902.54357853107,92.98733554089982,0,8,0,2334.6075097833336,4244.438531239548,BENIGN
04/07/2017 09:04:05,53,5708,13,27,31257.82984859584,49.464010864447076,1,9,0,12046.349792089248,3692.605046898029,BENIGN
04/07/2017 09:04:07,25,11878,38,11,4664.827494813736,29.528082848764125,1,2,0,13126.51156307373,2071.0524371578595,BENIGN
04/07/2017 09:04:07,25,492833,39,25,13780.377534787358,44.82273702934287,1,5,0,11252.562913395213,3244.1940678440096,BENIGN
04/07/2017 09:04:06,22,638813,25,17,21886.184949971677,56.58542357970529,1,2,0,14116.581919511465,4291.281543153394,BENIGN
04/07/2017 09:04:07,21,673757,27,22,26732.782118855444,76.64254694682266,0,1,0,12972.625907886042,4612.68428091693,BENIGN
04/07/2017 09:04:09,25,374780,19,16,19539.498766791567,25.054899882044175,1,7,0,3066.563526784894,4320.770836651993,BENIGN
04/07/2017 09:04:10,22,224522,18,7,22453.09044807017,18.46756470611581,1,8,0,9337.485945448387,4421.581342866608,BENIGN
04/07/2017 09:04:09,25,373066,14,32,10818.916776055143,81.30143217138097,0,8,0,3073.5055401156583,3823.789541535368,BENIGN
04/07/2017 09:04:10,22,732309,5,31,3055.9408985235414,17.752092767557365,1,7,0,6126.405236216268,162.82375892152245,BENIGN
04/07/2017 09:04:12,25,332485,29,3,11408.926050224232,92.31839492620658,0,5,0,3309.2145386641623,2744.765106111388,BENIGN
04/07/2017 09:04:10,3306,468859,10,13,1121.3623675163064,45.94816716072967,0,7,0,12161.476865846438,1688.9897577958172,BENIGN
04/07/2017 09:04:12,80,284845,22,15,12386.201905944146,10.941525080909202,1,1,0,6751.828049088961,3453.5437877602244,BENIGN
04/07/2017 09:04:13,22,743112,35,16,6371.532369022221,49.82930944679313,1,1,0,12470.30533355851,3467.754188448002,BENIGN
04/07/2017 09:04:12,53,188208,18,27,22139.38565596343,30.17286930273288,0,9,0,4219.96729638486,3361.119426434324,BENIGN
04/07/2017 09:04:12,80,80622,29,33,27654.89356546836,31.515326813599778,1,6,0,2964.784802668773,1379.5658363306693,BENIGN
04/07/2017 09:04:12,53,521991,29,19,31552.49130818812,58.27648973790806,0,6,0,13489.31596497231,4119.937204780823,BENIGN
04/07/2017 09:04:14,80,393349,7,2,34735.78286774819,99.2865685481603,0,3,0,12462.60235789645,1030.54033899643,BENIGN
04/07/2017 09:04:15,8080,758249,29,14,30912.739670324056,110.91138413645773,1,7,0,9073.737318434914,3930.059329830246,BENIGN
04/07/2017 09:04:15,21,463229,22,34,34053.322305797716,46.26643296510139,1,10,0,13090.504218558714,4667.778380269579,BENIGN
04/07/2017 09:04:14,80,767061,36,8,29969.26733346944,93.83642323363863,1,5,0,1539.5584917527156,2967.037458105776,BENIGN
04/07/2017 09:04:14,22,604938,35,10,21195.8371126766,89.88585150749871,1,5,0,1289.1150810516594,276.23629130218364,BENIGN
04/07/2017 09:04:14,25,725121,26,8,24178.04427062394,37.651808824751015,0,8,0,9005.134656608356,4653.347405670657,BENIGN
04/07/2017 09:04:18,22,331170,17,35,13141.762290192872,112.41230477837593,0,7,0,14308.031810591418,329.0499646377152,BENIGN
04/07/2017 09:04:17,3306,257898,22,15,14701.22026781884,64.59446611757534,1,10,0,13045.251869045018,1619.773614656962,BENIGN
04/07/2017 09:04:18,443,256904,14,9,16136.562083550985,117.28702485205814,0,7,0,14366.578468078093,1807.0124248310112,BENIGN
04/07/2017 09:04:18,3306,429619,18,31,7519.700381358185,22.57251407693892,0,9,0,10755.138070955154,3112.6694471235837,BENIGN
04/07/2017 09:04:19,53,50853,35,21,17838.569301898387,62.681476364231365,0,7,0,10338.66417274746,3769.2634936736476,BENIGN
04/07/2017 09:04:19,25,129735,8,17,22066.709302907657,21.717286195824542,0,2,0,12454.83050085768,4732.827138091027,BENIGN
04/07/2017 09:04:18,8080,126170,40,16,32826.42203039676,112.3365627240866,0,2,0,6700.299709930356,2477.3570742369707,BENIGN
04/07/2017 09:04:20,8080,586023,26,14,23361.611127614335,53.64445470396431,1,8,0,10678.426228717108,1961.1816835051754,BENIGN
04/07/2017 09:04:19,8080,604674,31,5,3629.7701335576417,89.22198419229518,1,2,0,11397.359037586095,2011.3492958338834,BENIGN
04/07/2017 09:04:20,443,312966,24,27,28708.42138233953,107.05586218276963,1,1,0,7127.959012870799,1664.5253970318765,BENIGN
04/07/2017 09:04:22,25,313446,35,26,27027.375172289907,68.37000936681666,1,9,0,5215.263327613523,395.0038906124394,BENIGN
04/07/2017 09:04:21,22,797880,31,12,26217.76612840967,69.53736360118288,0,1,0,4220.477409014538,3460.359617945863,BENIGN
04/07/2017 09:04:22,53,137247,13,33,11121.376205653429,55.192113027642364,0,9,0,2197.05403614612,4711.436665050887,BENIGN
04/07/2017 09:04:21,25,271204,34,6,26955.177735549343,46.848642657832755,1,4,0,12694.708061157937,654.3431913440542,BENIGN
04/07/2017 09:04:22,445,45403,28,18,31983.56553057739,81.97572562353257,1,6,0,14525.486693074577,266.36044263432177,BENIGN
04/07/2017 09:04:21,21,302963,33,21,27985.677571743185,7.265643937104525,0,7,0,3295.186291948222,3432.192685844239,BENIGN
04/07/2017 09:04:21,80,520201,13,9,26239.622361948455,115.31544933198666,1,5,0,6335.209397480714,2752.298080786936,BENIGN
04/07/2017 09:04:23,3306,607575,33,7,21997.470840369915,30.110430691212375,1,2,0,4456.046356247756,4282.335057946543,BENIGN
04/07/2017 09:04:23,21,457917,27,25,735.1187090265432,90.3773798300695,1,5,0,6677.943212605103,2896.272193387676,BENIGN
04/07/2017 09:04:22,445,144217,36,24,21358.971544945864,11.489777810778278,0,8,0,3668.342001554512,4596.395448610448,BENIGN
04/07/2017 09:04:24,21,792111,38,30,1561.8454554775994,77.02449591710506,1,3,0,4674.940246184594,3000.5015433630147,BENIGN
04/07/2017 09:04:24,80,780965,32,27,31182.506764083064,27.39604328846381,0,4,0,3788.2475025571057,691.5683021395433,BENIGN
04/07/2017 09:04:26,80,239600,22,29,9753.496491116895,19.0970888891055,0,4,0,12213.409174408982,1203.4307585514694,BENIGN
04/07/2017 09:04:24,80,224856,40,16,20035.573816352236,62.54652510043969,1,4,0,7079.969417961625,1293.6061297352774,BENIGN
04/07/2017 09:04:25,3306,783435,22,8,24626.95243314708,119.6008226866235,0,1,0,12138.904070088975,1690.2097725358176,BENIGN
04/07/2017 09:04:26,445,21024,4,27,16763.38586832208,65.63702179630494,0,8,0,14341.73671903171,1601.9221279780668,BENIGN
04/07/2017 09:04:28,8080,286975,38,22,32047.99116254286,47.643730427060056,1,1,0,2380.286377968952,3556.8842590289005,BENIGN
04/07/2017 09:04:28,443,270356,27,27,15960.448373790774,82.45754383747389,1,9,0,14134.112514956054,1269.7057708331513,BENIGN
04/07/2017 09:04:28,25,511075,13,4,15628.300661126248,36.734996708913286,0,10,0,860.985593853584,4062.923494519434,BENIGN
04/07/2017 09:04:27,443,402349,13,6,32993.346659823845,98.67893537465014,0,4,0,12322.340545512567,3325.229567969025,BENIGN
04/07/2017 09:04:29,25,694867,24,27,7773.900182943499,71.67938350509878,1,8,0,1018.8907994126527,3272.63978172526,BENIGN
04/07/2017 09:04:29,443,470000,6,16,28349.7954627659,92.73197478878431,1,4,0,882.7888461123757,3352.689051167027,BENIGN
04/07/2017 09:04:31,443,398759,12,11,13456.493553114993,22.89045680813286,0,10,0,3013.9752829221093,2809.2655540918645,BENIGN
04/07/2017 09:04:31,3306,419228,39,22,13691.949759855188,76.55623470188844,1,3,0,3420.474525461285,339.7306329194455,BENIGN
04/07/2017 09:04:29,22,345120,24,12,23586.01484095277,24.29797873624519,1,5,0,3066.3607952474586,3547.9660445622894,BENIGN
04/07/2017 09:04:33,445,442995,9,12,34597.70344977215,119.97224301550689,1,7,0,11188.80277191062,3696.743889768695,BENIGN
04/07/2017 09:04:31,3306,322905,37,17,21818.912161786422,78.3122977763298,0,4,0,14844.476608327697,486.49352750259874,BENIGN
04/07/2017 09:04:34,80,728153,10,25,4534.754934014643,11.03580875474737,0,3,0,6769.807447605425,4084.168753364164,BENIGN
04/07/2017 09:04:34,53,236194,5,22,7293.206255071419,11.663313492329259,0,3,0,4221.90775773184,3728.6830552196866,BENIGN
04/07/2017 09:04:31,22,201353,15,3,34704.32873865799,44.30866667486153,1,6,0,4098.485811691585,496.5591591716625,BENIGN
04/07/2017 09:04:33,25,593049,33,20,20866.45494098128,15.890396406866556,0,1,0,13999.73703088868,3963.2469874311546,BENIGN
04/07/2017 09:04:33,25,373463,39,34,12802.477113315794,17.078226157207197,0,1,0,2652.3633092801165,2791.140804787377,BENIGN
04/07/2017 09:04:34,443,660341,17,6,13370.285114769584,97.06611799389434,1,2,0,11830.80747621111,2827.401140646415,BENIGN
04/07/2017 09:04:34,443,703568,24,2,16468.404160693324,117.28720694639154,1,9,0,1691.8207010328379,1295.7384789488399,BENIGN
04/07/2017 09:04:36,445,51321,28,15,27894.429282487057,88.2889476671915,0,2,0,2878.213130065078,4492.327274409594,BENIGN
04/07/2017 09:04:36,3306,658284,38,16,23054.815885915854,106.18387131346276,0,5,0,625.9515230283819,4794.475439361017,BENIGN
04/07/2017 09:04:34,53,366574,23,31,22990.757821679512,67.84556040236187,1,1,0,14906.317109766887,1585.975147448852,BENIGN
04/07/2017 09:04:35,3306,753511,30,26,31584.887789234388,107.14726917477964,0,8,0,2558.76356799646,1791.9839527710965,BENIGN
04/07/2017 09:04:36,21,755623,6,5,3834.714245798569,74.83478138893564,1,7,0,13577.565196957445,1902.033834583149,BENIGN
04/07/2017 09:04:36,443,765357,11,18,10380.048743320618,73.4529544335647,0,6,0,5624.524777036171,2441.2945821611142,BENIGN
04/07/2017 09:04:37,53,241669,24,31,9881.497937006761,43.327090788853745,0,1,0,13783.070987729037,2148.8933141010225,BENIGN
04/07/2017 09:04:39,3306,27118,16,6,19788.666977695462,27.93023332916693,1,9,0,4956.120581305901,1266.366210749776,BENIGN
04/07/2017 09:04:37,3306,482273,25,23,1375.7167920525656,111.40142910909432,1,2,0,6622.674868845168,3318.728957927936,BENIGN
04/07/2017 09:04:39,445,210236,35,20,29434.107367023837,89.03455566215689,0,1,0,3545.73000959226,4622.086867441431,BENIGN
04/07/2017 09:04:39,8080,674929,18,34,3891.1946309487485,88.39858514640967,1,6,0,3143.3596894096204,2679.6546253776455,BENIGN
04/07/2017 09:04:39,22,699950,19,4,34712.01164505531,81.61992415512239,1,9,0,6993.309765232939,4549.0349924891025,BENIGN
04/07/2017 09:04:40,22,604699,22,16,30432.93505269944,15.284782513208341,0,5,0,9177.918278975656,3330.834005737246,BENIGN
04/07/2017 09:04:40,25,569600,30,8,2199.762131132122,118.8837795185706,1,1,0,10803.034846167107,3655.5207496707535,BENIGN
04/07/2017 09:04:41,3306,7864,22,3,1663.3202950464938,25.214486085903975,1,9,0,9972.595178829553,2475.815311107168,BENIGN
04/07/2017 09:04:40,25,785428,37,16,29045.75390639953,94.08491521409834,1,4,0,946.4453333895451,4828.892950671615,BENIGN
04/07/2017 09:04:43,80,764306,4,27,23458.472552341715,36.97779129529356,1,9,0,5770.56628618888,2717.754148992657,BENIGN
04/07/2017 09:04:42,3306,693279,17,22,33721.238876450625,53.798860743174984,1,4,0,4173.8197537858505,3557.0122778737327,BENIGN
04/07/2017 09:04:42,53,798302,35,2,17800.56695091904,7.166918492270193,0,10,0,7203.675636020345,3877.782990497936,BENIGN
04/07/2017 09:04:44,80,320928,23,27,31832.86090908925,97.64475297476407,0,4,0,9297.128894534615,4755.408030479336,BENIGN
04/07/2017 09:04:41,21,268430,18,21,15810.443005847706,27.25343026463336,0,7,0,6340.105395658469,1231.0478088036207,BENIGN
04/07/2017 09:04:42,8080,784378,27,17,3898.153123317379,52.38049916350912,0,9,0,7373.628954960085,1719.1630278456814,BENIGN
04/07/2017 09:04:43,445,571025,13,19,17827.5411934677,69.85103160645089,0,3,0,14819.057764324734,528.782835324372,BENIGN
04/07/2017 09:04:46,80,73817,37,8,569.4346058059768,108.5429804290291,0,3,0,3429.3296798628876,1614.7299376889544,BENIGN
04/07/2017 09:04:43,21,650152,13,15,4951.2336071034,6.93996617079806,1,10,0,5583.5413416600595,2658.3306826497205,BENIGN
04/07/2017 09:04:43,25,703581,28,8,15084.181847999822,10.984507305356361,1,7,0,11882.137841563459,508.9229764595066,BENIGN
04/07/2017 09:04:45,445,235414,17,32,33815.0831878539,74.5577787280996,0,9,0,1088.098210520523,2788.073328973465,BENIGN
04/07/2017 09:04:47,8080,725536,3,8,31438.959009197224,47.63665231362111,1,2,0,8485.698443626246,2978.796840547846,BENIGN
04/07/2017 09:04:45,443,543755,33,4,23025.625492615607,23.853479980430443,0,6,0,8494.621398088522,155.8187402303871,BENIGN
04/07/2017 09:04:46,443,632486,6,31,14737.031563549428,118.95395644241589,0,6,0,9065.566892913623,3612.8381214887504,BENIGN
04/07/2017 09:04:46,53,34580,40,3,5823.320526486188,72.52078570748472,1,3,0,10214.996102062132,3506.309843882586,BENIGN
04/07/2017 09:04:49,3306,693971,17,29,25606.215551751262,84.2444186126599,1,2,0,2471.4077955754324,840.055045784087,BENIGN
04/07/2017 09:04:47,8080,337640,37,14,12069.13367770617,48.101334430630025,1,5,0,8809.457343832268,3371.418965500227,BENIGN
04/07/2017 09:04:49,443,592012,22,20,22854.111754695372,72.46131119526848,0,6,0,13784.365951951939,620.3735081918537,BENIGN
04/07/2017 09:04:49,25,94544,26,5,31091.11789563172,58.13885089763603,0,8,0,11211.292705722526,4309.032276563961,BENIGN
04/07/2017 09:04:50,445,405818,14,10,26916.49487313195,58.82098613596854,1,8,0,10819.096193488076,3916.587636471799,BENIGN
04/07/2017 09:04:50,21,408317,7,23,27965.072911095922,52.144982841762804,0,5,0,2585.130491982699,4814.214410093635,BENIGN
04/07/2017 09:04:49,443,307904,28,7,29956.68030714401,60.32444577769405,0,1,0,11876.539835812751,440.1747363062128,BENIGN
04/07/2017 09:04:49,53,13458,24,9,17635.5387318453,25.668213447742126,0,1,0,14566.780551994483,4929.337982092671,BENIGN
04/07/2017 09:04:49,22,563649,25,10,5298.0369437490635,97.38274459861208,0,7,0,10116.533713702624,3961.9514611833465,BENIGN
04/07/2017 09:04:52,22,347476,19,4,10527.59803919144,35.86603019418085,0,9,0,5518.375212460363,3323.0450053922605,BENIGN
04/07/2017 09:04:53,445,356227,13,17,13185.692035473114,34.304293249876324,1,5,0,14335.466697013304,2054.7081781960364,BENIGN
04/07/2017 09:04:52,80,404810,22,12,14588.195418622721,89.46052997968478,0,5,0,12057.317391218716,1617.9464138273559,BENIGN
04/07/2017 09:04:53,80,508050,29,10,31741.73327125356,80.81604816256971,1,8,0,11979.976502858552,3482.205307540782,BENIGN
04/07/2017 09:04:55,8080,454343,25,28,20284.312021375466,102.15680300017985,1,3,0,5255.11800453005,4184.0745303200765,BENIGN
04/07/2017 09:04:54,53,491070,30,21,2895.72374276984,19.764526022866733,1,7,0,10811.368444329359,2215.14563834258,BENIGN
04/07/2017 09:04:54,443,547339,4,16,12348.484905504418,93.53700361931017,1,8,0,12984.467871003468,2863.494726268395,BENIGN
04/07/2017 09:04:55,3306,528539,36,4,26147.233903313187,114.12891502228098,0,1,0,9599.34986335173,4048.08577704325,BENIGN
04/07/2017 09:04:55,445,139070,37,5,6689.480889079084,29.431997705253192,0,1,0,6474.189567748826,1190.4610107777164,BENIGN
04/07/2017 09:04:56,22,795775,19,9,33916.761723393465,16.920316394711797,0,10,0,6284.517045200808,2882.1922063756324,BENIGN
04/07/2017 09:04:57,53,719162,17,25,1369.8265090297118,62.99728045368228,1,8,0,6665.584519535528,3101.1360566558756,BENIGN
04/07/2017 09:04:57,3306,708510,13,12,12302.494981547561,46.98513306300617,1,4,0,10862.507950503648,2850.337946239211,BENIGN
04/07/2017 09:04:58,445,660556,21,35,26034.896924375844,6.058775645645283,1,7,0,9939.817009724027,2256.4172880328674,BENIGN
04/07/2017 09:04:58,443,725416,4,5,13865.792100107312,69.67902042245947,1,1,0,12406.180905919224,3284.0413831154265,BENIGN
04/07/2017 09:04:57,25,650649,3,23,29774.928816130305,23.404421505350967,0,6,0,14001.044431099186,3132.8120878989903,BENIGN
04/07/2017 09:04:59,80,736330,21,27,19828.63520253102,72.91901756789409,1,3,0,12193.425329495745,206.51377896750074,BENIGN
04/07/2017 09:04:59,80,765661,19,25,13175.183257808349,89.89465931462325,1,8,0,11147.909879374418,4162.869925192093,BENIGN
04/07/2017 09:04:58,80,503243,14,24,19687.405638323205,103.87554710585455,0,6,0,3532.6848920520447,3393.6504966833295,BENIGN
04/07/2017 09:05:00,25,494737,17,14,33136.7247085188,48.59081754668697,0,9,0,14075.911489989427,3349.789421667997,BENIGN
04/07/2017 09:05:01,21,23278,9,31,14949.089064185631,20.856968897454724,1,8,0,8150.240883090832,4895.056192516529,BENIGN
04/07/2017 09:04:59,3306,21087,38,31,20703.028068170723,19.75176641463645,0,8,0,2014.114986369455,3135.6348945719496,BENIGN
04/07/2017 09:04:59,443,253022,15,6,8035.759362508372,74.24603535406027,1,7,0,5397.518028205237,3003.42285041782,BENIGN
04/07/2017 09:04:59,53,301368,18,2,25805.433618472187,25.076532345183622,1,10,0,3345.664951226224,774.1350097911885,BENIGN
04/07/2017 09:05:01,25,642418,16,32,32284.036643697666,38.0377818215552,1,7,0,5610.141628263004,2235.7193940622788,BENIGN
04/07/2017 09:05:02,80,119359,16,4,3287.1074610839887,11.408938682392094,0,9,0,13436.686430779298,3452.7574214882784,BENIGN
04/07/2017 09:05:02,8080,544003,13,14,15379.645636171419,55.538160484623354,1,6,0,1412.3279485847859,1873.1514533819318,BENIGN
04/07/2017 09:05:01,53,98479,22,3,10570.170683973693,71.50761464288426,0,7,0,9307.355723956549,2740.904129623285,BENIGN
04/07/2017 09:05:04,25,518376,35,7,6529.699903641283,29.78244363164484,0,1,0,2873.9148979964007,4343.245743883928,BENIGN
04/07/2017 09:05:02,445,414263,33,27,1397.835657775784,69.59326728001223,1,3,0,8053.157724636069,655.1709968729949,BENIGN
04/07/2017 09:05:02,80,571291,21,18,18339.33463177735,71.69220301373788,0,9,0,6728.254020465878,3500.6713353466757,BENIGN
04/07/2017 09:05:05,445,645341,5,12,31328.798287357098,46.781354129256435,1,1,0,8303.596867893899,2859.327203714421,BENIGN
04/07/2017 09:05:04,443,111146,40,33,11271.98070196022,41.71159453336795,1,5,0,6794.862240877298,364.8385054443907,BENIGN
04/07/2017 09:05:07,25,601565,24,19,1987.191082234631,48.13698097275249,1,4,0,13892.8043949233,466.90054633216306,BENIGN
04/07/2017 09:05:07,443,717733,15,17,15667.049499032964,28.80749256855982,0,1,0,14678.239680280281,2968.784544140992,BENIGN
04/07/2017 09:05:07,53,210330,35,5,20628.759743387596,103.00458665664202,0,2,0,7377.796163337373,4180.204176227311,BENIGN
04/07/2017 09:05:06,22,364583,17,15,3141.1545216748723,51.81478909911026,0,10,0,1202.5851762530572,639.3139524614669,BENIGN
04/07/2017 09:05:06,25,496451,36,24,12117.489462790843,28.77799809820411,1,5,0,7891.782869115542,4438.458526356778,BENIGN
04/07/2017 09:05:06,443,126566,34,2,31780.115291087728,95.2516481898503,1,8,0,9947.416177694391,2537.9263794792373,BENIGN
04/07/2017 09:05:08,80,491582,31,25,18201.702067138187,92.56522414154745,1,3,0,693.907778401997,2685.604992430918,BENIGN
04/07/2017 09:05:06,21,169502,15,8,1440.1334861898495,109.07912954434802,0,1,0,9348.549490264233,4450.261430102499,BENIGN
04/07/2017 09:05:07,445,187330,13,4,9397.126874469253,75.30458062714419,0,10,0,13771.637609831449,2668.2530866719258,BENIGN
04/07/2017 09:05:10,53,139037,31,25,16495.168073157853,42.61643123743566,0,3,0,7180.009599598527,4709.241341741036,BENIGN
04/07/2017 09:05:07,443,439124,18,30,8298.405976335267,47.675983342854444,1,3,0,13183.832069954027,4298.269715184203,BENIGN
04/07/2017 09:05:10,22,129210,34,14,30431.309296324605,15.24584543680414,0,9,0,8783.551940617148,649.5611906963499,BENIGN
04/07/2017 09:05:08,80,518333,3,8,16037.156459483176,81.07979930150104,1,7,0,5775.233458314589,253.99694676229421,BENIGN
04/07/2017 09:05:09,445,105235,21,32,1208.7293947403614,28.583580014656402,1,8,0,4796.839031849932,922.1803366552754,BENIGN
04/07/2017 09:05:12,445,63977,20,18,20426.264083635077,94.05515118470574,0,8,0,10945.499183828826,1351.4475680310966,BENIGN
04/07/2017 09:05:13,445,368038,6,21,14544.86390958036,83.18150206463955,1,2,0,512.2798621172661,4985.263874981755,BENIGN
04/07/2017 09:05:10,8080,284650,28,28,29324.901050467324,96.6723108510516,1,6,0,6931.978076659606,4752.998425480768,BENIGN
04/07/2017 09:05:12,53,632342,14,29,2059.7386692700284,10.504628682703816,1,4,0,7432.5541650544865,3240.7277950157722,BENIGN
04/07/2017 09:05:12,443,216666,19,8,2040.710918640213,36.79459075238871,1,6,0,14122.534755159375,1550.368931950963,BENIGN
04/07/2017 09:05:12,53,464952,28,33,4317.9286568764255,21.427337529722134,1,10,0,3586.0616969909406,4110.670624643888,BENIGN
04/07/2017 09:05:13,445,194915,16,4,30399.055921878473,57.21749900520154,1,3,0,11979.086715416728,2982.4317147585853,BENIGN
04/07/2017 09:05:13,53,154078,37,6,17782.902822653006,64.54131320411167,0,3,0,8680.786749065734,4806.683182516542,BENIGN
04/07/2017 09:05:15,53,50022,28,12,28210.289136708067,95.34490172361757,0,1,0,13852.563008896906,2176.723749965225,BENIGN
04/07/2017 09:05:16,445,323575,35,34,19343.050448172507,52.69569988725301,1,9,0,4910.30529004845,3871.201039670331,BENIGN
04/07/2017 09:05:14,22,223028,15,8,32764.29312772158,63.76408510732642,1,3,0,13430.257451544736,4279.078026774189,BENIGN
04/07/2017 09:05:17,8080,463976,34,4,6878.411630388481,26.54605347808169,1,5,0,4773.011744239628,819.3192157221762,BENIGN
04/07/2017 09:05:16,445,219382,36,16,26456.485078281115,78.02241469210769,0,9,0,7331.5874361567785,4070.30826846992,BENIGN
04/07/2017 09:05:16,25,522424,40,32,17991.074461019416,8.050513048457345,0,1,0,2902.9146420022103,2811.5523767316718,BENIGN
04/07/2017 09:05:16,3306,200239,15,24,22903.639291227904,53.678718425160355,1,1,0,8269.032676372992,222.46602193125847,BENIGN
04/07/2017 09:05:16,80,104437,21,7,27857.713492749845,16.55832076269813,1,8,0,4090.918181166257,4872.065099489699,BENIGN
04/07/2017 09:05:17,53,380301,39,6,32729.955042354715,28.417300133616497,0,10,0,11586.505221855874,1016.5267048169057,BENIGN
04/07/2017 09:05:16,25,460917,10,25,16234.26931795235,64.10523798494631,1,4,0,8852.077521052459,2022.1197154032097,BENIGN
04/07/2017 09:05:17,21,115066,8,18,15971.05484635425,51.4946358321412,1,1,0,3747.029607917405,1791.036007461318,BENIGN
04/07/2017 09:05:20,21,76500,37,13,23045.78501559762,93.36279470540272,0,3,0,4340.830648940792,1385.0475090457462,BENIGN
04/07/2017 09:05:21,3306,392058,25,12,672.6001022523491,69.3035463795869,0,7,0,3267.904010685313,619.6140168099447,BENIGN
04/07/2017 09:05:19,8080,160240,27,5,20071.461241209607,91.4566787811274,0,6,0,2911.404898169837,3023.244721946543,BENIGN
04/07/2017 09:05:20,53,390693,16,5,27134.992542763823,39.072813631118905,0,4,0,9484.774072406184,4398.931825540828,BENIGN
04/07/2017 09:05:22,8080,424132,13,22,8266.589815891635,35.60703412324047,0,8,0,6726.811251320506,3692.3472765103484,BENIGN
04/07/2017 09:05:21,3306,364831,39,18,11640.381942145365,99.53743722928675,0,4,0,5094.251756319944,1891.1374077655883,BENIGN
04/07/2017 09:05:21,443,774793,5,26,31725.050244871367,18.087871358885295,0,2,0,5942.30630991993,3223.890986309604,BENIGN
04/07/2017 09:05:21,22,682433,9,35,34472.4993083126,6.176752741152156,0,1,0,3638.7685211537205,2135.478954682607,BENIGN
04/07/2017 09:05:23,22,786528,9,27,10628.814270322737,61.07780569195155,1,5,0,12449.326421435595,840.9734607142914,BENIGN
04/07/2017 09:05:24,80,221075,26,3,6477.282412540741,26.77520525474891,0,9,0,13505.29175911245,2758.5298910851757,BENIGN
04/07/2017 09:05:24,8080,506003,9,12,25540.578264573236,19.766956536501148,1,2,0,8027.593378199016,2066.0815281953255,BENIGN
04/07/2017 09:05:25,445,197104,32,33,15783.799293147506,98.60532226947866,0,10,0,3379.9012162323475,3757.4567259235396,BENIGN
04/07/2017 09:05:25,3306,420801,4,23,1692.570796198377,22.688601702322366,0,2,0,889.7626636230098,2047.0353137578272,BENIGN
04/07/2017 09:05:22,53,419127,20,12,18822.89950767217,76.36467153253525,1,5,0,10324.974255962377,1839.3565620556706,BENIGN
04/07/2017 09:05:23,80,33139,9,33,15574.849838085853,103.3977957086087,1,1,0,14858.648254761678,2541.077336083148,BENIGN
04/07/2017 09:05:27,3306,499828,23,28,6562.513459484957,105.9846454045481,1,7,0,3486.3578315097225,3892.0117430816413,BENIGN
04/07/2017 09:05:25,25,343083,28,17,28827.594971833067,106.50732670110074,0,6,0,4768.39832706786,1786.6595155476293,BENIGN
04/07/2017 09:05:25,8080,467661,38,25,32443.43886359017,6.697412454018199,1,9,0,5465.565619570337,445.2953280851139,BENIGN
04/07/2017 09:05:27,22,522749,39,2,9457.166327751835,58.215755040681245,1,8,0,14642.743588210373,256.5186134825517,BENIGN
04/07/2017 09:05:28,80,112607,7,16,23765.060400024944,64.46208513890102,0,3,0,3714.789969011098,1286.2183244617215,BENIGN
04/07/2017 09:05:26,25,674371,6,9,27899.055198794333,63.10657359695667,0,2,0,4524.052002215927,4301.397052855637,BENIGN
04/07/2017 09:05:28,80,46113,25,34,4143.87202620079,113.93409041680286,0,4,0,11330.471776036435,4258.422119136065,BENIGN
04/07/2017 09:05:29,25,718340,35,9,32208.415900656695,112.36652782244767,1,3,0,1574.4790285555673,2190.3880007288635,BENIGN
04/07/2017 09:05:28,53,6349,8,10,27213.2219928576,69.40900208165621,1,1,0,3123.596111931569,3401.9914399670643,BENIGN
04/07/2017 09:05:31,53,615517,14,35,963.4909444079892,34.72390354194281,1,6,0,12351.256261814082,3446.7476385013615,BENIGN
04/07/2017 09:05:30,25,362512,37,28,6451.9575038999765,115.65092311124346,1,5,0,14570.525755008846,2821.1928397094325,BENIGN
04/07/2017 09:05:30,53,589005,29,21,4058.154985008264,28.982802357657686,1,2,0,10985.048588678921,1954.5113377507553,BENIGN
04/07/2017 09:05:32,80,383731,14,32,33942.52866349819,35.20263886967905,1,9,0,2235.194855854161,3226.939649262928,BENIGN
04/07/2017 09:05:30,445,59264,6,17,22106.35292669305,14.68855643797531,0,6,0,3679.662568350615,3491.9431451697196,BENIGN
04/07/2017 09:05:31,25,616800,32,17,31609.765866558937,76.62376787011858,1,1,0,9516.771289322573,1380.4877758881307,BENIGN
04/07/2017 09:05:30,25,301768,27,12,11760.111350375926,75.47421051815722,0,8,0,9745.940488218599,4934.267427268865,BENIGN
04/07/2017 09:05:32,445,360698,7,26,20953.38866968696,16.310309798306434,1,10,0,7403.262111454299,1232.1118933437726,BENIGN
04/07/2017 09:05:32,21,148188,9,31,19713.40801767704,112.74338478814295,0,1,0,4038.8583888219728,2945.9114058223345,BENIGN
04/07/2017 09:05:32,443,470983,13,28,21850.588588130122,59.73173337726631,1,10,0,10585.063957724027,2761.0193949102304,BENIGN
04/07/2017 09:05:33,3306,266202,7,16,20318.764713129476,86.8565157338299,1,9,0,1803.5513077677724,2757.9814033815414,BENIGN
04/07/2017 09:05:33,21,325438,8,2,22705.137223246395,91.35345371973202,0,4,0,14110.545157260527,1838.9541854949543,BENIGN
04/07/2017 09:05:32,445,364666,16,19,9765.614483020587,12.587076795217154,0,6,0,6305.859893114958,4595.7368316115935,BENIGN
04/07/2017 09:05:35,53,332472,40,16,15246.037547408207,105.42679911921893,1,10,0,11807.728329987394,4965.821394561823,BENIGN
04/07/2017 09:05:36,80,475833,3,35,12223.673526817933,115.30421414581872,1,8,0,3199.4919033852275,3232.355187122951,BENIGN
04/07/2017 09:05:35,21,704602,5,17,5878.651932182766,45.409975124787856,0,8,0,10502.61582955375,2360.1341956984934,BENIGN
04/07/2017 09:05:35,21,515156,10,5,22235.38313234702,81.96695198809226,0,8,0,6219.603858066006,2661.8387553367793,BENIGN
04/07/2017 09:05:34,445,690638,7,28,22684.64880410221,28.990103207116245,0,3,0,12281.264443337703,2804.9149194609126,BENIGN
04/07/2017 09:05:38,445,491829,28,24,32877.89025431749,100.09591645681269,1,7,0,13143.10799341948,3921.528143677958,BENIGN
04/07/2017 09:05:38,445,694038,22,3,15004.213286558059,6.563134449085242,0,8,0,5523.786713189821,3595.099607971478,BENIGN
04/07/2017 09:05:38,25,304558,34,31,8598.72682886818,94.17153230345977,0,3,0,9071.703371669044,1223.679557488119,BENIGN
04/07/2017 09:05:36,443,166077,39,27,7389.315223942458,8.679376964394715,0,10,0,2515.9526547831497,1036.889195202506,BENIGN
04/07/2017 09:05:39,445,719197,9,26,30544.222520022897,49.18970960738212,0,2,0,2715.0296248862264,2357.7141645129414,BENIGN
04/07/2017 09:05:40,443,283209,18,3,33583.57526747882,117.5313888332798,1,9,0,8891.625078519877,2300.793716815938,BENIGN
04/07/2017 09:05:41,445,2496,19,15,6626.910110680977,83.89056510905988,0,1,0,8846.10465170801,1774.9483370119826,BENIGN
04/07/2017 09:05:38,53,6538,24,10,19566.11141966107,39.01717294346189,0,2,0,12613.15409751623,2290.075062321142,BENIGN
04/07/2017 09:05:39,25,409018,9,15,29555.311645848673,8.503043343115968,0,2,0,8416.087098033262,4303.349518184898,BENIGN
04/07/2017 09:05:38,443,333306,38,2,22494.199661875853,59.405531506422555,0,9,0,3046.3241040723756,2451.4858036774212,BENIGN
04/07/2017 09:05:41,8080,531110,4,7,26850.77985374402,35.54937070876045,1,9,0,2053.971887757816,2279.1183721872144,BENIGN
04/07/2017 09:05:42,80,285241,11,21,30987.834991807485,8.585256847315968,0,3,0,7211.490042105524,3044.026706474194,BENIGN
04/07/2017 09:05:40,3306,610812,11,8,26809.80672682625,106.26723051518557,0,9,0,839.9529952567161,4246.400383578614,BENIGN
04/07/2017 09:05:41,53,179294,3,27,968.2234711513895,32.325580144644945,0,1,0,604.4645203895113,2524.6011245099407,BENIGN
04/07/2017 09:05:44,3306,124534,19,8,6709.555957020341,114.20405659991128,1,5,0,4272.811917778847,693.9356092318986,BENIGN
04/07/2017 09:05:42,22,113191,9,24,27363.72013396428,30.346855457528356,0,8,0,5578.7329675768,1878.0214671604163,BENIGN
04/07/2017 09:05:42,3306,503982,5,21,18553.067086287392,17.521378235110745,1,1,0,10297.557727290232,280.74498718582026,BENIGN
04/07/2017 09:05:43,22,21681,34,24,23935.004150419783,87.81347916211107,1,5,0,10492.654722402216,4914.700667299315,BENIGN
04/07/2017 09:05:42,21,83469,29,4,30195.87473276371,72.98585210164725,0,10,0,4869.776480537747,2016.5261957230387,BENIGN
04/07/2017 09:05:42,443,436602,22,9,29394.107788935165,76.33147419177182,1,10,0,14514.307969361418,3761.346264189963,BENIGN
04/07/2017 09:05:44,443,22908,38,11,28932.564228657408,68.40045284325542,0,5,0,12107.492929380624,1629.9692425206945,BENIGN
04/07/2017 09:05:46,22,546764,34,5,8253.718922397733,7.9530867088888435,1,2,0,1005.7745842262436,457.7319212771378,BENIGN
04/07/2017 09:05:47,21,232853,27,11,8675.607490069515,70.23921952525413,1,3,0,8653.973297324337,3981.944367314507,BENIGN
04/07/2017 09:05:45,8080,488720,20,35,14388.604013067792,19.085232230379766,1,4,0,3903.630383880921,1750.2643646052945,BENIGN
04/07/2017 09:05:48,8080,625462,14,28,12025.617948736679,53.08139895496631,1,4,0,9138.394141281813,1813.6824064427603,BENIGN
04/07/2017 09:05:49,8080,95209,36,14,15743.591249742423,100.26774214609041,1,7,0,8515.743041172922,1395.5941595131555,BENIGN
04/07/2017 09:05:46,443,661155,34,15,17594.577570695994,113.18578929965138,1,8,0,2646.1243687289666,2943.8273503061923,BENIGN
04/07/2017 09:05:47,53,273048,34,5,1312.2940024501627,86.15024602006764,1,10,0,3744.506131518222,3823.6329243663686,BENIGN
04/07/2017 09:05:50,25711,232,1,0,942.6125198175705,20.533544040070893,2,0,0,23.533968543742546,46.60504133870913,PortScan
04/07/2017 09:05:49,445,147610,34,20,1609.02831350839,87.57061757934932,1,5,0,13550.630749875623,3877.4077408212947,BENIGN
04/07/2017 09:05:49,3306,718408,21,19,10758.806594709247,79.2466842564061,1,4,0,11966.09157109276,2469.356842618969,BENIGN
04/07/2017 09:05:49,80,463986,11,6,13415.090680381709,59.08392940383533,0,1,0,9612.430328440445,2248.5311284168592,BENIGN
04/07/2017 09:05:48,80,459551,22,20,10350.235896004027,84.67591116979257,1,8,0,13206.698512710795,3514.161354420428,BENIGN
04/07/2017 09:05:48,445,691580,36,18,28138.96977632768,66.07937963755312,1,2,0,9658.561522165848,1523.7883982370029,BENIGN
04/07/2017 09:05:49,80,492167,13,28,16032.488742172149,67.89723007919852,0,8,0,13232.156289591898,1279.3687073439903,BENIGN
04/07/2017 09:05:50,58971,303,2,0,1294.750968040644,21.203833862395275,2,0,1,95.22973435273174,15.980086470560956,PortScan
04/07/2017 09:05:50,19976,1286,1,1,487.0825302108234,21.76326890114264,2,0,1,163.9254921946962,44.229413647626004,PortScan
04/07/2017 09:05:51,65415,1109,4,1,107.50527060371391,29.51998672634625,2,0,1,17.110478530472278,48.57972401474298,PortScan
04/07/2017 09:05:53,23502,1871,1,1,366.7432371956893,44.358247024839244,1,0,0,36.00329857173628,6.926445768665118,PortScan
04/07/2017 09:05:51,50488,1706,4,1,1489.0837876713074,22.67612114751701,1,0,0,165.09826170824962,24.008572068207364,PortScan
04/07/2017 09:05:52,33923,822,2,0,102.189048110944,41.40988420470218,1,0,0,130.6547126641573,14.897487252742472,PortScan
04/07/2017 09:05:53,39168,886,1,1,627.457807776357,11.427792210368409,1,0,1,57.21291184601487,42.94914382790786,PortScan
04/07/2017 09:05:54,39667,383,2,0,1027.853396769543,19.764357666129023,1,0,1,40.029158536107715,23.215313950353618,PortScan
04/07/2017 09:05:52,80,596217,29,3,14569.07413448558,18.041611919547336,0,2,0,12661.549551432883,741.9190003879454,BENIGN
04/07/2017 09:05:53,6486,1921,4,0,355.2928773764603,37.13779873983559,2,0,1,94.42306671340965,39.396384936309545,PortScan
04/07/2017 09:05:57,27350,1706,1,1,1188.4303435005709,43.788053660360006,1,0,0,71.89563663674888,18.028623891803438,PortScan
04/07/2017 09:05:57,41040,1182,1,1,756.3243215599751,25.733581313540256,1,0,0,95.83612580804572,9.71124174704547,PortScan
04/07/2017 09:05:55,52548,1743,4,0,753.8345105623799,10.087427565550197,2,0,0,31.06500863303333,25.811628103062702,PortScan
04/07/2017 09:05:58,55854,1874,1,0,959.8916949437984,19.54422773920209,2,0,0,123.71501989069951,40.073090050222376,PortScan
04/07/2017 09:05:56,8832,597,1,0,1013.381480690301,33.60083345675956,1,0,0,197.53196157997218,33.07366061991513,PortScan
04/07/2017 09:05:56,57029,695,4,0,1439.4625680140457,46.46194095100536,2,0,0,60.06175095253072,48.750889869992584,PortScan
04/07/2017 09:05:58,54784,599,2,1,857.1554251543142,20.298431781273884,1,0,0,158.40215525996413,43.58784812011704,PortScan
04/07/2017 09:05:59,8084,1262,2,1,1175.8402336272786,29.476544984073442,1,0,0,23.14935105869001,12.293977797393325,PortScan
04/07/2017 09:05:58,58484,1438,1,0,543.3364013587881,21.363752215177367,1,0,0,114.81090248397423,42.709823746788146,PortScan
04/07/2017 09:05:58,26145,1721,2,1,1059.5596816531138,45.208020480932525,2,0,0,97.88754555201149,18.674563390286707,PortScan
04/07/2017 09:06:01,46811,607,4,0,1312.2751046577932,30.9302324749847,1,0,0,31.932522599457485,29.832562463064683,PortScan
04/07/2017 09:06:01,22310,1989,1,0,597.2786700537467,36.49571738834402,1,0,1,187.36888011526355,28.28402005115569,PortScan
04/07/2017 09:06:00,39697,1367,2,1,381.4871867773925,31.866550194641388,2,0,0,46.232573523390286,25.10712865707748,PortScan
04/07/2017 09:06:01,6705,1090,4,0,1003.1404109604854,31.641988575093617,1,0,0,105.24157914597491,41.5276317378367,PortScan
04/07/2017 09:06:01,45808,339,3,1,649.0435177322612,29.956310522497745,2,0,1,101.72879676227792,6.218666631219187,PortScan
04/07/2017 09:06:01,27317,1451,1,1,1465.3540585219414,35.10612925877434,2,0,0,144.42032678566494,12.201811306713479,PortScan
04/07/2017 09:06:01,27410,133,2,0,433.677876122153,29.302535100048694,1,0,1,38.43753974850914,7.480649631486205,PortScan
04/07/2017 09:06:04,60383,1987,1,0,1494.1991089675137,39.50092420696516,2,0,0,93.74010938522265,32.3051600962778,PortScan
04/07/2017 09:06:02,27743,319,4,0,912.4054649074817,47.65597886773103,2,0,0,58.57397629478945,47.3505487223419,PortScan
04/07/2017 09:06:03,33630,637,2,0,291.843957006192,28.18391925418824,1,0,1,80.11962056329902,12.90259390369615,PortScan
04/07/2017 09:06:05,22,391960,11,8,29413.692640259873,25.814584355115887,0,1,0,989.2879294023448,250.4547208002052,BENIGN
04/07/2017 09:06:03,53,238654,4,12,1283.8854083443143,60.97500705482736,0,3,0,12568.723865012025,2084.7021528432324,BENIGN
04/07/2017 09:06:05,22,113789,7,5,16582.879741386954,35.803157600953895,1,6,0,12364.459994229295,3203.2775330430854,BENIGN
04/07/2017 09:06:05,7585,564,3,0,1090.7964964351868,10.849182395851248,2,0,0,180.84977727309177,31.29164531338124,PortScan
04/07/2017 09:06:05,50338,1200,3,1,1457.894596630145,13.970477321083013,1,0,1,82.88691394681933,23.171868606922146,PortScan
04/07/2017 09:06:07,39478,808,3,0,1177.3166805084622,34.90922548799354,2,0,1,128.5591930011253,7.397549300333955,PortScan
04/07/2017 09:06:05,25,168074,17,3,5697.680261175632,27.60750867343864,1,3,0,11147.693696353597,2645.0427803409266,BENIGN
04/07/2017 09:06:06,51343,187,1,1,330.10516803853864,28.879850571125214,1,0,0,158.3951863432851,20.15917790816795,PortScan
04/07/2017 09:06:08,17232,149,3,0,1472.8004767464993,26.48882337605945,1,0,0,182.36464598446392,9.259413393741013,PortScan
04/07/2017 09:06:06,47722,1435,4,1,1223.5288990638935,34.64570770127999,1,0,0,180.58478487369393,6.091475634452232,PortScan
04/07/2017 09:06:06,56648,1192,1,0,723.6995485712498,36.34308493567177,2,0,1,70.95512368559176,35.51144357190131,PortScan
04/07/2017 09:06:06,46623,1064,4,0,1316.8386452898594,12.005956623504964,2,0,0,107.48953511814989,45.041081637124165,PortScan
04/07/2017 09:06:08,18354,335,3,0,1281.1622031664008,43.383777811599494,1,0,1,166.42693689431624,5.639988841910549,PortScan
04/07/2017 09:06:08,15459,1006,1,1,370.5815210516216,37.68037900688749,1,0,1,135.27782317703378,36.568379896898676,PortScan
04/07/2017 09:06:09,2808,1547,2,0,1438.2559761069563,47.52176149205973,2,0,0,197.75958204911367,26.97082407808322,PortScan
04/07/2017 09:06:09,60361,1367,1,0,251.4678119886403,18.669843790315515,1,0,0,108.15304470060101,15.717965072752643,PortScan
04/07/2017 09:06:11,63397,1746,4,1,1080.5365992999336,12.31696079634029,1,0,1,103.20860666010978,43.63609894913123,PortScan
04/07/2017 09:06:12,23609,642,4,0,1021.1677731272187,48.48580182041108,1,0,1,191.91866244513685,24.89440990012169,PortScan
04/07/2017 09:06:13,20982,1229,4,0,1219.2297560439113,47.51094445203524,1,0,0,91.02525028990236,41.520135645933486,PortScan
04/07/2017 09:06:10,9022,1689,1,1,1166.6143530759753,38.11832299775749,2,0,0,70.08298115841521,19.410279196882797,PortScan
04/07/2017 09:06:12,12089,978,3,1,540.1700538469297,40.47539262494511,1,0,1,169.93904402300453,49.704600749639866,PortScan
04/07/2017 09:06:10,41288,1095,1,1,1121.3833545328107,32.686581967433014,1,0,0,197.02618474554703,36.129518554113396,PortScan
04/07/2017 09:06:13,28405,1610,2,0,1240.3996790500973,18.26043027958868,1,0,1,80.60194698686452,26.78530248999542,PortScan
04/07/2017 09:06:15,28801,776,3,1,262.69720664309745,24.571964623585295,2,0,1,123.57707129418488,6.894912136790246,PortScan
04/07/2017 09:06:15,62420,95,3,0,118.4188929538197,12.255646954274466,2,0,1,126.22832723484842,26.456215851291507,PortScan
04/07/2017 09:06:14,11080,197,3,1,939.2218927154692,24.700886630326956,1,0,0,163.0387902770704,32.61857342652522,PortScan
04/07/2017 09:06:13,21770,1767,4,1,587.7780812737292,28.754209083708897,1,0,1,152.10178726373186,26.1383638647242,PortScan
04/07/2017 09:06:15,2192,1096,4,0,1060.2087279633402,29.231918479176645,1,0,1,130.9629097787469,47.7317223741702,PortScan
04/07/2017 09:06:16,25273,559,4,0,399.81227482797175,11.24453433958064,1,0,1,80.9787001698936,23.147989674871813,PortScan
04/07/2017 09:06:15,28480,1036,4,1,370.11317952926294,16.359247610198597,2,0,0,40.03549915225213,8.247596968112207,PortScan
04/07/2017 09:06:17,45725,1514,1,0,695.3753899269959,48.92677554209457,2,0,0,186.51617427014193,26.836983138889412,PortScan
04/07/2017 09:06:16,38502,1128,1,1,374.1216946794546,20.095798277863818,2,0,1,185.79361931303345,23.01608460218943,PortScan
04/07/2017 09:06:16,8080,184801,21,19,18404.665119157853,106.05572927682084,0,4,0,8575.436421589337,4235.576301686157,BENIGN
04/07/2017 09:06:16,11543,1734,4,0,674.2882413710932,30.8857099619146,2,0,0,12.571165542962891,34.49782952489061,PortScan
04/07/2017 09:06:17,24607,929,4,1,1256.8615842059996,20.951589236466084,1,0,0,60.813410129010414,12.470795056591633,PortScan
04/07/2017 09:06:16,37190,1844,3,0,1164.9291516926176,18.994804946858288,2,0,0,22.25250244881344,30.660563149212834,PortScan
04/07/2017 09:06:17,8080,731006,8,30,29410.171879675552,45.262259465646714,1,3,0,1943.3575773581815,3758.535698186001,BENIGN
04/07/2017 09:06:18,20720,1718,2,0,526.4245486322212,26.570393595403225,1,0,0,158.02699575908917,18.704034428984993,PortScan
04/07/2017 09:06:18,7155,551,4,0,798.5550043361955,28.180828029854787,2,0,0,66.22280599713716,38.59405657193697,PortScan
04/07/2017 09:06:19,46516,742,4,1,925.0198920131154,39.157881468998426,2,0,0,133.6265040147722,17.5565380081714,PortScan
04/07/2017 09:06:20,28275,1811,3,0,1012.5296332161812,29.13611205408001,1,0,1,132.96943431242403,41.542190135816334,PortScan
04/07/2017 09:06:21,25283,527,1,1,1236.0258367885042,20.772884103051542,1,0,0,112.05712665669813,33.16567432796103,PortScan
04/07/2017 09:06:22,443,17272,23,21,12292.306901894748,109.57281120257366,0,4,0,2174.602837332593,2451.907134558711,BENIGN
04/07/2017 09:06:21,61557,1741,4,0,1000.6210111323579,26.974492236947878,1,0,0,27.05163655203333,32.38445360312685,PortScan
04/07/2017 09:06:20,2953,108,4,0,223.44755662686924,46.472052621684284,1,0,1,189.04178651980604,6.536767245008422,PortScan
04/07/2017 09:06:21,53955,1821,3,0,297.2922031868692,44.148267944192455,2,0,0,43.384042860739946,47.38097157799908,PortScan
04/07/2017 09:06:22,3469,1467,2,0,1092.007729554982,28.73165890672618,1,0,0,174.71517788302805,38.5720495736496,PortScan
04/07/2017 09:06:23,30512,1063,2,0,1025.9698072598837,13.205397617833174,2,0,1,143.2835272707629,23.31225952720224,PortScan
04/07/2017 09:06:22,30306,639,2,0,734.5253836698689,18.405749743382543,1,0,1,120.70345224497292,34.80285076290674,PortScan
04/07/2017 09:06:24,32152,1824,4,1,333.501386929918,46.366012153961684,2,0,0,174.92962107457427,49.88671925777892,PortScan
04/07/2017 09:06:26,56104,475,2,0,1032.4832142883638,21.2309313225539,2,0,1,169.30929109796082,12.284604327426702,PortScan
04/07/2017 09:06:27,9349,216,1,0,1132.5727302271964,45.44186722543846,2,0,1,66.48850992764623,29.663744271494096,PortScan
04/07/2017 09:06:25,52392,1795,3,1,1330.4644023361323,30.111068644488952,2,0,1,39.11689221483412,11.924348903413742,PortScan
04/07/2017 09:06:26,18850,471,2,1,668.9416396342692,47.7489731066995,1,0,1,31.90343636046495,9.407755585639935,PortScan
04/07/2017 09:06:24,47096,1805,2,0,1040.130640482421,37.9053359684606,2,0,0,126.74641932602358,20.420280734341354,PortScan
04/07/2017 09:06:25,37424,512,2,0,1146.1801963136502,12.996236096389616,2,0,0,160.19162662872418,33.6745726866593,PortScan
04/07/2017 09:06:28,32550,1824,2,0,128.89228976248478,30.608158467519438,1,0,1,191.00266745129755,18.78810473695519,PortScan
04/07/2017 09:06:26,42474,1415,1,1,1462.3594011784714,32.45041923847041,1,0,1,122.64379137808491,36.772739738239906,PortScan
04/07/2017 09:06:29,50932,410,3,1,1356.3120525776876,42.12883420531131,1,0,0,21.32365875699937,46.65149407424532,PortScan
04/07/2017 09:06:28,17570,989,3,1,1348.385639052722,24.4956853188266,1,0,1,10.033577247929976,35.928997682690984,PortScan
04/07/2017 09:06:28,8080,761841,6,32,16456.019686635947,94.2447659313742,1,6,0,14740.981724579555,893.58343714294,BENIGN
04/07/2017 09:06:30,6181,1088,2,0,198.41688977631526,49.11335650798742,1,0,1,24.935907698947908,43.79495366041146,PortScan
04/07/2017 09:06:30,39355,1750,2,1,1062.1359305017425,25.198441168898647,1,0,0,52.3049349753521,10.287406876898181,PortScan
04/07/2017 09:06:31,37491,174,1,0,878.88482165836,41.65776238581462,1,0,1,189.00455497227065,35.95637708329821,PortScan
04/07/2017 09:06:30,7397,715,2,1,1414.4405356181658,47.269052725495555,1,0,0,15.597032343425965,45.83391294916814,PortScan
04/07/2017 09:06:33,55589,702,2,1,245.44815160327113,27.80127522064639,2,0,1,57.6467089384645,49.424939190102116,PortScan
04/07/2017 09:06:31,21466,1963,2,1,190.232177624121,24.704248898198134,1,0,1,55.98290367772614,30.530610596976977,PortScan
04/07/2017 09:06:33,50328,1917,1,1,165.44645554960144,47.32616522028999,2,0,0,57.1362496612279,40.970271931169286,PortScan
04/07/2017 09:06:33,3306,587147,3,24,8336.275996509252,70.68543533762961,1,5,0,14507.494584471711,116.07677768914668,BENIGN
04/07/2017 09:06:33,27566,263,2,0,876.5383678865708,30.66377122889761,1,0,1,177.66596598038413,26.88567985069769,PortScan
04/07/2017 09:06:31,21563,1422,1,1,155.91508871901829,31.23908263395116,2,0,1,102.47745058085098,27.24569492781272,PortScan
04/07/2017 09:06:33,5407,706,3,1,477.0541399964186,24.534753176795697,1,0,0,105.66440154732167,6.769433034356122,PortScan
04/07/2017 09:06:34,59140,853,2,1,1150.6486186800087,12.775529885242772,1,0,0,87.76826235161018,49.53349213724053,PortScan
04/07/2017 09:06:33,30116,1254,3,0,639.6870191875407,39.78769466349836,2,0,1,182.85405579675157,16.448761269403867,PortScan
04/07/2017 09:06:35,37910,753,2,0,1428.9542258701763,19.759086345556163,1,0,1,144.47603171261468,9.258519651633947,PortScan
04/07/2017 09:06:35,55072,1943,3,1,307.77864187348075,43.78792985093184,1,0,1,106.77867139501956,25.05152831413238,PortScan
04/07/2017 09:06:35,20981,984,2,0,573.1368932192455,20.559083738464974,1,0,1,85.98890736338025,6.721834647875452,PortScan
04/07/2017 09:06:37,47374,947,3,1,999.007534131547,43.90715287431702,2,0,1,11.99276874826542,40.19151168351166,PortScan
04/07/2017 09:06:36,59074,1844,2,1,1129.0160491877825,17.127294526804278,2,0,0,149.0391986017007,10.033836841573102,PortScan
04/07/2017 09:06:39,7300,431,1,0,1339.2191021660112,16.932642554624515,2,0,0,93.37373940249725,33.474211554042924,PortScan
04/07/2017 09:06:37,57557,256,3,1,682.5198886887172,28.436197546621187,2,0,1,161.45374730466855,27.760231971602515,PortScan
04/07/2017 09:06:36,59674,514,1,0,188.6424986834453,24.621936382349794,2,0,0,18.840783385519753,14.797426690848683,PortScan
04/07/2017 09:06:38,23795,322,3,1,564.4019525389846,26.42703445923989,1,0,0,47.47042026712715,28.954618006758892,PortScan
04/07/2017 09:06:37,13591,1265,2,0,921.2069930921294,33.59428613467968,2,0,0,165.66717322004848,42.30932570604964,PortScan
04/07/2017 09:06:38,40140,1937,1,1,1080.9075214278457,16.34297017228355,1,0,1,155.63095735318788,6.591133931613456,PortScan
04/07/2017 09:06:40,52416,436,2,1,1377.2988145915392,32.16850538221157,2,0,1,146.79007171490895,20.03193673346977,PortScan
04/07/2017 09:06:39,8956,1087,4,1,414.2535917038971,45.87266345679528,1,0,0,126.59388334917247,42.1803019845442,PortScan
04/07/2017 09:06:39,53068,247,2,0,493.2298584875848,30.16803327941547,1,0,0,124.31528185053251,22.133652074301637,PortScan
04/07/2017 09:06:40,21,562453,8,20,19774.474996023946,45.82917089226402,1,5,0,10564.888835064783,4982.923213149523,BENIGN
04/07/2017 09:06:43,27654,318,3,0,725.0428667852876,36.784098982480735,1,0,0,127.740041149393,41.32495475589173,PortScan
04/07/2017 09:06:43,56564,235,4,0,605.9189619921913,39.242270769582134,2,0,0,101.12798741503516,5.412788947313495,PortScan
04/07/2017 09:06:41,60136,371,3,1,802.6788597912022,47.411906603889086,1,0,1,79.85958697699058,27.594555693120846,PortScan
04/07/2017 09:06:40,2699,1483,3,0,1470.963545973312,28.43021754326407,2,0,0,197.7197978682278,49.085866088710475,PortScan
04/07/2017 09:06:42,22,771984,27,20,32513.19226736034,15.732882303251321,1,7,0,3173.0665785912925,759.6337040717412,BENIGN
04/07/2017 09:06:45,22695,717,1,1,1190.7829375446738,39.08502006421121,1,0,1,141.86252361749374,7.940510118031007,PortScan
04/07/2017 09:06:44,1150,1884,4,0,1192.0263976300005,23.863329371930263,1,0,1,189.98406327669142,21.485362100050576,PortScan
04/07/2017 09:06:44,24035,1638,3,0,461.8724487497585,22.416694987543693,1,0,1,39.33119099493297,14.197369182925181,PortScan
04/07/2017 09:06:43,52353,1813,1,1,840.1829116627449,23.729530790375467,2,0,0,115.5390028576048,25.621935975643474,PortScan
04/07/2017 09:06:46,32093,969,2,0,557.7062837023607,47.963801278480204,2,0,0,114.79219124732866,27.83410125025706,PortScan
04/07/2017 09:06:47,4187,186,4,1,185.85405269615745,25.4276593034917,2,0,0,76.52608445557048,33.74836195787678,PortScan
04/07/2017 09:06:44,21,755923,32,6,17039.96260258631,100.50105397587987,1,7,0,4676.657564749031,3119.204001494827,BENIGN
04/07/2017 09:06:47,17334,1444,1,1,617.657879346415,27.556142105028975,2,0,0,158.98595320572616,33.04350138665907,PortScan
04/07/2017 09:06:46,27629,202,1,0,609.589105183426,33.904667959742774,2,0,0,172.2932470798784,6.634411291037841,PortScan
04/07/2017 09:06:49,35294,1018,1,0,1375.9112989660075,23.03682625164511,1,0,0,56.03529173794847,45.81935340228717,PortScan
04/07/2017 09:06:46,60010,1406,1,0,510.15668413005943,42.007886107644886,2,0,1,130.3872010972455,47.25356177351398,PortScan
04/07/2017 09:06:46,39838,1171,1,0,940.2976950748911,24.54099315429285,2,0,1,25.21167102070016,35.85587011155249,PortScan
04/07/2017 09:06:47,49542,807,4,1,349.1118076475633,44.8017415119272,1,0,0,37.55654663054547,48.27944635900995,PortScan
04/07/2017 09:06:50,55026,934,4,1,263.20195284540785,47.79157414047192,2,0,1,174.53934369694386,47.32869728922865,PortScan
04/07/2017 09:06:49,38868,1245,4,1,1061.3985729119868,16.732366919968126,2,0,1,125.4977322102008,7.536965647009561,PortScan
04/07/2017 09:06:48,62064,962,1,1,891.4091105985008,14.05326470822013,1,0,1,188.0469210494817,42.7341093198443,PortScan
04/07/2017 09:06:49,27917,1182,3,0,1024.145253956351,19.393494081180688,2,0,0,163.24880233870417,20.700716154831778,PortScan
04/07/2017 09:06:52,9887,169,4,1,536.2491649374341,42.177535616089806,2,0,1,58.97126424854724,33.51656171857617,PortScan
04/07/2017 09:06:52,3917,1786,2,1,878.4331902340548,41.46965441354338,1,0,0,114.43303875256298,8.053349242966194,PortScan
04/07/2017 09:06:49,25,77366,23,18,34612.15437485377,118.28378969157494,0,4,0,4170.915262930339,972.4051194053284,BENIGN
04/07/2017 09:06:50,48113,1939,1,0,758.8693210586918,15.581379618623,2,0,1,150.46734430203054,32.01088529493178,PortScan
04/07/2017 09:06:51,11016,291,1,0,393.71900961197184,23.503532276101964,2,0,1,70.04060026845217,29.51321162279608,PortScan
04/07/2017 09:06:53,53,454181,3,4,7187.897390254349,91.56720177753698,1,9,0,11261.405098848978,2570.242290322533,BENIGN
04/07/2017 09:06:53,35291,625,4,1,786.2270151871428,37.04302859942069,1,0,0,94.29320796151494,12.483356305021085,PortScan
04/07/2017 09:06:53,40762,200,3,0,511.60547191160856,40.295376706917374,2,0,0,103.21011210122495,33.64456948104085,PortScan
04/07/2017 09:06:55,46873,430,3,1,108.79270763490389,20.403387354943348,1,0,0,46.49932832377615,30.263548696527728,PortScan
04/07/2017 09:06:53,62659,607,4,1,496.17043352893893,26.464593806445418,2,0,0,128.53811332782493,9.29259138253763,PortScan
04/07/2017 09:06:55,49506,628,3,1,1322.4409662365047,18.71921100220767,1,0,0,149.2588420416676,15.940628656152667,PortScan
04/07/2017 09:06:55,48834,1241,4,0,1085.1414702060301,16.759528058257224,1,0,1,163.51781607792014,10.518857265944515,PortScan
04/07/2017 09:06:55,5840,334,3,0,1314.9276718626638,32.149022804515326,1,0,1,18.400627851682927,40.57704644063497,PortScan
04/07/2017 09:06:57,39981,1153,3,0,169.99720250384655,33.8824270678521,2,0,0,78.36689794715421,16.3297630058697,PortScan
04/07/2017 09:06:54,54346,232,2,0,1165.9372567878097,49.277755683291346,2,0,0,23.45376734224132,49.70515000799854,PortScan
04/07/2017 09:06:56,21,622818,7,31,17269.38748613297,31.691127591518516,0,8,0,3688.827932921641,346.3731531299122,BENIGN
04/07/2017 09:06:56,42005,1858,3,1,975.650859960863,30.106637777293734,2,0,1,79.00194175854848,19.616782491405147,PortScan
04/07/2017 09:06:58,33913,1737,3,0,1098.534342897066,38.93599831041534,2,0,1,195.3580067562199,43.630303590667715,PortScan
04/07/2017 09:06:58,2298,1560,3,1,510.82521812974335,47.84062053865207,1,0,0,129.13076377830455,30.37525783966112,PortScan
04/07/2017 09:06:56,12768,1973,1,0,795.0095886273473,27.3312141150583,1,0,1,120.08605281939022,30.508080269551648,PortScan
04/07/2017 09:06:59,14841,1534,4,1,1321.4979203422513,33.3550271129173,1,0,0,166.24329563476817,17.580186699118222,PortScan
04/07/2017 09:07:01,28802,1978,1,1,932.1296187803489,26.327144277333932,1,0,1,92.42936582011465,36.31374800786071,PortScan
04/07/2017 09:06:57,44503,604,4,1,725.3485937075696,25.901451130080435,2,0,1,52.80436525689278,7.0326626620482315,PortScan
04/07/2017 09:07:00,47500,642,1,1,988.0191539608065,35.51034543122183,1,0,0,157.94638119961357,44.24996034657094,PortScan
04/07/2017 09:07:01,443,35828,11,12,32406.04035482449,65.62085465067753,0,3,0,10109.226937097104,2790.1883777584867,BENIGN
04/07/2017 09:06:59,3306,435593,3,33,7131.576797221832,68.26004575780965,0,10,0,2636.4454753750388,837.7620352262926,BENIGN
04/07/2017 09:07:01,443,539919,40,23,9636.320102367645,34.047072606879354,1,2,0,1946.3857239097815,4966.0844638573435,BENIGN
04/07/2017 09:07:00,21,774615,24,32,9467.339056800942,85.82774619359665,1,10,0,1482.879528414177,4050.5706269620623,BENIGN
04/07/2017 09:07:00,6431,1542,3,1,976.4390891181115,11.992726484784143,1,0,0,121.45360965338487,6.164101131283479,PortScan
04/07/2017 09:07:02,46450,1706,1,1,426.4558068025758,33.545076066015625,1,0,1,77.56622765112365,39.864899736170045,PortScan
04/07/2017 09:07:01,55770,281,2,0,1496.4958955467089,42.015037145608744,2,0,1,127.04881297919167,41.88032607106308,PortScan
04/07/2017 09:07:03,47897,1515,2,1,626.250330504714,28.50494753711359,1,0,1,164.02584390725087,7.130215972513208,PortScan
04/07/2017 09:07:04,42404,1117,1,1,688.1751852136154,18.525213368684945,1,0,0,155.18948931861726,27.117599120371754,PortScan
04/07/2017 09:07:04,13887,263,1,1,591.7843891884922,43.15744885994142,1,0,0,178.89083620086888,42.84001711767748,PortScan
04/07/2017 09:07:06,23209,1694,2,1,193.3231865302065,22.049849602459904,1,0,1,58.9245076273032,8.984615349634819,PortScan
04/07/2017 09:07:05,57976,855,2,1,1344.691637020392,38.174025197754275,2,0,1,146.26340079417483,20.868006804960096,PortScan
04/07/2017 09:07:05,49211,1222,2,1,927.2826989626276,29.177561413458793,1,0,0,53.08660351564985,47.061692390087714,PortScan
04/07/2017 09:07:08,43334,146,1,0,485.7127649324206,17.5385327852839,1,0,1,111.40657670112194,15.696662819732282,PortScan
04/07/2017 09:07:06,64826,1495,4,0,641.9673925743471,22.788694159129328,1,0,0,142.34354966169897,29.657430068950536,PortScan
04/07/2017 09:07:07,43279,283,1,0,219.615354738181,31.901313112497665,2,0,0,88.84035422379313,37.378735685441484,PortScan
04/07/2017 09:07:08,57251,554,1,1,1013.9244593765867,34.56687225801893,1,0,1,129.27465277183552,11.302666288497564,PortScan
04/07/2017 09:07:08,12666,893,3,1,681.6901238903297,35.529096730050455,2,0,0,167.55493175564553,14.070457353934536,PortScan
04/07/2017 09:07:09,8079,1344,4,0,872.7108049779006,12.015696954358766,1,0,1,108.521168990732,26.129519843770183,PortScan
04/07/2017 09:07:09,17011,980,3,1,695.2558889276036,37.303648679090266,1,0,1,81.42730127934784,13.266796151642742,PortScan
04/07/2017 09:07:09,21657,699,3,1,119.93783844217161,38.079801641301515,2,0,1,188.72455142779984,37.53837416441101,PortScan
04/07/2017 09:07:07,21,496125,25,27,22731.98947880781,24.33953762884003,1,7,0,4561.507617571056,1885.8235873967483,BENIGN
04/07/2017 09:07:10,35331,1317,2,1,213.21082286229867,20.222771435534632,2,0,1,145.76209256769198,30.564872934471666,PortScan
04/07/2017 09:07:11,58834,572,3,0,127.73063919309595,11.232331752736222,2,0,1,102.51866590697973,16.02040061036277,PortScan
04/07/2017 09:07:09,8080,609959,3,10,18718.77223626338,63.0954349367436,0,4,0,2040.3637936121388,4223.946811465028,BENIGN
04/07/2017 09:07:10,20557,1330,1,0,1078.7201133761464,37.993808986396765,1,0,0,43.465031635156755,6.932696997232587,PortScan
04/07/2017 09:07:10,2925,1914,4,0,856.6733658538885,28.394978635803405,1,0,1,195.72285724668194,8.873000631246718,PortScan
04/07/2017 09:07:11,54800,158,2,1,1469.4523869069799,42.54963595145587,2,0,1,179.5674283973141,44.62361243139367,PortScan
04/07/2017 09:07:11,48118,381,4,0,324.8458141275743,30.577178957359834,2,0,0,109.43247049053365,27.736926854542315,PortScan
04/07/2017 09:07:13,1749,1963,4,1,1491.6650505912417,33.691689389380905,1,0,1,198.87984725616624,26.31744479158631,PortScan
04/07/2017 09:07:15,16398,1751,3,0,688.937407821903,10.094455874491999,1,0,1,154.06502733843664,15.901904297596296,PortScan
04/07/2017 09:07:13,16186,1907,2,0,954.7654307425755,43.261928261836296,2,0,0,159.47599526443705,45.94314872880942,PortScan
04/07/2017 09:07:13,53148,1394,4,0,243.00475107771703,31.76137907586098,1,0,0,167.03659992214827,40.54086021884328,PortScan
04/07/2017 09:07:16,23266,260,4,0,584.9207418932345,41.37226777181098,2,0,1,31.12923603535913,8.528462143899665,PortScan
04/07/2017 09:07:14,53,612360,39,2,3174.958871860325,112.0652561654872,0,7,0,10289.51755624036,4495.995633211841,BENIGN
04/07/2017 09:07:15,5643,1981,2,1,953.8402858077546,48.237537039929,1,0,0,158.53279901482333,9.466884770530422,PortScan
04/07/2017 09:07:17,64826,154,4,0,1165.7854398997351,35.20906719529184,1,0,1,145.0014744906726,17.761678861317133,PortScan
04/07/2017 09:07:17,25880,1656,2,1,293.64518485143475,43.20951786329184,2,0,0,118.90810107817205,36.14107672844336,PortScan
04/07/2017 09:07:18,1275,983,1,0,1402.5312444188303,43.28866028674331,2,0,1,78.53706396522945,40.75509343761429,PortScan
04/07/2017 09:07:15,47496,285,2,0,1376.0036172630055,45.67841358267314,1,0,1,25.17039417421462,7.70434614906534,PortScan
04/07/2017 09:07:19,5281,94,2,0,673.5827077018415,25.33845721775978,1,0,0,125.05451180655801,33.362778018511065,PortScan
04/07/2017 09:07:16,445,476542,37,11,6887.7687131233415,8.844836861093984,1,8,0,8852.161057052303,2780.454430337818,BENIGN
04/07/2017 09:07:16,49771,608,3,1,336.2364509123653,28.605806237521705,2,0,0,143.4189431616429,8.262275696304657,PortScan
04/07/2017 09:07:20,3306,488495,6,14,30123.403494844515,43.74186006471314,1,6,0,13172.243220097216,293.2413420178709,BENIGN
04/07/2017 09:07:17,21515,347,2,1,708.8628801181255,21.990872094501178,2,0,1,139.1483163545371,39.055844231350804,PortScan
04/07/2017 09:07:20,15890,1083,1,1,111.529654011363,48.00980468731373,2,0,0,29.316449870624556,14.905742622541622,PortScan
04/07/2017 09:07:21,15427,209,1,1,948.0774561535591,19.34094806492045,2,0,0,110.49801441518886,21.35251153181728,PortScan
04/07/2017 09:07:20,28188,314,3,0,1270.1686173601531,13.54910339774396,1,0,0,148.51408567594467,33.82911210781354,PortScan
04/07/2017 09:07:21,14303,1971,1,0,1202.0121389586277,32.25606448332529,1,0,1,104.35934802849174,13.281357886643775,PortScan
04/07/2017 09:07:19,18477,1002,3,0,918.6873992761766,25.200337399611072,1,0,0,113.6557040454343,21.887609420530133,PortScan
04/07/2017 09:07:21,19211,924,4,0,1151.417880773424,26.103187472337176,2,0,1,90.20755941222995,20.301637887866843,PortScan
04/07/2017 09:07:22,59731,1288,2,0,984.5329335869793,19.509898360824643,1,0,0,150.95889974803802,31.082529252272444,PortScan
04/07/2017 09:07:22,25742,220,1,0,500.32681466270196,39.16223831839575,2,0,0,196.94984060162594,35.440336037435074,PortScan
04/07/2017 09:07:24,7531,1870,4,0,446.27053483524344,33.143060217337805,2,0,1,54.92912895209923,45.326140224298335,PortScan
04/07/2017 09:07:24,29712,240,1,1,870.3656698999341,11.675303953447278,1,0,0,21.25840070633229,34.584874182134406,PortScan
04/07/2017 09:07:23,56757,1400,1,1,1066.8675945888085,29.325925096453062,2,0,1,36.67746781435402,8.087697748999084,PortScan
04/07/2017 09:07:25,1642,691,3,1,1414.0537978126617,15.829846168004487,1,0,1,59.091089433452574,49.4697926373556,PortScan
04/07/2017 09:07:25,13890,615,4,1,1090.7660843758545,11.179899109262834,2,0,0,50.74542063806941,17.913429756613795,PortScan
04/07/2017 09:07:27,51217,1021,1,1,569.6980968261701,13.189632961413587,2,0,0,183.9428908412768,8.323319913931144,PortScan
04/07/2017 09:07:25,3525,1951,2,0,1053.2513615316961,31.56267481618847,2,0,0,98.8976666064323,36.50411300876715,PortScan
04/07/2017 09:07:25,54018,880,2,1,396.7433730696058,31.487282554620734,2,0,1,134.3501783544301,10.717256358228958,PortScan
04/07/2017 09:07:27,32689,644,3,0,747.0552613491681,25.188154243695106,2,0,1,118.95280796091099,16.334306986420003,PortScan
04/07/2017 09:07:26,24388,1254,2,0,1347.5289755191588,22.214957524744527,2,0,1,106.08074070702241,18.66440383048603,PortScan
04/07/2017 09:07:25,2070,256,1,0,1032.845394466088,35.93958226498188,1,0,0,171.88172064517605,44.2199256996359,PortScan
04/07/2017 09:07:27,25456,532,2,0,386.5148325835688,10.813493727694246,1,0,1,44.94094819107877,28.27836805523442,PortScan
04/07/2017 09:07:27,19170,938,3,1,464.4707693497739,20.862511330960913,1,0,1,122.98663710059142,11.90247904966358,PortScan
04/07/2017 09:07:26,19902,1392,4,0,639.0438693165656,44.362130047191116,2,0,1,125.45321979305982,19.20847980511787,PortScan
04/07/2017 09:07:30,34102,1727,3,0,875.5060753904563,44.552390316048125,1,0,1,95.11447600115078,41.84930830379704,PortScan
04/07/2017 09:07:28,53,643594,40,32,27605.727133596476,23.118360078565374,1,2,0,13058.355588224467,816.4904527907803,BENIGN
04/07/2017 09:07:28,80,603049,40,9,17053.380339834646,13.136442737853208,1,8,0,14155.514235196306,387.8433366407301,BENIGN
04/07/2017 09:07:31,445,411687,29,18,7368.033236054446,64.44200511730867,1,3,0,8184.957030601034,4257.208367979913,BENIGN
04/07/2017 09:07:30,6798,967,3,1,975.8693780571065,49.71230899240476,2,0,0,13.849363132232003,42.23626350274128,PortScan
04/07/2017 09:07:32,18215,785,3,0,1330.4793519987802,38.93693852221163,2,0,0,181.30841801261477,16.46733560904819,PortScan
04/07/2017 09:07:30,57519,1992,4,1,517.4366187829157,38.048236074529626,2,0,1,113.90017402783779,36.471296028850915,PortScan
04/07/2017 09:07:30,13289,831,3,1,1430.8377939928566,13.203365669827999,1,0,0,182.24301418389192,46.56058724799542,PortScan
04/07/2017 09:07:32,60454,621,4,0,835.6000702273296,17.244390333800283,1,0,1,180.45205253813373,49.22723582259989,PortScan
04/07/2017 09:07:32,44954,1954,3,1,689.933580709803,34.93759543810121,2,0,1,26.866052286557036,8.423808717838055,PortScan
04/07/2017 09:07:33,12372,1501,2,0,160.66764065961556,44.90988856822319,2,0,0,143.66382444734853,9.280090066988379,PortScan
04/07/2017 09:07:31,53,693651,24,23,31071.50493481123,89.53297464790627,0,6,0,12068.059915659878,588.3820400581724,BENIGN
04/07/2017 09:07:34,65236,461,2,0,768.641225098867,31.969293039375756,2,0,0,75.66716162846492,44.341056946375026,PortScan
04/07/2017 09:07:35,4654,1004,2,1,1311.4588720500149,24.43083776707627,2,0,1,50.62214136416916,12.65594479748822,PortScan
04/07/2017 09:07:34,32998,1119,2,0,1311.6234483199862,16.140263319769122,2,0,1,102.43409167829343,26.162681568600906,PortScan
04/07/2017 09:07:35,22,166305,30,15,12933.066927498736,64.77426696027324,0,4,0,7975.348155279604,2019.3115574414237,BENIGN
04/07/2017 09:07:35,36791,1486,3,0,1085.880813771926,44.65020693397152,2,0,1,122.28790338753109,33.315873282519824,PortScan
04/07/2017 09:07:34,17884,465,3,0,986.5187040754523,23.445955581044835,2,0,0,56.57586822670844,13.571101070602328,PortScan
04/07/2017 09:07:35,21523,923,3,0,1212.6613974858233,39.311449554108655,1,0,0,170.10258981272565,33.61421503289775,PortScan
04/07/2017 09:07:35,34532,667,1,0,534.5231004707199,33.22343298072941,1,0,0,17.350911728408825,11.09964970294094,PortScan
04/07/2017 09:07:38,25,598493,17,12,19998.90375818981,67.2530458569838,0,2,0,4228.759247501677,1271.463124533436,BENIGN
04/07/2017 09:07:36,11088,852,3,1,506.89366403296026,35.20316785758583,2,0,1,77.32806887522031,22.111624188158686,PortScan
04/07/2017 09:07:38,34271,1981,4,0,1272.450698488058,36.421446868349385,1,0,0,175.21867187124573,27.97826140262368,PortScan
04/07/2017 09:07:38,7768,1576,1,0,926.8425539479971,14.451726538728904,1,0,0,41.064823266706725,9.182496170687202,PortScan
04/07/2017 09:07:39,21521,1915,3,0,1255.3046285542905,23.39047073025221,2,0,1,97.5016399146609,36.10644863363888,PortScan
04/07/2017 09:07:39,19343,356,1,1,1026.251750900262,45.90883136919765,2,0,0,37.19361963545199,41.1155383730908,PortScan
04/07/2017 09:07:38,13597,762,3,0,891.5929059812512,15.483243808265517,1,0,0,69.05388933384222,21.5745030155484,PortScan
04/07/2017 09:07:40,57363,944,1,1,316.9654366280953,18.190300352721152,2,0,1,173.91396025364745,48.57296243179325,PortScan
04/07/2017 09:07:38,15680,181,1,1,184.77539059897742,35.81173170911118,2,0,1,117.0682276282389,18.647748802253354,PortScan
04/07/2017 09:07:39,9372,786,3,0,185.9498026834692,11.992105198207646,1,0,1,175.81445794385442,22.41087965361515,PortScan
04/07/2017 09:07:41,11442,273,4,0,1445.5465133779915,30.090690437181394,2,0,1,166.23076602934321,29.074429778940676,PortScan
04/07/2017 09:07:41,1314,1760,4,1,1244.1445295940864,10.420377083597007,1,0,0,100.91886078095874,45.01117473539902,PortScan
04/07/2017 09:07:43,20153,1578,4,0,1432.9127602653757,46.23766371816072,2,0,1,197.64801014992025,48.526062593017656,PortScan
04/07/2017 09:07:43,9719,950,4,0,757.7881593688448,34.4652718416674,2,0,0,52.5047555744767,44.05009798688896,PortScan
04/07/2017 09:07:42,30078,1086,4,0,476.9962585454471,47.63994672424518,1,0,0,146.13474226158613,40.567494077633214,PortScan
04/07/2017 09:07:44,22092,1634,4,0,582.1148983740932,41.8909888176443,2,0,0,152.72412540731838,10.045920242113903,PortScan
04/07/2017 09:07:43,56315,719,2,0,1353.428881293849,32.387997192189744,1,0,1,63.19283067668086,10.770207799613932,PortScan
04/07/2017 09:07:45,1540,1139,1,0,474.26558699224756,15.032249920157197,2,0,1,67.80270705810577,42.52750573954707,PortScan
04/07/2017 09:07:45,8397,1536,3,1,691.759562270665,40.84073094907323,2,0,1,121.25789042136984,16.788737316268303,PortScan
04/07/2017 09:07:46,9443,820,2,0,589.5324597075225,10.91518755060334,1,0,1,102.02202977660372,18.3359603103103,PortScan
04/07/2017 09:07:44,63626,1142,4,0,686.7395935693239,29.06562112507906,2,0,1,116.15185739227447,9.816146431409294,PortScan
04/07/2017 09:07:44,15487,1283,4,0,760.9588124490293,44.12667394431082,2,0,1,162.01256651869662,10.988794129785116,PortScan
04/07/2017 09:07:44,58975,1019,1,0,275.6609820391724,18.741108598904468,2,0,0,12.880216793085069,35.48715935773764,PortScan
04/07/2017 09:07:45,25476,1468,2,1,710.7723004357057,20.43582394710734,1,0,1,27.911767123606975,41.478067149732986,PortScan
04/07/2017 09:07:47,19577,452,1,1,204.60964036465106,24.878713174213463,1,0,1,78.6184207630906,31.549936303454476,PortScan
04/07/2017 09:07:47,28439,1466,4,1,120.75798934773974,16.573084652719192,1,0,0,88.17258736483365,24.311877559459486,PortScan
04/07/2017 09:07:49,16854,1710,1,1,890.5693623164485,44.12598902272504,1,0,1,149.5738492273154,37.36577958027379,PortScan
04/07/2017 09:07:47,62288,1246,4,1,966.5810486999575,18.978486408075284,2,0,0,136.53004182353055,47.35623836466153,PortScan
04/07/2017 09:07:47,64030,423,4,0,341.4600309803485,49.197734741033614,2,0,1,192.79906453410507,31.685127717604047,PortScan
04/07/2017 09:07:49,8168,200,2,1,1173.237787657678,48.54925537750687,1,0,0,158.83261491609662,32.680346937489745,PortScan
04/07/2017 09:07:49,34858,1548,2,1,186.1988300798265,23.473248671618126,2,0,0,51.704896320839545,46.11819477633005,PortScan
04/07/2017 09:07:49,62399,1585,4,1,750.3711876650374,25.633230464913325,2,0,0,132.21746649878975,27.828322559027907,PortScan
04/07/2017 09:07:52,62429,1976,2,0,1424.1631617600617,32.16596863274884,2,0,0,145.32421281276348,48.714209469221274,PortScan
04/07/2017 09:07:52,32474,476,3,1,583.3423812386404,29.14287652726598,2,0,0,12.459324241149826,22.86028484893488,PortScan
04/07/2017 09:07:51,57917,1101,2,1,884.2478867542253,39.27569173508083,1,0,0,73.33536892606983,28.28968495071977,PortScan
04/07/2017 09:07:50,27836,109,4,1,790.0092454872116,16.518864362572142,1,0,1,159.43534255906837,45.8207086705171,PortScan
04/07/2017 09:07:52,31801,1325,2,0,326.48199223284905,29.701029917793406,2,0,0,81.36592495760189,39.02947676689966,PortScan
04/07/2017 09:07:52,8080,484154,12,6,18427.46696751547,7.674743600366174,1,2,0,6659.261506299634,3736.6577122952153,BENIGN
04/07/2017 09:07:53,22191,404,3,0,1116.1305912531866,30.768347868101703,2,0,1,143.094588799754,9.58838583155612,PortScan
04/07/2017 09:07:52,29891,1395,1,1,1111.1111517011818,32.56757631786076,1,0,0,105.41294388988999,24.40585502221746,PortScan
04/07/2017 09:07:53,23890,1943,2,0,893.2851858217354,18.783197859680293,2,0,0,119.85232257859579,18.835432295435847,PortScan
04/07/2017 09:07:53,17769,1750,1,1,204.8161278092528,28.780365376911433,2,0,0,151.7705922740165,35.872536790526425,PortScan
04/07/2017 09:07:53,3306,493159,15,26,19034.000209381127,8.845094796428537,0,10,0,12374.118841765225,1238.360431042273,BENIGN
04/07/2017 09:07:56,80,235019,14,12,9378.610710950115,104.44355623617902,1,1,0,3244.739210766975,1897.4306291259193,BENIGN
04/07/2017 09:07:54,13209,441,2,0,1260.5625344137056,29.930992246713043,1,0,1,151.343946750708,48.80445138523645,PortScan
04/07/2017 09:07:54,56927,1247,1,1,600.1279424415675,12.218085814480375,1,0,0,32.24255853665838,37.848605641010316,PortScan
04/07/2017 09:07:56,22,425462,22,24,30536.254340125,78.06474435525453,0,6,0,1145.363057928626,3613.8049994319967,BENIGN
04/07/2017 09:07:58,17014,840,1,1,1384.6331851408997,37.40213373482692,1,0,1,35.299289439297894,7.316124051316154,PortScan
04/07/2017 09:07:56,49805,673,2,1,1211.2840303546009,12.208274631380164,2,0,1,21.875937488156442,25.38103696568471,PortScan
04/07/2017 09:07:59,3306,770481,40,7,20529.870524495742,54.6570280010213,0,3,0,6233.976921183899,4100.206708265421,BENIGN
04/07/2017 09:07:58,64178,501,2,0,550.553778297791,40.346871578580604,1,0,1,179.9512888909302,33.04541011631716,PortScan
04/07/2017 09:07:58,445,373245,23,24,5814.59460658437,112.52135939982865,1,5,0,12273.16248169919,2628.6365869438914,BENIGN
04/07/2017 09:07:57,53019,1814,1,0,1292.9608345653896,30.453609207845446,2,0,1,57.0313485676876,20.162132379143728,PortScan
04/07/2017 09:08:00,445,418405,23,34,25642.73293023783,18.92312471714569,1,1,0,14378.24036864872,4104.3915463782,BENIGN
04/07/2017 09:07:58,36133,1602,2,0,201.2942835551533,10.700192377201896,2,0,0,142.46711236875728,19.334925744345078,PortScan
04/07/2017 09:08:02,12109,1934,4,0,657.8126322412842,44.29105819659276,1,0,0,158.08703115148649,9.727076996351677,PortScan
04/07/2017 09:07:59,445,523668,26,4,16441.68727082909,103.97367508716584,1,4,0,876.8303343878164,792.5943424235941,BENIGN
04/07/2017 09:08:02,25,503161,26,20,12931.312161135627,25.544452634011392,0,4,0,12107.048955752436,993.6549115843369,BENIGN
04/07/2017 09:08:01,3411,1600,4,1,368.50504014022886,16.366631163334514,1,0,0,194.79824704685754,43.94280544732607,PortScan
04/07/2017 09:08:02,14777,1340,2,1,769.9624844225657,39.20866813265242,1,0,0,123.72668663556813,12.572858420826101,PortScan
04/07/2017 09:08:03,40947,617,2,0,720.8785967684202,10.837842681044862,2,0,0,158.54956631463384,5.513735736420381,PortScan
04/07/2017 09:08:03,25,134531,18,26,19081.817066925665,117.17733511761449,0,9,0,14162.90933038628,3927.6784355556765,BENIGN
04/07/2017 09:08:04,18703,1042,2,0,1464.1854705039143,45.95584878047168,1,0,0,35.776741472007174,42.07969063173789,PortScan
04/07/2017 09:08:02,29513,701,3,0,1392.049209239452,28.968588864308625,1,0,1,26.482117970402406,33.814998600099585,PortScan
04/07/2017 09:08:04,7387,1000,2,1,374.51081779741804,17.957459352173117,2,0,1,174.2799107509875,22.59794776582647,PortScan
04/07/2017 09:08:06,34136,1351,1,0,981.9229929842334,19.91857156799916,1,0,1,99.37077697327058,8.136310535546178,PortScan
04/07/2017 09:08:06,3082,1751,1,1,311.2005487614925,10.946469868640998,1,0,1,186.01296716953297,11.83440287658359,PortScan
04/07/2017 09:08:05,7421,794,1,0,580.4926102586778,19.209963500206012,2,0,0,10.413502379265738,48.844195125919235,PortScan
04/07/2017 09:08:04,445,44063,31,21,24883.88913372346,88.40899232558516,1,6,0,8936.14689451395,3229.541507733043,BENIGN
04/07/2017 09:08:06,4626,150,3,1,1064.4249269640795,33.12462057007242,2,0,0,117.63341070324198,44.607997265371836,PortScan
04/07/2017 09:08:08,40889,1361,4,0,1170.1995140290287,18.994206795775447,1,0,0,77.78971753289574,40.94979378420962,PortScan
04/07/2017 09:08:06,44314,1651,2,1,699.6867657651645,32.21344376208468,2,0,0,191.46437155341107,43.8748776742124,PortScan
04/07/2017 09:08:09,55414,1478,4,0,368.34044208335285,24.20434187315895,1,0,0,169.48347442332084,15.060032021453386,PortScan
04/07/2017 09:08:07,63189,902,4,1,351.58450439165927,24.387711832945065,1,0,1,138.80953926450692,36.88980090411842,PortScan
04/07/2017 09:08:06,46353,1539,4,0,1453.1981454223323,21.273629062313898,1,0,0,39.01167171168392,19.203684606386247,PortScan
04/07/2017 09:08:08,17773,855,2,1,856.3795916859345,16.159085984374805,1,0,0,60.143356323459045,28.140435071322955,PortScan
04/07/2017 09:08:10,41273,507,2,1,305.5204876313965,16.319201374525196,2,0,1,31.888758608406928,37.376747796690275,PortScan
04/07/2017 09:08:09,8529,1594,4,1,824.6588168474889,21.978060494993606,2,0,0,126.79094352404555,37.409141094415304,PortScan
04/07/2017 09:08:09,31848,604,3,0,593.8538688849892,18.91507560722009,2,0,1,144.29959291187424,21.327493353652986,PortScan
04/07/2017 09:08:09,61558,93,1,1,1071.846132792695,18.135685965036306,1,0,1,26.856727487138834,33.18441279895694,PortScan
04/07/2017 09:08:10,53,478793,36,13,1343.3550262647484,39.67563040811186,0,10,0,1303.2374731793584,1736.7376268686985,BENIGN
04/07/2017 09:08:12,80,609966,19,18,6682.39554119855,38.30167178951498,0,10,0,1404.4181079633636,2397.1166612235706,BENIGN
04/07/2017 09:08:12,14423,699,2,0,178.53978003138002,28.853592648990908,2,0,0,142.7753066217733,12.320669863621205,PortScan
04/07/2017 09:08:13,3306,258894,3,15,30965.88687355296,58.44003407838106,0,9,0,11690.246612589255,2322.43902204929,BENIGN
04/07/2017 09:08:14,11600,316,4,0,845.0571137954943,44.366647635051095,1,0,1,67.11045356050958,7.420172083995415,PortScan
04/07/2017 09:08:11,51741,314,2,0,1255.0630673164849,43.11086179173684,1,0,1,68.26647022073627,37.287606637244046,PortScan
04/07/2017 09:08:13,8080,620563,33,7,27755.87259389579,102.49634947153001,1,3,0,4001.2047591890178,4329.509451875592,BENIGN
04/07/2017 09:08:13,3119,1950,2,1,1018.8544286865298,23.680557298553406,1,0,0,83.1667799642305,29.771678737138203,PortScan
04/07/2017 09:08:15,55198,817,2,1,1020.0753189804378,45.01709853332467,1,0,0,92.07040459988345,45.40237874455831,PortScan
04/07/2017 09:08:15,46975,623,4,0,129.07271549348673,46.080671088372114,2,0,0,78.35751982865796,34.64982691468351,PortScan
04/07/2017 09:08:13,8080,404253,38,26,8241.567236501614,23.562777490705116,0,2,0,5712.6924381906065,1103.1845583873244,BENIGN
04/07/2017 09:08:15,80,305233,40,6,30283.325860860037,31.859938191698298,0,3,0,7101.206836449403,4533.152185006453,BENIGN
04/07/2017 09:08:14,35817,1662,3,0,1374.48617368709,24.543421354030293,1,0,1,30.86655685997198,27.53236187753221,PortScan
04/07/2017 09:08:15,445,394680,37,13,4471.061463055578,43.61596686199319,1,2,0,12766.892846432627,1642.9655990793187,BENIGN
04/07/2017 09:08:15,47704,59,2,1,992.1100566892727,20.938503828610422,2,0,0,90.06101987777471,9.036805565670527,PortScan
04/07/2017 09:08:18,63854,377,2,1,978.1445481800911,41.833775857685666,1,0,1,171.61234721333537,35.31488028949397,PortScan
04/07/2017 09:08:17,55188,666,4,1,1158.341157242866,49.046316238637154,1,0,1,142.66596493092496,37.05997789641167,PortScan
04/07/2017 09:08:16,41355,1857,3,1,678.4471419347055,10.735319989968591,1,0,0,82.40598651721672,14.904885013878902,PortScan
04/07/2017 09:08:17,43678,338,2,0,433.6042249579551,43.80786554820834,1,0,0,36.20305578548689,24.00122512840089,PortScan
04/07/2017 09:08:18,443,766980,11,13,7880.948526619667,14.58079084206715,0,5,0,10087.425404899801,4129.655405677318,BENIGN
04/07/2017 09:08:17,44875,144,1,0,1252.3651341845098,42.39889084843167,1,0,1,167.6178667742078,41.645664675570806,PortScan
04/07/2017 09:08:21,65396,1824,3,1,1051.0986547864313,27.140113050308944,1,0,1,87.2364361629253,40.04639660006304,PortScan
04/07/2017 09:08:21,32262,707,1,1,1121.2759780377169,21.423361792624668,1,0,0,60.72076382146177,22.142479916694306,PortScan
04/07/2017 09:08:19,39182,1205,4,1,257.1867326091117,46.881961619391184,2,0,1,20.273096835977466,10.437053342416306,PortScan
04/07/2017 09:08:22,35620,80,3,1,920.6381947196691,25.87990768366602,2,0,0,11.367753597024803,15.873490145481325,PortScan
04/07/2017 09:08:19,17596,454,3,0,464.23119577522783,49.972521444443274,1,0,1,158.1136579580253,15.849279524152685,PortScan
04/07/2017 09:08:21,445,454675,24,15,17380.068132360982,116.76410034027387,0,4,0,13786.29457464434,3861.4491351711604,BENIGN
04/07/2017 09:08:21,14108,74,3,0,357.8681311643036,11.52642477625128,1,0,0,160.6875758332907,13.961988272841344,PortScan
04/07/2017 09:08:20,49718,423,3,1,1172.8272423779486,40.24948110067682,1,0,0,185.63445674889417,37.15493693553782,PortScan
04/07/2017 09:08:21,23171,1862,3,1,1310.1078400579731,21.92758448121763,2,0,1,31.80888011186973,32.795219879674605,PortScan
04/07/2017 09:08:22,33758,1331,4,0,1152.6466052608107,41.95893576095281,1,0,0,143.50713351499184,20.966460898463904,PortScan
04/07/2017 09:08:25,39403,1338,2,0,1035.9062317695893,35.32783969905313,2,0,1,78.53173999289545,32.71405017375209,PortScan
04/07/2017 09:08:25,55116,618,1,1,1100.9249327901412,30.0394530782914,1,0,1,89.87792698585035,43.19310649148217,PortScan
04/07/2017 09:08:25,64715,1708,1,0,349.1556471722373,36.17421895048835,2,0,1,158.5087263694346,7.407446077675489,PortScan
04/07/2017 09:08:26,25,484877,15,19,25653.950158869007,116.70323169567463,1,5,0,10074.071490218694,3303.571654867373,BENIGN
04/07/2017 09:08:27,34478,246,1,1,682.9592982223525,36.42798076979048,1,0,0,167.62868701040344,47.37388708146301,PortScan
04/07/2017 09:08:26,32920,445,4,0,200.116986179432,22.62866526355875,2,0,0,150.20597814037515,13.904180535500753,PortScan
04/07/2017 09:08:28,33346,429,3,1,704.0624820309022,36.89988467073009,2,0,1,53.07390715579539,19.057987447676,PortScan
04/07/2017 09:08:28,25,118218,29,26,17780.803187940735,110.60730516411525,0,7,0,870.447185682874,2752.5252336916747,BENIGN
04/07/2017 09:08:28,38368,1449,1,1,1495.2191138154308,25.595782566703754,1,0,1,45.293993044239855,8.741911794089834,PortScan
04/07/2017 09:08:26,7649,1172,1,1,437.4574644172011,47.18970627288112,1,0,1,18.860381361080506,8.911012467394599,PortScan
04/07/2017 09:08:26,54397,1801,3,0,123.336795410235,44.44350903388112,2,0,0,74.44828524302756,19.915550661088798,PortScan
04/07/2017 09:08:29,14509,231,4,0,1407.6341663412702,11.873641695581076,1,0,1,161.03482323634003,26.38425052590957,PortScan
04/07/2017 09:08:28,18498,1727,1,1,599.2696910756179,22.453429354681283,2,0,0,156.42003749419354,41.82089229134973,PortScan
04/07/2017 09:08:31,8473,490,4,0,1291.6375292883024,11.05575528528069,1,0,0,172.48364309639393,24.596902260489227,PortScan
04/07/2017 09:08:31,56104,650,3,0,1238.629358686535,37.30767557354258,2,0,0,51.328624839291635,39.85683769469973,PortScan
04/07/2017 09:08:28,63731,975,1,1,761.5913526084042,18.11794217519195,2,0,0,25.224607578924214,35.354165712416176,PortScan
04/07/2017 09:08:32,80,539452,39,9,17658.4402639494,48.01768505749995,1,3,0,1834.1934006185024,2079.1845952622066,BENIGN
04/07/2017 09:08:30,80,199360,10,7,17009.403080608325,98.40940235005901,1,4,0,8346.799784601366,1252.0880749633448,BENIGN
04/07/2017 09:08:29,80,173260,26,23,18405.199436174666,20.433477801514197,1,7,0,11272.191010686576,1695.0509127840314,BENIGN
04/07/2017 09:08:32,12204,1952,4,1,1354.4820218074128,41.24706929730437,2,0,1,179.32968390720941,29.478969247761274,PortScan
04/07/2017 09:08:30,19155,799,4,0,340.1271455718161,27.709369239370346,1,0,1,93.40202641226526,11.566465008385556,PortScan
04/07/2017 09:08:31,62502,924,2,0,1290.3716224740754,12.737755452908836,1,0,1,196.2547319082805,18.738608046811834,PortScan
04/07/2017 09:08:31,37892,845,4,1,843.3379504985155,36.16991068564101,1,0,0,39.488438994815404,30.93300551330525,PortScan
04/07/2017 09:08:34,57542,1230,3,0,832.7099912843356,40.54391654738614,1,0,1,172.99080732268038,19.65459247358062,PortScan
04/07/2017 09:08:34,55442,1743,1,1,128.04192401874676,42.62765594199518,1,0,0,25.641847268418367,36.917272284194695,PortScan
04/07/2017 09:08:33,80,333653,13,30,8389.968540431782,88.94331537636612,0,2,0,8646.068994529274,2110.2848821184425,BENIGN
04/07/2017 09:08:34,20158,590,2,1,416.8497631198593,24.388467568854807,2,0,0,14.85799731873259,34.06465745080325,PortScan
04/07/2017 09:08:35,50399,661,1,0,580.6507747120954,15.378295717247688,2,0,0,56.058577310535505,40.04959667209139,PortScan
04/07/2017 09:08:36,21,254638,29,32,32268.235714446935,6.049822621361177,0,5,0,3266.909565948908,3399.9718473884614,BENIGN
04/07/2017 09:08:36,1552,322,3,0,1428.9262700646975,39.164799858698,1,0,1,63.61562281591044,16.442158146607056,PortScan
04/07/2017 09:08:35,50021,257,4,0,1345.8477044960719,32.3272785277675,1,0,0,177.77196302904176,23.099866852365494,PortScan
04/07/2017 09:08:35,3306,475789,8,16,26635.245170355185,93.65512486534936,0,3,0,14008.500343951131,1962.5633304901598,BENIGN
04/07/2017 09:08:37,28427,1005,4,1,1317.636374649114,42.3181735715865,1,0,1,136.9579012653174,28.841985121709143,PortScan
04/07/2017 09:08:37,41476,498,4,0,687.7709523852141,41.803822046987364,2,0,0,152.92587804321315,28.322828902344128,PortScan
04/07/2017 09:08:38,37022,1021,2,1,206.4128013619094,38.65134989550687,1,0,0,93.50020907011583,12.094691677130786,PortScan
04/07/2017 09:08:39,16100,376,1,0,916.1149421305757,40.14195664251505,1,0,1,36.78870099127717,8.810680113793838,PortScan
04/07/2017 09:08:40,60551,371,2,1,915.5597776863752,23.800833995400794,2,0,1,158.34607625741475,46.632038717802494,PortScan
04/07/2017 09:08:38,26933,257,1,1,1473.146858854005,41.26613401155055,1,0,1,60.37351205791129,5.041604384503128,PortScan
04/07/2017 09:08:40,35847,680,3,1,584.3254921072948,18.103810951290047,1,0,0,42.2228721652894,49.164158500740335,PortScan
04/07/2017 09:08:40,48292,1917,2,1,1021.9971356477577,30.566407631485923,2,0,0,74.5251469890622,24.21800348955044,PortScan
04/07/2017 09:08:41,53,58469,13,35,21473.6956002467,47.329200612517354,0,6,0,14227.742743793578,3234.4711392956233,BENIGN
04/07/2017 09:08:39,45443,1481,1,1,671.9845486613141,35.783096661591685,2,0,1,78.05922665320385,49.52012825446904,PortScan
04/07/2017 09:08:41,41374,379,4,0,1243.8201349321514,19.095053151531843,1,0,1,37.377819796078654,38.45491624009782,PortScan
04/07/2017 09:08:42,53068,539,4,0,1212.2515952771425,10.614244284825078,2,0,1,155.40639324229173,12.4700945041775,PortScan
04/07/2017 09:08:43,25279,1248,1,0,121.38604672744677,27.97723691504722,2,0,0,138.36580626778357,20.855358498171032,PortScan
04/07/2017 09:08:41,4250,888,2,1,157.8659356055049,25.062227634349572,2,0,1,194.75288758398418,9.82553863890324,PortScan
04/07/2017 09:08:43,60687,822,1,1,1408.3938762203522,27.597023998172958,1,0,0,23.605340924886104,22.462801590677568,PortScan
04/07/2017 09:08:45,33569,511,3,0,157.40254253253227,44.149757960739564,1,0,1,143.28393366790115,27.075804830815308,PortScan
04/07/2017 09:08:43,45762,427,4,0,101.68246233951137,14.97574445439648,2,0,0,83.34369937821012,15.830912500274662,PortScan
04/07/2017 09:08:42,62901,848,2,1,308.57914383667423,10.298953464624358,2,0,0,113.35682756227249,28.476843439609997,PortScan
04/07/2017 09:08:46,29424,57,1,0,932.5679344571306,33.537202846299735,2,0,0,194.85868364206732,25.41579817040513,PortScan
04/07/2017 09:08:43,27177,1366,4,0,970.2889442756693,18.361265858567126,2,0,0,199.6094611703572,14.054136730837744,PortScan
04/07/2017 09:08:44,60491,282,1,1,1339.2496886580398,31.70011468416043,1,0,1,82.27384805490422,32.61847409699452,PortScan
04/07/2017 09:08:47,52658,1411,4,1,968.3362659721322,14.227854462962952,1,0,1,14.017731238014925,21.143360920211528,PortScan
04/07/2017 09:08:45,22,188036,24,29,13206.731050853805,74.97910669567116,1,6,0,1944.111887350442,2126.0226170057304,BENIGN
04/07/2017 09:08:48,42608,1442,1,1,1383.6373392055539,19.74115013951573,2,0,0,128.97730864326982,19.39268093874044,PortScan
04/07/2017 09:08:48,21720,104,3,0,439.8542755625495,26.510752207972278,1,0,1,147.06207184210172,19.399215591579914,PortScan
04/07/2017 09:08:46,62532,249,4,0,275.8324068647756,14.677837051337935,1,0,0,55.82733935722861,20.494098558826995,PortScan
04/07/2017 09:08:50,57421,1700,3,0,453.27548191660406,42.565290498758955,1,0,0,79.62131264799989,20.74939084174524,PortScan
04/07/2017 09:08:48,26953,1804,1,1,901.0690267760027,38.68091525716826,2,0,1,166.1784610502744,43.832670644889305,PortScan
04/07/2017 09:08:48,20968,425,3,0,1153.5492043730972,47.08671209864739,1,0,0,107.4795215202719,9.052755178169615,PortScan
04/07/2017 09:08:51,21,634610,35,13,34005.25347221702,9.833480983797358,1,10,0,4342.691423302312,775.0165036700729,BENIGN
04/07/2017 09:08:50,8080,222550,29,32,32271.01011933033,55.66274272768338,1,5,0,8673.38729524824,3337.8716832373857,BENIGN
04/07/2017 09:08:51,5380,731,3,0,114.50503473004574,23.751709546580756,1,0,0,93.60225135724838,12.68935061107017,PortScan
04/07/2017 09:08:50,4787,1910,2,1,582.8519595582773,17.899007915958457,2,0,0,40.08898979558612,9.540995434403278,PortScan
04/07/2017 09:08:49,10973,1037,1,1,572.3413119544825,16.495948598250084,2,0,1,99.15880898809392,28.232987494911093,PortScan
04/07/2017 09:08:52,5301,1932,4,1,891.3781020332078,37.04312729346606,2,0,1,10.689466402912572,7.534210681826559,PortScan
04/07/2017 09:08:50,53,369414,29,27,9732.326550514314,54.60156513131126,0,7,0,13403.208862504489,1294.2134839058785,BENIGN
04/07/2017 09:08:51,60354,1476,4,0,787.6549262596553,28.892730810833026,2,0,1,30.96708158400748,45.64200716302564,PortScan
04/07/2017 09:08:54,443,520935,27,16,23888.245734475524,64.75147764894454,1,7,0,2634.057266176412,373.21799240918415,BENIGN
04/07/2017 09:08:52,39427,1952,4,1,716.4014569638116,10.346350358761693,2,0,1,108.58495501846917,39.38920971104782,PortScan
04/07/2017 09:08:52,34228,1967,1,1,1449.4986200907852,40.070429346045934,1,0,0,180.4100700896439,31.183937432833183,PortScan
04/07/2017 09:08:52,21,407048,32,4,13665.505459536103,99.85170706869589,1,10,0,1669.8964632763193,4781.933292470427,BENIGN
04/07/2017 09:08:53,445,235261,33,20,1056.1453794213803,8.250540468648571,1,6,0,7920.588634157216,506.0564427887579,BENIGN
04/07/2017 09:08:54,15068,796,2,0,841.7093318650719,26.13895798375875,1,0,0,101.39835292751538,33.07800129938586,PortScan
04/07/2017 09:08:57,3306,9729,27,3,15385.463986967532,49.3081394002076,1,9,0,7440.810429142062,4182.491878832627,BENIGN
04/07/2017 09:08:57,12976,1112,4,0,1179.6131217164402,25.80251219976365,1,0,1,192.68936505173215,38.303519188356454,PortScan
04/07/2017 09:08:55,80,36800,19,4,780.2691801769413,102.53015567678642,0,2,0,6054.271837222123,2420.251242601187,BENIGN
04/07/2017 09:08:56,30083,1898,1,1,558.4853353329961,21.26894144471949,1,0,0,163.55428231721652,33.960346296875684,PortScan
04/07/2017 09:08:55,51513,385,2,0,493.55441012761804,12.541636402373836,1,0,0,113.72167356175007,49.60743879771614,PortScan
04/07/2017 09:08:56,48943,658,3,1,799.3804087898278,33.308774172397655,1,0,0,89.51211610825887,33.51615561206486,PortScan
04/07/2017 09:08:59,11217,1622,1,1,917.8472965959728,38.98045321415485,2,0,0,29.559463251627104,7.8536548469121366,PortScan
04/07/2017 09:08:57,3607,733,4,0,805.121624345862,10.701612989214983,2,0,0,36.53346464600156,17.2305757696211,PortScan
04/07/2017 09:08:57,45777,1959,4,0,251.900552750609,21.530326147439204,2,0,1,72.8948488662007,34.45492621541031,PortScan
04/07/2017 09:09:00,49076,1512,2,1,1129.6020391622997,38.62571209725497,2,0,0,134.5189169852058,10.516515592012514,PortScan
04/07/2017 09:09:00,33044,1489,1,0,188.59224348350284,27.977273818787292,2,0,0,153.18529672093558,47.85654433809936,PortScan
04/07/2017 09:09:00,2920,1778,3,0,1202.4321709392716,12.037380179467467,2,0,1,59.50168196311653,15.381249722440424,PortScan
04/07/2017 09:09:00,56088,1009,2,1,1487.3832320075412,47.45024741969395,1,0,0,91.37939489590957,12.021193278546885,PortScan
04/07/2017 09:09:02,52786,1398,2,1,834.6651013552186,40.46354833554042,1,0,1,20.53840641835339,16.12005209172554,PortScan
04/07/2017 09:09:00,38134,1951,2,0,133.1467775432202,18.25503873379497,2,0,0,172.1784111159898,19.835333413267385,PortScan
04/07/2017 09:09:03,9750,1645,4,1,1404.8186647780942,13.423591930537238,1,0,0,69.80019899133221,29.69667972286657,PortScan
04/07/2017 09:09:03,22,236469,25,5,26814.455413654166,71.57235078452987,1,2,0,1154.1045843118575,4554.517767061882,BENIGN
04/07/2017 09:09:00,17152,362,4,0,472.24116294704066,10.295788390005814,1,0,1,183.42014069298148,21.66992963907112,PortScan
04/07/2017 09:09:02,6944,1201,4,1,398.2324071175364,35.36043321759681,2,0,0,162.99848214334574,19.529765434776323,PortScan
04/07/2017 09:09:04,22430,332,3,1,738.743504711635,15.559879088342964,1,0,1,51.738056359985116,21.880840991948517,PortScan
04/07/2017 09:09:04,57922,116,2,1,485.3247044071996,15.902982075130607,2,0,0,90.81724272033027,7.959543861247683,PortScan
04/07/2017 09:09:04,8080,527585,12,23,2298.1069108331444,72.29954844683213,0,10,0,10928.428402233194,3022.6285855684587,BENIGN
04/07/2017 09:09:04,32881,473,2,1,836.3978470172481,47.746305295989565,1,0,0,152.4903038912304,15.296571611156542,PortScan
04/07/2017 09:09:06,9345,1572,3,0,1114.1069125682784,49.59280303878783,1,0,1,38.72226176503889,43.349383072562716,PortScan
04/07/2017 09:09:04,50935,941,4,1,1051.0081709597107,43.441912321843915,2,0,0,166.4986263386635,44.899389433495784,PortScan
04/07/2017 09:09:07,40948,1079,1,1,1364.2074678040678,16.762103840606617,1,0,0,41.21574331555752,25.987640869370846,PortScan
04/07/2017 09:09:05,42540,1071,3,1,276.97548727855485,45.18681487605094,1,0,1,35.70215673548571,6.083420436619505,PortScan
04/07/2017 09:09:05,26285,1510,3,1,706.065208981984,30.118772457176128,1,0,1,129.51360463862426,31.505206507359716,PortScan
04/07/2017 09:09:05,62273,354,2,0,389.1326045725867,34.90191642170948,1,0,0,142.4564337068583,20.13265072058301,PortScan
04/07/2017 09:09:07,13492,347,3,0,531.7706685950196,11.23287603710208,1,0,0,74.91667320232513,23.77644955274843,PortScan
04/07/2017 09:09:09,56498,558,1,1,275.848388049433,15.767238863780664,2,0,1,22.17565719105494,10.104079545175166,PortScan
04/07/2017 09:09:08,27772,687,3,0,391.2249777768999,19.523115842653098,1,0,0,198.79999996765227,17.325719413868335,PortScan
04/07/2017 09:09:09,19522,1761,2,0,520.2891142036849,11.369937531298593,2,0,1,123.32382841106087,13.494173658315063,PortScan
04/07/2017 09:09:09,44318,363,4,0,634.3345767225339,19.158845579538365,2,0,0,79.38743661113918,16.723853053469224,PortScan
04/07/2017 09:09:11,22053,1525,3,1,822.9722542934925,24.752344530073735,1,0,0,187.92989056039812,35.1097052714984,PortScan
04/07/2017 09:09:11,53133,1663,3,1,861.7267898831017,45.3639882602395,2,0,0,67.84066281135506,36.94494141438116,PortScan
04/07/2017 09:09:09,37861,688,3,1,461.512725413967,38.88775630060662,2,0,1,45.085850202370125,5.387147415974905,PortScan
04/07/2017 09:09:12,61405,220,3,1,1437.902169834005,40.48823803723898,2,0,0,125.24567271461588,33.89597742255923,PortScan
04/07/2017 09:09:11,51665,1707,3,1,777.8817461064434,23.12719346955792,2,0,1,149.72426270604336,40.46332764963569,PortScan
04/07/2017 09:09:10,63117,1322,2,0,1378.3347493612598,20.761689731846865,1,0,1,171.25676315535793,28.80799683572046,PortScan
04/07/2017 09:09:12,15951,1394,1,0,737.4821074537259,28.99202911171423,2,0,1,10.65986636678639,12.248826180108502,PortScan
04/07/2017 09:09:13,53697,1944,3,1,1115.3881984842112,13.657570635071664,2,0,1,50.57286500481958,13.707962111869296,PortScan
04/07/2017 09:09:14,7414,1496,3,0,577.2279155198105,32.57512318172911,2,0,1,89.138102934984,19.08391867363334,PortScan
04/07/2017 09:09:14,6644,1117,2,1,273.77883341898143,49.01808004766139,1,0,0,17.854631395083434,8.358549108904159,PortScan
04/07/2017 09:09:14,6663,1954,3,0,818.9688431473628,30.359095920539318,2,0,1,162.4280466337641,11.667632201491898,PortScan
04/07/2017 09:09:14,11354,1939,2,0,1453.9165864956772,34.088103538751184,2,0,0,72.83899250673997,43.77314478181639,PortScan
04/07/2017 09:09:15,8080,351772,14,19,16381.06464920189,67.78322261635374,0,1,0,2716.458562182988,681.2274449957865,BENIGN
04/07/2017 09:09:14,43686,676,1,0,1168.7292803681564,39.24176554310045,2,0,0,159.46859161321714,10.648818636203542,PortScan
04/07/2017 09:09:16,51298,1466,4,0,1138.255019093992,14.779540351023366,1,0,0,136.0113969797002,24.25925636329416,PortScan
04/07/2017 09:09:16,32663,1723,4,1,1126.7579551198096,42.57629327728887,2,0,0,79.03742377242297,39.54044486871006,PortScan
04/07/2017 09:09:15,25,240529,33,17,8811.863611538034,70.03962952453266,1,3,0,2203.959457114579,1774.1515232884317,BENIGN
04/07/2017 09:09:17,15616,416,1,0,773.3292956237834,27.810062454800814,2,0,0,52.933555431191735,23.876538306620713,PortScan
04/07/2017 09:09:18,1310,681,3,1,545.3158171176664,11.622073894209777,2,0,0,27.833273020203546,25.682371546056558,PortScan
04/07/2017 09:09:18,63939,1730,2,0,478.00868107271026,19.652760301119756,1,0,0,59.91171979742512,37.60834577053147,PortScan
04/07/2017 09:09:17,38669,1115,3,1,731.2907627849237,14.634779622910248,1,0,1,12.112537252231228,46.38273399249514,PortScan
04/07/2017 09:09:17,39707,377,4,1,1439.3522590576335,23.24578810231337,2,0,1,124.48089615554433,22.917421237916844,PortScan
04/07/2017 09:09:16,22062,765,2,1,524.460469954897,12.808603550735885,1,0,0,174.6589485641016,31.745620523399882,PortScan
04/07/2017 09:09:21,36144,210,3,1,1372.299919189514,42.21229418789819,1,0,0,112.52691032127805,42.97715049996566,PortScan
04/07/2017 09:09:17,52742,1474,1,1,450.5708301095976,16.147575659465957,1,0,0,137.0248311450922,26.327046463589745,PortScan
04/07/2017 09:09:21,23810,989,4,1,1317.6326723537234,40.86134896595827,2,0,0,151.55606643975554,37.48906913799886,PortScan
04/07/2017 09:09:21,27968,1850,3,1,1054.0438018425657,15.762163833645278,1,0,1,95.03056417227832,40.820096296579614,PortScan
04/07/2017 09:09:22,41710,567,3,0,218.22228442805812,27.454252237419873,1,0,0,51.594635585525765,11.307853647019678,PortScan
04/07/2017 09:09:19,43785,98,4,0,1215.0108024271915,10.494923296768723,1,0,1,93.20627159585612,36.98551019849553,PortScan
04/07/2017 09:09:20,23684,1122,3,0,910.4683142874893,47.67836711719889,1,0,1,121.5445656399935,9.60831969114985,PortScan
04/07/2017 09:09:21,63747,961,3,0,676.0935727900393,49.785944066440386,2,0,1,181.21909418362785,40.914693186977,PortScan
04/07/2017 09:09:22,21392,582,1,0,112.70285970364748,34.547811422012806,2,0,1,68.60085672674319,21.904532286785802,PortScan
04/07/2017 09:09:22,17143,1735,3,1,759.0048999915216,15.141595318823748,2,0,1,196.74108010550927,11.740646815122528,PortScan
04/07/2017 09:09:21,7777,649,3,0,1220.5630362990144,11.82977672137271,1,0,1,132.7147477451395,15.219759159683736,PortScan
04/07/2017 09:09:24,16484,635,2,0,285.9063462270816,17.11668571169909,2,0,1,122.2691194816392,32.73181861215198,PortScan
04/07/2017 09:09:25,19500,514,1,1,779.2441593383669,35.786708701598286,2,0,0,77.05678414639976,41.02131257597119,PortScan
04/07/2017 09:09:24,47042,1588,4,0,1062.427109077551,19.586270188110156,1,0,0,164.6844499538825,14.589960561117916,PortScan
04/07/2017 09:09:25,10250,1813,1,0,457.2296367675227,19.98890530614866,1,0,0,99.05590945966885,37.57923598586213,PortScan
04/07/2017 09:09:24,21,289437,23,25,23413.446309193572,60.42867794285983,0,9,0,7192.519067041924,510.55201864364284,BENIGN
04/07/2017 09:09:26,19644,279,1,1,1094.4724650245612,38.5912856442101,1,0,0,69.68288917654671,47.69650086668032,PortScan
04/07/2017 09:09:25,9790,1892,1,0,880.3981837995832,32.0834829390897,2,0,1,19.908014049463574,28.27514790496121,PortScan
04/07/2017 09:09:24,43437,413,1,0,1466.254316271165,18.951048793487285,2,0,0,112.62343074510952,15.286157913379862,PortScan
04/07/2017 09:09:29,1166,230,3,1,1341.8054622149666,49.235172298353866,2,0,0,125.78384585553123,6.1009683470943425,PortScan
04/07/2017 09:09:26,31054,308,4,1,1442.358455804709,39.83726113790308,2,0,1,20.73978405382045,36.10411605733168,PortScan
04/07/2017 09:09:27,43802,1696,4,1,1281.5696494542835,16.558698580850223,2,0,1,89.92018496160391,10.372736212914942,PortScan
04/07/2017 09:09:28,31790,1403,3,1,918.0387150349968,33.21626767342839,2,0,0,128.72736841525244,37.75804571136713,PortScan
04/07/2017 09:09:27,22,719066,37,21,19335.41919778137,71.97364706159976,1,6,0,12204.890864919236,2264.3472979269154,BENIGN
04/07/2017 09:09:30,25,398729,38,8,20378.749355274515,36.58587623242686,1,8,0,3906.5485858752663,2903.083587602334,BENIGN
04/07/2017 09:09:30,63285,203,4,0,1428.828389466847,44.33651357745299,1,0,0,116.19827127054347,28.95703066337025,PortScan
04/07/2017 09:09:30,22997,1735,4,0,275.3108456833171,18.9755573943973,2,0,1,75.63143352981697,17.579750269985574,PortScan
04/07/2017 09:09:30,56347,1824,4,0,1205.8665252529452,25.439562276833627,1,0,0,95.63330556752288,18.535017933264296,PortScan
04/07/2017 09:09:29,47478,310,2,0,496.83003220307506,31.20186517025872,2,0,1,156.35400062778047,30.65761778188618,PortScan
04/07/2017 09:09:33,6697,298,1,0,1399.0235330157038,20.71948132135453,1,0,0,71.58963654749738,14.163791364585164,PortScan
04/07/2017 09:09:30,33171,1959,1,0,645.1150980969487,46.74319290124225,1,0,1,16.62547497930381,48.28563012540809,PortScan
04/07/2017 09:09:33,12785,1930,3,0,950.0717808009705,13.432721296593101,2,0,0,160.1025501565099,45.98701602260196,PortScan
04/07/2017 09:09:34,19249,1145,1,1,880.681025027987,47.24514338251099,1,0,1,118.8858145267338,22.71357150956946,PortScan
04/07/2017 09:09:33,59616,721,2,1,292.5544239118306,39.27929501103206,1,0,1,57.849689386181495,12.518662098064926,PortScan
04/07/2017 09:09:34,47339,1550,2,0,229.18633724638036,26.05349211662321,2,0,1,28.230243298324805,12.244320594179154,PortScan
04/07/2017 09:09:35,35223,1330,1,0,1435.6058061099213,23.111695447569687,1,0,0,125.28167836545092,47.99470689444054,PortScan
04/07/2017 09:09:34,31289,577,3,0,612.9402661731335,18.667482546195956,1,0,1,57.52752257033692,17.04747245307469,PortScan
04/07/2017 09:09:33,22,786123,26,30,15989.749017074651,5.756939356448152,0,1,0,10782.277204526996,3143.6180417040723,BENIGN
04/07/2017 09:09:37,53,584764,22,4,22566.448450498003,83.4538374196369,0,9,0,1314.5339818015455,4127.007938064591,BENIGN
04/07/2017 09:09:36,24494,1602,1,1,1272.7113104387868,17.742905112324014,2,0,1,71.66691403239486,9.171202583794813,PortScan
04/07/2017 09:09:37,16704,1345,1,0,146.26929103715682,42.05495476491434,1,0,1,15.552083461523413,13.206349356467543,PortScan
04/07/2017 09:09:36,21224,1815,2,1,194.8207435292594,39.37982413145612,1,0,1,56.155972392503976,36.10807518329913,PortScan
04/07/2017 09:09:36,15000,719,1,1,593.1430166990425,15.078730969784164,1,0,1,107.09544649530761,37.451868876675654,PortScan
04/07/2017 09:09:38,20056,687,1,0,1151.3473055898178,25.961130669896125,1,0,1,57.19723659822698,46.48293928431082,PortScan
04/07/2017 09:09:37,19416,1459,2,1,877.5557505599058,28.648119235671228,2,0,0,196.74956137536375,40.19475638297843,PortScan
04/07/2017 09:09:38,22986,1535,1,0,814.9461541398807,49.48708818188846,1,0,1,34.439042602835116,37.082230129748275,PortScan
04/07/2017 09:09:40,12204,1903,4,1,222.69579063707164,31.234243504288326,2,0,0,66.9811225825431,49.34816251325371,PortScan
04/07/2017 09:09:39,44136,1329,4,0,1061.108681143433,33.48911591571942,1,0,1,24.998725826062312,26.558397607655625,PortScan
04/07/2017 09:09:40,22,533489,35,32,22452.750262492882,28.10602794736122,0,8,0,5983.407564001078,293.1490911358301,BENIGN
04/07/2017 09:09:39,59814,974,4,1,704.6444095139315,41.58259563172493,2,0,1,92.46736481427877,43.921764872316395,PortScan
04/07/2017 09:09:38,10279,1288,1,1,1228.1046310454642,28.624593039627175,1,0,0,183.0471185817311,21.29675862024376,PortScan
04/07/2017 09:09:39,11437,1333,3,1,412.8268392632356,34.035186413559124,2,0,0,125.87882353780248,20.48574377885474,PortScan
04/07/2017 09:09:40,39340,1916,4,0,1023.3612012131897,28.642498314506213,1,0,0,41.37873002828266,24.888907268834224,PortScan
04/07/2017 09:09:39,42459,1238,4,1,339.5969738803008,37.889079037722865,2,0,1,49.96461957006903,20.495709126901666,PortScan
04/07/2017 09:09:43,52366,870,1,0,535.9146049505271,33.74640351582897,1,0,0,195.38722604052307,5.398983954650752,PortScan
04/07/2017 09:09:41,12571,538,1,0,774.2457971331613,16.511955996626945,1,0,1,166.0987719165583,44.07549031326877,PortScan
04/07/2017 09:09:44,445,552556,14,31,23720.567552242526,57.4916878724826,0,2,0,10745.137812735367,520.8770099278183,BENIGN
04/07/2017 09:09:43,445,700608,38,28,34596.45261790267,59.809354220833995,1,2,0,1490.7053538000373,1229.4847450517982,BENIGN
04/07/2017 09:09:42,42719,1084,3,1,429.9210494499899,33.198421687355925,2,0,0,157.34901884690265,38.91202852463823,PortScan
04/07/2017 09:09:45,21,446286,18,17,9741.028006771357,67.36208592511994,0,4,0,9293.404451369,2200.682536251559,BENIGN
04/07/2017 09:09:42,23252,1269,4,0,809.0276255590142,45.23053759944255,1,0,0,84.20317683020008,6.968386670561413,PortScan
04/07/2017 09:09:44,52210,936,3,0,1145.7430090294797,47.912828790181784,2,0,0,130.245046232893,26.74705773263522,PortScan
04/07/2017 09:09:45,54882,198,4,1,1015.2591350197886,35.487309012033414,1,0,1,129.47711386818537,19.502738828469617,PortScan
04/07/2017 09:09:46,51889,1232,2,1,1401.6084013459194,21.65577363587076,2,0,0,151.7823740107144,14.533024429615887,PortScan
04/07/2017 09:09:46,4950,954,2,0,100.21700383106665,20.879188282169537,2,0,0,32.34872559182462,23.438781642234634,PortScan
04/07/2017 09:09:47,2934,1207,4,0,866.9759884519071,21.010794527938266,1,0,0,126.13650091272223,41.37785990465553,PortScan
04/07/2017 09:09:45,33077,1902,3,0,148.35721005963018,19.12888064713713,2,0,1,72.50622036147271,21.65078314653692,PortScan
04/07/2017 09:09:48,54180,515,2,0,1376.7705553634225,47.64445422577872,2,0,1,126.65661228365641,47.208482719707746,PortScan
04/07/2017 09:09:46,24833,742,2,0,844.8670840562318,47.6191182578891,1,0,1,21.943817183982816,45.98989118307261,PortScan
04/07/2017 09:09:46,30148,779,3,1,1080.665061873234,39.40761947582398,1,0,1,117.6465105740506,26.299622736045027,PortScan
04/07/2017 09:09:50,58890,1924,4,1,390.9801067742189,38.69320409795806,1,0,1,196.91156651602068,10.496312358058573,PortScan
04/07/2017 09:09:47,52093,425,4,0,872.3683818980226,42.133129674282564,2,0,0,197.03694003686678,7.111186232885704,PortScan
04/07/2017 09:09:48,32665,429,3,1,1024.208681642473,30.07594295725134,2,0,1,107.98419144803245,31.426579324808717,PortScan
04/07/2017 09:09:51,50987,440,3,0,664.1568312267179,15.012616085179399,1,0,0,143.6059542418048,16.832627035129327,PortScan
04/07/2017 09:09:50,10176,1295,3,0,946.0974150231731,45.67508074632733,2,0,1,21.68544738790274,13.611589924507307,PortScan
04/07/2017 09:09:48,58060,1471,4,1,312.64262115012906,32.88008399056683,1,0,0,135.28422021063196,35.563213389902764,PortScan
04/07/2017 09:09:51,65288,131,4,1,1498.8451112991638,21.499064859031506,2,0,1,33.07580041594987,29.053075912233115,PortScan
04/07/2017 09:09:49,37543,1988,2,0,248.96869706735492,12.106704415490892,2,0,1,78.72665621293977,7.029999816485171,PortScan
04/07/2017 09:09:53,53494,930,3,1,565.2529611130802,37.7771657561091,2,0,1,148.38431304568627,42.08420289024594,PortScan
04/07/2017 09:09:51,45222,1063,3,1,106.20183176448299,17.96391456743176,2,0,0,124.74063643464189,22.081510212492155,PortScan
04/07/2017 09:09:52,34565,115,2,0,177.2260229265716,39.90139168374858,1,0,0,21.36871596565956,18.087595850043172,PortScan
04/07/2017 09:09:52,35655,1702,2,1,1420.421675174974,35.734942267242076,1,0,0,21.32107750397165,33.10078800239538,PortScan
04/07/2017 09:09:51,53445,469,4,1,1154.8004790416094,17.385878138615496,1,0,1,111.81892064023359,34.110729896757476,PortScan
04/07/2017 09:09:54,26448,1759,3,1,1052.9751849203378,13.775904957565462,2,0,1,174.76334101588031,40.995945467761054,PortScan
04/07/2017 09:09:52,443,525422,9,9,19837.1849614298,93.35191846344834,0,8,0,7800.479713997159,4746.834582838597,BENIGN
04/07/2017 09:09:53,29876,224,2,1,942.6640060950655,47.459545682040634,1,0,1,196.33932307328845,48.540130149031725,PortScan
04/07/2017 09:09:55,6435,602,3,0,854.1478903902746,10.457157947281658,2,0,0,97.35450827413572,8.873399699987196,PortScan
04/07/2017 09:09:57,16977,1851,2,0,1455.410665362803,17.74501216550661,2,0,0,34.90688487448918,10.550650305612653,PortScan
04/07/2017 09:09:54,22,466183,3,3,17801.454400878618,37.45258139925449,0,10,0,6078.327953898278,543.9309032157717,BENIGN
04/07/2017 09:09:54,40379,1983,3,1,740.613349552254,13.667635998946084,2,0,0,57.13173598855984,36.0685535690144,PortScan
04/07/2017 09:09:58,22294,1250,4,1,1066.6878758695943,45.22692493928491,2,0,0,21.129359053679917,21.790321084847967,PortScan
04/07/2017 09:09:58,3557,639,4,0,198.85337632047458,37.79601003900757,1,0,1,68.69901007420606,14.404417889497873,PortScan
04/07/2017 09:09:56,8080,504986,23,10,28845.563594830157,40.79125931580279,1,10,0,566.2789590721266,2212.64489635601,BENIGN
04/07/2017 09:09:58,56456,1353,1,0,118.36355179149061,23.62830239932792,1,0,0,20.526167181533385,43.763674871244646,PortScan
04/07/2017 09:09:56,21,480874,15,27,3295.2076435602858,31.180418554655123,0,4,0,9875.61028083757,2196.3258838659867,BENIGN
04/07/2017 09:09:58,443,3456,25,23,4186.731077963044,74.35709384211802,1,7,0,1073.1043773380748,2324.9987712431994,BENIGN
04/07/2017 09:09:59,9924,1370,3,0,619.0602430762353,12.036502656242298,2,0,0,189.11170574130122,42.703553841142494,PortScan
04/07/2017 09:10:00,46440,630,4,1,584.7276738483008,20.249972756686834,1,0,0,28.766503320221098,42.11989079805409,PortScan
04/07/2017 09:10:02,57270,1206,3,0,476.5681857548532,35.2102520370636,1,0,1,91.89841892374608,35.87437830978871,PortScan
04/07/2017 09:10:00,45279,1361,1,0,1347.4496396467182,42.17092054312121,1,0,0,162.94870652978875,30.452459529453712,PortScan
04/07/2017 09:10:01,36722,1753,2,1,893.1524268828286,14.61398162517138,2,0,1,71.96341641983392,5.757221118869827,PortScan
04/07/2017 09:10:02,51082,145,1,1,921.3746304848487,38.49125773068459,2,0,0,155.5122870950447,21.277288105578535,PortScan
04/07/2017 09:10:00,22,531922,9,35,27057.52665519888,17.337442817870112,0,9,0,1873.24932248138,4145.509597106706,BENIGN
04/07/2017 09:10:02,49743,1328,1,0,868.3355180170646,17.83806467499605,1,0,1,62.01084611429815,45.59570347379,PortScan
04/07/2017 09:10:01,1685,963,2,1,174.90378765924177,41.31961978343715,2,0,1,74.27599313747207,27.40747769416386,PortScan
04/07/2017 09:10:03,60456,1935,4,0,182.99960958551773,25.195339343710632,1,0,0,111.34177459139175,5.595040757348552,PortScan
04/07/2017 09:10:03,12211,426,2,0,979.4102326951465,48.98242382401441,1,0,0,50.91376296436484,33.361239157647994,PortScan
04/07/2017 09:10:04,38361,1951,1,1,924.6319499829373,48.65525975806369,1,0,1,61.34997391150591,49.99697657552951,PortScan
04/07/2017 09:10:06,10425,1751,3,1,1022.91388114921,25.41400425357816,1,0,0,177.52782753524446,43.20642656532361,PortScan
04/07/2017 09:10:03,40710,1687,1,0,910.3138658143894,25.838321307521404,1,0,1,16.90951703208691,40.685053960392295,PortScan
04/07/2017 09:10:05,52011,495,3,1,187.97143295797338,19.416614183150052,1,0,0,185.5489771841264,11.36720743524074,PortScan
04/07/2017 09:10:05,37381,59,1,0,1085.5924738044896,13.633801049300992,1,0,1,66.84311346041459,45.64377828683899,PortScan
04/07/2017 09:10:05,29415,1274,3,0,1259.4716292323137,33.12046627395698,1,0,0,198.92339387582905,9.085392199853702,PortScan
04/07/2017 09:10:06,16302,892,2,1,1116.3793664540042,34.72701471926308,2,0,0,150.79558792447574,13.986402297990011,PortScan
04/07/2017 09:10:05,6577,810,2,0,1256.5720938221887,37.683330714425125,2,0,1,131.48424672102976,48.73932607674234,PortScan
04/07/2017 09:10:06,61144,616,4,1,628.3341198414748,25.272660690911742,2,0,0,185.94160421119184,18.530179428773483,PortScan
04/07/2017 09:10:08,56712,442,3,1,1206.0466141246009,32.7595477131229,1,0,0,86.65195944833779,24.649026669770514,PortScan
04/07/2017 09:10:08,2415,1208,1,1,1369.7711724275111,32.66964494916529,1,0,1,169.64346993544075,12.38727363640893,PortScan
04/07/2017 09:10:09,18619,1803,1,1,178.51981267160585,31.932720715789486,2,0,1,62.21057407955252,28.522102197001153,PortScan
04/07/2017 09:10:10,16888,359,2,0,357.73750246081477,15.517654444641886,1,0,1,168.95128752288244,32.20313720937081,PortScan
04/07/2017 09:10:09,1119,1676,1,0,1374.2092985072754,27.099205124160775,2,0,1,11.567128267284163,46.705944432240685,PortScan
04/07/2017 09:10:11,23954,1786,3,1,127.78274715243771,13.907498471003166,1,0,1,110.99441088878812,48.86316600301046,PortScan
04/07/2017 09:10:12,51198,1172,2,1,970.2941786473377,40.185278214579675,1,0,1,163.7440773359444,17.550123992929013,PortScan
04/07/2017 09:10:12,3306,88161,39,22,28524.363985782056,68.72991007966841,0,2,0,4943.564147286352,3139.8362991294293,BENIGN
04/07/2017 09:10:13,10118,852,2,1,493.65626550529413,14.978493401597035,1,0,0,135.9305011417735,47.57483562035199,PortScan
04/07/2017 09:10:10,65343,1134,2,0,1347.1991897261544,30.06804389624357,2,0,1,48.614446780383346,41.12941460602285,PortScan
04/07/2017 09:10:11,2024,1039,2,0,1421.2931097428702,45.58151637892275,2,0,0,118.70020514245799,27.297561050877572,PortScan
04/07/2017 09:10:10,44933,1016,1,1,1195.027329094562,49.768707739033225,1,0,0,110.54051370071886,27.090378585318582,PortScan
04/07/2017 09:10:13,30807,658,2,0,371.78410887909524,17.194705698688423,1,0,1,122.56971975880089,24.266603150490724,PortScan
04/07/2017 09:10:13,54661,1193,4,1,1279.9615211905996,24.119359232901687,2,0,1,120.93448011361727,37.063073455688276,PortScan
04/07/2017 09:10:15,47345,1505,1,0,1448.8787461360748,22.185726281143715,1,0,1,106.58020672542796,16.148318632945262,PortScan
04/07/2017 09:10:14,31521,325,3,0,1404.099486540321,33.66292746611795,2,0,1,194.65834118329835,13.766243142288697,PortScan
04/07/2017 09:10:13,44125,1009,1,1,833.4577843360189,45.95532706216849,2,0,0,120.08024374909773,34.93385974978764,PortScan
04/07/2017 09:10:15,3306,115720,31,16,12148.445116612162,48.99597183463254,1,8,0,7347.24899498953,1174.9335414276527,BENIGN
04/07/2017 09:10:16,65155,1453,1,1,907.5368487671461,45.37572988305661,1,0,1,61.24138981696586,27.036328404449144,PortScan
04/07/2017 09:10:16,6173,462,4,1,1215.8539811782657,11.33040264486873,1,0,0,196.9115653940169,23.34893331205431,PortScan
04/07/2017 09:10:15,62639,1617,4,1,1409.3864633157818,32.18686768279058,1,0,1,133.34037012835876,13.35993304008333,PortScan
04/07/2017 09:10:18,8485,1222,4,0,502.62459100701204,10.18126873127616,2,0,0,133.30914950952723,45.48998969624103,PortScan
04/07/2017 09:10:17,48467,90,4,1,867.0865733454727,27.277958038879532,1,0,1,187.70890681937726,42.95637511661014,PortScan
04/07/2017 09:10:16,64997,401,2,0,1206.1728881339684,48.27207766568333,1,0,1,120.8921822350202,20.93358540091273,PortScan
04/07/2017 09:10:18,21,608126,11,34,32643.963028208535,13.772662198528847,1,6,0,13132.919261156472,4997.534222604912,BENIGN
04/07/2017 09:10:17,60768,223,1,0,415.79679796154056,17.769760878890445,1,0,1,96.38298477483278,26.207524763950055,PortScan
04/07/2017 09:10:19,53642,956,4,0,790.2043940186046,42.61686163291829,1,0,0,125.0256399933217,16.705781383014497,PortScan
04/07/2017 09:10:18,80,129236,14,15,749.8855487784217,107.51585434171976,1,10,0,3710.0876517611014,186.73617670343262,BENIGN
04/07/2017 09:10:20,57822,241,2,1,436.00221631720564,14.66873552693067,2,0,0,38.059978667559704,6.11146214607924,PortScan
04/07/2017 09:10:18,33279,1810,4,1,607.2896191449664,38.05226414181193,1,0,0,125.90419251252526,49.0427954776845,PortScan
04/07/2017 09:10:20,19164,1109,2,0,1208.4247946185967,34.415138148548905,2,0,1,87.41579004896954,31.956268677518732,PortScan
04/07/2017 09:10:20,64403,1358,3,0,918.3073527624525,12.664215452892304,2,0,0,48.04053978124504,7.700578180765122,PortScan
04/07/2017 09:10:22,22,116532,32,20,3165.916569053755,48.7801244967524,1,10,0,7546.518631350356,780.7066582943589,BENIGN
04/07/2017 09:10:22,21,473123,30,26,19430.554064998618,45.13316395301274,1,4,0,2865.3069911262364,1504.3715980022305,BENIGN
04/07/2017 09:10:21,12434,1038,4,0,638.1865159128354,48.04482204274254,2,0,0,102.64221482009202,13.124904921567898,PortScan
04/07/2017 09:10:23,2875,1137,4,1,450.3283190862626,43.1705932839367,1,0,0,26.994978426036386,37.22737946527518,PortScan
04/07/2017 09:10:24,22,436047,13,27,10659.71373900878,90.97506715368543,0,5,0,2047.3783274211964,486.34844295326644,BENIGN
04/07/2017 09:10:23,62240,1899,4,1,776.4840750865795,22.708763252354288,1,0,1,189.66813653582327,47.770649420697644,PortScan
04/07/2017 09:10:22,15046,1505,2,1,689.2130701173844,35.86547262862531,1,0,1,27.921205902117983,42.07295233496888,PortScan
04/07/2017 09:10:26,43775,835,1,0,221.0431571588448,27.91641468187036,2,0,1,126.05610473529748,9.165068143503497,PortScan
04/07/2017 09:10:24,65398,305,4,0,1254.8775048706054,27.53096773121477,2,0,0,73.60684359516927,5.230051181522968,PortScan
04/07/2017 09:10:23,8080,308016,19,30,10790.553464233848,105.83869496883003,1,3,0,2945.616822799526,2814.143983491705,BENIGN
04/07/2017 09:10:27,27861,1556,2,1,1015.5946930223928,44.87228345839844,1,0,0,95.07138411030299,27.01059788962961,PortScan
04/07/2017 09:10:25,20552,1639,3,1,1156.4288298300448,42.736425568192395,2,0,1,78.29280272409659,17.279041459738586,PortScan
04/07/2017 09:10:26,36681,1205,1,1,1021.7768006544676,36.71791075642789,2,0,0,110.7691155785586,15.896405596083717,PortScan
04/07/2017 09:10:27,47765,1662,2,1,242.5988937641366,11.676164977251169,1,0,0,131.40248208430438,6.025215263720969,PortScan
04/07/2017 09:10:28,60603,519,1,1,412.5136850703663,29.30184522978013,1,0,0,151.15903532030842,33.551716454268764,PortScan
04/07/2017 09:10:26,56075,419,4,0,1478.3688807877631,37.40481633706719,1,0,1,73.82506561820091,42.25151729979196,PortScan
04/07/2017 09:10:29,17012,255,3,1,841.2126829205579,27.77947281525835,1,0,1,19.411087682260103,22.35048702299469,PortScan
04/07/2017 09:10:29,8883,1356,2,1,1255.7294586426665,33.48736685121904,2,0,1,161.4365092108191,20.15109784834306,PortScan
04/07/2017 09:10:27,49853,1127,3,1,942.7009446360773,42.48977175250603,1,0,1,43.55284249641333,46.943510876560715,PortScan
04/07/2017 09:10:28,21928,339,3,1,681.2196200405193,43.46601969360044,1,0,1,82.11417184059309,24.188899719007615,PortScan
04/07/2017 09:10:29,55104,394,2,0,947.9385294300382,32.03247402896284,1,0,1,102.46264808796634,12.951939833671023,PortScan
04/07/2017 09:10:30,55247,749,1,0,752.7890725422266,28.75957381949715,1,0,1,26.244748829905895,33.46149969060109,PortScan
04/07/2017 09:10:28,53,466323,8,21,4562.889393010148,116.92353151471266,0,5,0,4977.69636826519,4501.069048009853,BENIGN
04/07/2017 09:10:31,37158,888,2,0,399.2307229369162,14.629168803052321,1,0,0,65.6792080718896,24.61392999966049,PortScan
04/07/2017 09:10:31,20996,1017,1,0,1160.441184017098,46.69924332598755,1,0,0,170.3490852908999,37.652176311711735,PortScan
04/07/2017 09:10:30,21,379543,15,11,5366.654357633683,80.54081460797143,1,6,0,4801.908827335698,1485.6546152016856,BENIGN
04/07/2017 09:10:30,29014,231,4,1,1168.1612563113515,48.75376786157068,2,0,1,52.61130791609098,38.292775528853895,PortScan
04/07/2017 09:10:32,31108,104,1,1,1065.7104517044763,39.33506810524493,2,0,0,79.52161913305841,10.75372526300116,PortScan
04/07/2017 09:10:32,41223,437,2,0,1344.6398623783084,17.189091955266072,2,0,0,100.31960600049857,13.7431229826088,PortScan
04/07/2017 09:10:33,25348,129,1,0,618.1921402243308,23.899071246098327,2,0,1,131.70404166133275,19.28383198137913,PortScan
04/07/2017 09:10:32,4418,1753,2,1,1030.0290581198,32.45946265709959,2,0,1,78.15486246039694,44.29297619451358,PortScan
04/07/2017 09:10:35,35705,1838,4,0,1305.6113945121417,34.715259195767345,1,0,0,107.28826585013846,14.714202188186198,PortScan
04/07/2017 09:10:35,26096,54,1,0,983.8653638311501,47.268787005347804,2,0,1,74.05328237592096,14.134202691694995,PortScan
04/07/2017 09:10:36,38673,692,4,0,485.8638890670319,36.70788375710659,2,0,1,49.1109667469676,24.509256605795215,PortScan
04/07/2017 09:10:36,59033,494,3,1,659.9003453555425,45.32412226002301,2,0,1,37.38604791135535,37.39402351356433,PortScan
04/07/2017 09:10:34,6045,1603,1,0,211.74440828505158,28.19398788856279,2,0,1,43.7564010683674,15.302005922521518,PortScan
04/07/2017 09:10:37,35994,1809,4,1,201.10801828775232,24.214968863107373,1,0,0,80.18753323674463,11.170532772953273,PortScan
04/07/2017 09:10:36,63557,1276,4,0,1304.397434426992,22.80264105977195,1,0,0,93.7914717933933,16.677421634170898,PortScan
04/07/2017 09:10:36,22,479147,11,32,26880.495462050734,96.873819611568,0,3,0,8554.822914660843,3975.120943228459,BENIGN
04/07/2017 09:10:36,3306,584785,24,21,29897.919704702723,86.12257565508645,0,7,0,4796.629568909506,4169.42834041907,BENIGN
04/07/2017 09:10:39,62510,930,1,1,482.51736203324236,31.751909422487916,1,0,1,33.244549740066546,45.733620252712775,PortScan
04/07/2017 09:10:38,443,323040,26,21,11581.275976957179,70.6447077471011,0,8,0,7292.677911151238,2118.0778517569925,BENIGN
04/07/2017 09:10:39,18681,348,4,1,560.1580138676218,20.04239245420196,1,0,1,193.1447314671545,36.35850500420395,PortScan
04/07/2017 09:10:40,61482,1287,1,0,1452.4940421280403,15.460670980923993,2,0,0,144.95997187792608,16.803965742010753,PortScan
04/07/2017 09:10:38,25,321451,16,35,27451.562503423116,18.310716572909193,1,5,0,5006.793505602307,2429.7319998587855,BENIGN
04/07/2017 09:10:40,25,270125,6,4,34308.36563950134,24.028519518437456,0,1,0,13224.710039703225,1087.4575720483208,BENIGN
04/07/2017 09:10:42,1980,1285,3,0,638.1654996167387,48.17161358259088,1,0,1,98.73768813723946,7.558589281944062,PortScan
04/07/2017 09:10:42,20992,952,1,0,642.0596498592001,24.68099726459242,2,0,0,80.0165225653244,24.97387809344911,PortScan
04/07/2017 09:10:43,8080,728706,35,9,32467.38627521569,10.277676317920783,1,3,0,14316.963320099376,3375.5104590519145,BENIGN
04/07/2017 09:10:42,52496,1689,2,0,1375.7605922335154,20.932387982009416,2,0,1,128.18805467603966,13.538542130817188,PortScan
04/07/2017 09:10:41,39539,628,3,1,916.2527539384312,40.41644842953975,1,0,1,156.15771220033673,38.405928674167846,PortScan
04/07/2017 09:10:43,34642,142,4,0,1455.1591658188615,22.64813012875949,2,0,1,157.49741128257088,32.57106036735733,PortScan
04/07/2017 09:10:41,1449,1763,1,1,997.6870862971462,46.2525005111289,1,0,0,114.57955141929912,46.52360224753702,PortScan
04/07/2017 09:10:43,37555,1713,3,0,998.0267446475773,22.39956402663912,2,0,0,130.99411372638298,20.090175225420275,PortScan
04/07/2017 09:10:43,55650,1158,2,0,364.376615251903,14.671700218563068,1,0,1,22.06880793528432,23.494746336498622,PortScan
04/07/2017 09:10:45,37992,1190,1,1,714.380334984008,42.33108980860839,2,0,0,104.22600782109458,45.0710761294668,PortScan
04/07/2017 09:10:43,28600,1253,4,1,1422.8357420208506,27.895997678396963,2,0,1,27.905316960354146,10.298951311303977,PortScan
04/07/2017 09:10:43,1538,1483,3,1,887.7465073494471,31.73807543899326,1,0,0,172.94957256859487,34.08604797988092,PortScan
04/07/2017 09:10:45,4632,1969,4,0,519.2497854599803,29.91697218350144,1,0,0,186.5547193120326,28.034964314609606,PortScan
04/07/2017 09:10:45,4424,911,2,0,267.7692250382238,44.91292695345952,2,0,1,75.22759558481003,11.201887945502342,PortScan
04/07/2017 09:10:48,58102,1472,1,0,1480.4965713332285,28.2433099686236,1,0,0,29.40343028294565,48.456553979534554,PortScan
04/07/2017 09:10:45,53524,1800,1,0,341.44679043978635,12.26009708978713,1,0,0,179.6448403772474,29.352042609294745,PortScan
04/07/2017 09:10:47,5966,341,2,1,117.09534349564355,17.813000226286366,2,0,1,182.70864511776156,46.35321544736668,PortScan
04/07/2017 09:10:48,5213,1057,2,1,1259.9317727455207,37.14852578676845,1,0,0,169.45666755309017,38.48004254255026,PortScan
04/07/2017 09:10:48,46973,686,3,1,140.98756311792528,21.7663769035253,1,0,1,59.68656400948394,12.228971561698833,PortScan
04/07/2017 09:10:47,3306,752255,9,34,10037.010505071614,45.5530320662085,1,5,0,2216.3630655268094,895.5760469718298,BENIGN
04/07/2017 09:10:50,25,422880,24,33,1084.6523864684373,42.33796258748539,1,9,0,1135.114004797128,3508.4348169136565,BENIGN
04/07/2017 09:10:48,8649,950,1,0,1360.475083912408,31.510768822946382,1,0,0,103.05598796704297,29.039645415792876,PortScan
04/07/2017 09:10:48,53,794927,27,14,14218.218492814733,94.94176185384848,0,9,0,12386.711216933707,129.7809852941228,BENIGN
04/07/2017 09:10:51,62138,1618,4,0,483.51059925226775,31.711599872484122,1,0,1,93.68411383631762,6.429936428707885,PortScan
04/07/2017 09:10:50,38021,1836,4,0,293.9799684615068,45.56350629608286,2,0,0,150.05106727166535,49.233638357278636,PortScan
04/07/2017 09:10:53,34958,1430,4,1,630.3081993592182,16.64103220404308,2,0,1,13.613126650642194,42.820865918481715,PortScan
04/07/2017 09:10:51,443,30588,39,4,12892.368634148417,53.3148739941803,1,7,0,10140.404895508962,3485.9865417168476,BENIGN
04/07/2017 09:10:50,15755,191,2,0,434.1934808908125,44.03797023770276,1,0,1,185.92643882971913,41.66938344847374,PortScan
04/07/2017 09:10:54,55694,535,2,1,636.3684659326314,27.406422084399686,2,0,1,45.486476572850115,34.7244308796733,PortScan
04/07/2017 09:10:52,39121,1181,3,1,873.6782466923162,17.961399492410088,1,0,1,154.43924968947653,6.32519383224753,PortScan
04/07/2017 09:10:54,56781,1182,3,0,1128.2661514939703,41.621576788441075,1,0,1,29.04425596664466,39.402345389064436,PortScan
04/07/2017 09:10:55,14935,1905,3,1,250.15783245759778,22.393681084177533,2,0,0,97.28868840788792,12.46916379427337,PortScan
04/07/2017 09:10:52,21432,81,3,1,334.7702794218625,16.11147687455135,1,0,0,136.79121971573642,42.76987434366654,PortScan
04/07/2017 09:10:56,63548,1687,4,0,1168.9198940816148,36.180313822009836,2,0,1,62.1770253508198,29.47336693014367,PortScan
04/07/2017 09:10:55,13871,1005,2,0,1409.8594131921827,45.110031370448176,2,0,0,181.30471997112502,36.2000952760155,PortScan
04/07/2017 09:10:53,53,664490,25,29,22006.42788724047,55.509174475965175,1,8,0,10207.370635997411,3894.820089692168,BENIGN
04/07/2017 09:10:56,51436,794,4,0,328.5694118719707,24.554088345786003,2,0,1,37.185631597906905,19.491144674277127,PortScan
04/07/2017 09:10:54,35139,911,4,0,451.0418862860875,12.541659064111471,2,0,0,158.2685298456064,25.464740046745035,PortScan
04/07/2017 09:10:56,6412,75,3,0,142.80960480899336,43.312954609664835,2,0,1,142.03820868450217,26.467143316764634,PortScan
04/07/2017 09:10:57,21,744193,3,35,32007.324496140016,70.260973697539,1,8,0,773.8853136738511,4970.463040760545,BENIGN
04/07/2017 09:10:59,9193,369,4,1,871.7752929502076,27.667347640674244,1,0,0,58.769253124013936,44.01307763352223,PortScan
04/07/2017 09:10:57,21,666987,39,26,22547.837063671344,47.66502908441761,0,1,0,2005.737395628603,2740.3205291551617,BENIGN
04/07/2017 09:10:59,21883,530,3,0,335.34522640228,16.060174548671075,1,0,0,18.113436549101195,9.21717199788344,PortScan
04/07/2017 09:10:58,39239,1417,3,1,759.973041315885,47.014471105667326,2,0,0,129.28874250965512,31.68234331443085,PortScan
04/07/2017 09:11:00,32870,1686,1,0,892.2856481788898,49.55320678159791,2,0,0,190.5836266972265,9.172452858972619,PortScan
04/07/2017 09:10:58,25,397748,35,5,13179.375964731082,114.60312294689147,1,10,0,9606.24870700455,2774.8348714247804,BENIGN
04/07/2017 09:10:59,41779,1626,3,0,176.43095919470235,19.00229703978114,1,0,0,56.619148595051385,6.031900984906372,PortScan
04/07/2017 09:11:00,443,143494,39,4,14409.55328738934,21.34810069464682,1,6,0,6881.507910717364,4460.655445168148,BENIGN
04/07/2017 09:11:02,18620,1336,3,1,705.8409781008236,13.484839583205472,1,0,1,176.21131696693504,32.253679438023156,PortScan
04/07/2017 09:11:02,64922,1866,3,1,509.53256170572286,47.28618587953185,2,0,0,178.4227663834075,26.84596913247535,PortScan
04/07/2017 09:11:00,13012,264,1,1,967.1253230087015,47.40546224043108,1,0,1,102.98267637295831,18.5644392055549,PortScan
04/07/2017 09:11:02,7681,406,1,0,1138.5583534717784,24.52892813654252,1,0,0,144.47633180913508,9.005320221139488,PortScan
04/07/2017 09:11:01,3899,89,2,0,512.1010792889613,43.27770782239978,2,0,1,28.06906827806476,10.023403995224541,PortScan
04/07/2017 09:11:02,49635,1136,2,0,1147.2802456527213,20.42315703131174,1,0,0,69.40381610340292,46.357021711186874,PortScan
04/07/2017 09:11:04,21561,1535,4,0,321.78807109736266,43.482956417838096,2,0,0,93.07011353058051,46.8186775443074,PortScan
04/07/2017 09:11:04,80,73971,11,14,17217.430823423518,15.985492811320311,0,4,0,14228.854376458494,1957.0944493224788,BENIGN
04/07/2017 09:11:04,18523,1901,3,0,663.3987807159968,39.1013885236705,2,0,0,49.994756662593325,41.71909849558843,PortScan
04/07/2017 09:11:05,28107,1692,2,0,1091.1880960936178,43.23327405514836,1,0,0,106.78484299582652,45.35623053021435,PortScan
04/07/2017 09:11:05,10085,1231,1,0,671.0834484835895,13.972289923797923,2,0,0,136.9585888861536,16.054034921345234,PortScan
04/07/2017 09:11:03,6265,1399,2,0,1287.835524969823,23.0326445080383,1,0,1,113.43529485328136,46.01890541970978,PortScan
04/07/2017 09:11:07,54570,309,3,0,1076.0790680160526,43.65565811990857,1,0,0,94.34177568706443,8.419603398452525,PortScan
04/07/2017 09:11:06,1747,92,2,0,540.0543829694363,32.99971461173318,2,0,1,118.87226502547205,6.233959857133016,PortScan
04/07/2017 09:11:08,53000,965,2,0,656.7902787027887,21.791977816851226,2,0,1,52.34202349307408,13.821988864474255,PortScan
04/07/2017 09:11:06,443,410848,28,20,18649.22900847839,52.172811996291074,1,3,0,960.4297298885874,2772.3216783053986,BENIGN
04/07/2017 09:11:09,63973,758,1,0,488.66815861493933,46.23393752109533,2,0,1,112.1301966538995,30.635707811074408,PortScan
04/07/2017 09:11:09,3306,776647,19,18,28714.46124438967,51.284311731061926,0,4,0,5842.754331950592,3499.973718606515,BENIGN
04/07/2017 09:11:08,18318,488,3,0,1221.5385355594528,42.01961533114169,1,0,0,22.497140168062128,10.128351029939077,PortScan
04/07/2017 09:11:09,6376,188,1,0,376.10110349889254,16.932851751286503,2,0,0,83.13785822801286,5.675354355871382,PortScan
04/07/2017 09:11:10,20956,1998,3,1,1023.8145100698301,34.8986203037348,2,0,1,121.91352356904424,22.71369683690726,PortScan
04/07/2017 09:11:09,21,630952,38,18,27896.099187968124,19.46414194444514,1,9,0,14069.665616933049,3447.8980555358276,BENIGN
04/07/2017 09:11:10,24797,767,2,1,843.5584495314249,24.256730696125693,1,0,1,167.3173042814743,39.652518982654776,PortScan
04/07/2017 09:11:11,33210,316,4,0,1215.7928812435996,12.919381376212566,1,0,0,79.86572904785012,8.662202379982622,PortScan
04/07/2017 09:11:09,37653,1085,4,1,965.7610267438381,11.468186935829934,1,0,1,36.339113738762876,23.35475768307275,PortScan
04/07/2017 09:11:12,58713,693,3,0,757.8423869996728,13.098696067538395,1,0,1,152.97634555216197,19.69930187857025,PortScan
04/07/2017 09:11:11,9300,1493,1,1,916.3946794800639,43.275805011841314,1,0,1,35.17974631832416,8.614411049203355,PortScan
04/07/2017 09:11:12,14013,1361,2,1,662.7929174480993,12.687955053343938,1,0,1,133.81253766584246,37.92423527588907,PortScan
04/07/2017 09:11:11,8080,488627,13,33,34416.30689484485,35.38727240146918,1,8,0,8760.12068713106,1215.4911656752322,BENIGN
04/07/2017 09:11:11,5572,1534,2,0,1157.19421889375,14.653647729711547,1,0,0,146.5401934045284,27.94515631420139,PortScan
04/07/2017 09:11:15,2344,431,3,0,621.0057822480987,31.653434266207668,1,0,0,181.48649673573107,33.429552484884496,PortScan
04/07/2017 09:11:12,8189,1145,2,1,942.0743746082746,15.605663959645014,2,0,1,196.47612080310435,29.921031452040367,PortScan
04/07/2017 09:11:14,443,770608,9,2,24682.333236130406,78.35423722036123,1,1,0,5573.913049134159,530.5988169712148,BENIGN
04/07/2017 09:11:16,29342,599,1,1,152.57349998061585,15.353060248027735,1,0,1,37.89419231795759,27.978945371422334,PortScan
04/07/2017 09:11:15,33141,739,3,0,876.9077908911065,11.851686461632491,2,0,1,198.66094558862812,35.868818707508794,PortScan
04/07/2017 09:11:16,42170,855,1,0,822.7233655340931,37.050574269743166,2,0,0,12.37194122444199,7.051452281006529,PortScan
04/07/2017 09:11:15,59873,1003,2,1,477.47962553076775,18.363747934246287,1,0,1,50.38032261246717,32.291250432119256,PortScan
04/07/2017 09:11:14,46851,1912,4,1,357.14549137802214,34.379575810790115,2,0,0,17.905723386498465,49.05032408038435,PortScan
04/07/2017 09:11:16,55040,1146,4,1,1120.303065997187,46.36434418983935,2,0,0,169.73076112762286,36.99673672588705,PortScan
04/07/2017 09:11:17,51320,632,1,1,446.6351464077543,40.7895600045814,1,0,1,14.383610019275693,15.610890407995338,PortScan
04/07/2017 09:11:16,21,740677,10,27,1154.0390703139356,43.542735519041535,0,6,0,12477.719002002197,1218.1986412195645,BENIGN
04/07/2017 09:11:17,31905,1980,4,1,409.6070021426172,47.338961569919576,2,0,0,161.47431635017233,13.298865522866718,PortScan
04/07/2017 09:11:19,47786,1716,4,0,1410.0642277049758,38.930795724692835,1,0,0,56.90967479429629,37.737045332215935,PortScan
04/07/2017 09:11:19,17239,1475,2,0,505.0164961625145,44.83532631670735,2,0,1,136.05646959930732,13.662002886460437,PortScan
04/07/2017 09:11:18,18246,1670,4,0,1139.03510050561,17.948774622822295,1,0,1,196.05619677425136,17.026667972715742,PortScan
04/07/2017 09:11:18,22310,895,4,1,1490.7170935816096,36.33691148339245,2,0,1,113.97917946709855,42.089215850121434,PortScan
04/07/2017 09:11:20,23270,1082,3,0,441.4653734469052,20.179645569764794,1,0,1,132.68004301326698,21.870205101673957,PortScan
04/07/2017 09:11:19,61956,1973,2,1,1205.999143439908,22.74836174047916,2,0,0,183.9745707797374,13.222183835514748,PortScan
04/07/2017 09:11:21,8080,163882,40,2,8856.12074014437,47.02355072740895,1,3,0,3682.742944524943,1488.8771849050486,BENIGN
04/07/2017 09:11:22,40220,376,4,0,816.1850743414046,19.749578018732066,1,0,1,52.00659374642792,43.47461426747228,PortScan
04/07/2017 09:11:21,26274,1500,4,1,721.5642569283343,48.43527616006011,1,0,1,129.4041692465861,49.230001386285686,PortScan
04/07/2017 09:11:21,3053,1368,2,0,1399.1594189236728,32.70652204764326,1,0,1,104.08458820241526,20.58838578621797,PortScan
04/07/2017 09:11:23,52278,1354,1,0,466.075524491569,19.466893634743336,1,0,1,122.08116843919426,37.87343238069523,PortScan
04/07/2017 09:11:21,80,437894,5,8,29501.85012486146,119.94034391688749,0,8,0,4670.318051373426,3368.8392978282764,BENIGN
04/07/2017 09:11:24,34841,1396,2,0,1180.4226039533826,48.433800890408875,1,0,1,71.22225625889473,34.50319371649005,PortScan
04/07/2017 09:11:25,59756,1060,4,0,1037.6075218044866,30.13248008624283,1,0,0,148.700852469519,15.119410830771567,PortScan
04/07/2017 09:11:25,57997,493,1,0,1431.8581294596524,46.3946673773953,2,0,0,94.80380525799653,42.08533602416311,PortScan
04/07/2017 09:11:24,37158,1607,2,0,483.36079527655954,30.740150397224774,1,0,0,30.428354294145837,7.208408060723363,PortScan
04/07/2017 09:11:23,54449,1829,1,0,741.091275857607,30.757101488858062,1,0,1,66.6143435427509,20.997620890051955,PortScan
04/07/2017 09:11:25,40142,409,2,1,432.23679802437164,10.763110956687584,2,0,0,108.64482188599814,33.454178509469195,PortScan
04/07/2017 09:11:27,51466,1715,2,1,223.66074721161374,40.11330889758037,2,0,0,126.09784278761255,40.3390856023506,PortScan
04/07/2017 09:11:27,20352,1575,3,1,300.3688932181002,37.02422013994726,2,0,0,25.331352835253668,30.938373876807464,PortScan
04/07/2017 09:11:25,64172,562,4,0,130.52928460647132,25.59503356420389,2,0,1,33.465755042263716,11.715457779792155,PortScan
04/07/2017 09:11:26,38984,1770,1,0,1199.9598836580767,22.244784994984453,2,0,1,37.60145577754466,42.19792866127834,PortScan
04/07/2017 09:11:28,64205,1992,3,0,691.3497033645579,42.10723726726844,1,0,0,63.05727795711268,31.32510436356572,PortScan
04/07/2017 09:11:26,59760,845,2,0,855.9683169646719,12.3501789233541,1,0,1,160.6202293531133,38.738623732802566,PortScan
04/07/2017 09:11:26,28137,117,2,1,270.53425578456427,33.79841763498099,1,0,1,92.67845472260338,8.827614908990288,PortScan
04/07/2017 09:11:30,13018,903,2,0,406.3813895764929,31.43011890766814,2,0,0,33.05061742803356,21.097247036998223,PortScan
04/07/2017 09:11:30,63336,428,3,1,1460.936421981299,18.789738521370435,1,0,0,85.92212754773402,22.683566127999832,PortScan
04/07/2017 09:11:29,27213,433,4,0,525.8798661809867,36.499383354435864,2,0,1,110.8826904594668,20.73424614692214,PortScan
04/07/2017 09:11:29,1895,1420,1,1,604.4152753373437,14.64341198087389,1,0,1,115.45601339154594,40.3074800520879,PortScan
04/07/2017 09:11:30,26426,1570,3,0,498.73732017609314,10.571445233219574,1,0,0,11.679697560859124,37.99825514493228,PortScan
04/07/2017 09:11:31,80,401910,8,26,30915.069477175603,77.27681111365679,1,3,0,3606.6380024985697,2828.6796530210195,BENIGN
04/07/2017 09:11:32,50093,962,2,0,269.95812295611256,25.313084788786504,2,0,1,95.48049571771904,29.774300624458554,PortScan
04/07/2017 09:11:32,1524,1653,2,0,521.400938655798,27.56799443473478,2,0,0,186.32819226595723,8.86043961927139,PortScan
04/07/2017 09:11:30,11873,1887,1,0,746.3028252625505,49.771851122795645,1,0,1,101.74011905405513,21.023551690157383,PortScan
04/07/2017 09:11:31,4521,1872,2,0,502.97668458677344,49.05133041537593,1,0,1,168.23753616242104,42.537467015243564,PortScan
04/07/2017 09:11:35,22,571883,9,25,1184.9199727647383,12.798150610329538,0,9,0,14239.860851154232,3818.2774710037183,BENIGN
04/07/2017 09:11:35,57991,1095,4,0,159.11080433768348,23.322718224206305,2,0,1,113.23061728462477,47.479956777507184,PortScan
04/07/2017 09:11:32,47568,1035,4,0,893.9301568305352,38.24108547016516,1,0,0,114.7396313616104,38.98361889827847,PortScan
04/07/2017 09:11:33,33654,175,3,1,828.705999299356,23.979301541906374,1,0,1,68.65805322187947,16.809757797522366,PortScan
04/07/2017 09:11:33,41316,334,4,1,136.0548212450414,12.767240317527548,2,0,1,127.15495539301159,6.78802892846713,PortScan
04/07/2017 09:11:36,10713,879,2,1,232.53127896671484,10.044753016339595,1,0,0,57.98860640764431,48.20898744236114,PortScan
04/07/2017 09:11:36,13853,1880,4,0,911.9094620785063,10.598640957456439,1,0,0,72.31207886157326,46.74218022383556,PortScan
04/07/2017 09:11:38,58884,1183,3,1,839.3030694690411,44.88227144281161,1,0,1,141.95778532084069,19.658333762894564,PortScan
04/07/2017 09:11:35,23775,1420,1,1,465.96543452821385,17.02286916867523,2,0,0,49.933938944877646,35.10140406164697,PortScan
04/07/2017 09:11:35,38186,1956,1,1,1185.7708599569555,16.994087007308,1,0,1,96.59996021833689,42.09609135504707,PortScan
04/07/2017 09:11:38,42673,881,3,1,1114.9128179719344,12.007524892954189,1,0,1,84.88739701750524,27.703557774289074,PortScan
04/07/2017 09:11:39,13717,1890,2,1,1134.0670256447443,12.275130293866546,1,0,0,113.38251852394067,48.9097478500976,PortScan
04/07/2017 09:11:37,57363,378,3,0,509.57314522341085,41.60246443881183,2,0,1,101.02600519021371,49.79667013554231,PortScan
04/07/2017 09:11:40,21,270890,34,4,11889.110589789414,52.14391037631553,1,1,0,9292.913941819936,2493.9277174507592,BENIGN
04/07/2017 09:11:40,80,155789,3,9,15214.39562054991,97.65868299199605,1,2,0,14094.223637067282,3038.127534848266,BENIGN
04/07/2017 09:11:37,22,335646,8,9,12442.317017439185,61.1061202357172,0,2,0,6445.5962735420635,2188.881627539278,BENIGN
04/07/2017 09:11:41,22,69159,9,19,28611.790111324506,8.27184027027554,0,9,0,3305.303314956455,2622.0623256741374,BENIGN
04/07/2017 09:11:42,3306,269384,12,10,32176.788659227183,56.57072225316288,1,2,0,11253.559831074695,1203.7522894283868,BENIGN
04/07/2017 09:11:41,21,795839,8,13,18208.57037954677,20.09991568918685,1,2,0,7309.728211783709,923.7403008022002,BENIGN
04/07/2017 09:11:39,51577,748,4,1,1409.747909254682,26.35449967522937,2,0,0,169.99048513221155,16.07511242978925,PortScan
04/07/2017 09:11:43,8080,240785,5,32,1950.114541093426,37.94890556949764,0,6,0,8062.362239059061,4424.681718105286,BENIGN
04/07/2017 09:11:42,445,231586,39,23,33805.57243598937,61.726512000568455,0,2,0,9634.513995210049,4322.66462003018,BENIGN
04/07/2017 09:11:42,53,761821,13,19,12428.210701651795,73.66835294534933,0,2,0,10861.968071226513,3913.0469144623403,BENIGN
04/07/2017 09:11:42,3306,774812,40,10,28323.703651303138,33.47294466523327,0,7,0,12945.622131480803,1015.9271703043887,BENIGN
04/07/2017 09:11:42,3306,266296,6,28,19561.67796399618,77.14290715699337,0,9,0,9338.558652787504,4369.189595207103,BENIGN
04/07/2017 09:11:43,443,47834,8,15,26255.0851032457,105.12766779318574,1,2,0,4881.8699098734405,4206.090529609301,BENIGN
04/07/2017 09:11:44,80,253166,37,4,10867.153292182333,72.45998799129633,0,5,0,1526.926189542196,3755.000563856104,BENIGN
04/07/2017 09:11:43,443,356847,5,12,8690.886192941574,23.778701315832546,0,8,0,5080.142220042941,4175.894148621221,BENIGN
04/07/2017 09:11:43,25,335322,37,10,33093.5481483195,104.66518005040884,1,3,0,1110.9450426200517,1983.5623800851454,BENIGN
04/07/2017 09:11:45,8080,766550,30,20,23112.89327567178,23.622137206912523,0,7,0,2434.7372374865345,1660.864363671379,BENIGN
04/07/2017 09:11:47,445,461473,24,11,23909.89867528921,94.4883958859558,1,5,0,14983.085511876943,2193.35159793046,BENIGN
04/07/2017 09:11:44,3306,144382,26,32,26409.065598059147,116.5868503219599,1,5,0,14456.9441706757,4947.262549847723,BENIGN
04/07/2017 09:11:45,3306,160216,23,30,5521.710520796934,82.721508207692,1,3,0,11544.120682817242,2792.108361881947,BENIGN
04/07/2017 09:11:46,80,325898,13,31,512.1180061385014,105.5553721508806,1,1,0,7330.5103854832405,3889.1790980542414,BENIGN
04/07/2017 09:11:48,445,770256,30,31,26913.352709414616,28.80968661452193,1,9,0,13603.088498098079,694.6391526979478,BENIGN
04/07/2017 09:11:47,53,669560,16,2,5387.63050283291,97.32322266751169,1,6,0,7742.407893660332,3450.5292277388976,BENIGN
04/07/2017 09:11:46,22,10639,37,18,7578.452803320043,10.97252571359155,0,3,0,2691.506803869264,3405.157403190848,BENIGN
04/07/2017 09:11:49,21,422557,32,14,22983.074530742615,84.6467813745306,0,2,0,10853.38329276908,3378.321852805445,BENIGN
04/07/2017 09:11:50,21,145261,8,31,27280.35283631999,110.65902456408817,0,10,0,1521.9687743815966,1925.7682157095282,BENIGN
04/07/2017 09:11:49,25,747015,30,29,16304.55472279187,91.55879796951359,1,1,0,755.1299894040773,2593.1732860631278,BENIGN
04/07/2017 09:11:51,25,316328,10,29,30649.67550679084,79.3100147194575,1,3,0,13331.924961311512,1130.0758659046435,BENIGN
04/07/2017 09:11:51,22,211670,6,31,18802.20573874391,118.08951164142297,0,9,0,12372.065658346299,3124.2161933047605,BENIGN
04/07/2017 09:11:52,445,493172,29,20,32116.818726027985,20.685147909535274,0,2,0,2804.119264531058,3074.275086008093,BENIGN
04/07/2017 09:11:52,445,582529,31,10,22315.606011699,108.04835258923107,1,6,0,9942.014631422528,1773.145343803048,BENIGN
04/07/2017 09:11:52,53,175617,37,20,20256.695501078142,41.37594010550354,0,1,0,10032.929377493014,4619.910771995345,BENIGN
04/07/2017 09:11:51,80,665958,40,24,34577.93814774064,39.448630320268954,1,10,0,14525.544194616477,4461.736429644589,BENIGN
04/07/2017 09:11:54,53,782889,38,2,19555.83740378575,16.027238794447072,0,5,0,14006.413517793266,4749.255047784722,BENIGN
04/07/2017 09:11:53,443,452220,6,31,32618.445765883556,6.218715721195711,1,5,0,1452.9207435921035,1623.1824635680898,BENIGN
04/07/2017 09:11:54,53,323706,22,16,34708.237163923885,12.284519293761793,1,8,0,4772.312385807446,1954.312105200849,BENIGN
04/07/2017 09:11:53,80,609076,3,8,9716.949835492944,70.49759501270073,0,4,0,11995.780108486957,3891.99686263466,BENIGN
04/07/2017 09:11:52,21,125096,36,10,13727.537726382121,63.8752582538905,1,10,0,14487.31845367422,3592.658346740646,BENIGN
04/07/2017 09:11:56,3306,503273,26,13,7496.817926418097,59.01287576796106,0,2,0,4649.898279951202,1812.1838590816812,BENIGN
04/07/2017 09:11:54,3306,285076,25,30,32785.093713040325,45.16029258685926,0,8,0,7785.8689356008135,4969.913372315035,BENIGN
04/07/2017 09:11:55,443,67916,14,5,32447.740353424815,92.03666636413534,0,1,0,13331.381510428082,2452.218216049593,BENIGN
04/07/2017 09:11:57,8080,291144,3,23,17530.729287856728,106.06281763886099,0,6,0,9523.131416967792,4651.180850583283,BENIGN
04/07/2017 09:11:58,22,182161,14,21,9265.526332556177,55.29844773466762,0,4,0,11584.592348693386,4719.50895879395,BENIGN
04/07/2017 09:11:55,445,640495,24,16,22810.642903972384,27.98840705534469,0,4,0,3972.7534043280853,241.86580608402096,BENIGN
04/07/2017 09:11:56,53,45006,6,2,20671.498683868413,105.58597154402966,0,3,0,1963.355514145447,3084.3623808493353,BENIGN
04/07/2017 09:11:57,25,262682,37,4,9226.923351693962,59.95243870494559,0,10,0,2698.934308149728,4187.027211792121,BENIGN
04/07/2017 09:11:59,8080,567975,26,8,21728.475451553706,35.42816198102413,0,2,0,4877.117279710762,839.1512603140224,BENIGN
04/07/2017 09:11:58,3306,426784,12,16,21475.291984783402,103.26599687004392,0,6,0,12258.101651678438,2519.8862299033185,BENIGN
04/07/2017 09:12:00,445,467725,19,4,2938.7952560028752,90.11334874623013,1,1,0,14291.081001580838,4280.161371826564,BENIGN
04/07/2017 09:12:00,8080,572286,32,34,31973.039458813793,113.62617499122996,1,5,0,12291.48624536757,3561.100733708793,BENIGN
04/07/2017 09:11:58,53,598768,7,30,34448.69961637034,11.820807210558021,0,7,0,7057.6181069819895,220.03933390819634,BENIGN
04/07/2017 09:11:59,25,228054,10,8,14591.636969830994,67.11546311083956,1,5,0,8880.395771671137,3675.626312406492,BENIGN
04/07/2017 09:12:02,21,300325,6,33,15078.794124095439,80.37668094211071,0,5,0,3793.9050096406154,949.6970545098781,BENIGN
04/07/2017 09:11:59,80,437495,3,14,26017.9584596972,10.311873843640917,0,6,0,4503.883476596439,141.45574518878982,BENIGN
04/07/2017 09:12:02,445,295586,29,14,5404.805529843888,94.09344926723419,1,9,0,14227.83206957742,3162.9116816221854,BENIGN
04/07/2017 09:12:03,3306,271215,36,29,13106.904644266915,44.1036679171483,0,6,0,541.676239107642,4105.275967176603,BENIGN
04/07/2017 09:12:03,3306,459800,21,29,30265.304359700516,109.2650923512021,0,7,0,8268.112487440849,485.1245576413733,BENIGN
04/07/2017 09:12:00,8080,614704,24,3,20844.29438107128,41.79546235502234,1,5,0,8770.547815434044,569.7660039754591,BENIGN
04/07/2017 09:12:01,53,367248,19,24,19351.767364123654,9.382335661986763,1,1,0,5871.080638369522,4719.455767171598,BENIGN
04/07/2017 09:12:02,8080,643972,33,15,13478.1169447753,8.857915033108544,1,2,0,5292.008030482416,3150.3879741305473,BENIGN
04/07/2017 09:12:03,445,326411,3,10,22520.96650977375,108.70005072875783,1,5,0,10133.043737838154,2326.0838443618977,BENIGN
04/07/2017 09:12:03,445,450123,29,14,8030.711595634106,59.98525683100504,0,10,0,10842.42910068932,3869.98038688417,BENIGN
04/07/2017 09:12:06,445,444324,11,7,32741.711736982918,95.2737854889109,0,5,0,2418.0668027762986,160.91131380309662,BENIGN
04/07/2017 09:12:04,445,467397,19,22,29075.03799495912,95.04356664490608,0,1,0,13980.472673835433,2753.3039921878317,BENIGN
04/07/2017 09:12:06,443,585702,29,7,20261.8028334316,7.314427367347722,1,10,0,14642.516109135619,505.2788743419178,BENIGN
04/07/2017 09:12:05,3306,200402,39,26,5424.454273373937,99.18618560643924,0,6,0,9090.786688692748,1012.0835806586327,BENIGN
04/07/2017 09:12:08,445,74525,20,12,15991.897527215071,103.20757971413305,1,2,0,4603.7621103478305,3753.801747964074,BENIGN
04/07/2017 09:12:06,3306,337572,22,34,1842.2869930452723,113.89889957374348,1,8,0,10025.858554656676,314.91736825512425,BENIGN
04/07/2017 09:12:08,21,791473,29,31,27110.178845581904,70.26226728479125,1,6,0,14615.579777889801,1251.8615848366876,BENIGN
04/07/2017 09:12:08,22,33254,34,7,18307.641771515016,61.53092036855828,1,6,0,663.7523913370084,1217.8683237936527,BENIGN
04/07/2017 09:12:09,21,319548,6,9,16095.784353860365,42.342411102153946,1,7,0,12895.986304746157,3462.712041428541,BENIGN
04/07/2017 09:12:08,53,259561,36,33,7622.084512391112,118.96471874506784,1,7,0,10213.860976440074,2972.6447601353966,BENIGN
04/07/2017 09:12:10,445,217962,26,19,25209.863523134547,66.58304050610789,0,5,0,5947.534586847263,4790.64867926819,BENIGN
04/07/2017 09:12:10,80,30349,25,10,20409.6465742,17.397930461846066,0,1,0,5119.481036943024,3547.1533799071867,BENIGN
04/07/2017 09:12:08,3306,766510,5,9,30558.381094445256,28.615066336319895,1,4,0,7148.7924532426005,2963.7527043751174,BENIGN
04/07/2017 09:12:11,80,446477,37,16,14330.19593822261,9.324927866973397,0,2,0,8313.327738764323,2443.886595750198,BENIGN
04/07/2017 09:12:12,80,257870,24,5,32159.623494504038,17.893924601077035,0,9,0,536.2573680536985,428.215449381604,BENIGN
04/07/2017 09:12:10,22,229256,17,8,34087.25395771692,11.142769968020783,0,1,0,8038.254249100396,4218.94300281165,BENIGN
04/07/2017 09:12:12,443,595074,29,7,28500.40861022435,35.32675777153916,0,4,0,14615.602067098505,776.1297281463568,BENIGN
04/07/2017 09:12:13,445,792038,40,33,16894.809583647864,18.480366818835876,0,7,0,7789.067545189557,4106.304248607634,BENIGN
04/07/2017 09:12:12,53,349328,13,32,34927.80345386357,38.39472524739195,1,9,0,10106.913556720083,4711.6039252143855,BENIGN
04/07/2017 09:12:11,443,94849,31,8,28187.993658230498,100.02504067005769,1,9,0,13367.676674970671,1946.4562959193554,BENIGN
04/07/2017 09:12:14,22,217727,14,27,29914.49857294585,32.97189524909129,1,4,0,8528.2202990611,4193.636742110302,BENIGN
04/07/2017 09:12:15,443,779150,8,26,4742.28696393164,19.24762925191078,1,4,0,11122.427940445445,584.3130849718497,BENIGN
04/07/2017 09:12:14,53,661946,27,11,14426.24603870788,119.66949772260374,1,2,0,7281.332003782586,2969.429209689076,BENIGN
04/07/2017 09:12:15,445,691725,9,27,2337.5639790622326,58.23676318562957,0,4,0,14811.501805736809,1275.8022436422948,BENIGN
04/07/2017 09:12:15,445,433497,18,16,30288.714739169114,100.10549630570856,1,7,0,4896.314202895417,183.63875418423913,BENIGN
04/07/2017 09:12:14,22,361218,20,3,23578.89152703211,102.79482185031765,0,7,0,11829.724489591676,391.8404502124326,BENIGN
04/07/2017 09:12:16,3306,651636,3,34,22629.687683507436,30.56705249943981,0,1,0,1559.6594234728711,4126.241528002568,BENIGN
04/07/2017 09:12:17,21,437837,37,18,13699.05888784474,89.86560042578091,0,8,0,13208.1748884146,1115.245340044246,BENIGN
04/07/2017 09:12:18,3306,196897,23,17,27535.941444511376,67.32037127720481,1,8,0,12129.126846130996,3060.9910982316724,BENIGN
04/07/2017 09:12:17,53,185755,3,31,980.3934362894882,5.175016924448885,1,4,0,2248.2103399624193,1204.5399014327106,BENIGN
04/07/2017 09:12:17,3306,531666,31,29,21852.980968962303,34.56634187066374,1,10,0,9500.380148375529,331.40910256241085,BENIGN
04/07/2017 09:12:16,80,286225,23,23,3335.7267406459787,34.7066834279431,1,10,0,4969.555350661543,1038.629920433505,BENIGN
04/07/2017 09:12:18,445,147087,17,4,19236.390691853496,114.37342401351341,0,5,0,816.9870907581969,1895.3494286096325,BENIGN
04/07/2017 09:12:20,53,775359,18,7,13194.168139623845,115.97761023894789,0,1,0,733.6502604107959,2639.4111384796183,BENIGN
04/07/2017 09:12:20,443,104129,37,32,33678.71790924726,79.1868431902898,0,10,0,819.1690113892715,4712.057219388192,BENIGN
04/07/2017 09:12:19,22,344487,34,2,33244.834086209594,35.668045897896846,1,9,0,8127.787730675411,4479.483095163719,BENIGN
04/07/2017 09:12:18,80,797589,10,17,23184.460850481675,103.79532303397103,1,6,0,9901.314487304564,1678.2658164664415,BENIGN
04/07/2017 09:12:22,22,763302,38,5,30990.94245698927,110.16161419402772,1,10,0,7397.4543551269635,4315.053821848794,BENIGN
04/07/2017 09:12:22,80,147841,28,18,1476.923794358626,6.352268506616152,1,2,0,8499.915707063712,4995.292011528934,BENIGN
04/07/2017 09:12:21,443,576674,17,9,17892.27323483671,72.52060005846465,0,6,0,9441.1795618638,4801.217724587498,BENIGN
04/07/2017 09:12:20,80,331964,23,27,5079.411248211535,99.31915272375326,0,6,0,3129.6066446642462,3531.2706541952684,BENIGN
04/07/2017 09:12:23,8080,480311,29,27,626.6541293899645,110.28321550220952,1,7,0,9964.499778474254,3363.7573131861996,BENIGN
04/07/2017 09:12:22,21,220372,31,22,9863.311727245213,88.54309495921133,1,8,0,4840.23266540267,2058.5011934085387,BENIGN
04/07/2017 09:12:22,21,632987,9,12,4631.971201145005,102.74234796868745,1,8,0,6153.003070726418,4819.552970790441,BENIGN
04/07/2017 09:12:22,8080,203774,8,24,3402.05338052004,113.45673601518948,0,8,0,5165.431297372921,2883.907808434909,BENIGN
04/07/2017 09:12:22,443,660065,11,11,6637.990497065362,44.26392921940037,0,3,0,6439.770477794842,3558.874429317238,BENIGN
04/07/2017 09:12:24,21,515040,14,7,10488.606420985625,81.70459081539974,0,8,0,5055.483922741768,4821.220686540556,BENIGN
04/07/2017 09:12:26,445,319575,6,28,4835.334630769222,16.07880847928682,1,3,0,13038.219828985842,1856.680202938674,BENIGN
04/07/2017 09:12:23,3306,98563,35,16,3287.8575303844104,65.95043286086619,1,1,0,1335.9623549812522,1859.4061321272825,BENIGN
04/07/2017 09:12:24,25,103456,22,22,14095.009073935491,115.51766717039021,0,7,0,12253.099312009817,3689.0758031211412,BENIGN
04/07/2017 09:12:27,8080,557892,25,32,16401.306252312686,10.756315249811099,0,6,0,5425.032223243619,4745.314994794526,BENIGN
04/07/2017 09:12:27,25,594280,15,11,27504.110197605176,30.226120392613193,1,7,0,14512.639472256562,1894.7219623520184,BENIGN
04/07/2017 09:12:26,21,363554,15,4,7001.222850690172,37.354588418949334,0,8,0,10247.145109338677,2544.662894580147,BENIGN
04/07/2017 09:12:26,53,196793,28,10,13700.51845986907,100.70134037561164,1,3,0,661.5928818382245,2044.9376011183167,BENIGN
04/07/2017 09:12:29,443,167601,19,27,19190.249524899187,31.153101990550457,1,4,0,8499.256982654591,4774.704637544014,BENIGN
04/07/2017 09:12:27,80,776035,16,13,4829.760355831524,98.10497131969193,0,9,0,7381.922404023834,3400.7804987948753,BENIGN
04/07/2017 09:12:29,21,302009,27,17,22499.99646983444,47.43934759628947,1,7,0,4886.359896836614,559.8981122793863,BENIGN
04/07/2017 09:12:26,21,384978,30,12,7754.721206921535,113.23238384261674,1,4,0,8816.049153782773,1203.9041485193752,BENIGN
04/07/2017 09:12:27,53,661646,28,11,29959.160053666554,81.36945838505663,1,1,0,1218.9850657073985,249.79063328662602,BENIGN
04/07/2017 09:12:29,3306,363492,5,29,33896.30614495362,116.050215108298,1,8,0,10919.360072069001,3163.585048997208,BENIGN
04/07/2017 09:12:31,3306,472138,26,11,31281.74396559468,45.76116396274801,0,3,0,9214.958973912047,2115.275156091425,BENIGN
04/07/2017 09:12:29,3306,407240,33,33,9191.010264457138,26.34315843838437,0,7,0,10952.976839157918,2531.0485857581425,BENIGN
04/07/2017 09:12:31,21,326542,33,35,17201.67935655245,92.96712142904633,0,7,0,10518.556208043947,3847.3424005845995,BENIGN
04/07/2017 09:12:32,53,359020,23,20,658.5834050468208,51.308067158444935,1,8,0,542.6513017778911,2861.0025534364113,BENIGN
04/07/2017 09:12:32,25,199511,14,12,18493.705513273333,36.504294879016285,1,7,0,4194.467392922123,4534.883444047834,BENIGN
04/07/2017 09:12:32,80,460195,30,18,16751.78971259739,103.639217960978,0,3,0,11055.136549695295,3691.3890949127594,BENIGN
04/07/2017 09:12:32,53,430087,14,34,22182.447018159164,97.5669737358752,1,6,0,1004.3455825246854,4295.7667840143695,BENIGN
04/07/2017 09:12:34,53,364877,34,14,25179.93111955112,41.15173570693359,0,3,0,2925.2137853254967,798.1044619485873,BENIGN
04/07/2017 09:12:33,3306,594224,14,13,3202.4281390974625,84.93200244756943,0,4,0,4080.5051232448004,4318.687465016362,BENIGN
04/07/2017 09:12:35,25,214929,37,16,21850.5453567001,93.7850185979258,1,8,0,3414.4577358341585,133.55500591566877,BENIGN
04/07/2017 09:12:33,8080,605621,39,31,1769.66248186862,7.379665784899975,0,6,0,8483.688437770357,3815.679064017455,BENIGN
04/07/2017 09:12:33,21,553249,37,35,29611.54872207837,111.77443439932847,0,3,0,8769.66063276664,2249.2645226598424,BENIGN
04/07/2017 09:12:34,21,56045,12,3,19121.317015136152,113.10665069775357,1,1,0,10037.493319726673,2704.370369620943,BENIGN
04/07/2017 09:12:37,8080,415588,9,13,8139.081937255264,33.58584157274359,0,8,0,1849.6882211755594,3800.3818961094844,BENIGN
04/07/2017 09:12:37,53,348429,6,22,4528.387843013745,116.09326017701606,1,1,0,14303.505192085331,2640.6047477929064,BENIGN
04/07/2017 09:12:35,25,621516,24,17,24207.49154277112,91.5788698042948,0,3,0,12721.106766945592,4431.557777315869,BENIGN
04/07/2017 09:12:34,8080,532901,32,19,30202.298666239793,92.42467355435465,1,9,0,11609.589466206146,1691.5824128034164,BENIGN
04/07/2017 09:12:36,80,384387,31,15,19850.254015492443,114.41224685275786,1,6,0,11426.806088182406,2936.758885958102,BENIGN
04/07/2017 09:12:39,3306,54351,8,10,17952.20512919433,63.55601537247354,1,6,0,10925.639490316158,523.1194678093646,BENIGN
04/07/2017 09:12:37,445,427598,18,3,20862.9200540077,15.848789589778995,1,6,0,7047.101698203724,761.3372643691704,BENIGN
04/07/2017 09:12:36,53,650970,15,8,12859.636922465459,84.38797183857046,0,3,0,5337.618905136976,4326.864367420689,BENIGN
04/07/2017 09:12:37,25,360985,38,10,15965.103427073085,40.51918953854515,1,5,0,6308.437146700766,577.8968755531776,BENIGN
04/07/2017 09:12:39,53,621597,15,27,25772.442152454867,20.024377342597486,0,5,0,11644.760150299697,498.30993147473396,BENIGN
04/07/2017 09:12:40,8080,632414,6,15,22340.461133607678,5.364472880827476,1,8,0,11080.694645806501,3903.5550897587973,BENIGN
04/07/2017 09:12:39,25,212041,11,29,9707.082550713296,44.8918145398753,1,8,0,3585.962935656107,2261.1295547820087,BENIGN
04/07/2017 09:12:42,25,718290,36,21,29222.35596711684,114.49265459950468,0,7,0,9598.24804304475,269.64943776198436,BENIGN
04/07/2017 09:12:42,8080,211145,21,22,15781.094489237266,68.60683305197753,0,9,0,4550.563095114264,3687.2777429586713,BENIGN
04/07/2017 09:12:40,3306,430362,19,26,29972.036286426865,10.196002450897215,1,4,0,14638.011828694845,3401.2958776080814,BENIGN
04/07/2017 09:12:41,443,148601,32,27,21615.659845306924,47.470075909991955,0,1,0,601.6448468002409,4454.994875578786,BENIGN
04/07/2017 09:12:41,445,91501,30,9,24993.145791446896,61.49968776760287,0,7,0,2137.5784704846137,387.3126475392246,BENIGN
04/07/2017 09:12:43,21,408876,39,31,13871.631556674532,45.27798546787056,1,1,0,4892.180369557316,4427.961753393483,BENIGN
04/07/2017 09:12:43,25,99133,26,26,3107.104094390688,38.863316172031354,0,9,0,4792.295639586767,2014.2983348087575,BENIGN
04/07/2017 09:12:43,53,765854,14,13,29478.900968314174,90.56367491799278,0,5,0,13353.082614309416,4481.9970999481675,BENIGN
04/07/2017 09:12:44,8080,613323,22,27,8359.365152532708,102.73458382250546,0,5,0,4295.8151810407435,1186.962948270419,BENIGN
04/07/2017 09:12:44,443,628992,12,30,13814.398018283122,45.470596689542354,1,1,0,1004.2353417525903,3436.1293847698107,BENIGN
04/07/2017 09:12:45,21,179690,24,31,7828.99494287211,96.5207943559127,0,2,0,10343.316874319918,1227.8805127683493,BENIGN
04/07/2017 09:12:45,25,543802,23,13,18737.163500164486,69.06963063479513,0,2,0,4205.811575231304,266.4214572602192,BENIGN
04/07/2017 09:12:45,445,294478,29,35,11478.343233510677,13.727236778392374,1,2,0,11636.482444091052,2685.6327498146443,BENIGN
04/07/2017 09:12:47,22,692747,5,16,31669.59398093342,80.28343537321032,0,3,0,8179.996602071997,643.3708850656352,BENIGN
04/07/2017 09:12:45,22,619187,8,17,33757.777328823075,100.38376159447529,1,8,0,11853.773280971658,4544.323243406694,BENIGN
04/07/2017 09:12:48,3306,260028,37,9,18207.564244360765,67.57880183988854,0,8,0,11836.15731653592,4180.021154936768,BENIGN
04/07/2017 09:12:47,25,486092,25,4,12260.32202653121,12.029637726476434,1,5,0,6877.895121129008,4572.681543619826,BENIGN
04/07/2017 09:12:47,25,392808,35,24,30261.686891072462,23.245585113063694,1,10,0,1523.118756550312,3054.1656419127253,BENIGN
04/07/2017 09:12:48,445,449206,29,3,29022.88107632212,50.04703018070059,0,8,0,12977.507606652356,1035.1767255571258,BENIGN
04/07/2017 09:12:49,22,381262,17,6,24945.026416607652,41.14318608070584,1,3,0,14243.499902716769,3627.94231064233,BENIGN
04/07/2017 09:12:48,8080,229033,24,32,12785.383200781505,16.694132872075244,0,5,0,1083.8125083507591,4474.63720224251,BENIGN
04/07/2017 09:12:50,445,134646,24,35,13698.159740413697,35.82692006362224,1,7,0,12694.390435550617,4930.345528359755,BENIGN
04/07/2017 09:12:51,25,263502,21,4,10472.248869251676,91.30774867246839,1,8,0,11940.186871059064,2255.9689278286123,BENIGN
04/07/2017 09:12:49,3306,242882,23,11,18089.91287064046,44.605119629251,0,7,0,5127.678741797001,1405.0037233940711,BENIGN
04/07/2017 09:12:52,445,525149,28,27,30634.966897394967,41.63570271896709,0,9,0,7888.321765777958,405.18467932862427,BENIGN
04/07/2017 09:12:49,21,123270,19,27,17703.80124639066,10.870314721151288,0,2,0,3739.29109612323,3026.7398866856624,BENIGN
04/07/2017 09:12:52,3306,303848,28,6,13543.994964480673,49.15437826724358,0,2,0,2238.8089952188357,815.830843916395,BENIGN
04/07/2017 09:12:52,22,442783,31,6,23123.958820265278,74.3744756350442,0,6,0,8678.322055496079,3291.3992496856836,BENIGN
04/07/2017 09:12:52,80,227975,8,29,33574.76938484187,27.884270507358387,1,10,0,10134.69423684958,1523.254679946066,BENIGN
04/07/2017 09:12:52,22,58151,18,16,11328.28804309842,48.34237325070046,1,2,0,10299.824905384094,953.9971358262592,BENIGN
04/07/2017 09:12:54,22,570089,13,24,33026.26956146475,99.90518098570473,0,3,0,9813.856835413753,3229.9518182948327,BENIGN
04/07/2017 09:12:52,80,196259,37,10,27526.719766938786,98.16160943782592,1,6,0,9193.38609694329,2513.9452302163118,BENIGN
04/07/2017 09:12:52,22,661841,29,11,12489.731377712676,113.7176362088235,1,5,0,12312.746782569857,1643.7489757472667,BENIGN
04/07/2017 09:12:52,22,655600,23,3,2591.019604099897,18.864408035220002,0,6,0,12485.37363635259,215.02649209218083,BENIGN
04/07/2017 09:12:54,53,485669,14,35,33543.468346248774,104.8465356702914,0,4,0,12886.605058729969,1340.4613488420825,BENIGN
04/07/2017 09:12:54,445,310951,21,8,29755.924235261213,102.26139854970216,0,2,0,14143.135227469058,969.9273743969733,BENIGN
04/07/2017 09:12:57,3306,109575,9,23,20810.454343137502,13.506598608005522,1,8,0,13559.176209784058,4937.6749499702155,BENIGN
04/07/2017 09:12:56,80,128797,33,11,8030.803487131878,76.93433092925152,0,4,0,11408.984363105563,891.4738836080847,BENIGN
04/07/2017 09:12:57,3306,68788,40,12,27576.393170086674,40.6453294042631,0,5,0,8522.983894926976,3994.6278974354695,BENIGN
04/07/2017 09:12:55,25,60743,30,24,14128.979239324135,26.810391368496507,0,4,0,1587.4424490550764,393.70999435066204,BENIGN
04/07/2017 09:12:58,80,781653,31,11,18531.466331055082,110.41692490753006,1,3,0,4865.731702236938,2123.109423279632,BENIGN
04/07/2017 09:12:57,443,125960,28,10,21618.847711416136,107.47455631452445,1,1,0,14580.750274865726,1649.6783600298731,BENIGN
04/07/2017 09:12:57,53,235976,26,26,3053.9802505953166,104.70155806622031,0,4,0,5154.398284548797,1111.0968427346666,BENIGN
04/07/2017 09:12:58,21,504088,27,30,19804.86720437567,105.07914816659871,0,3,0,11967.173580757224,205.76347004610327,BENIGN
04/07/2017 09:13:00,445,622103,15,29,2053.48420684165,24.926520244909643,1,9,0,7611.56816575159,2043.084805719471,BENIGN
04/07/2017 09:12:57,25,529335,8,18,13174.421222375515,93.6449502873618,1,7,0,7761.311999808339,2637.189095406577,BENIGN
04/07/2017 09:13:01,8080,120765,38,34,15190.366325085333,67.33533634082522,0,4,0,14339.907950763692,2102.210216388086,BENIGN
04/07/2017 09:13:01,21,694307,37,3,27739.258603865008,22.46218554574988,1,2,0,5691.766606875759,2009.190271513457,BENIGN
04/07/2017 09:13:01,443,485678,13,20,34151.954999389665,68.82478578263249,1,9,0,14125.238892402429,3658.1666154098984,BENIGN
04/07/2017 09:13:02,445,670557,34,32,27199.01491418708,115.55631705068916,0,10,0,7249.69886643129,1710.4119657869453,BENIGN
04/07/2017 09:13:00,21,350439,35,17,23553.65774970079,74.31860755619908,0,2,0,4651.934411975703,2171.8790497392533,BENIGN
04/07/2017 09:13:01,3306,588021,26,20,12545.401098891956,27.920413188918182,1,7,0,2181.447606500961,1040.907716290375,BENIGN
04/07/2017 09:13:02,80,588125,8,18,4292.929327875754,49.27597333609305,1,1,0,8705.703867757575,2814.5163345351084,BENIGN
04/07/2017 09:13:02,445,13548,5,8,28334.4231433866,58.57142174322352,1,5,0,8296.71437407501,211.5621157246827,BENIGN
04/07/2017 09:13:02,22,676837,16,18,26978.280398568942,49.300448250727506,0,10,0,12621.832021522432,1338.7446635243184,BENIGN
04/07/2017 09:13:04,445,579324,24,28,26251.20082950644,116.27624362898281,0,6,0,4054.147312952611,149.02079775797546,BENIGN
04/07/2017 09:13:04,80,598606,37,20,16628.244186402662,106.10534237501659,1,8,0,14361.838056802375,1764.2404317007936,BENIGN
04/07/2017 09:13:02,21,603689,29,9,14976.502937358026,23.032716201987263,0,4,0,11658.051649981664,1793.6476988577942,BENIGN
04/07/2017 09:13:03,3306,712586,16,21,26558.27369733641,116.62200043401133,0,6,0,3921.6459319388127,3994.8059025709294,BENIGN
04/07/2017 09:13:04,3306,155455,24,8,13386.168848408213,11.574228515341504,0,6,0,5218.276208009599,3342.129981338277,BENIGN
04/07/2017 09:13:05,8080,192014,8,2,14750.606837534766,62.710587877045505,0,7,0,7520.984938575258,3499.4241690173913,BENIGN
04/07/2017 09:13:05,25,484488,33,14,21551.73750795005,70.24701221817766,1,5,0,6345.07203483425,3078.128851856222,BENIGN
04/07/2017 09:13:06,3306,153871,6,16,4791.770753566487,44.01069253382009,1,10,0,14488.950946763583,4351.339889756708,BENIGN
04/07/2017 09:13:05,80,167183,33,14,24653.347513417433,5.532013696681059,1,8,0,4523.0909211644275,2967.514567436646,BENIGN
04/07/2017 09:13:08,22,601873,20,16,17681.251283577614,21.907180686021288,1,10,0,2479.8549129924177,1955.9862558573202,BENIGN
04/07/2017 09:13:09,3306,7265,11,5,5418.692796094983,64.9293932708099,0,3,0,14557.09260409582,1694.0666890619416,BENIGN
04/07/2017 09:13:08,25,258407,28,26,1004.2761081718734,26.41191290143386,0,6,0,6904.420582582903,3825.1332126249167,BENIGN
04/07/2017 09:13:07,80,186992,9,12,13928.656648325472,74.75561952652122,0,3,0,2168.260309315532,1826.71409054538,BENIGN
04/07/2017 09:13:07,21,52602,28,29,10569.89145617604,6.454986766017861,0,7,0,7615.534929676442,4153.0254896247825,BENIGN
04/07/2017 09:13:10,443,83117,9,21,32242.78429151568,115.40762450307227,1,2,0,6022.544234964734,2463.6498362168886,BENIGN
04/07/2017 09:13:11,8080,162545,28,34,34538.57469760889,92.68622795221027,1,7,0,8489.073681104725,779.5373780228599,BENIGN
04/07/2017 09:13:11,445,389292,15,16,27473.74374782271,26.8422873467121,0,4,0,11552.357564265409,4125.645747111723,BENIGN
04/07/2017 09:13:09,3306,450874,7,16,21661.58707274293,55.99163099597611,0,2,0,13967.899388317996,3450.007149583607,BENIGN
04/07/2017 09:13:11,445,731821,40,35,27467.706829815088,55.21447385543185,1,3,0,12969.944405535196,400.0735402547423,BENIGN
04/07/2017 09:13:10,22,115941,7,19,25526.364602613223,72.53381909195906,0,10,0,4191.584582405244,1912.248706223294,BENIGN
04/07/2017 09:13:12,21,208269,6,33,32817.38471859244,27.134566186104564,1,3,0,13521.169198570771,1616.7425508849046,BENIGN
04/07/2017 09:13:12,22,732496,37,30,33296.347501703836,62.6506708583366,0,7,0,11169.554832043112,4202.379564720188,BENIGN
04/07/2017 09:13:14,22,395362,29,18,19190.548541101452,92.54530134244224,1,2,0,4878.087194132263,3288.084342605487,BENIGN
04/07/2017 09:13:14,22,153844,21,8,32972.91952151194,66.50378729181381,1,9,0,9492.059753941221,2419.372400476348,BENIGN
04/07/2017 09:13:11,80,435575,17,5,29561.696548836622,15.315991561989208,1,1,0,6171.306179792887,3268.9776677706386,BENIGN
04/07/2017 09:13:15,443,379785,23,30,5986.43125415179,45.50567859309545,0,5,0,6282.301319552028,2391.8328190866464,BENIGN
04/07/2017 09:13:15,8080,692348,26,8,15993.73481032857,92.3601024865059,1,5,0,13007.186039974618,4475.533144773899,BENIGN
04/07/2017 09:13:12,80,705430,9,30,7324.184215752107,97.0108541916603,0,6,0,5598.41628985168,3181.6015932824757,BENIGN
04/07/2017 09:13:15,25,509468,8,21,21668.96512102781,99.61645337417227,1,5,0,6659.163131354476,4193.459470818725,BENIGN
04/07/2017 09:13:17,53,476359,4,7,14425.289934839133,53.79224524793827,0,3,0,6604.028952163231,972.7180805408893,BENIGN
04/07/2017 09:13:16,8080,459463,4,13,17720.37074088093,39.82039228783924,1,1,0,9734.862226808491,803.5681237164814,BENIGN
04/07/2017 09:13:16,443,674768,32,30,30011.907479126086,62.52964205984522,1,10,0,7003.402348034429,1009.7974657873077,BENIGN
04/07/2017 09:13:17,21,138518,35,22,9262.54176298791,27.33791569866844,1,10,0,5661.436419932092,1537.9053272456513,BENIGN
04/07/2017 09:13:19,80,624815,15,3,27507.164883850564,117.9234904316411,0,3,0,12393.523659062133,1988.6528684243133,BENIGN
04/07/2017 09:13:16,443,626506,40,22,23195.791595518356,18.276930645303022,0,8,0,4819.701328366528,1405.5299681719514,BENIGN
04/07/2017 09:13:16,8080,451947,6,8,23016.76450810041,57.095130046227666,1,6,0,1257.9008916531234,4888.456820503172,BENIGN
04/07/2017 09:13:18,80,78283,21,3,25217.37294830749,15.879037030348709,1,8,0,14262.494686636233,3653.791707464672,BENIGN
04/07/2017 09:13:20,3306,703712,17,4,28495.302927474924,9.930648487942747,0,5,0,14050.33681923023,3476.1329826759516,BENIGN
04/07/2017 09:13:18,22,193395,5,35,5217.7776073680325,73.48373834123734,0,10,0,14690.534365302688,1070.353468731339,BENIGN
04/07/2017 09:13:21,445,635331,25,28,12338.383880754212,57.69673031235483,1,5,0,14307.520919006634,1532.0145571803453,BENIGN
04/07/2017 09:13:21,22,299723,12,31,13470.278966910788,64.90811043284732,1,8,0,9532.038894738798,4416.041784948961,BENIGN
04/07/2017 09:13:22,8080,363953,34,33,17513.316636251166,74.74141766991661,1,9,0,12460.752520103733,398.2539494632865,BENIGN
04/07/2017 09:13:22,80,201523,39,4,22442.452376239216,45.67847867597751,0,3,0,1766.5585621809014,4171.709455901688,BENIGN
04/07/2017 09:13:23,80,230275,13,22,30584.197640544655,37.772151746974316,1,1,0,14637.192426263764,4848.638135467143,BENIGN
04/07/2017 09:13:22,21,688952,5,17,9570.677486303637,116.60649640855021,0,4,0,13155.491044092298,4277.413022346758,BENIGN
04/07/2017 09:13:23,80,381790,26,25,30094.319192026484,49.48911507089668,0,6,0,6450.579589973535,1964.0796820077442,BENIGN
04/07/2017 09:13:21,445,707468,7,7,6045.140015459146,5.4366003173046575,0,10,0,1728.2110546098802,4452.725307492098,BENIGN
04/07/2017 09:13:24,25,609670,32,13,33329.758485260885,31.845059388583042,0,7,0,11982.28643001617,1780.8091799635708,BENIGN
04/07/2017 09:13:22,3306,283939,22,31,17556.088874954854,101.14681593614975,0,7,0,7565.6764579431065,1284.1214898417702,BENIGN
04/07/2017 09:13:23,25,207126,30,26,16465.013454556967,9.038063259054752,0,4,0,3140.512661557517,3307.0376525719357,BENIGN
04/07/2017 09:13:26,3306,139564,8,7,4701.59257171169,17.07187780186767,0,8,0,11064.310613005653,1270.2338445292696,BENIGN
04/07/2017 09:13:26,80,155695,21,20,6594.821006000599,62.02975835680956,0,9,0,13673.107691511199,1839.2353474231757,BENIGN
04/07/2017 09:13:25,53,645026,25,16,9689.558271563845,63.07455993809904,0,7,0,2475.148956900048,1320.6625370236177,BENIGN
04/07/2017 09:13:27,22,698694,34,4,33531.47312434783,10.268984860661956,1,4,0,13311.80278326385,3910.577663968049,BENIGN
04/07/2017 09:13:25,3306,19848,15,21,17619.485897740775,59.61632561902369,0,7,0,11454.329092358052,582.4345085945904,BENIGN
04/07/2017 09:13:28,3306,649396,18,33,26880.21413066509,49.89275801797006,1,2,0,6824.833399411952,2083.529922984777,BENIGN
04/07/2017 09:13:27,80,113100,5,22,15498.983862368252,92.29568099246653,1,5,0,12096.590686465865,429.7401477238592,BENIGN
04/07/2017 09:13:28,21,166485,19,35,27992.26761433328,11.695386010978961,0,7,0,11217.890403708188,1431.7023813074375,BENIGN
04/07/2017 09:13:27,22,32799,16,27,23661.66118031647,19.923976469217095,0,1,0,11915.576363854652,549.2062424250355,BENIGN
04/07/2017 09:13:30,53,573611,6,32,33550.71063200845,57.92277095445987,1,6,0,13749.147534130589,2404.0422429822756,BENIGN
04/07/2017 09:13:30,25,527322,31,3,807.4053501958315,29.719111443375205,1,7,0,12048.771857895472,756.7125327887123,BENIGN
04/07/2017 09:13:29,80,368618,9,11,12558.751985906136,7.076344481012775,1,1,0,10218.108479082413,1880.0533353459193,BENIGN
04/07/2017 09:13:28,8080,726861,25,35,4427.454013572489,9.249270417079849,1,9,0,3445.031874553459,1916.087021824731,BENIGN
04/07/2017 09:13:31,21,34638,31,20,3739.55636124894,9.62885345670387,1,1,0,11077.569294043276,1587.8320241457945,BENIGN
04/07/2017 09:13:32,8080,155891,20,25,28310.72086967317,52.18561459350698,1,3,0,4286.8772333236775,1634.0125708664552,BENIGN
04/07/2017 09:13:29,445,687777,33,29,26058.884922141307,114.74435234404233,1,2,0,1074.4543489498485,4290.9454659435205,BENIGN
04/07/2017 09:13:30,445,320731,18,11,34479.17473639031,115.67104413570055,0,4,0,693.4975690398387,2471.6960781557787,BENIGN
04/07/2017 09:13:32,25,689942,34,34,2519.5814765363966,45.43842399068659,0,5,0,4426.157435030886,2690.7262446085947,BENIGN
04/07/2017 09:13:33,443,212614,4,34,32411.114848905007,61.66972790174364,0,7,0,1917.1086209436382,1950.6477253405226,BENIGN
04/07/2017 09:13:33,22,537642,32,33,11279.201369061979,34.53105161595954,1,4,0,7893.45778467215,3028.6719031461366,BENIGN
04/07/2017 09:13:32,53,325108,23,29,20357.910309649276,103.67568749667824,1,9,0,13439.738423660663,3367.1529980799614,BENIGN
04/07/2017 09:13:31,80,9370,17,26,2774.5552885696356,9.805994090445552,0,6,0,6910.10574957596,3616.0481708750317,BENIGN
04/07/2017 09:13:32,3306,263079,14,33,9761.233651633718,89.47663200241146,1,5,0,10849.904623831857,1709.164443284459,BENIGN
04/07/2017 09:13:34,21,720074,13,28,24226.753140228207,62.757104013700214,0,6,0,9108.375321544223,3503.6154932767568,BENIGN
04/07/2017 09:13:35,80,322495,8,14,10118.947849477043,56.90565629646286,0,1,0,11625.093658265972,4656.72131900748,BENIGN
04/07/2017 09:13:34,443,679721,31,8,11174.482645894019,5.378343959357174,1,1,0,12876.884923292799,3134.4217155143438,BENIGN
04/07/2017 09:13:36,53,287946,10,5,33760.706133399806,66.57683926823988,0,2,0,7807.593727743333,3083.07555575516,BENIGN
04/07/2017 09:13:36,25,175058,23,27,24535.85262402021,68.87143490368551,0,1,0,14613.652185678337,1141.7745532710749,BENIGN
04/07/2017 09:13:37,53,648648,35,19,16730.239355324287,14.163191123022328,0,6,0,6108.159544405065,2447.2989626570757,BENIGN
04/07/2017 09:13:37,445,211076,28,30,22209.70340940943,107.25092424043483,1,6,0,7121.682254342155,1152.2950978215738,BENIGN
04/07/2017 09:13:35,445,302577,17,2,22881.54781674,73.76871968920327,0,1,0,13257.364260045355,2442.812939238933,BENIGN
04/07/2017 09:13:38,53,290852,20,2,6023.945250351832,78.06853318427991,0,7,0,4283.69998388813,958.8612913214428,BENIGN
04/07/2017 09:13:38,3306,762193,17,34,6882.371219677577,47.43985399334117,1,7,0,7834.510114821697,2316.311780789415,BENIGN
04/07/2017 09:13:39,445,19281,31,9,5604.686214475861,18.26091890304125,0,3,0,8843.88733329776,4600.914365759712,BENIGN
04/07/2017 09:13:37,25,255678,26,3,9911.113231930532,6.172222271922765,0,3,0,6534.8226273336895,2711.7238499068394,BENIGN
04/07/2017 09:13:39,80,314909,40,9,20228.373622331794,33.622327635733484,0,2,0,8979.916710782105,1438.1740299834403,BENIGN
04/07/2017 09:13:41,443,174468,18,8,28641.101376641756,72.88957135373927,1,3,0,9130.650554487102,2226.3173747956616,BENIGN
04/07/2017 09:13:38,25,713125,19,24,8552.417467687355,57.49957312184233,0,2,0,3472.7410539022,1701.2030703913074,BENIGN
04/07/2017 09:13:39,53,636609,15,31,21427.569130166456,112.95807402012156,0,2,0,12316.710031982893,2976.850412353107,BENIGN
04/07/2017 09:13:41,8080,416353,11,28,33627.02682298083,13.52219802246712,1,2,0,14515.313386516933,828.738623701159,BENIGN
04/07/2017 09:13:41,80,276552,20,20,15686.658368422306,29.137250378441987,1,3,0,8978.689068094392,3391.3802621603613,BENIGN
04/07/2017 09:13:43,25,139907,31,17,13031.276997208153,85.84007159168422,0,6,0,10197.460214979608,1648.8624660634644,BENIGN
04/07/2017 09:13:43,25,722467,38,34,9232.868108039116,88.4766568521562,1,2,0,1926.7683294237606,4471.4334539918755,BENIGN
04/07/2017 09:13:41,443,33887,14,17,6952.824730672002,76.49858285705592,0,1,0,10260.559402538016,4121.357784360302,BENIGN
04/07/2017 09:13:42,53,2892,3,31,15226.203862875944,56.14462986762493,1,6,0,11812.660429883115,2870.0454575537733,BENIGN
04/07/2017 09:13:44,21,112004,24,24,2315.69714652693,25.30254378061838,1,3,0,11690.595398399213,560.385270290392,BENIGN
04/07/2017 09:13:45,445,256966,3,21,23399.432483975423,11.59973099632758,0,4,0,13134.85995749002,2313.3730919716118,BENIGN
04/07/2017 09:13:43,21,402926,8,3,8855.395550728499,38.288224260872305,0,10,0,3001.3015677050257,2204.8227469006856,BENIGN
04/07/2017 09:13:43,21,123769,25,27,14918.352558266288,113.46188779781234,0,3,0,13237.841153241709,2734.3537492827486,BENIGN
04/07/2017 09:13:43,8080,85202,3,8,11541.287596762588,93.53723923395887,0,4,0,11191.909220582362,767.8477345848648,BENIGN
04/07/2017 09:13:45,443,668993,7,31,3045.3580504623733,29.708960756245748,0,6,0,11306.32400642108,4719.25391121821,BENIGN
04/07/2017 09:13:44,8080,182095,5,21,28646.10382801726,85.03380440464919,0,7,0,10132.710685362286,171.0824839344194,BENIGN
04/07/2017 09:13:46,445,502854,27,24,12304.526081042635,118.44185888567831,1,1,0,4976.4641073451385,2028.5857528357121,BENIGN
04/07/2017 09:13:46,3306,322381,23,27,1297.3102052909112,92.75150821037414,1,9,0,6102.810401110766,2329.0279192108446,BENIGN
04/07/2017 09:13:47,80,614792,29,22,10931.601442929792,113.4476402903973,0,9,0,1210.436665753154,951.276662683437,BENIGN
04/07/2017 09:13:46,53,753300,4,18,32094.28636310626,15.115301483656951,1,3,0,14442.797799590166,602.4885150829073,BENIGN
04/07/2017 09:13:47,3306,621978,6,25,22603.065193994844,94.75725181032647,0,2,0,9038.748139284371,4252.563419341268,BENIGN
04/07/2017 09:13:48,21,723175,17,30,7956.487915232678,78.2640767814192,0,1,0,10623.007216581585,4816.82913274359,BENIGN
04/07/2017 09:13:50,80,25567,35,16,26751.787498707836,12.963441422647499,0,10,0,6915.5342820428095,3173.585515658246,BENIGN
04/07/2017 09:13:50,53,757133,3,17,25828.079027933778,9.994414364378088,0,1,0,14899.642949944318,3406.9099328565776,BENIGN
04/07/2017 09:13:50,80,301330,18,35,6628.295509490212,33.62042019349217,0,10,0,2355.574510233613,4960.765307303842,BENIGN
04/07/2017 09:13:51,8080,534983,10,4,27477.871594343407,75.20269632309082,1,8,0,1617.8688358868962,1202.5008359384408,BENIGN
04/07/2017 09:13:51,25,545803,16,25,27653.6847689077,53.41534866999616,0,9,0,5152.39998163806,1761.9448047508276,BENIGN
04/07/2017 09:13:50,21,412784,16,35,16120.093966059994,6.476469067727384,1,10,0,3705.596118959012,2913.758857808379,BENIGN
04/07/2017 09:13:49,443,637669,13,11,7670.330697579013,60.953361046252375,0,6,0,1540.8956597309204,3229.088032438615,BENIGN
04/07/2017 09:13:50,25,706852,21,27,17392.460193200906,84.19911142791543,1,8,0,11811.14336918482,3604.443794331404,BENIGN
04/07/2017 09:13:53,8080,457527,33,3,12032.031969851854,64.03305999189953,1,8,0,939.9539342182367,3458.59243703285,BENIGN
04/07/2017 09:13:51,22,286218,36,25,25195.999184338685,62.81909814124484,1,6,0,14749.701202781835,2962.8347341605945,BENIGN
04/07/2017 09:13:53,445,405308,6,7,10468.466997892643,87.93174084592734,0,4,0,4032.2632262711777,4847.398392993596,BENIGN
04/07/2017 09:13:53,21,537712,36,32,2588.239530576671,16.800024974155505,1,2,0,6725.906084706294,4994.4547667370725,BENIGN
04/07/2017 09:13:54,3306,212595,21,18,33080.789845179504,52.002621138604866,1,8,0,6940.557348653724,4813.174318338298,BENIGN
04/07/2017 09:13:55,80,167862,6,15,13721.66534197643,11.005591036228658,1,3,0,3843.2299410279,2828.949099912494,BENIGN
04/07/2017 09:13:55,3306,177078,32,8,12087.58365811645,109.16808247541938,0,5,0,10909.681610421017,2277.695510711814,BENIGN
04/07/2017 09:13:55,22,133896,19,9,17373.644800187994,100.71007151655884,0,8,0,9086.89720219899,1324.1809202172947,BENIGN
04/07/2017 09:13:55,443,469650,27,12,17943.225612805236,21.480534803260806,0,2,0,4549.418842861214,1632.921390851473,BENIGN
04/07/2017 09:13:55,443,533943,30,5,14777.309827420593,83.76349070009567,0,9,0,8590.068769615782,346.4064689654182,BENIGN
04/07/2017 09:13:55,21,22592,25,21,1130.6489911422555,97.79047415807342,0,5,0,14155.952967375988,4245.917005147701,BENIGN
04/07/2017 09:13:57,53,157523,20,11,9270.287895276626,18.63430060629308,0,9,0,10033.385278789954,1619.8961031956806,BENIGN
04/07/2017 09:13:55,21,230684,37,26,17692.358766431025,10.216406394660915,1,10,0,929.8193905647709,1007.3882375923954,BENIGN
04/07/2017 09:13:57,3306,265206,10,14,17761.565767801658,103.95802964104273,1,10,0,3803.7117669045097,1944.6563316649695,BENIGN
04/07/2017 09:13:58,3306,406627,30,4,20121.00015072256,68.01267079100015,0,7,0,2180.4431576567467,349.6971971231075,BENIGN
04/07/2017 09:13:57,21,109699,18,32,20857.124027856462,31.08420915396515,1,7,0,10002.1957615432,2945.9977053604307,BENIGN
04/07/2017 09:14:00,80,796419,27,19,4354.373628292937,111.96316454877785,1,8,0,8273.533176076242,1959.3148483169118,BENIGN
04/07/2017 09:13:57,443,222447,22,10,26942.00777698502,88.81081334091553,1,8,0,7691.977300225942,1811.2215543430227,BENIGN
04/07/2017 09:13:59,53,443817,33,25,29990.045118122598,59.40390970618971,0,4,0,4984.371315787214,3663.5909527595277,BENIGN
04/07/2017 09:14:00,8080,86251,28,28,14777.82777301662,10.609310191293547,1,10,0,13319.515420992971,2811.384493427523,BENIGN
04/07/2017 09:14:00,3306,721333,40,35,19771.38934200804,45.6435728296358,1,7,0,13478.293182951893,4926.14761611932,BENIGN
04/07/2017 09:14:02,80,507198,39,31,13366.793656695394,50.798156089116894,0,5,0,6643.361166060424,1691.9614542257204,BENIGN
04/07/2017 09:14:02,25,716215,17,2,22501.14865290362,38.13872973204624,0,8,0,8368.812829205954,1839.56012872067,BENIGN
04/07/2017 09:14:00,25,158656,35,17,11773.092154923497,48.59679615425969,0,6,0,8348.997896990903,2422.10029640664,BENIGN
04/07/2017 09:14:02,8080,752320,37,26,26907.764854345878,114.97053676207767,1,4,0,13947.356670935667,2351.419216922175,BENIGN
04/07/2017 09:14:02,445,46834,24,32,33386.69899999423,101.83904057825401,0,7,0,10832.623339847947,2272.2174662557595,BENIGN
04/07/2017 09:14:04,8080,743869,24,26,6472.818600930726,79.19594676213029,0,5,0,10700.395248373929,2558.3299079421395,BENIGN
04/07/2017 09:14:04,3306,798887,20,26,21474.048056133353,15.813788674554058,1,6,0,7596.902335594588,3474.84500204174,BENIGN
04/07/2017 09:14:05,25,399339,15,31,13127.257200598408,34.255879797244916,0,2,0,4881.692658739589,2978.7178479869094,BENIGN
04/07/2017 09:14:04,25,110285,5,22,19488.840492760006,86.8520498811377,0,9,0,5478.120360724792,4545.395812723445,BENIGN
04/07/2017 09:14:03,25,217797,29,3,4899.061963540071,65.23621837751193,0,6,0,10831.493022659735,1369.2601909613434,BENIGN
04/07/2017 09:14:06,53,377430,30,19,26083.44698848631,43.68610537788546,1,1,0,1222.783061098407,1805.483116894437,BENIGN
04/07/2017 09:14:04,443,314559,37,26,22030.312680167233,73.72126891678161,1,6,0,1844.9264516430446,4016.979706147151,BENIGN
04/07/2017 09:14:08,445,200106,4,21,26494.48606935317,100.9662602538969,1,3,0,8855.821550171657,3454.6610008358048,BENIGN
04/07/2017 09:14:05,25,129705,33,17,8010.948081043595,20.021449720497266,0,10,0,1695.6567450248572,2513.106959936573,BENIGN
04/07/2017 09:14:07,25,710706,14,34,2471.193447258078,71.7171932286418,0,1,0,3653.7266773285905,918.50513769782,BENIGN
04/07/2017 09:14:06,22,345708,23,7,609.0089708385517,27.490906650003023,1,8,0,1725.7283445205283,313.91459837187614,BENIGN
04/07/2017 09:14:08,22,21651,19,34,30051.823434192862,10.236321812813767,1,8,0,5376.139796113236,1874.043571689291,BENIGN
04/07/2017 09:14:08,22,52215,33,25,17689.513385619808,72.46258088098733,0,1,0,12973.4721214358,4239.420172223338,BENIGN
04/07/2017 09:14:07,8080,721994,27,25,21413.69784298639,76.24789558164423,1,2,0,2145.8563088091514,217.47170041155664,BENIGN
04/07/2017 09:14:08,443,745348,14,12,9790.675199970272,92.51771050515511,0,10,0,10176.670232351289,4300.770104087815,BENIGN
04/07/2017 09:14:11,53,587332,17,2,5971.602593667961,37.37430951309313,0,9,0,13694.741136447095,3735.2514064379284,BENIGN
04/07/2017 09:14:09,25,703641,5,10,18884.034331194474,42.53286698293458,0,9,0,2276.076322907453,3162.327476038842,BENIGN
04/07/2017 09:14:09,80,152148,8,10,5704.049878462808,86.65141842710501,1,2,0,14471.656405074278,3596.8474007279924,BENIGN
04/07/2017 09:14:12,25,4843,26,17,6619.890245840052,109.44410632883745,1,4,0,11298.73565065392,2012.5524753439554,BENIGN
04/07/2017 09:14:10,8080,702472,8,12,5710.299065366658,56.22375692856017,1,7,0,4308.8728870325685,255.91245120212264,BENIGN
04/07/2017 09:14:11,3306,46456,7,27,10276.030440370758,30.087007321248212,0,1,0,13898.479546512828,859.3462390500043,BENIGN
04/07/2017 09:14:11,21,333787,37,27,18514.062315895502,76.34124142242672,1,2,0,10826.498579925264,1963.2319916244255,BENIGN
04/07/2017 09:14:11,25,797321,34,10,28568.923686190843,82.08623433315456,0,8,0,11044.815266403404,4793.5393850644605,BENIGN
04/07/2017 09:14:12,53,300013,13,4,28000.76266134614,64.09810097770544,1,7,0,6899.649385373318,1135.4877900690826,BENIGN
04/07/2017 09:14:12,3306,261549,12,5,7127.551665415026,23.707207702794197,1,5,0,14167.879294095772,434.619133441166,BENIGN
04/07/2017 09:14:15,80,267076,11,35,21917.760027779554,19.386309342789797,1,8,0,8836.20677332803,2678.6227955975282,BENIGN
04/07/2017 09:14:12,8080,118316,36,15,25969.25814968667,76.78252441660975,1,5,0,3131.4200575090326,269.24123165833345,BENIGN
04/07/2017 09:14:12,445,23227,29,27,17809.47634169873,100.66646963444848,1,3,0,1763.0564369061663,3764.898645869438,BENIGN
04/07/2017 09:14:15,3306,400556,9,12,8591.513147254245,105.29388323721977,0,1,0,5676.528637158657,4505.882402596004,BENIGN
04/07/2017 09:14:14,22,404417,5,9,16957.565481321068,63.83177065435832,1,6,0,12392.774574501127,1955.8388538473419,BENIGN
04/07/2017 09:14:17,25,163142,3,33,2788.576103752729,78.37688292265051,0,4,0,6757.8831704642935,2033.8054097932898,BENIGN
04/07/2017 09:14:16,3306,520323,5,30,19217.28310801632,89.42405965029386,0,3,0,6545.593930899967,3793.306106612957,BENIGN
04/07/2017 09:14:17,8080,332408,26,22,22183.309030787113,103.03274544537287,0,4,0,6074.524735176263,3368.1339922517955,BENIGN
04/07/2017 09:14:16,445,455945,37,28,18662.695500581096,22.259195104556355,1,6,0,3120.2300742196867,3034.90513493742,BENIGN
04/07/2017 09:14:17,3306,726362,5,16,7151.853991973129,20.516821605771547,1,8,0,4434.821289526884,2602.0853272493505,BENIGN
04/07/2017 09:14:18,443,259137,6,4,7053.8398462147325,92.81922511008578,0,7,0,6813.639623325158,1675.6628198079677,BENIGN
04/07/2017 09:14:19,80,484227,19,27,32537.127298085055,91.28232813678513,1,3,0,8036.913966661962,2561.4672330355215,BENIGN
04/07/2017 09:14:18,22,536442,25,33,7829.315147831335,71.68780475379087,0,7,0,2460.5335907571043,4488.738481029873,BENIGN
04/07/2017 09:14:18,3306,586024,12,18,4255.921472128538,52.62122718922018,0,2,0,2620.2978602822777,111.24091721217422,BENIGN
04/07/2017 09:14:18,8080,345667,3,30,33540.35847853632,21.785911958126796,1,8,0,10754.684011983112,4002.6811280151833,BENIGN
04/07/2017 09:14:18,53,226106,24,17,30966.19302824382,116.63595468783959,0,5,0,7473.199510322258,1946.9299747789526,BENIGN
04/07/2017 09:14:21,443,26190,33,17,12011.015049898502,52.83014058051245,1,4,0,10603.135260048664,3378.4285507100826,BENIGN
04/07/2017 09:14:21,21,332424,11,27,14303.819828179265,118.86024398420096,1,1,0,14995.74918266589,4450.746097160435,BENIGN
04/07/2017 09:14:21,53,746204,19,23,33486.36051345037,73.96244435720244,1,7,0,12550.758469348633,152.89537246311073,BENIGN
04/07/2017 09:14:21,3306,514160,3,34,1714.2392834799882,48.93023153502794,0,9,0,11395.633829055014,124.76932855304864,BENIGN
04/07/2017 09:14:20,25,134744,33,10,1536.2017292170312,6.26273607853717,0,4,0,6963.7674387068555,2500.918675017042,BENIGN
04/07/2017 09:14:21,443,360996,39,22,27179.17766047263,10.20114794752755,1,4,0,2112.4250100923437,1950.2039544166787,BENIGN
04/07/2017 09:14:21,445,662524,20,10,9618.816093422287,100.11353558826673,0,2,0,4331.208372899044,4496.362159162742,BENIGN
04/07/2017 09:14:23,8080,394136,37,5,1784.442269818642,65.19669993007693,1,3,0,3809.6381325478446,2830.5406239642543,BENIGN
04/07/2017 09:14:22,445,300447,3,21,31275.682784286542,73.19641557771271,1,7,0,11465.454669030278,1280.9548771734103,BENIGN
04/07/2017 09:14:25,25,749199,25,10,18194.48268148763,6.041404703528207,0,3,0,1657.1102794169274,1025.0130534012533,BENIGN
04/07/2017 09:14:25,22,797071,37,23,8176.567704617972,60.61389167711989,0,4,0,2210.6708615374505,1126.26412224787,BENIGN
04/07/2017 09:14:27,3306,631596,30,13,21929.045228615072,11.1209061875396,0,8,0,5222.478109365178,4109.54202164979,BENIGN
04/07/2017 09:14:24,21,354771,10,21,22836.9923260171,15.770495937440566,0,6,0,7726.633900209546,560.4578937738122,BENIGN
04/07/2017 09:14:25,80,91123,25,15,19151.118091630357,110.0210479959092,0,10,0,12992.245485196654,2828.508294962144,BENIGN
04/07/2017 09:14:24,445,61316,27,21,11053.947903790564,47.379890232984586,1,1,0,2697.6801461552827,2479.2432977111444,BENIGN
04/07/2017 09:14:26,21,706719,7,11,14739.621335224716,95.27376305682898,1,8,0,13457.518681526879,4577.503312292544,BENIGN
04/07/2017 09:14:26,3306,583929,19,9,15466.147526638713,43.140463108320255,1,5,0,8693.714654110814,610.9610946843015,BENIGN
04/07/2017 09:14:29,8080,684979,17,26,3255.1775536376294,21.223058352483225,1,5,0,8847.582493702723,1909.8208504697143,BENIGN
04/07/2017 09:14:26,25,551195,6,33,7690.960008762498,69.99418954414024,0,1,0,6440.41358749809,4488.612082217991,BENIGN
04/07/2017 09:14:29,443,722869,37,2,27100.631354256133,105.02493719734393,0,1,0,7372.25425653056,3662.782504944247,BENIGN
04/07/2017 09:14:27,80,797855,27,21,30122.91107079998,117.13819379108119,1,8,0,4777.049445479822,3228.3419311723305,BENIGN
04/07/2017 09:14:29,22,120530,9,8,2683.1873390818364,6.672143534125563,1,7,0,11932.143480769604,2889.975118041912,BENIGN
04/07/2017 09:14:28,443,182672,3,13,20368.128904220026,22.584516028029956,1,10,0,7866.905939864826,298.30725413672087,BENIGN
04/07/2017 09:14:32,8080,303714,9,20,2074.6598000604363,94.81370999749562,1,8,0,10058.5407412006,968.9131336693584,BENIGN
04/07/2017 09:14:30,53,246732,15,28,17773.616494972444,98.40006198012408,0,4,0,6185.447956694523,752.8983921907944,BENIGN
04/07/2017 09:14:31,445,208664,6,25,14162.860843288374,85.50996048477438,0,4,0,5178.48314630649,3649.1122984158383,BENIGN
04/07/2017 09:14:33,445,750136,26,26,8788.425233173288,113.15569463465913,1,6,0,2024.6836779129396,3683.242357242138,BENIGN
04/07/2017 09:14:33,3306,207860,22,32,17963.116938089483,46.54080217887347,0,9,0,2002.6338891236953,4219.521840193964,BENIGN
04/07/2017 09:14:31,21,347747,5,28,28006.536762966727,9.044517315053195,1,4,0,6625.650344596794,4482.446695749814,BENIGN
04/07/2017 09:14:31,445,136247,22,4,7149.888920253212,75.43972305712003,1,2,0,6089.996233200569,3710.594857686096,BENIGN
04/07/2017 09:14:32,3306,193880,34,7,21538.76766207284,52.70190271107456,0,4,0,5814.987554286725,4759.5590703065845,BENIGN
04/07/2017 09:14:32,53,542347,22,33,30388.399293948547,58.589410245108645,0,8,0,10578.260265996927,449.28580210675347,BENIGN
04/07/2017 09:14:32,80,707319,15,32,24540.961960404282,109.2660015942532,1,1,0,4267.090285974778,956.7782304174971,BENIGN
04/07/2017 09:14:32,443,303638,8,31,13064.96622820488,9.808090116354954,0,5,0,14864.98371680671,2357.9331237273,BENIGN
04/07/2017 09:14:36,21,672451,8,22,20967.261106161623,52.562108203328094,1,7,0,8102.64691840864,4690.801393602794,BENIGN
04/07/2017 09:14:33,445,332557,8,34,23026.210258277257,94.09805557015933,0,3,0,7974.859916000463,4736.9786882458475,BENIGN
04/07/2017 09:14:35,443,716974,16,14,23619.434132029226,38.00158220347039,1,6,0,10204.506815774415,1912.37203412409,BENIGN
04/07/2017 09:14:34,80,760886,9,32,31737.610809910526,91.3593153885699,0,5,0,13633.688589546167,568.7073873716315,BENIGN
04/07/2017 09:14:38,445,276794,5,35,17466.34048578699,88.25064263914838,1,3,0,11587.651967392987,308.54806455821483,BENIGN
04/07/2017 09:14:37,53,534960,23,31,30897.856420995697,97.18399373513778,1,9,0,12648.292284132902,3443.8756155801775,BENIGN
04/07/2017 09:14:37,8080,137906,20,8,25148.15065261599,9.050519518396317,0,9,0,3034.9098837834704,4041.833399734625,BENIGN
04/07/2017 09:14:38,8080,477691,23,9,12169.99042285515,93.65898775613036,0,2,0,4058.494000106391,2064.5646231123974,BENIGN
04/07/2017 09:14:36,53,241079,35,25,8176.577467556997,115.45575924091985,0,7,0,8872.466004759863,2846.389333442958,BENIGN
04/07/2017 09:14:38,3306,590366,35,15,988.6728537913978,82.38665680998136,1,2,0,4236.807782857051,1316.0199720000658,BENIGN
04/07/2017 09:14:38,445,236959,32,34,23512.69645917216,11.758899974781823,0,2,0,12997.842510764543,3429.0995975232245,BENIGN
04/07/2017 09:14:41,443,541502,37,34,640.7176913544988,24.09030288998354,0,8,0,2214.0775564779824,2554.601611062479,BENIGN
04/07/2017 09:14:41,445,502957,6,25,515.3571252799914,90.23244921920225,1,1,0,1954.7607154079656,3619.6524074866356,BENIGN
04/07/2017 09:14:39,22,478934,40,34,24331.435204646565,92.22170570976718,0,3,0,10454.939521449556,3626.4734935871493,BENIGN
04/07/2017 09:14:40,80,406723,29,21,29426.39820123005,52.53363047104934,1,9,0,975.8856626208963,1939.0946111479439,BENIGN
04/07/2017 09:14:39,445,90627,14,33,5636.066111280565,23.64297441923766,1,7,0,12010.15182554891,2499.353813135693,BENIGN
04/07/2017 09:14:41,443,243704,12,4,30199.777298181507,97.94312629493643,1,10,0,3498.8326075320056,1044.4295775139524,BENIGN
04/07/2017 09:14:43,445,162112,25,34,13986.240324719001,108.53794286423671,1,10,0,7096.464337830369,3633.5811097351466,BENIGN
04/07/2017 09:14:43,3306,52540,7,21,10613.41547129481,112.9485601610929,1,8,0,3386.8421341105895,3708.096016659652,BENIGN
04/07/2017 09:14:44,8080,141127,14,11,31230.48222314704,46.94954820395874,1,9,0,12457.949325092144,4663.989761649019,BENIGN
04/07/2017 09:14:43,80,382501,38,16,20047.294719533013,94.61329888496836,0,8,0,1185.602507225728,2854.08797333664,BENIGN
04/07/2017 09:14:41,25,630022,30,26,26739.63014742892,21.23684355222423,1,7,0,14959.94186969259,4862.526982069549,BENIGN
04/07/2017 09:14:43,21,314281,37,24,25192.958004940974,102.10513787072938,1,1,0,587.3082048944912,1484.2596283072173,BENIGN
04/07/2017 09:14:44,3306,704099,36,19,3165.1373141319223,49.363937715936274,0,4,0,4059.2897368386202,3412.9354248760446,BENIGN
04/07/2017 09:14:46,21,788161,28,29,7440.923397801205,67.57780801518282,1,7,0,2829.625811456099,2775.1007239300448,BENIGN
04/07/2017 09:14:43,443,381167,35,14,33147.622269390136,35.19697953457717,1,3,0,11396.76147586222,3010.2326693629825,BENIGN
04/07/2017 09:14:45,445,365805,37,33,13346.571572520059,74.36553818036114,0,9,0,8288.133082681848,1388.4175264773005,BENIGN
04/07/2017 09:14:46,8080,717129,31,10,28087.965136791572,52.73165601716779,1,4,0,3195.0131319447432,4626.345414755797,BENIGN
04/07/2017 09:14:45,8080,117494,8,14,14892.149498136652,10.960622105703079,0,2,0,6294.454697095936,2095.753156130113,BENIGN
04/07/2017 09:14:46,53,741186,31,14,23692.881031971825,5.9197804322855205,1,6,0,8676.997604899894,4780.178951995382,BENIGN
04/07/2017 09:14:45,3306,787797,29,18,31395.985826646076,41.763232962114806,1,1,0,4975.927840141108,2495.420547753691,BENIGN
04/07/2017 09:14:48,80,672539,25,5,20730.838926502496,116.84896156708426,1,4,0,14167.812629925826,3086.854975009769,BENIGN
04/07/2017 09:14:49,25,334364,34,26,3633.612511169285,67.89879513626289,0,1,0,8031.950051880582,4987.828214625838,BENIGN
04/07/2017 09:14:48,80,279773,9,7,10895.998397006291,35.49759764396532,1,3,0,7978.796128635619,749.1460043119033,BENIGN
04/07/2017 09:14:47,21,744365,24,13,24414.78292383398,24.720131690170497,0,3,0,6175.4033511063135,1217.0846476632614,BENIGN
04/07/2017 09:14:50,25,761866,31,6,11670.724708267262,51.26437369481893,0,5,0,12493.102322555475,1177.0555276595846,BENIGN
04/07/2017 09:14:50,53,105218,31,10,32698.98427019945,19.443368180875442,0,9,0,1120.6398155640634,4052.4064614217546,BENIGN
04/07/2017 09:14:48,22,680683,22,32,15665.064166270897,25.4082049398063,0,8,0,2553.551807466839,2315.597683410155,BENIGN
04/07/2017 09:14:50,21,154767,34,20,4184.726574430062,18.708362085996523,0,6,0,13108.693003627426,420.3069747678505,BENIGN
04/07/2017 09:14:51,443,114109,11,2,27844.35428123584,49.92230994104904,1,9,0,3207.591057052388,2398.6567020028665,BENIGN
04/07/2017 09:14:51,21,107630,4,25,8296.23782661321,42.15347022616711,1,5,0,7075.985125077131,1092.244963483377,BENIGN
04/07/2017 09:14:51,22,13106,32,15,21392.96128140067,30.124347840365964,0,6,0,4730.21703225226,4162.837613277058,BENIGN
04/07/2017 09:14:54,21,560533,5,31,31371.403584092717,82.25229576854932,0,2,0,5977.157356354993,1460.7291653835591,BENIGN
04/07/2017 09:14:54,80,65911,29,11,687.0844105905492,53.83326505631536,0,5,0,7559.619759347784,635.4947724413362,BENIGN
04/07/2017 09:14:53,443,274104,28,6,1138.6250416837238,81.31732866122748,1,6,0,10548.799446429199,273.36982550714777,BENIGN
04/07/2017 09:14:52,443,131131,18,18,20328.18694783714,20.742501933488725,0,7,0,8943.817619462838,4289.733791195614,BENIGN
04/07/2017 09:14:55,8080,742349,17,8,29390.647396097585,24.21510358045194,0,2,0,11089.319734328228,2982.4447783576484,BENIGN
04/07/2017 09:14:54,8080,417531,11,21,18804.214329483835,66.45645922270143,1,3,0,10083.786388977393,479.94987837026673,BENIGN
04/07/2017 09:14:56,53,784994,5,22,28816.587128879608,45.94203687301031,0,1,0,11877.858121853526,4900.9671350046265,BENIGN
04/07/2017 09:14:55,8080,475473,5,17,5681.551692781734,116.97688788359453,1,1,0,2398.10275703575,1822.8391172692548,BENIGN
04/07/2017 09:14:55,8080,143847,26,15,1430.3794099645024,110.82548297613263,0,1,0,14599.599426500088,3123.1933203618573,BENIGN
04/07/2017 09:14:54,22,366917,6,9,14114.904985939927,12.363995020071123,0,8,0,8435.569189394655,3425.475201741959,BENIGN
04/07/2017 09:14:56,22,191626,13,19,3024.6089851631614,42.41475097267895,0,10,0,10274.031872041787,877.3370275359358,BENIGN
04/07/2017 09:14:56,445,561637,36,21,2739.579296187546,80.7655840477124,0,7,0,3777.4278230167256,1627.4295834332129,BENIGN
04/07/2017 09:14:58,22,641559,31,14,19460.23104380221,98.66689693154987,1,9,0,9012.056027824123,1638.6399845341632,BENIGN
04/07/2017 09:14:58,8080,52979,35,17,19982.633075895446,6.483904064795518,1,6,0,6174.196000444632,2078.2428759892973,BENIGN
04/07/2017 09:14:58,21,325212,34,20,28467.407181636616,40.8766196077853,0,5,0,5145.746349167895,2931.040064821541,BENIGN
04/07/2017 09:14:59,21,348899,19,26,16617.119730838825,119.47507669500041,0,2,0,8089.717451788662,965.7178407983314,BENIGN
04/07/2017 09:15:00,8080,251832,4,30,30973.04198630332,61.551699372534735,0,3,0,13376.177964347848,1268.2332543317618,BENIGN
04/07/2017 09:14:59,8080,489579,22,20,29185.38493485117,99.08782659633758,0,1,0,13619.834227796242,2555.863851144452,BENIGN
04/07/2017 09:15:00,25,26528,7,23,24826.141834212744,36.52237443729967,0,6,0,14408.753457272061,2278.4163117406542,BENIGN
04/07/2017 09:15:00,25,637576,24,28,32978.51150815138,112.84598607544659,1,2,0,11780.337526131554,2689.1555677902434,BENIGN
04/07/2017 09:15:01,80,635901,7,14,25897.29255233527,50.038548028408684,0,10,0,7548.10668274476,646.3894548010484,BENIGN
04/07/2017 09:15:00,53,14885,36,33,10986.8364557227,37.163315247666965,0,9,0,7926.1221035287645,1930.95455950381,BENIGN
04/07/2017 09:15:02,53,466830,22,6,17812.84895183461,116.13604000621383,0,4,0,4162.841403984102,1560.0321137425992,BENIGN
04/07/2017 09:15:02,21,299837,9,34,22906.81498969614,25.81789918511119,1,1,0,5965.534333377076,1306.6533137614185,BENIGN
04/07/2017 09:15:03,8080,115410,25,6,22763.31453298755,14.55445559687688,0,9,0,9571.900653717443,1737.4274555272793,BENIGN
04/07/2017 09:15:04,25,420960,38,27,3975.8005213548877,52.268464087930376,1,5,0,10363.622556800015,2260.9187122678914,BENIGN
04/07/2017 09:15:04,25,355977,13,23,18627.927934182335,63.51253509520101,1,4,0,5318.174683949268,2572.2733448894883,BENIGN
04/07/2017 09:15:03,80,100929,4,22,32576.9582251044,41.94013555887793,1,10,0,12042.063053940641,4822.537904275095,BENIGN
04/07/2017 09:15:06,53,647516,3,8,14581.894400793954,119.85468660767371,0,3,0,5169.6207314888525,1201.0149173867521,BENIGN
04/07/2017 09:15:05,443,69625,8,24,20139.30076728885,69.2145344388275,0,1,0,10134.821944622492,4933.954829274046,BENIGN
04/07/2017 09:15:06,21,665031,36,20,25644.561588176108,111.7105830688961,1,3,0,7745.837489834788,2955.2090058186254,BENIGN
04/07/2017 09:15:05,8080,773678,38,33,4208.144793319134,29.693159454071804,1,8,0,14994.866712581736,2561.220423248488,BENIGN
04/07/2017 09:15:05,443,617362,9,9,5325.101357010621,17.383695672431234,1,5,0,11969.976919915262,3835.5622897952544,BENIGN
04/07/2017 09:15:07,445,303104,24,14,11146.618215251152,44.85617006494174,0,2,0,11621.049934081173,619.0233811075555,BENIGN
04/07/2017 09:15:05,21,293670,27,10,10924.17913755012,20.59265552464526,1,4,0,1001.1993055541068,1904.531638104598,BENIGN
04/07/2017 09:15:07,3306,343723,4,25,17257.49864291364,52.845792182544095,0,8,0,9598.221148708484,1509.3782162029831,BENIGN
04/07/2017 09:15:05,25,790387,22,16,27393.906073210037,91.03253658836782,1,4,0,12276.212000628984,2279.3062850016345,BENIGN
04/07/2017 09:15:07,445,402711,12,3,7044.9966766652615,81.41034637305195,0,9,0,2109.807736221507,406.2453388019287,BENIGN
04/07/2017 09:15:08,22,318179,6,26,3257.117858130243,78.95897209510963,0,2,0,3237.003557024719,2585.0897464496556,BENIGN
04/07/2017 09:15:07,53,251234,40,16,34042.25185342873,53.203427021034685,0,8,0,936.0557070337958,3261.2720213302177,BENIGN
04/07/2017 09:15:08,80,19304,4,31,7024.801318643919,93.68865791479156,1,6,0,8598.082926908528,763.7242051442624,BENIGN
04/07/2017 09:15:09,443,349954,29,23,34108.18179562297,33.968358700468286,1,5,0,14705.289494516825,2316.9120503103804,BENIGN
04/07/2017 09:15:09,22,287416,5,28,30023.054719434072,19.329616139591458,0,1,0,7827.940603062953,1262.5126718708113,BENIGN
04/07/2017 09:15:10,53,107811,14,8,2243.0691073620137,108.37322445115674,1,1,0,2942.4492732889044,1796.8014104319577,BENIGN
04/07/2017 09:15:10,53,160114,36,11,2634.1292722812113,96.31932266642944,1,7,0,7569.295320450124,3020.282088762691,BENIGN
04/07/2017 09:15:12,80,531258,23,11,3823.4409351294507,17.58328929353501,0,8,0,7352.047519721369,235.44594670243447,BENIGN
04/07/2017 09:15:09,8080,310397,9,22,19499.375510036643,32.6867164891094,0,8,0,8466.015098965428,3994.662612103476,BENIGN
04/07/2017 09:15:11,53,677821,7,34,21780.80527351393,119.15328250381324,0,5,0,2616.459807884844,4400.827568765139,BENIGN
04/07/2017 09:15:14,80,340007,27,7,20751.152972583677,6.923220955769301,0,4,0,1479.701102085044,2904.7794492064795,BENIGN
04/07/2017 09:15:11,3306,526374,25,17,11641.79442899066,102.95078307968859,0,10,0,2155.4061178415404,797.2094194784481,BENIGN
04/07/2017 09:15:15,25,464795,7,10,28056.75943003326,37.98037983098646,0,9,0,1951.7185905806828,2834.148490080598,BENIGN
04/07/2017 09:15:12,445,226864,13,23,6058.923967762876,76.9314870055773,1,7,0,6746.3072075038535,3099.3256156969437,BENIGN
04/07/2017 09:15:16,25,67677,4,3,21435.627367636924,99.38010170162651,0,1,0,11213.510204395521,3263.0526532247545,BENIGN
04/07/2017 09:15:14,21,312315,25,15,20935.699770153555,52.565368758512264,0,2,0,3205.155224990314,2626.0296562003396,BENIGN
04/07/2017 09:15:16,22,542284,18,10,24898.265596754412,42.59203264563879,0,10,0,9545.94599347458,2426.7813278261083,BENIGN
04/07/2017 09:15:15,443,291212,15,3,17895.51980625803,65.89071812540593,0,4,0,1600.6110146181998,3693.8928813080715,BENIGN
04/07/2017 09:15:16,53,582053,29,12,15786.27418385257,83.01683765639991,1,4,0,6966.585956050241,814.4298834382532,BENIGN
04/07/2017 09:15:15,53,560855,11,25,12329.784809643288,67.71729006876384,0,5,0,14101.942150726749,328.7412029492624,BENIGN
04/07/2017 09:15:18,53,240826,4,7,6454.350411928704,113.30132163549929,0,3,0,5724.904551457847,3063.705191760997,BENIGN
04/07/2017 09:15:18,22,594230,4,30,20410.82984316007,95.09020930866058,1,7,0,13325.460759161833,1026.9606080303154,BENIGN
04/07/2017 09:15:16,25,641507,37,29,32291.629846565454,96.4441969498142,1,7,0,3745.3154931639187,3501.1772887691873,BENIGN
04/07/2017 09:15:19,53,420016,21,18,20636.482432153156,82.66457608849213,1,7,0,14898.094334305844,3139.81163282446,BENIGN
04/07/2017 09:15:19,8080,453301,7,26,15026.404028577466,92.10042990148223,0,6,0,14476.0689177845,4123.446580939126,BENIGN
04/07/2017 09:15:18,8080,733843,30,19,21014.761614728177,27.059710252620874,0,9,0,1402.0548946061651,4001.9664546892786,BENIGN
04/07/2017 09:15:19,8080,759423,19,6,6198.2251030518055,23.192480951520537,0,4,0,6616.240816021947,1738.914251348586,BENIGN
04/07/2017 09:15:18,22,288748,27,35,17052.45707452792,27.8560246790543,1,9,0,11384.137130674499,4246.183176179538,BENIGN
04/07/2017 09:15:21,53,266126,24,6,8016.833453182101,60.057622373848375,0,9,0,14384.13657736382,4460.067661608872,BENIGN
04/07/2017 09:15:20,443,79921,14,7,29082.198274267343,77.9934992416362,0,5,0,9933.590273825894,699.6424331792183,BENIGN
04/07/2017 09:15:20,25,229747,30,15,24916.444319504673,47.12490737272785,0,4,0,2358.7788860404244,846.1600732534334,BENIGN
04/07/2017 09:15:20,80,593603,3,30,5376.407092007886,18.85547187586163,1,4,0,7114.306813094031,3334.9549653908643,BENIGN
04/07/2017 09:15:21,25,184045,12,13,11210.540633352008,44.99485985653524,1,3,0,2847.816173665713,2409.20145362383,BENIGN
04/07/2017 09:15:22,3306,2479,20,10,23453.04028475549,55.79293452369572,1,7,0,10296.7374157991,3790.955791728562,BENIGN
04/07/2017 09:15:23,80,319886,4,6,17045.367766822517,86.05667313899622,1,1,0,6799.208341966681,4782.3576822253135,BENIGN
04/07/2017 09:15:23,445,595988,29,3,4601.316152967631,76.65191992230459,1,10,0,2509.9980000272844,2098.1971647961027,BENIGN
04/07/2017 09:15:24,3306,322965,31,9,24878.6280234114,5.143118357437155,1,4,0,2729.716457371166,2609.3876096490267,BENIGN
04/07/2017 09:15:23,3306,140049,39,16,34452.272045418984,93.67877298268111,1,8,0,3313.115967864325,2610.4023604830672,BENIGN
04/07/2017 09:15:24,443,500465,34,26,5207.049818250812,7.674116384767971,1,6,0,8456.498671695314,1822.3500747889345,BENIGN
04/07/2017 09:15:25,80,322235,21,4,11325.080595272151,115.56949666000745,0,4,0,8647.17411333426,4340.65567911239,BENIGN
04/07/2017 09:15:24,80,643783,20,4,9312.198317405317,31.782038509215067,0,6,0,7380.314785891678,3645.983066707032,BENIGN
04/07/2017 09:15:26,443,355265,9,28,1867.8244888989104,111.51454248619642,1,4,0,6596.316461019217,3226.544024678378,BENIGN
04/07/2017 09:15:26,80,757097,32,16,10039.091964222074,31.055113900980725,0,8,0,3298.031449419612,859.544241320628,BENIGN
04/07/2017 09:15:26,443,206610,28,12,26107.226254872527,17.877432409160974,0,10,0,10312.959830306647,894.11756986299,BENIGN
04/07/2017 09:15:27,8080,446915,22,2,9868.145591324288,103.38699883139496,0,2,0,9153.054656412474,3394.0872646508906,BENIGN
04/07/2017 09:15:26,445,267718,36,27,30341.301834029822,59.110658697145716,0,7,0,1747.3523246078123,1133.2524324920532,BENIGN
04/07/2017 09:15:28,53,436961,10,18,13701.328414406029,66.4514974815259,0,5,0,6160.612795705439,167.55674622598383,BENIGN
04/07/2017 09:15:30,21,708047,37,12,9491.829511850798,58.86223851028365,0,3,0,720.2785874750034,1733.123814549233,BENIGN
04/07/2017 09:15:26,25,695604,32,27,28322.96396455946,7.318286186627779,0,6,0,6544.239570674599,3418.7832764871664,BENIGN
04/07/2017 09:15:28,22,550148,31,19,25290.862634077905,92.024321346194,1,5,0,10176.202338716572,2821.0801009190272,BENIGN
04/07/2017 09:15:28,3306,673861,6,20,25398.115902512734,8.059644510895982,0,6,0,5819.754781965774,1212.3979817296201,BENIGN
04/07/2017 09:15:29,80,286505,40,19,33916.46157396668,98.38066505396027,0,4,0,6513.038026025103,3368.6654966997176,BENIGN
04/07/2017 09:15:28,445,746509,34,32,21136.776002458133,35.0994149761606,1,6,0,1731.1148468981773,3817.2342292286176,BENIGN
04/07/2017 09:15:29,445,86353,4,5,21640.748574692872,32.95515040182259,1,8,0,9205.81264641802,3295.3323394254744,BENIGN
04/07/2017 09:15:32,443,399471,18,16,28048.012259421845,87.61659580784737,1,9,0,6202.068359822746,677.0901613559994,BENIGN
04/07/2017 09:15:29,3306,591256,36,13,11640.108345471972,13.576365336311742,1,2,0,775.258453951054,301.5057333634895,BENIGN
04/07/2017 09:15:33,445,203910,4,31,17243.52595695206,50.06991599256259,1,5,0,2754.2009671356277,4183.469511154322,BENIGN
04/07/2017 09:15:33,443,191616,40,12,18461.242387606522,59.259682147549704,1,10,0,3731.1487578268498,2180.5844293257474,BENIGN
04/07/2017 09:15:33,22,552096,8,19,19284.197584648937,35.5790593068914,1,7,0,8337.778940118355,872.8443064784141,BENIGN
04/07/2017 09:15:32,25,380093,32,7,997.1106833854142,22.681796353338328,0,9,0,10684.35772407542,3347.809469332142,BENIGN
04/07/2017 09:15:33,22,396064,37,35,8840.987219768946,81.99269689876368,0,7,0,14043.675882823327,2121.4560160666506,BENIGN
04/07/2017 09:15:32,443,680797,25,30,6971.31873692267,93.17626956391543,0,6,0,3454.3491531529608,4437.5360039833395,BENIGN
04/07/2017 09:15:36,8080,717949,8,15,608.7050334276723,16.094286157021898,0,5,0,8007.025377114149,4518.102270624928,BENIGN
04/07/2017 09:15:34,22,510694,26,7,8336.74320930674,106.75001334262032,0,3,0,2119.716269876485,469.78913373070253,BENIGN
04/07/2017 09:15:35,21,470698,14,28,20958.202496135447,74.2256162158731,0,3,0,7721.684468098711,1514.407301508571,BENIGN
04/07/2017 09:15:35,21,344701,34,27,27221.465761542797,26.78379961660377,1,9,0,1015.3595596614471,4950.918726074718,BENIGN
04/07/2017 09:15:37,80,769216,14,23,17793.40930549891,49.54204283528971,0,3,0,2992.9542511519153,2087.3388111393365,BENIGN
04/07/2017 09:15:36,443,519664,3,12,31025.94992357347,26.379209749394185,1,1,0,8347.38887830691,4998.113885797071,BENIGN
04/07/2017 09:15:37,53,696429,8,3,20803.696963308572,24.063688977286212,0,6,0,5687.313316221014,112.53965958471434,BENIGN
04/07/2017 09:15:37,22,9039,34,29,27026.572765918943,47.29265242506187,0,8,0,8553.864326566927,4643.770698747331,BENIGN
04/07/2017 09:15:37,443,106593,28,24,26719.660703308353,74.34182327908749,1,9,0,6778.867546554665,1167.346336695248,BENIGN
04/07/2017 09:15:38,80,248696,27,21,3762.9318732353327,72.04447428590419,0,7,0,2685.939945274263,1714.9291304922224,BENIGN
04/07/2017 09:15:38,3306,761870,3,34,16160.528983077334,62.306910945689005,0,1,0,8746.890495723694,4955.230506524738,BENIGN
04/07/2017 09:15:37,3306,253792,7,28,2959.0415923772484,10.504434399753544,0,1,0,9275.660817598871,2906.809589982415,BENIGN
04/07/2017 09:15:41,21,798104,32,15,10762.9238276711,15.567794785669868,0,9,0,8454.134251410302,386.11476382541366,BENIGN
04/07/2017 09:15:38,445,103098,33,29,10302.222971056868,117.10647488015886,1,4,0,9139.962150445364,1757.527032088965,BENIGN
04/07/2017 09:15:41,3306,642568,23,14,20547.724414840184,54.92443458001649,0,6,0,9121.885586135604,478.61992695742424,BENIGN
04/07/2017 09:15:39,21,463098,4,12,11772.603228425543,69.56381499151803,0,8,0,9999.800318882677,3960.961907189868,BENIGN
04/07/2017 09:15:41,25,394592,40,9,23304.74796046437,46.02390057038343,1,10,0,8880.34458467416,786.3111595062136,BENIGN
04/07/2017 09:15:40,25,14221,13,13,954.1241006827063,119.39315890482186,0,3,0,3491.644865889194,2641.5407566807144,BENIGN
04/07/2017 09:15:42,22,613871,3,20,6920.201546777787,48.88830988041437,0,3,0,3023.1317368069813,3777.824282368967,BENIGN
04/07/2017 09:15:43,25,66986,17,4,22888.02948625528,102.23099122342705,0,2,0,8396.063798112402,4693.308663209305,BENIGN
04/07/2017 09:15:43,80,636111,38,32,32346.26331944087,102.19649414852728,0,5,0,6152.745257025603,2383.803707114868,BENIGN
04/07/2017 09:15:44,8080,429015,36,6,33039.876231518894,81.69277747817875,1,7,0,14593.407908911016,3603.2371052520925,BENIGN
04/07/2017 09:15:44,3306,53834,12,2,15627.205389572595,57.728328293707854,0,10,0,14739.160102871094,1010.6449119974623,BENIGN
04/07/2017 09:15:42,21,344431,26,34,1614.5557172564422,74.46786158899894,0,6,0,6023.90362736647,2962.9659373640347,BENIGN
04/07/2017 09:15:45,443,510161,36,6,31404.59580291708,37.100302815510865,0,10,0,3200.331212837662,2188.279051994888,BENIGN
04/07/2017 09:15:43,21,108867,6,10,24604.67258306114,108.55430428657913,1,2,0,13487.558485638498,3095.0044610697632,BENIGN
04/07/2017 09:15:45,25,6706,26,24,20548.407701370135,37.61216357981208,1,10,0,7398.232200431546,3509.532827190535,BENIGN
04/07/2017 09:15:46,53,775407,19,33,13553.235383340932,102.30830164171283,0,3,0,7952.411535451818,2421.1500144172956,BENIGN
04/07/2017 09:15:45,443,347832,9,17,30843.721090084728,118.23880895934147,1,3,0,2335.7753047231595,4832.015573556824,BENIGN
04/07/2017 09:15:45,8080,726255,38,29,8896.788320238484,19.140424283722766,0,7,0,13841.958178705814,3674.417614306332,BENIGN
04/07/2017 09:15:45,25,582598,29,7,5012.977102878893,56.06761127420281,1,10,0,3591.2229071387205,4116.467392404861,BENIGN
04/07/2017 09:15:46,21,226603,31,17,29280.913644930435,82.27001015246029,0,5,0,14296.087447204638,2222.582928152817,BENIGN
04/07/2017 09:15:48,445,619324,12,12,34630.01065187062,22.270916725743636,1,10,0,6777.255643858109,2646.8385895861334,BENIGN
04/07/2017 09:15:46,21,425474,10,9,5727.769147838338,70.68338026905147,0,4,0,11071.33325715501,3340.21959878915,BENIGN
04/07/2017 09:15:49,22,656387,19,19,9299.181879977039,76.8994120068466,1,6,0,11837.56945206471,735.3161448657869,BENIGN
04/07/2017 09:15:47,8080,404284,40,19,34840.08331183454,51.810939108967716,1,7,0,2328.976098061222,3820.5471299350347,BENIGN
04/07/2017 09:15:48,22,659358,27,3,5202.6432459145335,70.0448804889019,0,3,0,8717.710682877168,3492.008843473329,BENIGN
04/07/2017 09:15:48,80,745775,8,30,24753.94490447161,13.121282710087932,0,5,0,14630.102053612747,2570.272046575498,BENIGN
04/07/2017 09:15:50,21,743844,10,18,32207.54289311042,119.11263878752752,0,6,0,8917.998255562456,1904.827554354964,BENIGN
04/07/2017 09:15:52,443,47203,6,31,2206.5091611136622,80.09642378788922,0,1,0,2038.5182788515137,2930.9633900138524,BENIGN
04/07/2017 09:15:50,25,348175,38,27,2285.8048588424426,14.324838317248036,0,6,0,689.18384112802,4880.274678929574,BENIGN
04/07/2017 09:15:50,445,138458,10,16,33097.2708588588,80.67781045140418,0,2,0,3664.926462284371,3041.3317436381803,BENIGN
04/07/2017 09:15:51,22,366712,13,33,25367.905585943077,10.231436040270026,0,7,0,14574.276276902727,3667.3086517347624,BENIGN
04/07/2017 09:15:50,22,744934,28,23,29254.26837426549,7.138083209727745,1,2,0,14709.547140047738,3038.6880258561346,BENIGN
04/07/2017 09:15:51,443,263928,40,30,6623.6485400014935,55.947664095138755,1,5,0,8003.938844571566,4525.386575019227,BENIGN
04/07/2017 09:15:52,21,10898,4,23,31755.974698412912,91.6802295256695,0,5,0,6462.260300889663,2923.3235335209692,BENIGN
04/07/2017 09:15:53,445,10996,36,9,17744.07828569481,117.16210476067674,1,8,0,8584.34226964783,4645.1165802682,BENIGN
04/07/2017 09:15:53,80,466433,34,20,808.3916448238062,104.52059231279527,1,10,0,6309.479891334174,2048.0337448646487,BENIGN
04/07/2017 09:15:55,80,122966,13,22,29677.845766497627,50.71978863628263,0,1,0,3133.189163650419,3625.0726377920905,BENIGN
04/07/2017 09:15:53,21,232333,26,15,24737.93837883595,104.9135433873076,1,5,0,3611.6626298329857,2282.531941678601,BENIGN
04/07/2017 09:15:55,53,146730,25,30,26790.912988467884,39.36457631296777,1,9,0,7525.14761483409,3597.4407113315497,BENIGN
04/07/2017 09:15:56,80,680894,26,9,12784.431259670419,93.44507926521366,1,1,0,1918.1054075978968,740.9277068011473,BENIGN
04/07/2017 09:15:55,53,729993,28,22,13303.931721513978,73.86509167623717,0,8,0,7945.632800266294,158.2013212820762,BENIGN
04/07/2017 09:15:56,80,163689,30,30,19524.93478238288,66.52714686300462,0,6,0,6006.71519223443,4554.458476224197,BENIGN
04/07/2017 09:15:57,445,246072,23,4,21751.59332200303,64.35951640778796,1,6,0,4239.842800856157,2779.4967362258412,BENIGN
04/07/2017 09:15:57,21,31705,34,17,7133.124888608707,12.794554767757177,0,3,0,4208.706408948361,1627.8319939504102,BENIGN
04/07/2017 09:15:58,3306,460275,36,34,8004.90978531314,110.23891317317324,1,3,0,1336.0740706221122,4421.2277192895135,BENIGN
04/07/2017 09:16:00,53,779206,13,10,30959.60242886124,116.86035164137847,0,2,0,11840.776836518748,1795.0403928560527,BENIGN
04/07/2017 09:15:58,53,634534,39,20,23152.57944095939,54.810918722026635,0,6,0,13942.322512259378,3666.006061265907,BENIGN
04/07/2017 09:16:00,21,752931,40,8,17197.897590435216,13.310421122560685,0,4,0,10298.70816355785,4226.098148388371,BENIGN
04/07/2017 09:16:00,80,769636,16,25,16124.546026407197,23.007375626169214,0,9,0,8459.702201809583,1283.030955257045,BENIGN
04/07/2017 09:15:59,21,280940,10,26,17160.06346340376,86.53913350346909,0,9,0,1171.5615036092754,1408.2498200795633,BENIGN
04/07/2017 09:15:58,80,762697,21,8,32014.751642900916,10.252720347548575,0,8,0,6679.98527217211,4415.453383822372,BENIGN
04/07/2017 09:16:01,25,653575,38,27,6746.114681305365,46.550417614333504,0,9,0,1616.6750445528817,108.51352782651156,BENIGN
04/07/2017 09:16:02,80,247826,8,26,33280.40753530136,35.467936211118726,0,9,0,2590.936015873855,1303.6005159473407,BENIGN
04/07/2017 09:16:03,3306,668365,8,9,34102.55789989331,26.88003593901368,1,5,0,14655.697749299427,2185.9820412251797,BENIGN
04/07/2017 09:16:01,80,606397,22,5,5606.97691374094,10.970727784529378,0,7,0,8664.726742730245,4609.448053653992,BENIGN
04/07/2017 09:16:02,21,551999,39,32,12115.642462857646,89.6243475652851,0,5,0,3964.8897529275787,3028.8498851799754,BENIGN
04/07/2017 09:16:02,53,553520,3,8,16955.02482539267,8.987766832012174,0,3,0,10106.44102422279,3053.1291452940272,BENIGN
04/07/2017 09:16:01,53,335341,17,30,21311.504062085463,39.29024183068762,0,9,0,10448.187693838845,4239.24720637992,BENIGN
04/07/2017 09:16:03,445,341748,19,15,29044.362793742173,84.24554948852607,0,9,0,2196.6788723076493,3059.169056258325,BENIGN
04/07/2017 09:16:02,25,629476,12,5,34647.13607369879,62.42956398970721,0,3,0,12640.252993105267,876.9298005622405,BENIGN
04/07/2017 09:16:06,445,391357,32,23,19608.725740870912,30.069048225174438,1,6,0,5152.956129342801,2882.720981698747,BENIGN
04/07/2017 09:16:03,21,165149,37,20,24629.749562234523,101.45147819544466,0,1,0,12842.619891568525,474.18745842835494,BENIGN
04/07/2017 09:16:07,21,207324,5,17,11783.702116731058,74.43434585695616,0,10,0,12668.815029504964,4048.3819083446933,BENIGN
04/07/2017 09:16:07,53,481522,4,35,21769.83285564105,83.36712622942383,0,9,0,1459.6688558598635,4083.2866716314147,BENIGN
04/07/2017 09:16:07,22,526969,39,6,34293.799371613175,32.96168841927229,0,3,0,3318.419779658515,4549.706505581545,BENIGN
04/07/2017 09:16:05,25,73978,32,18,17291.29326036918,20.828547950896844,0,7,0,6520.872481337232,1308.9639620260332,BENIGN
04/07/2017 09:16:05,445,17104,16,27,34989.077661630516,17.51017302112951,1,2,0,4563.162041196852,1959.3824369441775,BENIGN
04/07/2017 09:16:06,21,181443,14,22,8818.679912420106,6.052416659096197,0,8,0,5823.506734350953,4251.982403083757,BENIGN
04/07/2017 09:16:09,22,275616,34,4,32993.39703014077,70.36338250821663,1,7,0,4223.922650531427,488.3664956995726,BENIGN
04/07/2017 09:16:06,8080,724643,22,13,14563.913378333262,30.13170889294703,1,10,0,862.1713771119549,1266.8803897370292,BENIGN
04/07/2017 09:16:09,22,354175,17,10,21174.58109918755,92.69105282820347,0,5,0,2551.891383054447,4226.569118410499,BENIGN
04/07/2017 09:16:08,80,194513,16,5,7800.444533342435,59.48094757381664,1,3,0,750.7519457681229,1163.0074438020572,BENIGN
04/07/2017 09:16:09,445,441541,33,8,5319.824342823538,109.05468111582928,1,8,0,1691.0186823772667,3265.524202868714,BENIGN
04/07/2017 09:16:11,53,245392,7,4,29333.32526748619,5.370944400993428,0,4,0,5287.9328380079605,3845.5163327279197,BENIGN
04/07/2017 09:16:11,53,303096,28,26,23429.22538153736,53.584070848404224,0,1,0,8784.2847618406,1992.5895539757416,BENIGN
04/07/2017 09:16:12,53,178334,29,7,32192.759194047718,84.29553869263948,0,4,0,14516.386396382184,3822.855082642863,BENIGN
04/07/2017 09:16:12,80,197157,4,11,6833.794865799878,105.58975689831439,1,5,0,8262.918571777012,4811.898238889896,BENIGN
04/07/2017 09:16:11,445,105898,13,12,16250.830235591653,17.195081286042925,0,8,0,9683.233156392032,4165.855907905003,BENIGN
04/07/2017 09:16:11,25,2051,11,10,24958.087119791388,27.871611163161944,0,7,0,14907.532706337293,2904.718489381359,BENIGN
04/07/2017 09:16:12,445,612448,7,17,1187.721664601378,68.00706238189989,0,10,0,586.8834362652871,2213.1238653348646,BENIGN
04/07/2017 09:16:14,22,413295,14,9,3590.012991797099,56.058703231615816,1,5,0,1478.231746165833,2143.776027075262,BENIGN
04/07/2017 09:16:14,80,758896,17,24,31079.18848388688,111.23036610314831,0,1,0,8506.586297434504,3020.9423718927396,BENIGN
04/07/2017 09:16:15,8080,334055,28,9,9826.715412666308,15.920950167470362,1,1,0,8975.347287984841,3483.0840712649947,BENIGN
04/07/2017 09:16:14,21,669423,8,27,7239.392946721607,68.01594997731611,1,9,0,2498.7926565195667,665.1936469274237,BENIGN
04/07/2017 09:16:16,25,147379,4,2,19448.18359087594,33.33401826443581,0,2,0,12926.461369310115,2348.837850178179,BENIGN
04/07/2017 09:16:13,445,543280,23,7,28376.16077954052,45.36695002808659,1,5,0,6059.798325615554,456.9900487716552,BENIGN
04/07/2017 09:16:13,21,330806,32,25,7880.4984032110615,28.478086143145852,1,2,0,2301.5091884083295,372.762570308849,BENIGN
04/07/2017 09:16:14,21,228659,23,15,2829.5167646102695,71.00798178603485,0,2,0,3765.276534341845,2946.2971663011053,BENIGN
04/07/2017 09:16:17,443,176365,18,29,30437.947059688366,54.438962229395294,0,6,0,8671.495949506583,986.3105612584028,BENIGN
04/07/2017 09:16:18,25,37033,28,22,31276.54801591413,75.71753887342388,1,2,0,5129.176330355376,2207.537898651541,BENIGN
04/07/2017 09:16:16,445,94588,12,31,18051.98738001,7.943890987232699,1,3,0,7316.253213001702,2867.609353556829,BENIGN
04/07/2017 09:16:17,8080,251411,29,32,17104.437432802177,76.11828446849879,1,5,0,4187.458989856584,4335.83579136308,BENIGN
04/07/2017 09:16:18,445,285346,38,29,34398.02667471607,53.757948787225885,1,1,0,13526.760106433772,1464.663393160877,BENIGN
04/07/2017 09:16:20,445,566341,40,17,21544.912026789574,96.26544302318531,1,5,0,7513.849123486683,2380.188587281675,BENIGN
04/07/2017 09:16:16,8080,443335,25,20,3464.794645765691,26.692967650294452,0,9,0,11696.815920439682,3221.1021079664897,BENIGN
04/07/2017 09:16:18,25,165336,12,11,22436.42031931462,81.196905241339,1,9,0,1991.2367627098693,3483.513372297782,BENIGN
04/07/2017 09:16:19,53,544562,28,7,22327.730650671067,82.10224695898263,1,5,0,4159.8141679499995,1665.4874616692061,BENIGN
04/07/2017 09:16:19,22,603829,40,10,5799.5293310255565,101.77305632510776,1,1,0,12128.358683021814,4186.398768216559,BENIGN
04/07/2017 09:16:18,443,515915,12,21,510.9131165535511,40.25992014014469,0,6,0,5957.4892571813725,1417.349317298101,BENIGN
04/07/2017 09:16:22,53,423091,32,7,9799.201134697641,52.892550373842475,1,9,0,9273.754527643081,1476.688874524695,BENIGN
04/07/2017 09:16:23,22,690755,31,15,7284.737658939637,48.247155860409585,1,4,0,2153.933426588696,2331.557217791058,BENIGN
04/07/2017 09:16:23,21,611218,17,20,22315.830794025875,70.80701408187943,0,2,0,11041.754182172088,1416.2259467268461,BENIGN
04/07/2017 09:16:23,443,515965,34,6,4160.711869534747,112.74594036894824,1,1,0,13153.937568935424,430.6764763472762,BENIGN
04/07/2017 09:16:24,443,235125,12,6,30722.509706153258,21.86044766160173,1,5,0,10001.337878910197,3827.272237363885,BENIGN
04/07/2017 09:16:22,53,674351,17,18,16676.247241633406,85.67583512694188,1,7,0,10441.839307982349,4817.941161852615,BENIGN
04/07/2017 09:16:24,22,683422,13,8,30366.877854671413,88.41686859710043,0,6,0,6133.100645974277,4431.6487448996895,BENIGN
04/07/2017 09:16:25,22,224187,9,26,14997.093086811634,71.00828598489157,0,2,0,7217.5495619382555,587.6106307885166,BENIGN
04/07/2017 09:16:23,8080,528291,8,35,30510.395864049762,97.54638113684227,0,10,0,8291.700468917381,4311.5728663163445,BENIGN
04/07/2017 09:16:25,53,95163,13,2,24414.58269920901,9.681602363349146,1,1,0,11495.593074970942,4455.211154890548,BENIGN
04/07/2017 09:16:24,3306,174023,38,28,31890.175855303183,28.01913945305917,1,2,0,12783.297526265185,1543.7065148385911,BENIGN
04/07/2017 09:16:25,80,185349,5,34,16856.663855205126,113.43986058967558,0,8,0,5345.474147922938,1075.6922663844118,BENIGN
04/07/2017 09:16:27,25,637354,27,29,18959.547504610102,85.95815148465977,0,1,0,9285.54759518051,2792.6649286025695,BENIGN
04/07/2017 09:16:25,25,524135,11,8,15711.220735042023,75.97805347853567,0,7,0,14991.705275800585,1299.3450212212513,BENIGN
04/07/2017 09:16:26,8080,55374,25,26,1662.351149629248,40.56367321672828,1,4,0,13518.321317742655,1457.4356257699035,BENIGN
04/07/2017 09:16:27,443,267000,30,33,21034.033958531396,51.37472105576201,1,5,0,1472.2621545815375,3162.613124729651,BENIGN
04/07/2017 09:16:28,22,69815,28,19,33694.20936298206,101.26316876184575,0,8,0,5900.45413469181,4133.470245491301,BENIGN
04/07/2017 09:16:27,80,591813,21,28,4543.3596000399275,37.895287143188746,0,9,0,12927.584432442436,3807.403087661831,BENIGN
04/07/2017 09:16:26,8080,228142,30,18,16378.159052299063,67.90166200437471,1,8,0,7096.313516517683,3819.9136861359066,BENIGN
04/07/2017 09:16:28,80,665565,26,19,10729.696459617488,65.67042947854472,1,3,0,4285.600706036659,1410.785377386966,BENIGN
04/07/2017 09:16:29,25,229701,30,15,13096.046549453515,53.7945032301174,1,8,0,1083.6717695868797,3373.8628931149137,BENIGN
04/07/2017 09:16:29,80,641698,22,12,31873.639231475518,118.85511133956047,0,2,0,14227.567414498913,2252.9826555289083,BENIGN
04/07/2017 09:16:29,53,622934,37,24,20177.866666979888,74.67175856430447,0,1,0,6644.951853457954,4410.394530307298,BENIGN
04/07/2017 09:16:30,3306,644507,19,23,24602.392482580584,51.78019444425541,1,3,0,4513.432912575228,4029.600343908952,BENIGN
04/07/2017 09:16:32,21,185050,13,9,21870.872236818006,59.27551761046757,1,6,0,7514.523476788278,2582.14953549775,BENIGN
04/07/2017 09:16:32,25,704821,13,34,9724.714549588338,39.68121455938752,0,10,0,12577.402656666654,1856.7016713742523,BENIGN
04/07/2017 09:16:33,443,339018,28,13,16538.066745044256,115.33528871966688,1,5,0,10780.470270752492,1354.9598416905403,BENIGN
04/07/2017 09:16:34,445,444906,40,13,7945.6218649118555,77.42026692615845,1,2,0,8006.088017541635,4597.6306887841165,BENIGN
04/07/2017 09:16:34,80,354025,26,3,3592.0062884238855,41.69376007448764,0,2,0,9554.08352020307,258.85811593179767,BENIGN
04/07/2017 09:16:32,8080,143204,7,4,8013.73879836625,81.44977402073134,0,10,0,2002.195807719738,2779.8752312663664,BENIGN
04/07/2017 09:16:35,53,214654,12,12,9013.0036604,12.391002574880542,0,10,0,9228.271079493765,478.1150983667483,BENIGN
04/07/2017 09:16:32,22,157183,4,13,4094.9339913278313,56.224281568607005,0,7,0,9944.9504807529,1390.3087300344494,BENIGN
04/07/2017 09:16:33,80,407226,13,26,20806.257130142312,118.17940848995646,0,8,0,4769.648429776012,4148.001482597478,BENIGN
04/07/2017 09:16:36,80,260704,10,19,29441.67246327822,68.62191621463128,1,3,0,11681.55798353729,4828.749179755276,BENIGN
04/07/2017 09:16:34,443,387679,19,22,33653.66743535549,70.08990393168119,1,10,0,4877.2075194065865,475.4581357314482,BENIGN
04/07/2017 09:16:34,25,337356,19,25,24162.708418068538,94.54316240688377,0,1,0,9341.048255424741,4506.325238841836,BENIGN
04/07/2017 09:16:34,80,251322,26,22,22012.894650846883,100.89617057936893,1,6,0,8635.68735079317,1797.2060012836782,BENIGN
04/07/2017 09:16:38,25,772010,23,7,10268.248261942492,40.48316890382028,1,10,0,14962.732731604514,1292.0770241139783,BENIGN
04/07/2017 09:16:38,3306,216746,15,30,5084.309966680491,84.4262206422435,1,1,0,12437.047836000485,971.4587394303888,BENIGN
04/07/2017 09:16:38,80,45775,40,33,21122.074800679453,43.831584648737994,0,9,0,10354.537988098196,3115.4006474725097,BENIGN
04/07/2017 09:16:38,8080,780337,26,33,24346.62930820949,32.650769760481666,1,2,0,9977.395842841614,4465.457544503123,BENIGN
04/07/2017 09:16:37,25,163183,17,10,22440.629117129745,13.885195775436767,1,5,0,13380.187821464708,4623.314540679351,BENIGN
04/07/2017 09:16:38,22,708161,27,34,1790.6435724472153,59.19552598594273,1,1,0,12977.016744264201,1905.9652778840004,BENIGN
04/07/2017 09:16:39,21,514690,15,6,32336.67280108765,115.43026105994915,0,3,0,1391.532685984055,4877.153646754382,BENIGN
04/07/2017 09:16:41,80,339166,25,28,29133.528705483892,92.99889788485676,0,8,0,986.4854359444948,4672.627385211508,BENIGN
04/07/2017 09:16:39,53,393985,29,35,34117.17506208812,56.59886680834913,0,9,0,1848.1697911138936,2139.874305053571,BENIGN
04/07/2017 09:16:40,21,274755,27,14,28123.606492393366,38.12115308432206,0,2,0,10848.591170872161,1307.4099088283733,BENIGN
04/07/2017 09:16:42,21,753912,26,5,29025.405661282333,83.18923959104605,1,10,0,9724.02814492453,380.71289702675415,BENIGN
04/07/2017 09:16:41,25,20690,24,21,8060.098307575451,115.4688395134056,0,1,0,2043.1627485886565,4766.369092903748,BENIGN
04/07/2017 09:16:41,445,71088,6,24,24646.283359396253,69.69429266614088,0,6,0,14654.798749620126,4324.164535160516,BENIGN
04/07/2017 09:16:40,53,176155,27,28,17749.37935622306,28.28445522707284,0,2,0,13023.283973098021,1442.0342834005096,BENIGN
04/07/2017 09:16:43,80,660198,12,5,14356.927514711688,88.18237345988197,1,1,0,3596.3327944449197,2606.482051000651,BENIGN
04/07/2017 09:16:41,443,1120,24,8,28965.216045741694,20.98990016501267,1,8,0,1613.01613632419,3002.0734191691336,BENIGN
04/07/2017 09:16:41,22,588437,14,24,23995.34900029782,118.7798030302776,1,1,0,5685.7406636985725,4322.284351538169,BENIGN
04/07/2017 09:16:44,53,401115,19,6,2439.2366735978485,71.52424493020106,1,7,0,7119.733197374196,4673.108278121099,BENIGN
04/07/2017 09:16:42,25,695302,31,11,28945.071999793436,112.3941892311434,0,6,0,9096.320746508263,2613.1935771281364,BENIGN
04/07/2017 09:16:43,25,709842,10,4,9089.709553988909,105.30918384422621,0,10,0,6446.023017251842,1316.0950868153957,BENIGN
04/07/2017 09:16:46,21,143108,20,12,3415.3837262683787,7.2141858101864615,1,1,0,922.4416988121308,3540.590909213876,BENIGN
04/07/2017 09:16:44,445,9652,19,21,20379.37826200079,11.957340611468002,1,4,0,10782.848338521097,3969.3674305446048,BENIGN
04/07/2017 09:16:45,443,299663,29,14,26596.942123847577,28.921551036200952,0,8,0,10691.910405953877,3836.4078580211694,BENIGN
04/07/2017 09:16:45,443,35458,36,18,19479.97124384098,17.579728525639073,1,10,0,11748.674823215832,2615.5006429572013,BENIGN
04/07/2017 09:16:48,25,743175,9,18,11388.060198589617,74.40024535246214,0,5,0,8979.181885957714,4015.5766320136554,BENIGN
04/07/2017 09:16:46,21,445466,28,18,13449.920996345632,14.83896346590682,1,2,0,14915.784757639367,2852.999798752163,BENIGN
04/07/2017 09:16:46,25,69221,35,8,3488.521273884194,63.33138551103089,1,5,0,1851.7375231823735,606.9306678653843,BENIGN
04/07/2017 09:16:47,80,421749,10,26,13529.162493181067,36.149455173666695,0,2,0,14432.328617106661,811.4058610313186,BENIGN
04/07/2017 09:16:46,445,45782,7,12,2839.1036200489607,35.72223948337188,1,4,0,1477.9099577837897,2023.1196826063415,BENIGN
04/07/2017 09:16:48,80,236361,21,17,17229.070937199816,13.649919309550768,0,2,0,7475.240596061089,1494.8955322981192,BENIGN
04/07/2017 09:16:48,3306,100087,20,9,4426.93578556183,19.823854875680627,1,9,0,13815.90902022544,3859.1181873950995,BENIGN
04/07/2017 09:16:47,443,696701,9,6,9185.919120383654,102.7333718835133,1,8,0,13126.329687450136,1741.2367129030627,BENIGN
04/07/2017 09:16:48,25,39548,25,2,3311.1326198119273,42.17513045599174,1,4,0,11688.234211722001,522.5616184783264,BENIGN
04/07/2017 09:16:48,443,665157,23,29,31932.96478870905,64.61157040759389,0,2,0,8942.808154534081,107.75654763112324,BENIGN
04/07/2017 09:16:50,25,694597,35,35,33016.11119579153,119.40016203749899,0,9,0,1037.5673117602537,4048.4867711779034,BENIGN
04/07/2017 09:16:51,80,537857,27,26,4244.918608564226,42.46190665886603,0,1,0,11076.48371045886,4914.474107764516,BENIGN
04/07/2017 09:16:50,3306,477078,37,31,29392.626767656533,63.14287613546,1,1,0,13587.023309902483,1981.2587378311484,BENIGN
04/07/2017 09:16:53,22,62914,6,22,16267.713971930287,54.16506366474198,1,1,0,2466.7872667147312,3130.318644415222,BENIGN
04/07/2017 09:16:54,8080,239771,29,16,17054.785256348277,45.04691169115923,1,1,0,13648.120412618286,3838.4899424488394,BENIGN
04/07/2017 09:16:52,53,752226,21,9,26392.495634392617,111.48415670976289,0,4,0,4682.6560371483365,3090.9083719156506,BENIGN
04/07/2017 09:16:51,80,592095,12,8,8465.673951640289,21.938761631703223,0,8,0,4508.01066144198,2875.329565911965,BENIGN
04/07/2017 09:16:55,25,551342,31,26,30909.965010383905,99.18917873823963,0,10,0,1046.7632145362786,3080.90731100594,BENIGN
04/07/2017 09:16:53,80,300655,34,28,20743.3472608507,27.016351126223036,0,1,0,9532.377422716443,1136.7627177356087,BENIGN
04/07/2017 09:16:54,21,780880,30,15,28638.972730131194,66.9826463328285,0,9,0,12342.23670519196,400.7529196876425,BENIGN
04/07/2017 09:16:55,445,257054,13,18,808.8147134620265,106.34804551992922,1,7,0,13524.645793479529,3463.3714652664976,BENIGN
04/07/2017 09:16:54,8080,91638,39,33,27758.539566839496,28.61822867374713,0,8,0,7825.416376935756,4600.539473120684,BENIGN
04/07/2017 09:16:56,3306,368965,18,18,34627.12886179975,37.906325225099856,1,10,0,503.82082410899187,2359.840359455977,BENIGN
04/07/2017 09:16:56,443,151151,18,16,10308.88092130157,99.76269010096574,0,5,0,8239.821880640338,1983.7344306525674,BENIGN
04/07/2017 09:16:58,25,210818,31,8,18947.157381392695,46.84142144444755,0,4,0,11330.20890936875,4858.3860622322945,BENIGN
04/07/2017 09:16:55,445,32724,35,33,16638.380131330152,103.00370144268332,0,1,0,502.72320979629865,2296.9389782085454,BENIGN
04/07/2017 09:16:58,25,204658,19,27,4743.095453153808,72.69720121432843,0,2,0,5188.567989789261,1932.1143734643083,BENIGN
04/07/2017 09:16:57,22,72214,31,5,13990.414997387914,79.0815239930784,0,1,0,13850.168250570632,905.0500511120254,BENIGN
04/07/2017 09:16:56,53,456467,27,28,25897.00867873067,76.66680936871663,0,10,0,6675.300745268437,3811.3223718176882,BENIGN
04/07/2017 09:17:00,25,260992,4,6,23989.814315643103,110.10491556163252,1,10,0,11376.80455422558,4777.982393814788,BENIGN
04/07/2017 09:17:01,8080,381378,9,19,31511.902718863937,114.60813012620794,1,9,0,4520.210726512368,3317.498358669293,BENIGN
04/07/2017 09:16:59,21,575778,24,14,10085.436595885778,97.55860059081179,1,8,0,11701.842390208769,3197.4324723234004,BENIGN
04/07/2017 09:17:01,443,662544,9,35,25881.214230136095,95.88387809575799,0,10,0,9923.656045635067,3681.867565439891,BENIGN
04/07/2017 09:16:59,3306,509368,19,25,32455.948931157756,62.27711653954225,0,2,0,2664.0221496336203,1048.0576753207292,BENIGN
04/07/2017 09:17:00,443,418873,24,16,10269.647164356604,47.40219610996997,0,2,0,6480.063909286069,579.9638237256826,BENIGN
04/07/2017 09:17:03,53,461510,40,24,20741.42726706338,72.92911127564064,1,9,0,2673.588488814465,4994.214487747949,BENIGN
04/07/2017 09:17:00,445,216213,22,17,28046.655147970952,10.23679243886928,1,7,0,7597.550353544638,4363.897560583866,BENIGN
04/07/2017 09:17:03,8080,489600,14,8,3727.989769232354,103.01845308429434,0,5,0,12097.695723071996,3264.495614014194,BENIGN
04/07/2017 09:17:00,8080,46024,14,12,5312.529828935581,10.008204253883264,0,2,0,2763.1481492983175,1980.525690546428,BENIGN
04/07/2017 09:17:04,8080,292964,37,10,19190.790389358677,17.531214532725905,1,10,0,4023.2495452585,865.6433482036127,BENIGN
04/07/2017 09:17:02,25,121935,4,28,28581.502071283223,40.082498873214426,1,5,0,6210.930881979568,4754.142858631261,BENIGN
04/07/2017 09:17:03,21,137238,31,28,26935.06905653615,8.550975510665255,0,2,0,14069.540908150275,1751.1263416002096,BENIGN
04/07/2017 09:17:04,443,167713,21,33,11141.941562132393,18.188056508862218,0,9,0,2332.0955244251254,4586.306741901149,BENIGN
04/07/2017 09:17:05,22,480155,25,14,2014.4974086042098,63.923629522009485,1,2,0,6637.270365616878,3003.412440296979,BENIGN
04/07/2017 09:17:04,21,67480,16,14,27940.903332182435,98.30396202213375,0,8,0,4345.709967287974,4671.771879779291,BENIGN
04/07/2017 09:17:07,25,504676,33,8,2775.9042858041034,66.05357767246886,0,6,0,9536.281286423227,4229.208574626625,BENIGN
04/07/2017 09:17:07,53,8545,40,22,8971.795439899568,29.725655985755225,1,8,0,7712.949211773708,3733.1600065458706,BENIGN
04/07/2017 09:17:05,3306,518019,3,21,13349.74296682884,58.4865991587142,0,4,0,1443.2780265355286,4813.024666502855,BENIGN
04/07/2017 09:17:07,53,575367,21,30,23620.14032220638,64.16846616977729,1,8,0,3973.5619193270945,915.3035535310981,BENIGN
04/07/2017 09:17:07,22,241444,12,33,6015.885213186621,111.37303145662977,0,9,0,9528.473355762946,4502.41405652879,BENIGN
04/07/2017 09:17:07,80,347570,31,31,7653.992714398198,87.25255536736766,0,9,0,12011.03034066623,2344.5208857728217,BENIGN
04/07/2017 09:17:08,53,358610,16,13,7953.015212691521,97.78307088759962,1,5,0,13902.266003319079,2517.180059828629,BENIGN
04/07/2017 09:17:07,80,685999,33,18,28810.54476491136,62.177511055979075,1,6,0,13338.71689052632,2938.079999967894,BENIGN
04/07/2017 09:17:07,22,29340,20,3,32566.14500461679,88.75545738259304,0,9,0,3736.117414541776,3368.0943483272695,BENIGN
04/07/2017 09:17:09,25,397413,4,20,30210.924314255215,34.366912548470836,0,3,0,8607.730770527629,1016.2748340111393,BENIGN
04/07/2017 09:17:10,3306,356041,10,18,25995.19292107219,83.34681774517614,0,9,0,1516.7507366571238,3789.1868323686926,BENIGN
04/07/2017 09:17:11,3306,613382,19,35,31461.172482595302,87.47027710570445,1,8,0,7451.407072476421,1893.4141004968085,BENIGN
04/07/2017 09:17:09,53,651808,9,15,2803.293408854649,73.96563252113747,0,10,0,11282.13052799576,813.0664816488726,BENIGN
04/07/2017 09:17:10,21,98738,3,35,4195.240129247004,77.43683445111309,1,4,0,7800.218677608869,1313.7153225333207,BENIGN
04/07/2017 09:17:11,8080,280726,4,17,1760.2390004957244,80.20441107862482,1,3,0,11543.644223469,4267.3762556100855,BENIGN
04/07/2017 09:17:10,22,81103,4,28,4450.031286947293,45.78649663229274,0,1,0,9078.530421994823,4444.241564285524,BENIGN
04/07/2017 09:17:13,3306,781651,24,15,25089.674863750788,99.99304552512106,1,1,0,8490.284891853724,2636.7830372521335,BENIGN
04/07/2017 09:17:14,3306,248164,11,31,33659.87957868575,107.49827031348299,1,1,0,14682.848562064279,2802.482707416035,BENIGN
04/07/2017 09:17:11,53,721438,37,9,4773.857662858009,32.75453588187641,0,2,0,3035.956771666241,4512.387270153595,BENIGN
04/07/2017 09:17:13,25,543857,32,18,17226.93618894861,24.119012696547475,0,9,0,13017.066938924017,4180.787129293356,BENIGN
04/07/2017 09:17:12,22,343863,5,12,28931.7082165646,116.23861558571691,1,8,0,8247.995465715245,658.6366639687261,BENIGN
04/07/2017 09:17:12,53,712162,17,7,4356.32966536901,47.996695418518,1,6,0,7287.4511780855755,2139.6178802545865,BENIGN
04/07/2017 09:17:14,8080,629867,23,18,9543.024729779092,79.28570383033023,0,5,0,1094.5604606641728,3553.286112226454,BENIGN
04/07/2017 09:17:15,53,493334,23,32,11532.843754766927,90.11649496803032,0,10,0,2989.3583136010384,3078.148838447246,BENIGN
04/07/2017 09:17:17,8080,363859,34,32,14385.323282969512,115.75112633566413,1,2,0,1369.0463060434802,1562.6318409599796,BENIGN
04/07/2017 09:17:14,80,760545,12,19,9070.813727629686,37.60499861822639,0,6,0,1996.2786830725408,3306.4131821300857,BENIGN
04/07/2017 09:17:16,53,249174,4,8,3012.9745113933436,38.8664335355368,0,8,0,6017.018113420175,650.001346836863,BENIGN
04/07/2017 09:17:17,21,723065,34,33,12004.775282641796,9.543067949627446,1,8,0,1524.3918212714004,3292.5913010647764,BENIGN
04/07/2017 09:17:17,8080,322366,17,23,13989.40584835274,16.542342217467635,1,4,0,5711.757953261036,4088.60351335777,BENIGN
04/07/2017 09:17:18,445,172208,23,20,34072.39070921415,45.42417677284242,1,10,0,9949.795855807675,3962.031510960201,BENIGN
04/07/2017 09:17:17,3306,798457,11,27,32240.696254959825,64.25867142603562,0,6,0,10779.657652519629,4347.4604057479455,BENIGN
04/07/2017 09:17:20,443,334528,39,23,5323.999676282117,15.589081455653798,0,8,0,12308.044060837141,2380.8557474284253,BENIGN
04/07/2017 09:17:17,8080,616899,11,2,12108.64252356856,91.73802565112156,1,8,0,2111.1558580145884,3886.8982841155203,BENIGN
04/07/2017 09:17:18,443,734915,21,25,3871.7438547148586,47.66769250243626,1,1,0,6340.057710416872,409.80273502282137,BENIGN
04/07/2017 09:17:19,8080,567563,39,8,18943.15226867344,75.1421601956561,0,2,0,11889.081296871813,4665.04325884138,BENIGN
04/07/2017 09:17:19,21,590450,21,6,9881.333231795648,62.69801082286861,1,2,0,10176.50512020172,2091.7850699187666,BENIGN
04/07/2017 09:17:18,22,79741,22,10,31490.741042481284,30.879082675016008,1,7,0,9482.480449541681,3241.0857918604324,BENIGN
04/07/2017 09:17:22,3306,355003,31,29,2227.176890802731,112.80060197000466,1,4,0,12973.690455815953,3014.8967300475874,BENIGN
04/07/2017 09:17:19,22,296057,29,28,12936.595018903556,13.501289725013626,0,8,0,5105.365251124823,3826.3304331079257,BENIGN
04/07/2017 09:17:23,53,201360,14,22,32290.3050632929,33.17740492201771,1,3,0,11494.550516454823,1050.138605331594,BENIGN
04/07/2017 09:17:24,25,450101,31,20,4170.391846853735,35.37892974326556,1,2,0,6360.163680936066,2239.079720661491,BENIGN
04/07/2017 09:17:22,3306,678546,28,19,10408.462187960542,62.602822980764714,0,7,0,3535.0584961029213,4813.593298699591,BENIGN
04/07/2017 09:17:23,53,584884,24,13,34483.284868293245,26.435366646012692,0,1,0,10018.062356598639,4547.742712344884,BENIGN
04/07/2017 09:17:23,80,724302,25,15,7327.515236055626,65.95284723102465,1,4,0,8972.664119555024,3693.4855887628355,BENIGN
04/07/2017 09:17:22,22,205588,29,12,22548.602215938416,49.07424544978296,1,1,0,982.821053126217,3694.2562004847687,BENIGN
04/07/2017 09:17:26,53,578818,38,22,32962.24294549468,119.24144818949041,1,8,0,4017.0484945570556,4840.944694751305,BENIGN
04/07/2017 09:17:26,445,308273,26,30,15029.20737181875,36.555745256757255,0,7,0,4862.2476160011975,1849.805456636723,BENIGN
04/07/2017 09:17:27,53,764801,22,20,29586.592344114008,88.85199745778273,1,9,0,7737.383279544559,3110.160303685633,BENIGN
04/07/2017 09:17:24,21,585547,38,6,29431.22703638915,91.9173385747835,1,5,0,13690.764555865151,4006.293470102572,BENIGN
04/07/2017 09:17:24,22,573490,35,15,838.5412921758295,65.94718323128116,0,5,0,2508.1250015679793,2778.3205731950516,BENIGN
04/07/2017 09:17:26,80,116502,39,4,27938.13685786419,12.724715483953583,1,5,0,858.6035684407825,356.34586449446556,BENIGN
04/07/2017 09:17:26,53,145860,11,12,4589.705690379298,113.46196866044602,1,5,0,5209.883738857665,1250.8326050428982,BENIGN
04/07/2017 09:17:29,445,369998,6,26,7524.326838427767,53.32539004355153,1,5,0,2500.1946072476444,3335.8117917694058,BENIGN
04/07/2017 09:17:28,3306,224377,6,15,30657.091455855185,7.775682520695504,1,7,0,8410.742745012925,4594.881198185091,BENIGN
04/07/2017 09:17:26,21,77239,24,26,4733.379798015318,95.25454938316119,1,10,0,12238.094708969968,642.0096020871408,BENIGN
04/07/2017 09:17:28,80,610048,8,10,21610.72112715519,62.316502761901695,0,4,0,4093.845303885831,637.7728968963194,BENIGN
04/07/2017 09:17:30,8080,1298149,225,162,140302.87602688692,2161.297494399507,18,117,2,114.81134333442695,75.8205947757526,DDoS
04/07/2017 09:17:29,445,9072,13,13,22163.538367920515,19.608453922856903,1,10,0,11954.584141847092,3946.880578426194,BENIGN
04/07/2017 09:17:28,80,14734,17,33,16643.82460241711,84.72342552839915,1,3,0,1673.93639654242,1058.068464766768,BENIGN
04/07/2017 09:17:29,443,656505,27,34,29912.013528549287,6.111373073325821,1,8,0,9920.023258762883,2672.902236795782,BENIGN
04/07/2017 09:17:31,443,719943,177,154,246640.4685130449,1563.6569969716136,16,23,2,964.1557498920304,141.2728788748665,DDoS
04/07/2017 09:17:33,8080,1707419,232,78,297233.7975745797,1486.7017640508002,20,68,3,744.5558136464799,68.91072635830506,DDoS
04/07/2017 09:17:31,25,549680,8,26,14285.11857631808,117.63869236711126,0,10,0,14697.046029370254,4073.3321869426027,BENIGN
04/07/2017 09:17:32,8080,1242339,347,35,260441.31097594634,1430.5306663035287,19,51,5,701.6998117399851,274.0530189844866,DDoS
04/07/2017 09:17:32,22,519779,39,6,10104.113130877557,53.37041175686641,1,1,0,4944.293223726833,4305.101997143074,BENIGN
04/07/2017 09:17:31,80,1807075,51,197,214818.89282448546,2361.4037103803685,19,56,5,156.71128952333908,161.515940130674,DDoS
04/07/2017 09:17:33,80,1927587,340,37,293648.35686753807,603.5976011069229,17,66,5,604.2781463000427,96.3955096642878,DDoS
04/07/2017 09:17:32,80,414195,298,69,174210.5226633915,611.6083650801702,19,73,0,246.68071570161104,170.93262636887118,DDoS
04/07/2017 09:17:32,80,517836,323,153,163526.35460570804,2266.879146133095,6,131,0,200.15169554960042,255.9333753522447,DDoS
04/07/2017 09:17:33,80,1827283,396,195,79330.26262228227,2953.389227393063,16,107,2,754.4637842223877,139.30142022122396,DDoS
04/07/2017 09:17:36,80,1010620,143,29,237808.67837848244,2649.155432392011,20,56,1,773.5072480799786,110.19837497701215,DDoS
04/07/2017 09:17:34,80,778070,200,153,423759.46936521365,1789.5214114207051,15,141,5,684.5603941821155,275.3518403137049,DDoS
04/07/2017 09:17:35,443,915650,89,189,365706.84061501536,1700.3997594634598,6,57,2,986.7380466768241,167.17148368131552,DDoS
04/07/2017 09:17:35,22,449233,20,11,4898.730248282779,106.14808605498011,0,10,0,14959.548532805858,680.5724413440677,BENIGN
04/07/2017 09:17:35,8080,1062153,199,142,276812.6269588969,1381.7806459339931,18,31,3,646.6966408289409,235.2005973091228,DDoS
04/07/2017 09:17:36,8080,611035,297,126,403358.6616521847,1546.3857273115088,20,150,4,92.20059550205335,44.00843562366891,DDoS
04/07/2017 09:17:39,443,594398,212,168,351547.3824347243,1376.013732743047,15,110,4,217.85261367654937,144.3562324840537,DDoS
04/07/2017 09:17:38,443,705809,309,169,267649.6796300625,2343.127363960398,17,63,1,493.9543275490006,50.49484560858262,DDoS
04/07/2017 09:17:38,443,1079877,232,28,182916.72884892268,690.8127828978293,7,92,1,397.5924707992498,178.5937464233781,DDoS
04/07/2017 09:17:37,8080,825661,200,52,194027.43679809928,1387.6139327417554,15,107,4,492.28347958582816,246.10485662509032,DDoS
04/07/2017 09:17:38,443,1158834,132,194,411623.00346471486,945.8689925305845,14,123,3,371.6826639726007,113.54837107612198,DDoS
04/07/2017 09:17:41,80,880485,179,57,432344.5492556167,2143.8820302777676,12,142,2,853.8265015604684,63.37459317374182,DDoS
04/07/2017 09:17:38,443,679519,106,153,397115.6644232229,2761.5957981584856,9,64,1,690.0262367515433,187.99654068064484,DDoS
04/07/2017 09:17:38,443,1015573,218,195,225458.4209818537,2008.2360407558645,11,82,3,679.4265483718723,215.67584549309015,DDoS
04/07/2017 09:17:40,443,253379,38,17,20056.336896193257,75.76912001269635,0,6,0,12174.906277538797,4871.94944807697,BENIGN
04/07/2017 09:17:39,443,1896062,213,56,417809.0541355586,1430.9694210462249,17,46,3,588.8127271587091,289.3789338209579,DDoS
04/07/2017 09:17:41,443,1032415,112,155,495374.9801214511,971.5641189933881,10,50,5,347.15776299731755,188.14898695531983,DDoS
04/07/2017 09:17:40,8080,1808344,301,135,135887.24824688456,1032.7402434123796,20,77,3,95.50709623725257,131.43189268816894,DDoS
04/07/2017 09:17:41,80,1334436,366,85,144384.3578540053,938.5532747103593,13,99,1,670.7847407139726,174.39894015647803,DDoS
04/07/2017 09:17:43,445,729659,31,13,14054.377344753917,114.32859846455422,1,2,0,5807.929057127612,154.09097802532557,BENIGN
04/07/2017 09:17:43,445,764778,12,5,1066.4259350380676,13.640351950043577,0,9,0,13027.495749322114,805.1655892593488,BENIGN
04/07/2017 09:17:43,80,955196,350,36,344029.92014795326,2337.3182578309024,8,143,3,87.90939549161821,221.97179129213845,DDoS
04/07/2017 09:17:44,443,929330,85,197,222489.35501833315,751.4180016731965,8,35,5,492.06792719564635,78.182714407169,DDoS
04/07/2017 09:17:43,443,1492044,86,78,177553.66839597336,2350.0382935566595,16,108,3,74.68337474017702,44.96481197739442,DDoS
04/07/2017 09:17:43,80,1506095,281,188,181195.34560911826,2542.9546193467754,15,89,0,406.17386819519254,214.4267974969337,DDoS
04/07/2017 09:17:45,80,1628884,94,93,95289.8706200327,515.690501875443,15,122,0,442.45787898531484,35.49906505856842,DDoS
04/07/2017 09:17:45,80,1300471,364,168,257365.16926977184,1379.4699087115714,16,68,0,820.0771481956153,157.91226574452762,DDoS
04/07/2017 09:17:46,8080,1723811,390,118,175164.40499912493,1339.640144366467,9,35,4,751.1776440899173,152.41663036291482,DDoS
04/07/2017 09:17:45,443,1930163,354,107,338905.4093934315,2565.780568370946,5,38,1,771.544547370883,37.661126171750084,DDoS
04/07/2017 09:17:47,80,200711,35,9,32452.27113715222,102.16756201156578,1,9,0,3284.2274679470456,3155.1576731221367,BENIGN
04/07/2017 09:17:48,443,1602701,291,177,162388.88817252204,2900.238241086086,17,46,1,495.75486090143846,299.5310385877353,DDoS
04/07/2017 09:17:46,3306,526798,23,17,20096.230073684183,29.513070562908855,0,6,0,10275.151078465462,3647.5619267323477,BENIGN
04/07/2017 09:17:49,443,1015073,257,96,380920.01217805536,2634.755736874242,17,138,1,422.4643715252284,264.03143210672806,DDoS
04/07/2017 09:17:47,80,1989325,98,51,109154.24496626781,821.0818848433755,11,111,4,227.50387176490034,77.38329174392773,DDoS
04/07/2017 09:17:50,80,1693723,396,68,453774.5580056079,2107.6354078174527,14,70,0,837.6565594517633,89.94849475332536,DDoS
04/07/2017 09:17:48,443,1068540,211,113,104979.00653756356,2269.9149467430816,8,118,0,576.125902742702,111.9966596556757,DDoS
04/07/2017 09:17:50,443,589000,388,158,259021.4202828733,1875.818347572168,13,81,3,73.167656425182,184.37934540632466,DDoS
04/07/2017 09:17:51,8080,977763,316,198,345144.46323968755,940.9242262174273,14,44,1,570.414708675911,108.9706612617524,DDoS
04/07/2017 09:17:50,443,734606,308,68,475049.889997312,1245.3887196589712,14,74,2,74.1786757313042,134.53464925719462,DDoS
04/07/2017 09:17:50,80,422720,10,22,19467.830300896443,6.5720873833521685,1,8,0,10555.496585036555,1688.5270297147226,BENIGN
04/07/2017 09:17:52,80,357490,30,2,26011.34654904182,119.3064719764719,1,6,0,11013.513163521455,4228.400145928255,BENIGN
04/07/2017 09:17:52,443,1186286,221,139,377878.16194432223,1303.615385544973,10,116,5,269.215458729102,166.5209642293798,DDoS
04/07/2017 09:17:54,8080,1650542,248,87,290767.12110725604,2996.5949160548485,17,85,4,265.54581022771924,161.6032892049518,DDoS
04/07/2017 09:17:51,8080,817617,97,47,474312.0723713894,684.7404013460372,12,116,3,734.3830006186356,208.4802762625084,DDoS
04/07/2017 09:17:54,80,1174449,346,55,166684.75952941464,2472.180892800372,19,149,3,993.6128195707356,274.99302474865124,DDoS
04/07/2017 09:17:55,443,588028,90,59,251952.1334799277,944.996438932993,13,112,3,111.65828003513771,171.9717962137912,DDoS
04/07/2017 09:17:54,443,1072198,114,153,283901.7350139735,2634.8520618501234,18,85,1,905.3706081636914,195.64906324139716,DDoS
04/07/2017 09:17:55,80,1442824,382,156,423725.6173469532,1740.5351413569813,10,60,4,453.8908309787883,102.22301907065341,DDoS
04/07/2017 09:17:53,443,431026,136,102,97825.0515113468,1837.0683414732448,16,32,4,716.3978327199522,273.3009152995154,DDoS
04/07/2017 09:17:56,80,1165574,240,198,476318.1230941354,2788.1572912461183,13,72,0,343.4577780532401,124.32380622867757,DDoS
04/07/2017 09:17:56,80,794054,261,185,205080.483517336,984.312114013524,20,118,5,94.06721182999712,98.55571602893902,DDoS
04/07/2017 09:17:57,8080,1594434,78,112,229087.88075084653,671.0500079241995,19,71,2,799.2019657671301,286.52185120955727,DDoS
04/07/2017 09:17:56,443,386632,369,52,268658.9006165321,2070.2461736962896,17,30,5,897.8225232168073,186.463801613508,DDoS
04/07/2017 09:17:57,8080,900376,309,171,419998.1234169171,1444.9495089556403,9,83,3,690.3154407873453,279.44429381096273,DDoS
04/07/2017 09:17:55,8080,878203,72,25,443752.496980156,581.5008870575388,11,127,2,678.8248180917136,132.27154957778336,DDoS
04/07/2017 09:17:58,443,1728920,239,47,165150.2555092018,2542.5680006437597,14,34,2,413.30881438161936,261.676879739847,DDoS
04/07/2017 09:17:58,80,1531033,326,73,142018.25255368513,987.240051983123,6,88,4,157.62499159077692,94.9971018431127,DDoS
04/07/2017 09:18:00,8080,1094821,228,22,212387.09850030363,2796.7468730289647,19,117,4,575.7562434916813,147.57812283118326,DDoS
04/07/2017 09:18:00,8080,1061917,59,21,292476.94323428883,1103.867347684101,15,136,5,331.52477118540054,200.3757412144954,DDoS
04/07/2017 09:18:01,8080,1562012,111,86,412667.4540145603,609.0864817597884,16,97,2,148.15945179526838,190.6297344239929,DDoS
04/07/2017 09:18:01,80,567771,230,123,329414.719168252,2465.674024654497,5,27,0,693.8406150336834,225.90642690364982,DDoS
04/07/2017 09:17:58,443,447593,68,89,357087.1121314908,1822.9007091998326,8,39,3,389.80128297532707,272.7602855720403,DDoS
04/07/2017 09:18:00,8080,764967,99,164,301035.25492561597,2505.6967525934633,14,60,0,351.52120698993957,240.32583577813008,DDoS
04/07/2017 09:18:02,443,1183521,325,53,310905.6379179745,791.7355815958133,8,106,2,646.3564829787585,136.1888674639348,DDoS
04/07/2017 09:18:02,443,1522789,126,110,209256.7727110247,1175.2817521535871,7,94,5,981.1549450280968,123.06274812976095,DDoS
04/07/2017 09:18:00,8080,1641917,182,120,435615.01545615896,905.797935086759,12,40,3,527.7622997555784,152.84420994510825,DDoS
04/07/2017 09:18:03,80,1028228,204,111,254535.19488983,2005.573289438583,8,34,5,529.9751471500042,257.6911798437445,DDoS
04/07/2017 09:18:03,443,1142174,114,20,480973.06760025444,2615.8382601077706,6,113,2,747.4475778857237,159.26960616314338,DDoS
04/07/2017 09:18:03,3306,152046,22,14,7364.309548425652,17.785820146582022,0,6,0,13025.709887234121,4453.268797598926,BENIGN
04/07/2017 09:18:04,53,565263,12,32,3864.8299323330393,117.31557162366673,0,3,0,5398.20287358101,667.2858491678463,BENIGN
04/07/2017 09:18:02,443,1590669,93,72,270882.5999756544,878.1622075147009,20,126,3,988.1288917133139,102.78505531724012,DDoS
04/07/2017 09:18:06,3306,355393,31,25,28341.36390794289,38.261148610364195,0,7,0,5038.088498867036,2456.8740437315187,BENIGN
04/07/2017 09:18:06,80,1736871,210,25,224877.21919733382,1940.9816812826334,13,88,0,818.9267122823459,32.339818073286516,DDoS
04/07/2017 09:18:06,8080,1889454,272,43,131343.08910017664,910.4976662014467,19,134,1,153.23810208350136,236.2087576369393,DDoS
04/07/2017 09:18:06,25,459304,33,20,34126.03704179593,94.67809192285479,1,5,0,11097.82837837156,3344.129537676349,BENIGN
04/07/2017 09:18:07,22,727462,5,22,6689.398588203488,18.78382077296792,0,10,0,2451.075602687486,4611.096383751049,BENIGN
04/07/2017 09:18:06,443,513014,189,39,54823.92395311334,2704.289902794629,13,84,2,580.1055729661832,218.92459791598088,DDoS
04/07/2017 09:18:05,8080,815423,217,68,488300.78435593244,2997.9593587495606,5,138,3,558.4367295689391,48.79171035083864,DDoS
04/07/2017 09:18:06,80,595690,303,93,71717.1382403027,610.7464048019893,9,20,0,654.3323744510533,139.82722287476196,DDoS
04/07/2017 09:18:09,443,220970,182,193,212177.11719322667,2122.7777121610666,16,51,3,470.8208510854363,277.6884497264182,DDoS
04/07/2017 09:18:09,443,1599290,69,66,436932.01955147483,2403.4645614694527,12,100,5,63.166675102899404,71.63310186731812,DDoS
04/07/2017 09:18:07,443,1688476,145,79,438684.69362075767,2475.8606050584403,7,127,1,711.0062302559154,164.92310458600616,DDoS
04/07/2017 09:18:09,443,1992075,339,198,132371.25394311437,861.7842486778733,20,51,2,659.595586862146,126.58476219886235,DDoS
04/07/2017 09:18:10,8080,1326365,116,180,265447.15927199525,1256.259460785384,18,120,0,260.90784150708276,284.4502361707707,DDoS
04/07/2017 09:18:11,8080,1274762,185,179,497855.1505542653,2098.2132066172403,13,106,1,148.16144195209696,51.918754598945625,DDoS
04/07/2017 09:18:12,8080,842754,304,190,178262.6171455281,1666.5862225539872,14,93,2,108.52407017244087,193.54246826563175,DDoS
04/07/2017 09:18:11,443,488294,235,173,284811.36187004606,848.0166056476083,14,50,4,290.42910893110957,121.86883788063317,DDoS
04/07/2017 09:18:12,8080,296421,211,40,197858.41862897496,1162.757539416737,10,148,3,203.79851795606132,284.69454681493824,DDoS
04/07/2017 09:18:13,443,1213332,97,113,393026.83450576843,1223.3365340950481,10,42,2,633.4114724638553,168.37858615844988,DDoS
04/07/2017 09:18:12,443,813803,186,179,438395.24979771493,1227.9636866706835,15,140,0,106.0324261598305,240.0730777542296,DDoS
04/07/2017 09:18:11,80,1835791,351,74,298551.9204799816,2739.9928346758293,11,150,4,351.95863168586607,93.92037530263539,DDoS
04/07/2017 09:18:15,80,1562637,314,25,479572.11785834696,548.0029314081418,10,74,5,859.3544506699216,143.0091711180957,DDoS
04/07/2017 09:18:14,8080,1048711,302,144,216112.20718896732,2782.962378186271,7,88,2,291.7976947306431,187.92476341254167,DDoS
04/07/2017 09:18:15,8080,315814,65,144,161603.70389808054,2696.536505440569,11,104,2,918.591458469043,166.99176727809404,DDoS
04/07/2017 09:18:16,3306,375888,13,21,9911.876023925557,68.9242556007452,0,5,0,5411.653974682879,4941.806698282932,BENIGN
04/07/2017 09:18:13,443,1061474,212,93,397539.8308636542,548.4423453379351,8,123,3,402.9460135579295,239.7153757859445,DDoS
04/07/2017 09:18:13,445,650391,3,8,12212.008362717399,99.32971910228977,0,4,0,4138.330284716842,4900.797908046401,BENIGN
04/07/2017 09:18:15,80,614449,175,31,266992.87420629524,2072.9602754435364,6,111,3,364.03957870821637,196.6802084040871,DDoS
04/07/2017 09:18:15,80,359060,39,3,26552.56977786408,82.02403190315711,0,4,0,7616.046762649676,2494.0939409122025,BENIGN
04/07/2017 09:18:14,8080,1937661,139,101,304144.1094633981,1156.8111889922016,19,125,1,989.6556140935259,144.03130312064434,DDoS
04/07/2017 09:18:17,443,971769,71,108,158673.06815047792,2452.897326227645,10,115,5,768.4533974868112,138.2872680081873,DDoS
04/07/2017 09:18:17,80,1362549,79,167,236333.40992968017,1283.8524579537252,17,145,1,89.1917889087951,297.5374100686375,DDoS
04/07/2017 09:18:17,443,845425,75,20,466976.99950516154,1047.771721765473,12,49,4,755.7172309701065,151.5600610762793,DDoS
04/07/2017 09:18:16,8080,475609,202,174,125956.78503014264,1475.8293668444624,7,132,1,735.3340540630029,122.08590390167694,DDoS
04/07/2017 09:18:17,443,970581,323,173,455185.2742966357,2218.840926232311,16,80,2,979.8124047270554,71.58068451118476,DDoS
04/07/2017 09:18:17,443,849820,174,61,305816.0617258359,2496.8701910663576,19,127,3,847.526910407887,140.77248978148518,DDoS
04/07/2017 09:18:18,443,1618614,63,146,382495.92773118895,2612.6510297927343,5,87,5,356.43381892139627,46.02050847752885,DDoS
04/07/2017 09:18:19,443,673799,83,43,460577.9756683109,1909.0541979353077,19,22,0,814.4698854633914,82.1065487217418,DDoS
04/07/2017 09:18:20,445,214221,8,17,29152.72221582885,72.31579886057065,0,10,0,7686.057402342589,4938.293491965622,BENIGN
04/07/2017 09:18:21,80,1771026,122,65,430314.55067281076,1165.168329080068,12,128,2,682.505039706638,207.6697727172244,DDoS
04/07/2017 09:18:19,443,1188344,331,24,435170.8229877243,2990.638993046554,14,75,0,117.90683448289208,216.69666131705546,DDoS
04/07/2017 09:18:20,80,838621,84,175,331522.1574019858,791.5982363512423,12,58,0,674.4978670166856,140.1097704224158,DDoS
04/07/2017 09:18:23,80,447031,17,30,18584.555998980995,100.68586004231281,1,9,0,12567.450606906763,4147.502395319342,BENIGN
04/07/2017 09:18:21,8080,1482101,135,116,425900.0588993465,924.554144502519,9,20,1,789.6286998588098,78.98026556830305,DDoS
04/07/2017 09:18:21,443,625331,158,148,286044.6170911285,1007.5619962718142,12,33,1,697.7675147693816,165.12705191890137,DDoS
04/07/2017 09:18:25,80,1107347,58,107,215358.91593907765,1238.6212089417559,9,90,5,768.7562448765078,22.487684280691855,DDoS
04/07/2017 09:18:24,8080,1118167,385,170,491626.2346936043,1088.7721550643007,9,149,2,218.03042804399215,297.48603159725445,DDoS
04/07/2017 09:18:24,8080,1229677,165,155,469580.16536065243,1170.4844947878637,16,69,1,194.24059578635362,270.99242311886246,DDoS
04/07/2017 09:18:22,443,1382924,261,100,490207.7366385624,983.1116841946603,19,122,4,322.3492886149434,202.56105520915077,DDoS
04/07/2017 09:18:24,80,1361730,82,189,84237.41235998739,1566.5226525680432,18,112,3,643.7554951991577,167.30020165226313,DDoS
04/07/2017 09:18:24,8080,1307621,79,98,420201.4566010138,2938.783473140645,15,132,4,261.8612884426253,213.63292003855167,DDoS
04/07/2017 09:18:26,80,1091206,53,190,246243.86549025678,2661.8219178534578,7,59,3,570.2449767462523,123.48754994030529,DDoS
04/07/2017 09:18:25,443,452283,305,121,426974.4513206612,1473.0443893774948,15,21,3,787.1021406106688,198.05908561013013,DDoS
04/07/2017 09:18:25,8080,352186,124,32,114756.09989352158,1010.0790145702774,20,133,1,443.9632246901162,147.45786598326345,DDoS
04/07/2017 09:18:25,3306,675944,24,30,2879.4729961067483,107.87604344538677,0,6,0,623.8267900030024,3975.32627634662,BENIGN
04/07/2017 09:18:29,80,1018303,316,51,306148.0073189571,1438.6832990400615,9,87,3,380.515131248147,256.01357122957165,DDoS
04/07/2017 09:18:26,8080,1582431,181,95,356182.53659726604,1284.1943484622952,6,32,3,896.7910244200662,58.23230998074906,DDoS
04/07/2017 09:18:28,443,1043716,242,124,293875.25615234626,1723.1756819676896,15,114,4,634.4083051083666,230.31320423505878,DDoS
04/07/2017 09:18:29,443,1108223,208,136,474506.02168269485,1743.5847725339856,15,113,4,711.3180211981667,191.45142765042658,DDoS
04/07/2017 09:18:30,8080,494027,333,191,213216.2374671498,2957.4113623301523,17,26,4,638.5433808049378,94.64153811741826,DDoS
04/07/2017 09:18:28,8080,1430773,278,135,446773.46166292223,1150.4800552795873,18,20,2,354.2756896096527,45.69792169785197,DDoS
04/07/2017 09:18:28,443,1325720,262,149,58021.082850645136,950.8408290104583,6,33,2,472.3441738427362,115.78027505766741,DDoS
04/07/2017 09:18:31,8080,290215,107,35,264805.7692385807,2518.398657049102,15,83,5,539.90522527441,22.465303972530428,DDoS
04/07/2017 09:18:30,443,1974592,197,36,75135.5105803558,859.1815462198747,13,134,1,380.8912354081975,152.32015061911022,DDoS
04/07/2017 09:18:31,80,339341,284,42,459626.8934882854,2890.2326826452095,11,150,5,148.32034882619445,121.06368140813969,DDoS
04/07/2017 09:18:31,443,1546548,361,33,203688.8911848075,858.2753952698056,6,132,3,290.8082601942,246.6539612028398,DDoS
04/07/2017 09:18:33,445,463472,29,25,6278.329455671326,119.95638816891667,0,3,0,12341.911524538898,952.2377769267185,BENIGN
04/07/2017 09:18:31,80,498051,216,184,437807.15941926575,2194.122809552733,14,49,0,731.6790141105856,43.018756298841666,DDoS
04/07/2017 09:18:34,80,1796281,215,83,154089.5766674377,2768.5989174525607,19,51,2,155.7884720308852,234.81979159587073,DDoS
04/07/2017 09:18:31,8080,976512,345,35,362018.0911399003,1244.115755267428,7,126,0,345.67417365868926,20.991281398292536,DDoS
04/07/2017 09:18:32,443,325515,143,124,61531.26048066848,666.1540418859092,14,39,2,378.7280287320888,157.4375551520532,DDoS
04/07/2017 09:18:35,3306,691035,25,32,29497.871069890105,58.43202760012157,0,10,0,8206.852084449518,2518.4875962982956,BENIGN
04/07/2017 09:18:33,80,678726,362,160,193914.84533174397,2532.003794105751,20,117,3,69.77053442117976,84.47178326506206,DDoS
04/07/2017 09:18:36,443,459525,101,74,181717.0703749459,1687.3806279180574,8,114,1,169.72694910191785,38.05998824513432,DDoS
04/07/2017 09:18:35,8080,666822,327,181,145656.4981628589,1894.6665437557215,13,80,5,371.049885362621,71.43706225650425,DDoS
04/07/2017 09:18:36,80,1813314,133,144,63703.595813708765,844.5518955194921,19,65,3,51.94002506348651,108.78937690841114,DDoS
04/07/2017 09:18:34,443,1006639,367,200,126293.39763856433,1616.0414996150027,9,84,1,967.8645056204402,186.5851520184235,DDoS
04/07/2017 09:18:34,443,305038,319,171,330517.41595596995,1468.8402754362132,9,26,2,291.17600239717774,138.9917015483117,DDoS
04/07/2017 09:18:35,8080,1551314,301,83,320273.8129603945,1095.62588544425,13,78,0,150.7290566357301,105.79710262148318,DDoS
04/07/2017 09:18:38,443,1667455,238,158,78462.12794829921,893.3237904331775,17,60,2,723.4529774987559,246.09109135533836,DDoS
04/07/2017 09:18:36,80,1279154,340,189,299661.40301121614,1104.6360696924703,16,82,2,60.62564987953854,197.25741072388212,DDoS
04/07/2017 09:18:39,80,1602675,302,176,484124.24703649344,2383.926159967483,14,42,1,435.0284106783626,225.94225892342854,DDoS
04/07/2017 09:18:36,443,1746387,118,129,79161.0748558569,2444.8207183276695,19,128,4,724.6395025019979,193.58373431036776,DDoS
04/07/2017 09:18:39,80,985705,232,159,332096.73792435013,1583.9335651127615,8,20,2,292.29969000236565,77.25348231311779,DDoS
04/07/2017 09:18:38,21,660097,34,18,13417.136681640144,109.60737479989501,0,6,0,8618.771452158522,2228.2832288557274,BENIGN
04/07/2017 09:18:39,443,1250417,245,46,310650.9914463993,2162.748284018331,7,60,1,293.24666090154744,269.86769765641566,DDoS
04/07/2017 09:18:38,443,1039224,173,198,183409.1530102961,2804.044365145958,20,36,2,605.4360376028734,178.17305489274673,DDoS
04/07/2017 09:18:40,443,1439091,239,50,325831.186409571,1221.5514421138291,7,29,1,531.4980949707754,129.48876049041485,DDoS
04/07/2017 09:18:42,80,1958642,122,111,433232.0973142766,518.2036150819833,10,21,3,613.5700501022923,162.92941941668906,DDoS
04/07/2017 09:18:42,8080,369582,195,105,258651.70398910422,2349.2470491084305,8,120,2,229.88038150717492,157.26627989294155,DDoS
04/07/2017 09:18:42,8080,755363,15,6,30397.869225869326,69.81659472494682,0,2,0,1428.691829168155,1808.1529276429205,BENIGN
04/07/2017 09:18:41,8080,1161095,109,28,186551.34688137125,2312.519918831028,17,54,2,53.93985710238339,196.44758956365183,DDoS
04/07/2017 09:18:44,443,1603551,63,29,62445.130090074555,2474.945293651717,14,31,1,790.9570545635753,123.97839617000417,DDoS
04/07/2017 09:18:41,25,655047,17,10,31771.889514650047,5.639278115832854,0,3,0,6598.768697730054,3199.086696456369,BENIGN
04/07/2017 09:18:44,22,62684,26,24,6116.165249868573,98.82321146216589,1,9,0,7045.412120624419,3967.051353572818,BENIGN
04/07/2017 09:18:42,443,598318,162,181,322907.1398165554,1715.4185402555468,15,90,2,320.0889616410822,169.25862946048315,DDoS
04/07/2017 09:18:46,445,284607,21,25,4815.134166184656,83.56295585762577,1,10,0,11409.778535922014,373.17127267597834,BENIGN
04/07/2017 09:18:46,443,611329,212,42,147505.87266513638,2337.6758076614788,17,65,3,814.9665799764207,25.265960783822724,DDoS
04/07/2017 09:18:44,80,979325,136,177,300135.01413442765,2467.98943992352,15,120,4,714.7949897723907,248.74008761940374,DDoS
04/07/2017 09:18:45,80,1778599,134,146,327400.28028985707,1390.060828093468,19,46,3,136.65484790831275,220.74169340280247,DDoS
04/07/2017 09:18:47,80,686287,390,158,135858.0504739505,1585.6038232154644,19,54,4,552.1666471710732,114.72715547977646,DDoS
04/07/2017 09:18:47,80,568232,71,112,143867.50809979448,569.3682558917086,9,71,1,774.7343482008718,130.46330439614684,DDoS
04/07/2017 09:18:48,443,551506,100,28,416394.58124227886,2610.0802661998587,10,101,5,577.1084800813501,130.5128657845745,DDoS
04/07/2017 09:18:49,8080,1230570,58,135,357852.3065050723,1227.5795305481556,17,65,1,457.0981119641007,258.5440349338685,DDoS
04/07/2017 09:18:49,443,1238889,60,117,191850.10535178523,1050.2186671325928,12,136,3,380.30415594776207,241.88984574132434,DDoS
04/07/2017 09:18:48,80,1489082,390,23,363581.39595804375,1409.0792093567718,17,58,5,682.7039068562569,296.95192472110546,DDoS
04/07/2017 09:18:50,80,691369,178,198,491711.9560463585,1959.7596212418632,18,55,3,716.0728365217108,53.59009562658474,DDoS
04/07/2017 09:18:48,443,590423,131,118,430332.58827463083,1092.7933877675214,15,118,0,340.92101290786223,203.3291514032035,DDoS
04/07/2017 09:18:49,443,1763452,109,144,342349.72277620586,1068.2531051009682,20,40,3,728.2285143832459,259.34356399751636,DDoS
04/07/2017 09:18:52,443,763716,92,101,309835.1706136528,992.1288237273092,7,141,5,878.3263156741052,197.43242791878305,DDoS
04/07/2017 09:18:51,8080,1413650,83,151,258143.7629338102,529.2259822289548,14,82,1,673.8315800054329,249.5701026948227,DDoS
04/07/2017 09:18:52,443,1238560,352,103,93197.33118705536,1729.1774027203853,8,98,0,417.95847899160157,152.9292071685004,DDoS
04/07/2017 09:18:51,443,1542349,140,135,183027.04521098585,2047.686855988916,6,63,5,991.6224906552,237.88044465967772,DDoS
04/07/2017 09:18:52,8080,427999,298,34,185074.30113416625,2691.9213199712904,5,74,3,111.40664746481474,297.97606186628366,DDoS
04/07/2017 09:18:52,80,1926409,321,49,239349.2315994579,611.0547105328505,17,138,1,621.7609862257762,94.21967891698066,DDoS
04/07/2017 09:18:51,443,237159,307,198,110953.51396051318,968.7535470501177,7,25,3,660.3536836044644,234.2769514740466,DDoS
04/07/2017 09:18:51,80,816869,182,191,82666.70358394763,1595.544015376203,5,144,5,804.7901884289985,44.26499416260182,DDoS
04/07/2017 09:18:55,53,498168,40,13,18921.86056420076,42.80429712230307,0,7,0,845.830072426564,2231.8580726799537,BENIGN
04/07/2017 09:18:55,80,1860432,69,111,251866.57533398902,788.3653221445664,14,133,1,189.57204526070151,208.31838559337888,DDoS
04/07/2017 09:18:56,443,257224,311,168,60238.56618579662,2456.5439861296327,11,42,5,139.69182825390538,291.8683708766926,DDoS
04/07/2017 09:18:55,443,1545817,103,179,462639.06744739314,2966.274668102759,16,92,3,596.41364592202,73.83386450561251,DDoS
04/07/2017 09:18:56,443,432925,215,34,281913.83529738145,708.3322969781484,20,100,4,275.03740235822585,272.98098859547656,DDoS
04/07/2017 09:18:54,8080,943565,299,153,134436.0753888062,1070.2110466528902,11,69,1,144.82744076325605,192.12062262768066,DDoS
04/07/2017 09:18:55,53,162688,14,26,16782.52552252632,72.3121853698559,0,10,0,6516.59983709478,1134.016832027573,BENIGN
04/07/2017 09:18:58,443,1504484,329,115,119771.04690169048,699.5309733284403,12,33,1,242.81054931154935,125.70305016606463,DDoS
04/07/2017 09:18:56,443,1558206,268,104,439212.01522120653,1285.8132294351392,10,127,0,612.1730976588397,295.6741041077082,DDoS
04/07/2017 09:18:56,80,1384864,200,182,64647.527116670244,2859.804699171793,16,35,2,610.5693587264693,219.1793113565938,DDoS
04/07/2017 09:18:58,443,483225,109,112,78496.8517946945,2179.6746886988494,6,87,2,404.9473376626464,59.204634863054565,DDoS
04/07/2017 09:18:59,443,1816138,199,44,213561.9551285982,1846.0249198327385,9,131,0,406.8906104370459,81.83763351326851,DDoS
04/07/2017 09:18:57,443,1466087,83,175,438898.6655466017,2955.7758097981314,9,89,3,168.11530293457645,173.9730482169134,DDoS
04/07/2017 09:18:59,80,202652,31,34,2391.730510006741,103.37717295470327,0,4,0,7701.5297842085665,408.3181439516961,BENIGN
04/07/2017 09:18:58,443,390216,6,12,16976.167983629763,18.2063064231912,0,7,0,7165.566102165746,3443.6545066246385,BENIGN
04/07/2017 09:18:59,8080,459554,279,33,484899.74149461533,704.0514535126845,17,59,1,62.92205870944551,124.44017748230543,DDoS
04/07/2017 09:18:58,80,282349,97,114,308683.9497496899,1744.811782587914,15,47,1,466.5104413073638,243.4166326974392,DDoS
04/07/2017 09:19:02,80,724241,235,112,319427.2124158517,2602.0561756749808,8,68,1,190.12406667969307,54.70338653412422,DDoS
04/07/2017 09:19:00,445,245357,8,6,23585.102102102974,12.963014949873786,1,3,0,1910.7848636067074,2568.9396611970983,BENIGN
04/07/2017 09:19:00,80,265501,104,91,168995.8729558831,692.2669269246128,5,97,1,725.8898444189738,192.91634028716533,DDoS
04/07/2017 09:19:02,80,1268852,310,83,249220.8962765902,2557.8823905267336,5,50,2,722.040801183008,145.64371228905316,DDoS
04/07/2017 09:19:00,80,1931134,375,98,485712.0297187938,1364.493470047475,13,72,5,231.2609297117803,21.382045966976353,DDoS
04/07/2017 09:19:04,445,763847,16,15,20669.534843670663,44.22281793469974,1,8,0,4429.511521961966,298.90050078623244,BENIGN
04/07/2017 09:19:01,443,577765,75,146,294407.2698306284,802.5870863911032,5,83,1,863.9617653570768,95.17133620822749,DDoS
04/07/2017 09:19:05,443,1519940,262,164,109406.6727727002,1680.067661229764,6,66,1,203.5889694551092,185.57575417775024,DDoS
04/07/2017 09:19:02,8080,1004635,135,78,301062.87279492005,2329.4953756607565,19,77,0,55.83525924658993,34.905636876103415,DDoS
04/07/2017 09:19:05,8080,289697,24,8,18242.115475066603,96.01809109531246,0,8,0,11968.718856802867,872.4648768499741,BENIGN
04/07/2017 09:19:06,443,1752363,144,124,486391.6061605974,2439.441249548364,18,30,4,796.77766143656,152.73004308371958,DDoS
04/07/2017 09:19:05,80,366602,15,29,16072.818849714722,89.09906604471706,0,9,0,9002.941657714355,1128.1330007494341,BENIGN
04/07/2017 09:19:06,8080,1093026,144,140,376464.9485674482,2918.260073451792,7,78,0,176.03974090075988,279.82857466311003,DDoS
04/07/2017 09:19:04,443,1339261,138,164,86509.77248370042,1555.6487606821736,7,90,1,152.27129339603027,116.7996158453732,DDoS
04/07/2017 09:19:08,8080,1275630,393,191,308754.2714599251,1414.1028521691942,10,142,5,87.26879691697624,32.159673707075235,DDoS
04/07/2017 09:19:06,443,364591,372,116,378015.4083532152,1459.518357595307,20,41,2,667.0736426040974,44.85408769696158,DDoS
04/07/2017 09:19:07,80,549868,239,109,59213.043093103144,1616.2074683510225,8,74,3,261.02229015252726,298.2987968281616,DDoS
04/07/2017 09:19:07,22,681187,10,22,27726.806005803854,45.531830812735066,0,7,0,6827.378779021787,2835.4793451601195,BENIGN
04/07/2017 09:19:09,80,417263,215,133,153990.26401457313,2197.9863372240898,14,101,3,95.22940419614554,34.48642818424833,DDoS
04/07/2017 09:19:06,8080,960651,181,193,231715.5010858124,2655.8710374561856,14,101,3,196.6154773200915,170.08161362311756,DDoS
04/07/2017 09:19:08,80,260956,301,147,138431.6131823224,1259.3495303633104,19,29,5,271.59243147046544,274.43570105488925,DDoS
04/07/2017 09:19:09,80,334061,36,31,32073.701865218434,108.51609043763665,1,2,0,1287.391956089904,4125.121253215366,BENIGN
04/07/2017 09:19:08,80,342942,168,60,129565.63795311905,1050.8189108564643,7,134,5,479.43876113768977,187.432710411459,DDoS
04/07/2017 09:19:09,443,822660,65,90,108886.75028049307,2007.7277473327433,6,80,3,986.099668705558,237.54002496397794,DDoS
04/07/2017 09:19:11,443,802723,283,160,326015.7471259286,804.598803712367,14,138,4,425.51751028395205,102.95274303212301,DDoS
04/07/2017 09:19:12,80,422863,93,165,144762.42748760822,814.7378102085813,10,90,1,585.6385373123255,106.74941609350145,DDoS
04/07/2017 09:19:13,80,851125,181,23,109140.33155299551,571.2643573491936,7,41,0,296.1699618138514,100.24552312906373,DDoS
04/07/2017 09:19:13,443,511006,172,27,395254.69549485046,1842.7761986127773,9,145,0,217.52344727867455,150.00905026306307,DDoS
04/07/2017 09:19:11,8080,1653802,130,66,271483.20870913606,2133.0858399175836,9,30,0,813.0362834194563,43.9592784122522,DDoS
04/07/2017 09:19:11,443,290735,376,31,319629.9726038804,2757.7712546624516,20,72,0,769.2173421393322,273.6451141258514,DDoS
04/07/2017 09:19:15,443,1092207,157,170,416772.10784256674,636.7766699800904,5,63,5,360.9394151679036,251.7508946101913,DDoS
04/07/2017 09:19:13,80,1697183,55,146,228943.98594932916,2772.4027545936897,10,135,4,51.20067160317892,104.08179006648443,DDoS
04/07/2017 09:19:12,443,608084,125,41,475693.8115328466,2940.4922925897354,15,38,2,75.16730753090023,38.90423852900267,DDoS
04/07/2017 09:19:12,443,1538573,63,134,417148.58485974144,1834.034903190908,10,148,3,747.069197773145,289.86683866418997,DDoS
04/07/2017 09:19:14,8080,715180,108,67,292221.0882671062,2665.6594788326984,14,59,0,728.6957899214102,232.37625504808707,DDoS
04/07/2017 09:19:16,80,1479298,92,89,368840.49668823136,1269.359072528378,19,26,2,987.1837469402186,129.7795772127528,DDoS
04/07/2017 09:19:14,80,1553267,319,128,178309.8644635425,892.2841389882744,19,39,3,230.9133793525015,222.82512523453127,DDoS
04/07/2017 09:19:16,80,688197,142,22,481728.5930925848,2858.886152211797,13,116,2,545.1962178942296,174.28701496600456,DDoS
04/07/2017 09:19:16,443,777663,112,134,289994.54651725444,1737.163473207384,6,95,2,126.19193032794607,223.1806809097877,DDoS
04/07/2017 09:19:16,8080,1799703,71,133,246601.04078452376,509.1111871636748,6,123,5,856.2375828207292,116.65750925586433,DDoS
04/07/2017 09:19:15,80,1793491,314,61,344229.8404796042,658.6230613204151,7,53,5,93.04411630257121,141.36807678173435,DDoS
04/07/2017 09:19:15,8080,702500,17,24,21615.395985527968,31.070683216561548,1,3,0,14156.160484272526,1902.8588275578916,BENIGN
04/07/2017 09:19:18,443,1336071,371,140,243973.43749958609,2521.765927889458,18,33,4,255.85873374338595,289.9437639642866,DDoS
04/07/2017 09:19:20,8080,898252,123,21,74751.28114425112,2551.67312877356,20,127,4,159.88071371434182,134.98816284133,DDoS
04/07/2017 09:19:20,8080,981995,370,188,219348.3935148704,1701.3091969611316,8,40,1,483.64319814997026,241.7113148331526,DDoS
04/07/2017 09:19:18,443,1997465,270,176,478272.9144133758,825.613327930552,9,74,3,525.0849804639025,68.1445967458082,DDoS
04/07/2017 09:19:20,8080,621200,207,96,197689.48984435113,525.9036041254237,11,91,0,313.06196633023654,125.83500990412197,DDoS
04/07/2017 09:19:22,443,222519,245,51,93193.46257327878,2160.179025980383,12,23,3,629.3344318628557,278.2888118292566,DDoS
04/07/2017 09:19:19,445,461690,22,10,19854.441133379278,28.460317723808597,1,5,0,8792.093777032973,4504.352231948177,BENIGN
04/07/2017 09:19:21,80,1248637,361,90,131075.41830507992,1114.030758817185,6,60,3,879.7584501121006,110.12544561599066,DDoS
04/07/2017 09:19:21,80,1606112,317,36,278591.7545409373,2733.5135575424447,19,103,1,74.10537072490663,223.72180570353746,DDoS
04/07/2017 09:19:23,443,396955,221,194,56759.12303398841,1057.377195728658,5,58,2,816.2984363195488,234.55657651258744,DDoS
04/07/2017 09:19:23,445,614012,23,15,25237.27909488644,39.12389689721893,0,9,0,11242.792736160853,288.7873205969373,BENIGN
04/07/2017 09:19:21,80,914532,55,29,204378.28549640972,2533.068439920765,11,27,3,943.0967680545459,225.63534337800183,DDoS
04/07/2017 09:19:23,8080,1838565,399,53,300266.32410061266,1263.7045422921128,7,23,2,484.53860166297824,254.26496888055527,DDoS
04/07/2017 09:19:24,443,646424,4,6,27055.249513434104,108.05766353646759,1,4,0,14021.822431013836,2564.0295781428185,BENIGN
04/07/2017 09:19:24,22,790226,19,16,26746.65930170248,17.107712003811308,1,3,0,4194.465830220441,203.66777691555592,BENIGN
04/07/2017 09:19:23,8080,1015912,66,134,135474.94127899903,1393.1551983105014,6,28,1,535.6318939843707,36.312297018378885,DDoS
04/07/2017 09:19:24,8080,1759161,265,39,107263.24223100141,719.4156260106516,8,74,2,169.39172979837787,198.0437759142547,DDoS
04/07/2017 09:19:24,80,1411335,274,41,308847.9734395148,1983.4655169800765,16,115,1,292.55417600246574,95.40733077137538,DDoS
04/07/2017 09:19:24,80,634881,67,161,329520.65725262254,2887.335309574214,11,112,5,942.2019326139184,134.1300069823254,DDoS
04/07/2017 09:19:24,21,622310,18,24,27194.030948430893,93.39704827556157,0,2,0,5989.109409267907,198.914129815968,BENIGN
04/07/2017 09:19:25,443,1529693,340,191,394837.8650040742,2006.113274730803,10,112,2,839.923869156697,247.79284513569038,DDoS
04/07/2017 09:19:27,80,1026373,250,49,394044.10922885494,2892.726341102308,7,82,2,625.8843974610547,116.02444035448687,DDoS
04/07/2017 09:19:28,443,502324,352,43,433683.5664435346,2209.4928049294704,9,24,2,981.8319043393523,110.22107083365798,DDoS
04/07/2017 09:19:28,21,587183,37,5,23543.519170193696,89.5735034291666,0,1,0,14436.968055572977,704.3437791408605,BENIGN
04/07/2017 09:19:27,8080,595951,133,147,326101.9772990446,863.1919031346179,14,109,4,286.7637812421542,180.40470738259918,DDoS
04/07/2017 09:19:28,443,461278,194,133,473361.9917541712,1909.4378857271706,20,96,0,116.62899837047306,85.01630675746888,DDoS
04/07/2017 09:19:29,80,1084819,74,166,109034.21251302672,2602.55510497936,13,53,5,579.9466031192001,38.56988705871518,DDoS
04/07/2017 09:19:27,80,1204791,314,162,285527.6322854785,1503.9235056082543,9,98,4,367.54265108642096,175.38044067008863,DDoS
04/07/2017 09:19:29,443,617683,57,75,230256.0124248742,655.6978915534377,12,40,0,961.468827781559,61.95667693976272,DDoS
04/07/2017 09:19:31,443,638944,233,127,198800.8183157573,1352.029432039488,8,50,3,292.59561194407775,185.3100362227359,DDoS
04/07/2017 09:19:32,8080,458447,55,117,195198.24640835205,1920.4087538811757,8,94,2,234.44063289710257,82.00540715242124,DDoS
04/07/2017 09:19:31,80,810054,342,191,406395.28608035686,692.1987859466115,15,67,2,928.9909241444344,92.1772038787244,DDoS
04/07/2017 09:19:32,8080,842374,360,176,392623.20077421464,2338.518999712239,18,145,2,503.8013063019208,235.0566101421224,DDoS
04/07/2017 09:19:30,80,1073439,355,101,423448.3105278806,1489.364473841728,18,80,2,558.6851288694384,52.706004372338704,DDoS
04/07/2017 09:19:30,8080,1483783,148,105,460026.0978868938,1210.398721728068,15,34,3,137.19464381643098,179.49607877918857,DDoS
04/07/2017 09:19:31,8080,1532956,237,141,299801.2325158587,718.5445721545829,6,86,5,549.8842372022996,200.3191031856518,DDoS
04/07/2017 09:19:32,8080,1925828,68,187,134346.53914811806,1077.4658539051095,9,24,0,934.3005324062827,47.32901491699621,DDoS
04/07/2017 09:19:34,8080,833416,196,67,51256.52793675989,1732.465725300117,12,60,0,364.23091574202584,213.0141219721895,DDoS
04/07/2017 09:19:35,443,306127,282,21,190968.91510293653,2895.182020791601,7,62,4,569.0504251849017,221.96594035886497,DDoS
04/07/2017 09:19:33,443,1848225,81,96,372247.23502280354,1892.9271165812147,19,112,3,537.7609316613828,187.618667337297,DDoS
04/07/2017 09:19:34,80,1523927,185,191,485145.70912113076,2961.563370234461,18,108,0,790.9226298794581,164.41689059017807,DDoS
04/07/2017 09:19:36,445,486599,13,3,8691.409134093414,79.21644214379357,1,1,0,9630.483653687972,3067.615200582899,BENIGN
04/07/2017 09:19:35,443,441869,274,26,412904.9161161407,956.5574733103556,14,49,5,273.00758882489674,130.7739042090705,DDoS
04/07/2017 09:19:38,80,618530,58,53,325057.0410533805,889.8234039616743,20,132,5,584.5320046776167,32.257514787804425,DDoS
04/07/2017 09:19:36,8080,1392671,237,82,264046.0701754491,775.4858213451824,16,80,1,489.7313228987672,205.99646935684478,DDoS
04/07/2017 09:19:38,8080,1709050,299,77,496777.8207741022,2526.883984121285,16,76,3,275.27894112389095,95.50414416625603,DDoS
04/07/2017 09:19:37,443,1614463,337,106,127829.53421486262,2631.516401473632,5,39,5,764.7107064601972,207.0225416238826,DDoS
04/07/2017 09:19:37,8080,1267487,237,50,492805.9931780054,1638.8879119945152,17,118,3,434.42307414634024,93.37036656201148,DDoS
04/07/2017 09:19:36,443,340605,378,169,124681.60960525117,2451.1928007476795,7,74,0,565.1166817659072,40.670159656525456,DDoS
04/07/2017 09:19:39,80,795229,231,159,67993.9118089732,2010.6871154155892,9,132,4,107.69718718922658,207.38973108710152,DDoS
04/07/2017 09:19:37,8080,1234160,297,193,258140.63354273644,1761.3675434079041,19,106,0,306.7282932019906,99.44526476644195,DDoS
04/07/2017 09:19:39,8080,916451,52,175,498323.26057981164,2193.2913443612806,7,30,1,447.9315292664086,28.745390087877848,DDoS
04/07/2017 09:19:39,8080,1367261,236,36,118250.89954029203,2871.104356707625,7,21,2,702.0749178493322,35.4867089808918,DDoS
04/07/2017 09:19:40,443,1489641,278,158,315827.6248528243,2662.359317464659,13,136,1,197.39012587237391,66.3015551665978,DDoS
04/07/2017 09:19:40,8080,1327354,260,110,349338.01772324054,575.6922116973196,8,83,5,590.4400252430066,227.66306024529175,DDoS
04/07/2017 09:19:42,21,587024,18,8,13237.160509999112,54.78736480385912,1,5,0,7727.871999628611,1126.8416743746973,BENIGN
04/07/2017 09:19:40,80,1328963,73,46,244792.39950184044,1123.3400796235624,11,94,4,116.0251686136929,265.66590631444114,DDoS
04/07/2017 09:19:40,8080,1149228,205,42,310175.6469929117,2528.4359006309614,9,104,3,485.868280861146,33.281699348383654,DDoS
04/07/2017 09:19:40,8080,228105,177,159,130502.3755811383,2042.7941104887952,7,90,4,788.0704776019378,200.05242966303285,DDoS
04/07/2017 09:19:42,8080,478893,114,152,77614.54071926941,2197.019431373199,14,31,2,75.45939059687213,238.58718280911245,DDoS
04/07/2017 09:19:45,443,383388,217,166,451711.54117820243,1129.7017685057954,10,68,0,290.9453155239313,81.66326548116675,DDoS
04/07/2017 09:19:42,8080,1491965,61,186,316195.4312519889,1971.1086386527234,10,138,1,398.02846595813816,287.4832919298583,DDoS
04/07/2017 09:19:44,8080,422181,176,96,483655.70747994876,1544.6049077879943,20,73,0,415.06634226445624,152.56847001814373,DDoS
04/07/2017 09:19:44,25,604301,31,35,28383.110217452886,57.74109687856907,0,1,0,6581.340523647836,1633.9576199351561,BENIGN
04/07/2017 09:19:45,80,1877357,244,104,462958.8356635681,2627.4165643092047,8,65,0,634.120947741208,123.68888416128345,DDoS
04/07/2017 09:19:46,443,435516,283,50,353609.5770191127,2336.0904692533563,14,135,2,393.0660533124867,108.6041064143224,DDoS
04/07/2017 09:19:46,8080,606982,195,102,90571.4511347078,1170.2511652834055,14,106,5,608.9977899069763,181.2452168194363,DDoS
04/07/2017 09:19:44,8080,558919,285,56,337660.4511864526,1254.738940988992,20,47,5,451.67948998545506,105.75442742775527,DDoS
04/07/2017 09:19:47,443,1058207,241,77,210531.2891839458,745.4202462482982,20,98,3,159.03479110964136,235.68947295733778,DDoS
04/07/2017 09:19:45,8080,570164,235,32,108420.72202767438,1154.3696974049174,7,123,1,197.27172808705515,142.35263425337297,DDoS
04/07/2017 09:19:49,8080,869864,129,90,189814.6610314124,2285.8190878230407,16,67,1,712.6969939961584,234.3007988892341,DDoS
04/07/2017 09:19:48,8080,368313,400,29,279914.4763523714,2432.7522432292717,20,62,5,756.5202872610848,108.03990086724988,DDoS
04/07/2017 09:19:47,443,1804019,222,106,391934.77262413007,1108.3665361451262,11,133,5,768.7503552237392,227.38416105942875,DDoS
04/07/2017 09:19:48,443,368315,257,164,170085.9895422543,633.9597159812656,13,24,1,244.21723614007175,54.77928807925961,DDoS
04/07/2017 09:19:49,443,568660,194,164,211448.21900512755,1650.4597244412018,17,143,2,332.00605021898906,117.2473233426563,DDoS
04/07/2017 09:19:50,8080,1555484,304,28,204621.15607825044,1700.6015337030387,17,75,3,198.19858059769874,99.27162868480568,DDoS
04/07/2017 09:19:50,53,681650,29,34,28122.36741730473,98.11694801497694,1,8,0,14070.590080067166,3338.815338734204,BENIGN
04/07/2017 09:19:51,80,322199,24,27,1701.0486863865635,85.43987385370818,0,9,0,9621.869610836895,560.9853693931639,BENIGN
04/07/2017 09:19:51,80,1304522,147,20,117425.75327084462,787.8909949409435,10,76,0,216.96393152652306,45.75810969760005,DDoS
04/07/2017 09:19:49,8080,1238961,77,56,412004.2438952247,1635.783703621546,7,33,3,70.25828211512277,113.37447423580578,DDoS
04/07/2017 09:19:53,8080,712594,324,115,316713.9626122074,1135.4057584722664,12,141,1,507.9130407517199,76.54480032340584,DDoS
04/07/2017 09:19:50,8080,477942,336,71,470025.99470020074,650.2505235686585,10,49,0,794.7731468529005,218.02273264770574,DDoS
04/07/2017 09:19:52,443,1523398,307,122,73114.44202488179,1935.4908313881365,12,109,2,86.35166702468732,228.9040334440068,DDoS
04/07/2017 09:19:53,3306,41182,22,3,9008.028272838843,117.07627253271961,1,5,0,7637.494507694176,4030.7385645926092,BENIGN
04/07/2017 09:19:52,3306,479170,29,35,23662.41774038276,76.44742817319606,1,7,0,10987.70080854007,1344.2033323405224,BENIGN
04/07/2017 09:19:52,8080,1491674,91,173,372636.8984953923,2130.0152961203876,8,58,1,542.063340532656,82.3157514365646,DDoS
04/07/2017 09:19:53,80,494104,94,150,499915.32408402936,2950.532188850119,9,65,4,172.2543802658276,223.85351768866056,DDoS
04/07/2017 09:19:53,80,850989,267,185,368900.64469945297,604.4724171292307,7,113,5,596.6876652358176,179.63789912237564,DDoS
04/07/2017 09:19:56,443,720135,130,40,460668.43534429435,1825.2758411239379,11,119,1,460.2998802820363,59.98756543138731,DDoS
04/07/2017 09:19:57,8080,1600996,92,37,342549.61987935874,2512.828321262508,16,106,4,261.70874047045334,57.3887012466952,DDoS
04/07/2017 09:19:54,443,1276941,157,45,297856.56129145296,1751.1993860947814,13,51,3,830.1572456660203,257.62598459696926,DDoS
04/07/2017 09:19:54,80,1467103,349,101,192162.61293783097,2056.936885689275,14,102,3,472.3314173041916,121.92727125351975,DDoS
04/07/2017 09:19:57,8080,1627804,212,92,478031.1186569327,2297.1202780283493,18,38,0,90.04891726397224,228.45695081609216,DDoS
04/07/2017 09:19:58,80,258316,31,29,14864.8215021774,94.47244018276135,1,5,0,14647.838099979197,1000.6674809430733,BENIGN
04/07/2017 09:19:56,8080,1631264,50,75,70901.50802047102,762.3524223152233,12,55,0,680.4732582672264,251.45859542328674,DDoS
04/07/2017 09:19:56,80,1370308,87,168,215938.63930077472,1293.651433528918,9,128,1,265.90921112881836,138.32940552464603,DDoS
04/07/2017 09:19:58,80,1143549,165,31,269190.8041082269,1049.859268603005,16,47,1,941.1874058950526,98.94495276517193,DDoS
04/07/2017 09:19:58,8080,735730,169,41,220341.52063291715,847.1201265234777,10,112,4,682.8802324440414,233.91590743091336,DDoS
04/07/2017 09:19:59,80,402026,207,172,291879.17935462145,1146.2742554368092,6,89,3,750.8694038379143,257.8282704688888,DDoS
04/07/2017 09:19:59,443,1784165,92,102,210558.9963492926,1604.555059738499,16,143,4,526.1600990347779,281.51746798708655,DDoS
04/07/2017 09:19:58,80,930686,132,107,430384.9607814087,732.0015140746684,7,92,3,253.1250172098627,47.03423624479259,DDoS
04/07/2017 09:19:58,443,930641,102,129,361887.8587709474,1977.0766262120349,10,133,4,702.1815617568436,79.4567846591344,DDoS
04/07/2017 09:20:00,8080,1460405,333,55,105634.59387805813,1653.1888618606301,17,86,0,784.3570414204839,109.319885286725,DDoS
04/07/2017 09:20:02,80,1953734,347,78,363528.7290857345,1649.4884473566294,7,63,0,454.98593158105484,91.64606177816947,DDoS
04/07/2017 09:20:02,443,1238415,193,189,139335.2974334694,2750.704568294135,17,116,2,305.28186528128947,295.0974495065635,DDoS
04/07/2017 09:20:02,22,657527,16,21,34884.15327596274,24.364400282727733,1,7,0,1183.8965093057195,4801.063162958202,BENIGN
04/07/2017 09:20:03,443,1376493,321,99,458311.3406984708,634.4155319230254,5,72,3,400.4144248730995,107.69098638824832,DDoS
04/07/2017 09:20:03,8080,1923522,355,33,115410.59203021356,2365.774405801675,6,73,0,830.4611205592707,175.06102458953805,DDoS
04/07/2017 09:20:02,443,311262,62,111,109098.03635860066,2049.0614183749904,15,107,1,779.8262520074728,37.11848811413889,DDoS
04/07/2017 09:20:02,8080,1338652,121,159,211080.21435003504,2113.9401134245045,15,36,2,116.15646785698469,78.51254288243169,DDoS
04/07/2017 09:20:06,8080,540421,138,37,172375.2819032843,2267.244620528255,9,23,1,572.7603643430383,89.03791630412653,DDoS
04/07/2017 09:20:06,443,211116,132,26,308169.3907863827,1238.1912486321344,6,53,4,815.966494771823,83.79408859516876,DDoS
04/07/2017 09:20:03,8080,1088877,162,79,84625.47065929201,2297.06565227918,16,36,5,737.3949929106558,46.098941244984665,DDoS
04/07/2017 09:20:05,25,208864,31,23,23599.232224451905,27.45088106822623,0,6,0,8267.574466411806,4643.16866562348,BENIGN
04/07/2017 09:20:07,80,1241885,330,190,366971.0319036819,1886.3884044006331,12,135,2,314.1383400636375,82.34848360020638,DDoS
04/07/2017 09:20:08,8080,378658,168,21,185957.23108860428,1494.268764104011,7,81,1,563.424572480209,237.1278090979025,DDoS
04/07/2017 09:20:07,8080,1585417,280,40,345325.33795534406,2880.691480023084,17,71,0,305.8283780238162,170.59658743111532,DDoS
04/07/2017 09:20:05,8080,536017,207,155,347137.54999617976,1636.7921361784706,12,118,5,992.8308533421748,180.2717351766182,DDoS
04/07/2017 09:20:07,80,485743,102,189,391374.9298644807,1987.4397407439417,9,25,4,552.0025898357887,43.17439621075241,DDoS
04/07/2017 09:20:10,80,710197,279,69,456404.040521661,2554.4902229029535,7,130,5,464.7140995370927,69.17226997433265,DDoS
04/07/2017 09:20:07,8080,273073,284,71,407984.6461302836,1539.1587391462656,6,60,0,410.54710258280755,294.272820663425,DDoS
04/07/2017 09:20:09,80,1053610,253,192,373964.9143993226,516.6865030173227,17,39,4,872.9101715123288,91.70260683686399,DDoS
04/07/2017 09:20:08,8080,1521017,210,109,496244.163974021,1826.3132227382937,16,106,1,709.7670447346055,28.228066167927178,DDoS
04/07/2017 09:20:10,80,486623,262,191,93750.50275326805,614.9363529018663,12,63,5,676.9425759185705,223.38357976708195,DDoS
04/07/2017 09:20:10,8080,489580,283,180,103333.28671616709,1636.552359373734,14,138,2,279.2224686113895,195.94930889261482,DDoS
04/07/2017 09:20:12,8080,977755,319,153,305159.86115148145,2642.7171509655595,14,22,0,205.69503706249924,134.76000692917648,DDoS
04/07/2017 09:20:12,80,1477663,325,137,216205.59103221464,1638.0356620154955,13,95,0,856.2460149429417,244.21273235782434,DDoS
04/07/2017 09:20:12,443,371524,322,167,61030.67010930971,1030.5115086539472,9,48,5,783.0351947076234,204.62154136229447,DDoS
04/07/2017 09:20:13,8080,325630,39,27,24572.402038813296,68.80713357518498,0,9,0,3630.4159164698685,1225.4698725103365,BENIGN
04/07/2017 09:20:11,443,1215618,305,93,135137.9245517487,2098.8324748082728,13,137,3,255.08101552874902,125.5357629246858,DDoS
04/07/2017 09:20:14,22,431661,21,18,2562.325822396194,57.77496424322497,0,2,0,7153.350968615305,2322.299167123401,BENIGN
04/07/2017 09:20:11,443,1238712,185,125,303138.0975478409,1132.6895398851102,15,120,5,851.2208068603964,214.77527427777324,DDoS
04/07/2017 09:20:12,80,1872944,279,32,72205.84686799411,1400.7039847162227,14,98,2,454.1800055906848,248.3559149488797,DDoS
04/07/2017 09:20:14,80,486562,335,36,156945.47693415635,1720.9309333225106,7,143,0,426.9056689449584,222.8311978817004,DDoS
04/07/2017 09:20:14,443,719840,342,76,292870.74512988713,766.5188095869106,14,57,0,983.980124368492,78.6016718482914,DDoS
04/07/2017 09:20:16,8080,1243303,59,92,464076.69781166496,2112.6674460851673,13,134,5,598.4181547068844,65.0339369737708,DDoS
04/07/2017 09:20:14,443,1620843,322,169,118624.57091782494,1563.612305337808,11,75,3,456.9198998020854,128.88835088440229,DDoS
04/07/2017 09:20:17,443,684491,283,59,277015.61868912657,2193.186126751606,5,138,4,823.5127020293363,158.87326908382286,DDoS
04/07/2017 09:20:15,53,232272,14,12,2506.3395294814795,21.099487439205717,1,6,0,13414.051710409118,908.9174866663226,BENIGN
04/07/2017 09:20:17,443,201544,185,105,378707.9701864847,1792.706119010833,5,39,5,342.33385721698863,243.73139709945377,DDoS
04/07/2017 09:20:18,8080,474007,104,80,97640.22375922106,1043.6614748568177,20,82,0,662.6145204004183,201.38042741459816,DDoS
04/07/2017 09:20:18,443,275548,271,31,496704.64669610054,2736.2156474588637,6,109,2,683.2874839326182,213.06226529115762,DDoS
04/07/2017 09:20:18,8080,1499197,71,176,189252.77431872944,2016.6881927843776,20,148,5,699.2015496600136,118.84022553424202,DDoS
04/07/2017 09:20:16,443,1161015,335,147,496130.47342857195,2107.530290412984,11,42,4,968.4317561494703,55.59866659408284,DDoS
04/07/2017 09:20:18,8080,848412,154,137,107884.23796278823,1214.578200463889,14,43,5,474.1123954071125,200.14663566496435,DDoS
04/07/2017 09:20:20,8080,1491092,270,143,186014.06926435645,1626.2079069696774,13,102,3,447.87948891507165,135.80807664846486,DDoS
04/07/2017 09:20:18,80,464956,308,124,131390.8449681954,2874.7543427092,15,104,5,863.8404173070371,199.43794190681794,DDoS
04/07/2017 09:20:19,8080,1788261,68,103,358716.31301906117,1372.4482788893965,16,20,4,541.098019358623,284.40403796380804,DDoS
04/07/2017 09:20:19,443,1344897,247,125,175798.53980995322,951.0451122666911,16,95,2,952.4731813719598,207.82888025548257,DDoS
04/07/2017 09:20:20,80,1814840,295,181,388512.23013852944,2922.879517334604,11,113,4,814.9745183742135,226.1503960879996,DDoS
04/07/2017 09:20:20,8080,1512167,204,64,425492.2323249578,626.3018802130011,13,21,5,218.14647489026027,80.37788223097076,DDoS
04/07/2017 09:20:19,80,1418265,199,156,322108.1617686977,1685.1069794775665,12,52,5,369.9986965800765,87.25991452512949,DDoS
04/07/2017 09:20:20,80,747366,93,33,89487.73738691237,2449.818747281786,14,82,2,246.91787177947285,20.212825996138122,DDoS
04/07/2017 09:20:22,443,645872,117,196,137986.72672893252,2549.3092656347244,11,85,1,186.45685514986985,232.20045300580168,DDoS
04/07/2017 09:20:23,80,1719704,395,156,225435.32588855296,1425.3590795682185,16,91,2,879.4631735062808,20.955803957630977,DDoS
04/07/2017 09:20:22,8080,206717,394,187,208882.80554347657,1724.6925858951959,7,74,4,836.9136975232021,187.8963831971708,DDoS
04/07/2017 09:20:22,443,422665,397,179,468528.13892477914,1133.1930500088229,12,114,4,932.0654944109606,294.40775785788094,DDoS
04/07/2017 09:20:22,8080,607149,145,81,252117.92423835237,767.9678593343424,19,53,1,677.3526666531692,192.88000401839756,DDoS
04/07/2017 09:20:22,443,457939,70,135,112032.88854943498,1988.2682581547824,17,81,1,800.030207933996,100.6562851291778,DDoS
04/07/2017 09:20:26,8080,1773281,159,33,435223.22315461934,732.4728821691824,6,35,2,157.02166354123182,263.6356925842639,DoS Hulk
04/07/2017 09:20:27,8080,874819,255,176,250104.2811540778,2096.3064271884996,18,63,5,419.9614493066478,105.3429953726982,DoS Hulk
04/07/2017 09:20:27,8080,1184227,263,84,396284.4867409859,2189.657318884001,10,88,3,605.9747632019981,61.02316941432758,DoS Hulk
04/07/2017 09:20:25,443,946265,307,167,419478.81406740897,2866.391206849957,11,150,1,978.8391122915181,80.94553611104865,DoS Hulk
04/07/2017 09:20:28,80,1117010,132,85,98217.39987076423,2867.086527195383,17,98,5,964.3713434497095,66.58674547226606,DoS Hulk
04/07/2017 09:20:27,8080,1917300,282,107,299928.080113519,1112.8644039526898,18,105,3,269.1495961481605,277.51831141122494,DoS Hulk
04/07/2017 09:20:28,443,1284032,168,128,148149.39000320522,548.2691096016172,5,98,5,271.36448654470917,93.04681962814453,DoS Hulk
04/07/2017 09:20:27,443,1985066,138,66,215505.05976531698,1391.1224585182426,16,102,5,832.9550435089845,223.4143524440232,DoS Hulk
04/07/2017 09:20:29,8080,566568,346,93,354727.79018013505,2962.8743958853747,19,101,4,838.331601133662,207.34359596001386,DoS Hulk
04/07/2017 09:20:28,443,1547895,73,36,181580.33591995973,1148.9846972976752,20,33,1,855.0979411067649,193.98768545798941,DoS Hulk
04/07/2017 09:20:28,80,1983581,314,74,135702.00086673224,834.4700151438029,19,128,1,216.59037658178687,188.05380071550678,DoS Hulk
04/07/2017 09:20:31,443,1946219,292,135,211571.79914654078,812.7742929926375,10,39,4,872.8735394774164,78.67681098940771,DoS Hulk
04/07/2017 09:20:30,443,767297,187,124,365954.63592311426,2604.8016383328218,15,43,5,872.0254430660804,53.51698456188377,DoS Hulk
04/07/2017 09:20:32,8080,472907,160,80,132491.37298905745,2831.2000346156824,12,113,4,153.97483349462289,66.47975701011558,DoS Hulk
04/07/2017 09:20:29,8080,526053,6,16,24410.951057460763,97.96033582431262,1,5,0,925.4058218606665,2689.1512863532917,BENIGN
04/07/2017 09:20:30,80,755021,71,30,92583.97925894227,2004.3505390569367,7,101,0,433.699111826405,219.09917614865788,DoS Hulk
04/07/2017 09:20:31,8080,607815,378,198,84078.66114368783,1556.8610806409922,15,101,2,296.40338271298947,225.61382650786618,DoS Hulk
04/07/2017 09:20:32,80,1326318,93,47,157952.86179263773,1175.518495432932,6,134,0,818.4971101510107,119.53054580366475,DoS Hulk
04/07/2017 09:20:30,22,739263,24,33,29564.843944973763,36.00327564581312,1,2,0,9895.070175519268,3168.112969730772,BENIGN
04/07/2017 09:20:32,25,768142,16,21,7350.520121756253,56.06533344480237,1,8,0,3532.431451118572,3936.1788976962434,BENIGN
04/07/2017 09:20:33,80,1170828,70,122,498907.6916290033,873.5681830060062,18,109,5,133.6894917952811,73.66348009969713,DoS Hulk
04/07/2017 09:20:34,53,460025,16,25,9222.987695713746,60.18359390315234,0,9,0,7441.6624763488835,3716.6679238630177,BENIGN
04/07/2017 09:20:34,80,1712714,281,48,160856.31032449348,984.9332279824256,12,69,5,972.5110672018966,22.112145069934016,DoS Hulk
04/07/2017 09:20:36,3306,257102,29,31,27668.50337782691,47.34468106351063,1,6,0,12913.962767445368,3920.163265827873,BENIGN
04/07/2017 09:20:34,80,1373777,278,51,82080.05024333108,621.6712832660014,9,50,5,400.03762322542343,141.69627780724937,DoS Hulk
04/07/2017 09:20:34,8080,1398088,102,95,436167.8618587869,2216.578791417227,8,105,1,876.6016080850352,221.7449065728935,DoS Hulk
04/07/2017 09:20:35,445,155714,35,2,18016.864414311487,71.62497644007041,0,9,0,2910.9429624336112,4427.47929836713,BENIGN
04/07/2017 09:20:36,25,21064,24,5,553.403001091553,60.68863689155898,1,1,0,11081.68646973604,1435.6201449500766,BENIGN
04/07/2017 09:20:37,80,1051706,50,134,425226.8464111022,1373.8664544610986,19,23,5,763.9091517703018,141.87067266421323,DoS Hulk
04/07/2017 09:20:35,8080,992029,300,125,155011.5145569444,2782.3718337659825,17,36,2,785.8211028448626,116.9662483299004,DoS Hulk
04/07/2017 09:20:36,443,844201,281,25,127526.89608341901,2474.22850779936,18,73,2,82.6108406578161,299.6818190219765,DoS Hulk
04/07/2017 09:20:38,8080,1558492,65,188,438269.38708894054,1080.7504669787472,6,114,0,429.5962478616047,37.57706552644973,DoS Hulk
04/07/2017 09:20:37,80,502585,138,41,395037.0983787088,980.3660118363723,10,93,4,390.26122761394396,54.392763929842566,DoS Hulk
04/07/2017 09:20:38,443,468212,221,164,330003.08269586816,1897.021034090768,10,84,2,304.36544803956986,67.3919817873981,DoS Hulk
04/07/2017 09:20:39,8080,428054,86,167,448767.35145454324,1919.8039227016866,13,115,3,370.2001819391286,257.6669822142486,DoS Hulk
04/07/2017 09:20:39,445,375594,10,25,29267.26209348678,99.84407949223996,1,4,0,5006.995708067511,2505.715769356661,BENIGN
04/07/2017 09:20:40,8080,1412389,399,152,395751.2082729351,1661.4299801069121,5,83,3,551.782672967865,207.34165758853288,DoS Hulk
04/07/2017 09:20:39,8080,310766,306,57,477309.30972109135,2855.8556315494443,16,144,2,733.5936422456329,200.6131444953431,DoS Hulk
04/07/2017 09:20:41,443,399731,104,75,355453.3401843325,1096.5786167030155,6,130,2,982.8208716501869,231.35035778650993,DoS Hulk
04/07/2017 09:20:40,443,1766956,269,44,391439.4222291165,1904.1456298538394,9,41,2,470.74498982721576,222.0465488258025,DoS Hulk
04/07/2017 09:20:43,8080,1575506,308,119,355583.8989507894,2277.8286983165735,9,74,4,996.3109765361312,190.58602360711177,DoS Hulk
04/07/2017 09:20:41,8080,1583600,294,119,242802.52698073184,1628.762375464085,14,135,3,743.6289707587526,240.46685602135943,DoS Hulk
04/07/2017 09:20:44,443,1607926,348,188,98563.94947060419,1067.291553422414,18,38,0,359.1899303344745,292.09900911819716,DoS Hulk
04/07/2017 09:20:42,443,1714370,152,174,216114.4307021206,1535.2759352881196,16,89,5,735.4225719491507,107.33962124612195,DoS Hulk
04/07/2017 09:20:44,443,234955,96,52,102225.89078361828,755.4425859100465,6,101,4,463.151536509373,238.77749334253025,DoS Hulk
04/07/2017 09:20:45,443,1811279,54,78,355222.5708352207,1591.041793215346,7,64,0,737.7779432631728,210.9556584779916,DoS Hulk
04/07/2017 09:20:42,21,205583,31,18,30139.80735275559,110.31702445866964,0,3,0,12352.49798305025,641.6659440431139,BENIGN
04/07/2017 09:20:46,80,504223,5,31,6454.496640882514,79.3306867814802,1,6,0,9610.848413540849,2034.0067663650805,BENIGN
04/07/2017 09:20:45,443,1027272,246,175,353110.4230748197,1917.5637209159795,11,59,1,618.7442776264315,102.0886151651527,DoS Hulk
04/07/2017 09:20:46,443,1405114,322,112,130510.03748918336,1504.595441717202,7,67,0,621.7340650697159,94.83654216024489,DoS Hulk
04/07/2017 09:20:44,8080,1346406,245,145,363330.8922359809,1205.6396935256423,6,90,5,936.975714661408,258.94096580470915,DoS Hulk
04/07/2017 09:20:48,80,990118,58,102,435486.1949953323,2361.3324746859207,15,64,0,139.20229272436535,64.90294762357587,DoS Hulk
04/07/2017 09:20:46,53,139561,38,5,7576.831875378251,46.44574048075506,1,7,0,1364.8245244462073,1060.6744705304063,BENIGN
04/07/2017 09:20:47,80,1333257,327,33,145924.98280394392,735.7407167926453,9,94,4,516.7056833952068,85.85844284197823,DoS Hulk
04/07/2017 09:20:49,8080,1228758,144,45,55579.545862458115,2734.7820328876155,9,111,2,649.2580191446697,98.33484510495968,DoS Hulk
04/07/2017 09:20:47,443,1683302,123,68,91457.94401339532,627.8794807531336,14,49,3,260.04118603275197,239.9096490773736,DoS Hulk
04/07/2017 09:20:46,445,258440,8,12,12976.055085654225,12.885244372671478,1,5,0,7600.1787081204,163.7584086314912,BENIGN
04/07/2017 09:20:48,8080,216325,263,139,478317.0350259796,1947.9645910169813,9,37,3,583.650534451242,128.52768449410647,DoS Hulk
04/07/2017 09:20:50,443,1051097,330,43,85497.56480563799,2468.1513470568516,14,69,3,561.0520564365116,107.72660598157131,DoS Hulk
04/07/2017 09:20:48,8080,1196199,215,69,103787.03095955576,1920.7819257824383,10,87,3,749.487693903073,100.31511517004884,DoS Hulk
04/07/2017 09:20:49,8080,1609684,357,170,453699.5860049754,2528.587667996195,13,82,0,907.3826757898189,20.597860994195706,DoS Hulk
04/07/2017 09:20:50,443,1461219,316,185,415725.5396274643,778.5992149134499,15,112,1,242.78936358191092,152.17233289845774,DoS Hulk
04/07/2017 09:20:49,80,606586,366,180,130705.9455509181,2199.9819872128737,7,95,2,164.22765987885316,119.05123527285457,DoS Hulk
04/07/2017 09:20:50,8080,1615103,126,173,255144.77154204203,2319.8071368405526,12,117,2,426.49353206017065,139.10185575441614,DoS Hulk
04/07/2017 09:20:51,443,1457402,362,36,250797.57040990962,858.0910087361422,19,129,3,370.62736992910357,271.15710555292264,DoS Hulk
04/07/2017 09:20:54,80,780518,206,114,138451.795847977,1139.282636677829,10,74,0,684.4182172406734,133.8971665309008,DoS Hulk
04/07/2017 09:20:52,443,910035,75,67,228120.59139928583,2862.876348239006,7,107,4,790.4725110506259,269.56576308192894,DoS Hulk
04/07/2017 09:20:52,443,1032103,89,165,203811.0376686996,2998.5849363134735,6,139,5,462.76528791468155,151.5001313452587,DoS Hulk
04/07/2017 09:20:51,8080,1692587,198,21,238695.15805528464,1350.2256220391337,16,131,0,562.7277957717555,120.20165561567538,DoS Hulk
04/07/2017 09:20:54,443,473006,95,190,432155.4429000591,1219.909729389626,11,82,0,385.33009120702076,99.05104244063018,DoS Hulk
04/07/2017 09:20:52,8080,1149325,126,102,154703.80448922393,2726.863401796306,12,29,0,105.40492901460453,30.34485033947324,DoS Hulk
04/07/2017 09:20:54,445,453316,4,24,5794.231080860196,45.31785968205745,1,3,0,14779.199150596305,1196.355159376575,BENIGN
04/07/2017 09:20:57,3306,787088,39,2,17255.489589395893,72.72314707990053,0,4,0,14677.90955974958,4591.343622568291,BENIGN
04/07/2017 09:20:56,443,1714577,372,152,196315.74535179068,1270.1572435631747,9,34,4,604.0563073124566,225.06855387947937,DoS Hulk
04/07/2017 09:20:55,80,756269,287,119,157997.03782881238,2736.7106639101657,16,139,1,645.4672980959502,130.59112095154632,DoS Hulk
04/07/2017 09:20:54,8080,1321765,125,160,305425.5357184472,1617.6158824723732,20,112,2,583.2868931829493,217.5794400549643,DoS Hulk
04/07/2017 09:20:57,80,1980118,152,78,427961.4216027126,1645.3488392420277,14,54,3,316.16485100923904,213.12004905118476,DoS Hulk
04/07/2017 09:20:57,8080,281815,279,113,396825.09606995597,2525.4056603609297,15,68,2,822.6297950607513,211.59420103529192,DoS Hulk
04/07/2017 09:20:56,443,1141713,113,66,64405.75415085716,2765.261681171156,9,67,0,931.4784793891204,167.62505299111717,DoS Hulk
04/07/2017 09:20:59,443,562293,315,33,478202.6671672635,1005.681453114398,5,96,3,104.8848343082391,201.8289862911548,DoS Hulk
04/07/2017 09:20:58,25,144697,40,5,5446.000534640319,50.81239372666832,0,5,0,8283.464999700453,1978.1192152261426,BENIGN
04/07/2017 09:21:00,8080,1200407,331,49,370521.6898770141,1820.0729275231788,10,46,4,703.0209343400843,27.91586209022786,DoS Hulk
04/07/2017 09:20:59,443,1936517,100,62,495905.2780684874,1630.5666004029624,9,118,1,942.0464248495382,247.0816398860489,DoS Hulk
04/07/2017 09:21:00,8080,932364,65,113,395796.57668388484,1029.5955212014596,14,71,5,344.71142469984545,72.64693216298633,DoS Hulk
04/07/2017 09:21:00,8080,697397,40,16,17553.318131574284,42.53275844798322,0,5,0,13647.025507871238,3503.732670091568,BENIGN
04/07/2017 09:20:59,8080,820453,107,184,262304.4720361666,1419.007522921051,13,54,2,625.9110829606814,146.5568945701358,DoS Hulk
04/07/2017 09:21:01,25,520194,29,12,33235.57349329316,105.88125755891174,0,5,0,7422.399492027149,1329.391435660913,BENIGN
04/07/2017 09:21:01,80,1653279,335,177,236426.10965161602,1550.0855914385393,18,134,3,743.7524946781368,128.74587246534534,DoS Hulk
04/07/2017 09:21:01,80,1673780,339,149,54455.57502618158,2186.3686407971345,9,29,2,853.16786150519,79.60871227225465,DoS Hulk
04/07/2017 09:21:01,443,1296209,93,124,332047.0834779843,1128.4131948491954,16,128,2,406.49852194917565,232.71752336507018,DoS Hulk
04/07/2017 09:21:02,8080,1010977,199,122,412079.89419144974,2800.2406533676717,8,66,5,409.9413114226088,71.64457836927927,DoS Hulk
04/07/2017 09:21:04,80,810459,308,103,481630.8208019665,2738.609866032458,20,58,1,103.2582363392768,159.3197727288172,DoS Hulk
04/07/2017 09:21:02,443,264822,166,158,433483.7857729481,1439.1834760418976,10,127,1,668.866331967033,41.44423441904057,DoS Hulk
04/07/2017 09:21:04,8080,516587,237,195,418404.7883089908,779.4688934745809,13,37,3,667.9709320294099,113.49642831728309,DoS Hulk
04/07/2017 09:21:04,443,650410,380,186,396538.4353443712,898.3858820798996,13,66,2,211.89619378998725,124.76498207114605,DoS Hulk
04/07/2017 09:21:03,443,415978,359,47,127280.24267436568,1114.2544417139798,14,144,3,978.282994553525,245.42249962902525,DoS Hulk
04/07/2017 09:21:05,80,409835,124,82,116587.50420585914,917.5666632256236,15,71,2,209.31365024842205,133.79456081696375,DoS Hulk
04/07/2017 09:21:04,25,511032,40,28,5504.305790869604,79.81462407544178,1,5,0,12900.330000837715,2172.5644413032883,BENIGN
04/07/2017 09:21:04,25,18163,40,9,16134.46710976453,87.57831344099266,0,3,0,2621.1205939856054,4621.217505888931,BENIGN
04/07/2017 09:21:07,8080,1758974,255,156,292584.6884248031,2568.554662381882,7,72,5,421.87943408220934,60.96807100008296,DoS Hulk
04/07/2017 09:21:08,8080,80220,36,25,18982.09717336496,103.32005337003027,1,6,0,2394.9318914778005,627.0011359793139,BENIGN
04/07/2017 09:21:06,443,1729265,162,83,377996.293453391,1068.1141305587344,18,112,3,374.5007065100601,141.38882281452186,DoS Hulk
04/07/2017 09:21:08,8080,1726579,313,140,467327.94917310437,2182.462586232382,12,90,1,492.3435274620696,193.6753683352373,DoS Hulk
04/07/2017 09:21:06,80,283741,356,111,226346.29097442192,1033.9256566888494,13,62,1,117.54913938670325,37.44289998379194,DoS Hulk
04/07/2017 09:21:10,8080,1315503,313,147,225271.2718283188,1566.5849912658036,12,121,4,126.0350976364374,113.7122446618511,DoS Hulk
04/07/2017 09:21:09,22,600098,21,34,32957.458318206074,24.85677228893909,1,4,0,12962.035047385074,3413.0120373006057,BENIGN
04/07/2017 09:21:11,8080,1410390,264,167,427667.2800920262,1855.6581369834303,20,112,4,178.33019861465604,47.7963411648855,DoS Hulk
04/07/2017 09:21:10,25,455265,12,23,27979.011929318953,9.2764804277225,0,1,0,1267.1103260497644,561.5640221907322,BENIGN
04/07/2017 09:21:08,80,309640,186,165,292944.57137999637,2830.8831831057573,19,101,3,829.9742855911583,114.5720559753538,DoS Hulk
04/07/2017 09:21:12,80,1824278,142,33,298204.809385844,2324.830273726852,15,136,4,494.61871816800834,193.14598572064827,DoS Hulk
04/07/2017 09:21:10,80,1212048,255,178,461493.0411635623,527.6701674569546,9,112,5,334.4631355002085,171.26646905965782,DoS Hulk
04/07/2017 09:21:11,8080,1726071,106,167,493060.2680687999,1513.5892385808215,7,32,3,868.1223676587716,279.0881547228454,DoS Hulk
04/07/2017 09:21:11,80,1280415,191,44,294435.28444359504,2740.81271288539,15,118,4,582.4967246387305,148.34824095076146,DoS Hulk
04/07/2017 09:21:10,80,1961771,258,105,90080.3004323183,1227.5758156951297,10,125,0,110.79703133971555,91.65853806022133,DoS Hulk
04/07/2017 09:21:13,443,1770036,260,108,87463.29208515055,2988.250920127491,17,41,0,378.31506394240023,44.63256864195049,DoS Hulk
04/07/2017 09:21:12,443,1481308,240,68,388815.01987259387,845.370045254725,6,134,3,318.7678445176836,59.25239050224219,DoS Hulk
04/07/2017 09:21:12,80,555985,139,81,458936.70320159965,2580.543299535937,19,89,3,897.4844660227393,109.4018626273893,DoS Hulk
04/07/2017 09:21:12,8080,1044269,371,106,70770.0415384689,1337.3596261075381,19,66,0,940.9081520675866,278.42722529778666,DoS Hulk
04/07/2017 09:21:15,443,1786076,277,131,89339.61697085483,681.3156741994349,14,42,0,132.26991870944812,272.1346704749404,DoS Hulk
04/07/2017 09:21:13,8080,759002,274,26,276702.69896742026,2855.294204438001,7,63,2,208.44697292298642,59.256536021669376,DoS Hulk
04/07/2017 09:21:14,8080,1766954,156,68,368170.2324928734,2620.594894477427,14,139,0,111.99022897923834,80.91970625574368,DoS Hulk
04/07/2017 09:21:16,445,152730,24,4,9475.782489224075,28.84485877051332,0,8,0,10779.00401393948,1466.6568620458813,BENIGN
04/07/2017 09:21:15,443,460192,37,12,4194.275352042698,8.374259114435366,0,7,0,1156.4867793696326,4777.282597486939,BENIGN
04/07/2017 09:21:18,80,613366,157,139,457406.49634762417,1988.7779382980868,8,141,1,630.6699854349238,145.0838867139364,DoS Hulk
04/07/2017 09:21:16,443,701981,371,68,151370.899164106,1418.0393949425788,8,31,5,596.1207441207735,77.58357892885792,DoS Hulk
04/07/2017 09:21:15,443,627729,116,105,205186.91120190156,862.8488691147586,20,123,5,300.51764505132655,71.3073295230904,DoS Hulk
04/07/2017 09:21:17,80,1277126,176,169,110304.0457447877,1811.4406675688579,15,128,4,802.3903584883186,298.63861724147284,DoS Hulk
04/07/2017 09:21:19,8080,1142381,386,108,195197.2362470308,809.292142341814,18,107,0,71.38797521729403,176.6058557286511,DoS Hulk
04/07/2017 09:21:17,3306,121614,12,4,12468.18417420148,52.15710173192251,1,1,0,7361.083254887086,1434.4629274530878,BENIGN
04/07/2017 09:21:20,443,1885631,300,158,94608.47756767058,743.9883404161683,5,132,2,592.9662871987141,69.29184225263052,DoS Hulk
04/07/2017 09:21:21,445,95507,30,25,10412.93073718487,41.89323695668256,1,4,0,8013.060285588362,4060.412861306063,BENIGN
04/07/2017 09:21:20,443,202625,5,27,27921.87001378102,95.83547034502607,1,6,0,3360.456506601595,4247.633172319004,BENIGN
04/07/2017 09:21:21,80,913753,279,121,174879.6951156851,2935.6294776746427,18,148,0,299.6051417901545,242.75637500032087,DoS Hulk
04/07/2017 09:21:21,8080,778159,131,120,319910.531293203,2638.1976231954936,8,82,3,865.9584242214481,56.45224319526235,DoS Hulk
04/07/2017 09:21:21,8080,349017,34,32,2045.4870717435122,64.27012176394108,1,10,0,7407.219536731596,3236.215313312319,BENIGN
04/07/2017 09:21:19,8080,284092,99,117,328194.0523255267,2511.2740907941234,11,59,2,522.2396185624175,154.09798565934761,DoS Hulk
04/07/2017 09:21:20,8080,1097719,236,50,195458.01018131757,2955.690628570796,18,52,0,651.9649704136614,56.34453308257344,DoS Hulk
04/07/2017 09:21:23,8080,219373,366,142,240342.30718512295,2021.3323139449692,8,144,2,386.15257716690724,27.702683873563856,DoS Hulk
04/07/2017 09:21:21,3306,144293,23,19,23467.087471166742,80.95882531370415,1,6,0,8677.366980206572,4554.384830141715,BENIGN
04/07/2017 09:21:22,80,1144674,370,42,434548.35832421156,1200.415062182286,7,82,1,468.4017437090037,100.07655674612093,DoS Hulk
04/07/2017 09:21:22,80,1561241,77,66,224762.591745218,1671.4141803427394,10,75,4,107.36850488666272,226.44675016742212,DoS Hulk
04/07/2017 09:21:26,80,819843,131,197,372017.4326859841,1806.0387828738615,7,142,5,482.3111722423519,113.19001210607246,DoS Hulk
04/07/2017 09:21:26,443,382015,391,129,283762.8604408513,990.490833033457,9,37,0,510.8755792655347,124.8895060635526,DoS Hulk
04/07/2017 09:21:24,8080,1803260,343,94,410985.75414240634,1297.6379160204929,18,121,5,532.3360190281069,117.2025895585577,DoS Hulk
04/07/2017 09:21:25,8080,1538465,140,160,98606.80701361447,2367.99134457873,6,76,0,911.2533656454042,144.74838209037134,DoS Hulk
04/07/2017 09:21:24,25,304718,30,4,25636.276449663197,41.75729816111893,0,10,0,5281.240280617473,2981.387997811571,BENIGN
04/07/2017 09:21:26,22,9217,9,5,27631.680780294846,85.37230624030373,0,1,0,11700.160352904262,114.86943984360002,BENIGN
04/07/2017 09:21:27,80,809885,94,167,103613.13475611448,1825.0207575149327,12,31,3,654.7344814047219,31.283428520294976,DoS Hulk
04/07/2017 09:21:27,443,966698,195,64,109256.08955573113,1632.1582275300784,16,149,0,131.12951368313003,119.87303570530074,DoS Hulk
04/07/2017 09:21:27,80,1689702,277,193,80810.09286844019,2123.8565913509883,5,39,1,483.21878228283407,277.09984148885655,DoS Hulk
04/07/2017 09:21:28,3306,706599,34,9,17153.71471750085,50.85504812524397,0,8,0,11296.29776947521,4060.477904237799,BENIGN
04/07/2017 09:21:28,443,742907,10,29,16630.803034260185,57.697547518612154,1,10,0,1036.570534182548,4353.740289424124,BENIGN
04/07/2017 09:21:28,80,529604,62,194,489298.619229474,1163.6724499554778,15,23,2,433.38019667129817,225.32015206322467,DoS Hulk
04/07/2017 09:21:29,443,1539294,217,79,395718.3613809185,2929.2595845801548,9,50,0,333.35878545518244,252.751759390448,DoS Hulk
04/07/2017 09:21:28,443,776040,209,39,289726.8045024199,2129.107850748105,15,135,1,488.4635583394677,241.20187489071122,DoS Hulk
04/07/2017 09:21:28,443,1984050,216,65,92219.29401836406,714.2807570419186,5,96,2,875.743348987057,259.8103323716465,DoS Hulk
04/07/2017 09:21:30,8080,619717,396,72,281460.2731044601,1065.168047855657,9,73,4,236.22159724857482,161.91200625756244,DoS Hulk
04/07/2017 09:21:29,8080,1527670,63,57,85415.84208970406,2005.0387816126804,13,68,0,206.47573860904959,230.27432825455432,DoS Hulk
04/07/2017 09:21:30,443,1839607,88,163,175471.2891183342,2065.784840049594,17,27,3,428.0004002547604,251.92197432798585,DoS Hulk
04/07/2017 09:21:30,443,1046533,279,184,196013.64089836634,1485.355641605101,12,136,2,644.6940483684498,253.54881845836837,DoS Hulk
04/07/2017 09:21:32,80,746998,248,171,452918.00144976575,1745.4173161689757,18,44,4,382.6260545441732,279.00813336918753,DoS Hulk
04/07/2017 09:21:32,80,1835366,264,195,385794.8774878266,2952.183725699324,15,98,4,213.88483031527448,298.90177777147983,DoS Hulk
04/07/2017 09:21:32,22,129348,40,18,5463.90543906721,82.7615098708071,1,4,0,9843.140535527564,357.25493939614535,BENIGN
04/07/2017 09:21:32,443,499789,366,156,82279.4782836868,553.1205078534256,13,80,4,928.6413104584312,211.3905796569221,DoS Hulk
04/07/2017 09:21:33,80,1606917,56,70,312271.29991270445,2326.9138952255507,10,144,1,282.44268959625884,180.18018678801317,DoS Hulk
04/07/2017 09:21:32,80,749193,160,23,181681.15623986846,683.7654922821655,19,38,4,890.7818139966749,123.57569833671155,DoS Hulk
04/07/2017 09:21:35,53,271055,33,21,23480.943401828325,38.22623745316497,0,7,0,13268.085477745224,1110.6619064522279,BENIGN
04/07/2017 09:21:35,21,543545,12,16,28387.829699600188,22.925372401135874,0,10,0,10678.002898578206,1919.628851100512,BENIGN
04/07/2017 09:21:33,443,1956431,74,75,241166.62924561262,1599.69766521594,18,122,0,198.88684257938291,260.4069539918455,DoS Hulk
04/07/2017 09:21:36,25,456826,10,10,26233.856101927133,32.3643542213963,0,7,0,3060.8678095064884,3884.3311168682253,BENIGN
04/07/2017 09:21:34,8080,1696508,112,47,196348.82114168213,2552.874328811118,17,120,5,783.4031637456936,218.04074728456104,DoS Hulk
04/07/2017 09:21:38,8080,1165722,250,58,386937.1356948812,2654.159614955497,12,34,5,138.44647206832107,96.42034168933839,DoS Hulk
04/07/2017 09:21:39,8080,1918877,307,69,429888.1873042164,2539.055186971505,18,117,3,871.0433832000485,188.58397776057626,DoS Hulk
04/07/2017 09:21:39,443,1842122,349,194,388371.2799480424,2066.1793434666447,15,77,3,278.1237013175429,282.0400219241325,DoS Hulk
04/07/2017 09:21:37,443,858035,396,60,330433.90966093424,1486.3437985298974,14,25,5,875.6054293636254,283.2107785960136,DoS Hulk
04/07/2017 09:21:37,443,279037,22,32,10907.040314755439,6.364530959791292,1,8,0,11529.052610984972,2860.8670090541405,BENIGN
04/07/2017 09:21:39,8080,1364686,69,93,118666.45660489205,1309.2468706706022,13,36,2,67.27899996450921,181.41117241606102,DoS Hulk
04/07/2017 09:21:39,80,1936225,299,199,307847.5016124294,1535.381690234619,19,27,0,397.54711232611584,197.61603909112688,DoS Hulk
04/07/2017 09:21:39,443,555344,284,192,447490.11921897234,1514.794051724203,8,36,5,676.8650905268137,264.54019331820376,DoS Hulk
04/07/2017 09:21:39,22,296191,3,5,17456.112363540007,39.98807957445782,0,7,0,3169.423186929396,2290.908822302502,BENIGN
04/07/2017 09:21:40,443,201630,217,44,80582.114283398,2627.035218751074,15,48,1,521.8272722456004,190.20594237660404,DoS Hulk
04/07/2017 09:21:39,8080,598976,15,32,11863.40465827672,67.7864933158629,1,9,0,7687.386745933794,3876.656035602852,BENIGN
04/07/2017 09:21:43,443,1454339,139,86,225610.52581936732,594.1700482241639,19,131,3,872.0306239794651,52.66393314117656,DoS Hulk
04/07/2017 09:21:43,443,1828773,164,153,53962.38862893686,701.8489770947326,10,43,5,710.8333259841253,58.16394314562608,DoS Hulk
04/07/2017 09:21:41,8080,1409487,284,68,116030.34356632356,2654.8557880819662,10,41,0,675.2814475067239,99.12212515069864,DoS Hulk
04/07/2017 09:21:41,443,421581,236,73,481677.65151411155,2074.0322249232736,6,32,1,552.1504580231622,299.0780964744382,DoS Hulk
04/07/2017 09:21:44,80,726082,305,41,125378.34839865234,1315.275721617459,6,113,3,889.834085851076,289.53806349245957,DoS Hulk
04/07/2017 09:21:42,8080,488413,230,131,438259.85991884465,1722.5135919067734,5,137,1,640.2507488348886,259.1195750916513,DoS Hulk
04/07/2017 09:21:45,443,324585,371,181,336873.00425321417,1788.2659043770311,16,47,4,283.4234153432543,249.0925520445499,DoS Hulk
04/07/2017 09:21:42,443,232967,185,137,201609.31456593247,2278.7286849497314,8,131,4,120.59820828087423,263.38761114579546,DoS Hulk
04/07/2017 09:21:43,443,800943,268,139,413052.68905413477,1257.4126421590772,10,106,1,817.0678360373939,81.25862111849341,DoS Hulk
04/07/2017 09:21:46,53,348490,9,31,16335.200462998431,18.083560789257668,0,1,0,12603.788259381106,296.34131458004697,BENIGN
04/07/2017 09:21:45,8080,1877109,206,106,237674.3225792986,2173.8884472450227,12,146,1,586.3283736528916,155.71212369742497,DoS Hulk
04/07/2017 09:21:44,443,741754,207,21,373311.1068365918,1143.8886157374477,13,118,1,652.7867011962527,229.52436368977894,DoS Hulk
04/07/2017 09:21:45,443,906777,344,111,455619.5692179071,2168.0547226392155,17,38,5,496.53203401439004,70.40396676653415,DoS Hulk
04/07/2017 09:21:45,80,1108443,372,76,201423.33706580897,808.3452210502752,6,69,1,652.4661821626916,265.4359388635463,DoS Hulk
04/07/2017 09:21:48,8080,1543062,220,128,344790.3085955325,676.6676434172925,16,27,4,724.3137899227039,248.73310035625173,DoS Hulk
04/07/2017 09:21:46,8080,1782548,238,95,194978.84245237595,674.3471616795034,19,117,3,198.24262691285168,227.7052498273983,DoS Hulk
04/07/2017 09:21:46,80,505934,177,40,470544.9721147231,1968.2521713987835,8,68,5,56.16057474993288,45.006798875313564,DoS Hulk
04/07/2017 09:21:47,8080,1664669,285,116,416341.13314741687,2570.6713641978463,18,21,0,889.5770060669968,216.13810015021824,DoS Hulk
04/07/2017 09:21:47,80,151978,20,35,16493.054431735065,94.56364572108987,1,2,0,11724.40775189984,2307.3820143951452,BENIGN
04/07/2017 09:21:51,80,1654823,109,179,55505.306756312195,2514.5759643296697,16,65,1,503.928913816471,36.28346622158067,DoS Hulk
04/07/2017 09:21:48,80,1279061,226,105,242204.26918435583,2762.659727488431,7,96,3,425.09909164906213,295.7337950844394,DoS Hulk
04/07/2017 09:21:49,80,1413631,126,192,123484.87996131436,1696.9592673022153,8,55,5,721.6740102178555,236.8872410709649,DoS Hulk
04/07/2017 09:21:49,80,491743,191,120,62326.2990984824,2992.4016643346476,19,37,4,739.0713929836146,200.24674516222342,DoS Hulk
04/07/2017 09:21:49,443,1583610,315,116,318259.70308442484,2053.0972372194888,12,106,3,647.1330983823098,203.94082890409967,DoS Hulk
04/07/2017 09:21:51,25,672756,24,27,20444.53505305344,57.256213087525346,1,9,0,12737.156544664918,4889.408355755822,BENIGN
04/07/2017 09:21:53,443,1941267,151,165,183129.27477376055,2405.5513926253752,18,108,3,166.19692119393432,154.48631213636324,DoS Hulk
04/07/2017 09:21:52,25,642460,22,7,16508.796976662554,111.33670153558181,0,1,0,9100.850892798542,2387.0160388101376,BENIGN
04/07/2017 09:21:51,3306,458221,39,18,18274.023102071256,115.7088403867858,1,3,0,3660.739666730677,668.2172554179447,BENIGN
04/07/2017 09:21:53,8080,224952,207,107,285216.06340864,1816.5761782682114,15,136,0,396.7357168334042,56.92271995002222,DoS Hulk
04/07/2017 09:21:53,443,1567207,214,181,480618.9916841549,1137.3774434927848,15,144,0,56.99855103095865,166.54486552003488,DoS Hulk
04/07/2017 09:21:54,443,1134735,253,170,100208.44630125814,2446.628754871668,12,20,4,914.2687040516893,221.5767462602602,DoS Hulk
04/07/2017 09:21:55,8080,1803239,215,107,415329.3252255138,1437.6570584814713,13,20,0,803.493579513877,214.51941519640621,DoS Hulk
04/07/2017 09:21:55,8080,475401,178,135,308175.0477249129,1969.1584118644093,19,70,1,257.8674665492234,57.805698261718234,DoS Hulk
04/07/2017 09:21:55,443,1757458,387,122,477229.5930852784,909.6916875872996,11,56,4,517.3990101400577,235.01943934184254,DoS Hulk
04/07/2017 09:21:53,8080,1955699,281,161,419900.0733150968,796.2449152603167,15,138,1,81.11585171338109,152.88605862525392,DoS Hulk
04/07/2017 09:21:54,8080,456597,12,6,33890.42295476601,95.45407124711265,1,6,0,5990.074184968836,4364.784681428803,BENIGN
04/07/2017 09:21:58,8080,1887377,224,37,392970.5493521518,773.3831693386696,20,130,3,225.06085909325242,124.4331139753687,DoS Hulk
04/07/2017 09:21:57,443,1862530,355,52,277640.12098868215,1355.6818683800057,11,38,5,158.872707480481,96.5331316876457,DoS Hulk
04/07/2017 09:21:59,443,1584292,202,100,302536.73272355855,2588.314766456599,7,44,1,812.3798207424928,75.57806896206316,DoS Hulk
04/07/2017 09:21:58,443,1333584,360,70,131512.28602503455,939.5156827177021,11,142,0,747.4059823644993,225.08919322821504,DoS Hulk
04/07/2017 09:21:59,3306,46253,6,35,21488.54264259334,83.86059287614715,0,7,0,3550.897048041233,2686.7651015006413,BENIGN
04/07/2017 09:21:56,443,356683,205,65,376079.39552368363,928.1182918938154,5,142,4,526.8589361182262,225.71014796240758,DoS Hulk
04/07/2017 09:21:57,8080,1353096,78,172,416252.7367101849,2548.8660850625397,11,37,4,622.6472596928396,214.97546081182554,DoS Hulk
04/07/2017 09:22:01,80,1914128,217,192,63703.4189567888,2355.7005073999762,11,37,0,309.4309868031145,35.806634171796105,DoS Hulk
04/07/2017 09:22:01,80,1551156,321,28,62064.75722657883,2708.583730296589,14,90,0,223.86319898933272,36.32594632681528,DoS Hulk
04/07/2017 09:21:59,8080,323049,287,22,231685.69094866904,1779.7840492389253,11,130,1,485.78039785125355,290.5076739275046,DoS Hulk
04/07/2017 09:21:59,3306,10058,28,27,19325.21820838176,45.88617749021496,1,5,0,9605.81570884156,4777.057308503108,BENIGN
04/07/2017 09:21:59,445,29536,11,33,6487.797969819393,110.39524912446349,0,9,0,10184.19626609688,1906.5837333991446,BENIGN
04/07/2017 09:22:01,80,1895256,390,38,176005.76496734895,1213.0708518955478,8,69,1,605.0458226567657,221.46300547181474,DoS Hulk
04/07/2017 09:22:01,443,1130802,226,163,102253.97315175628,516.324284281278,10,121,2,538.8573143773253,167.0487343165045,DoS Hulk
04/07/2017 09:22:01,22,759089,38,26,13600.816712083028,49.01031796853364,0,9,0,1293.5135786753185,4048.301213876615,BENIGN
04/07/2017 09:22:02,443,804286,231,130,106601.61136367633,2558.500672393913,19,62,1,850.2423379509742,153.83188324889957,DoS Hulk
04/07/2017 09:22:03,80,1336580,357,81,483841.61190196057,2986.6228098415404,12,79,0,865.1346200904236,195.79671716655292,DoS Hulk
04/07/2017 09:22:04,21,310117,25,6,12762.28061505607,96.7004598259022,1,9,0,13902.071108983731,2878.7758191412045,BENIGN
04/07/2017 09:22:02,8080,985046,187,175,212672.55539803597,1969.7789990334868,13,146,2,612.2390297574491,128.40580391492122,DoS Hulk
04/07/2017 09:22:02,8080,1373973,135,55,270412.5245685604,1059.7395166087338,16,123,1,549.5828816696909,229.02679342029833,DoS Hulk
04/07/2017 09:22:03,3306,682996,38,30,13808.24771830667,72.5072871834119,1,7,0,4686.498737644015,2065.383633198224,BENIGN
04/07/2017 09:22:05,80,550115,108,114,451064.4453902532,1707.5383789150478,11,115,5,452.74437154754077,286.804478734258,DoS Hulk
04/07/2017 09:22:07,443,1085635,358,160,57414.75937926513,1205.1047673166677,19,99,4,876.9070945097717,274.0953975080098,DoS Hulk
04/07/2017 09:22:05,8080,573568,286,83,109819.71121228111,1986.117106983002,17,25,1,752.4171174972189,295.40623893924237,DoS Hulk
04/07/2017 09:22:06,8080,881965,54,160,354808.76749814674,1832.613707743512,11,74,2,852.332067705407,153.66909995404373,DoS Hulk
04/07/2017 09:22:07,443,329181,361,44,471092.33593763405,1646.347506731696,11,88,2,417.9839668309003,82.85478161589951,DoS Hulk
04/07/2017 09:22:06,443,719775,184,102,130528.27280050721,579.8718979167404,14,32,5,210.37040178212524,202.42573413829294,DoS Hulk
04/07/2017 09:22:08,80,435282,306,59,226641.51706765138,2887.4477355889544,12,98,0,145.68234197701616,178.77708920031193,DoS Hulk
04/07/2017 09:22:06,443,1874781,221,63,462846.32004811196,957.5522112122762,7,92,4,945.5784143330476,62.14433480707109,DoS Hulk
04/07/2017 09:22:10,8080,1060113,350,119,360651.10822896357,672.3413064068912,20,72,4,382.29941513362814,156.119441162421,DoS Hulk
04/07/2017 09:22:07,8080,323038,31,5,25760.62704338498,24.40626893037826,0,3,0,13480.542199118197,1830.853103823354,BENIGN
04/07/2017 09:22:08,80,1895266,164,123,156771.2138725255,862.9035539395101,6,131,3,498.457458050796,73.70688922035399,DoS Hulk
04/07/2017 09:22:09,443,383611,362,80,159289.35368462792,930.6276719082312,15,135,5,120.51975647661534,192.18722419276168,DoS Hulk
04/07/2017 09:22:11,443,801327,50,61,255245.80541642924,2903.10037772786,17,86,5,735.0845111810897,155.99006014942333,DoS Hulk
04/07/2017 09:22:09,8080,1293701,192,161,371575.9996413428,2768.628670798196,11,54,5,220.35809323400966,172.68203512348288,DoS Hulk
04/07/2017 09:22:09,443,914960,348,177,164853.7294522823,1482.1382122637829,19,92,5,455.7097492961483,81.20577369448276,DoS Hulk
04/07/2017 09:22:12,443,610260,295,50,288005.17479421396,2163.8977952174646,13,103,2,913.7367073583165,143.7042239115031,DoS Hulk
04/07/2017 09:22:13,443,914054,345,165,458901.6541599702,760.8789896142557,19,76,5,606.8064547597406,110.42919848459225,DoS Hulk
04/07/2017 09:22:12,443,737437,40,26,23888.422369808723,78.79386454064715,0,5,0,6230.552216312334,3000.6854682356648,BENIGN
04/07/2017 09:22:14,443,919390,130,105,258365.91169819108,2213.669688290235,15,26,3,215.63597691732997,175.949489820815,DoS Hulk
04/07/2017 09:22:14,443,570068,140,132,214358.04630064167,939.8408066073331,9,88,3,720.3069794826724,176.58844203601177,DoS Hulk
04/07/2017 09:22:12,8080,1026317,337,193,218267.19156888314,1718.4260747495523,7,90,1,544.6057124987776,241.0785025267286,DoS Hulk
04/07/2017 09:22:15,8080,793882,37,32,11321.501176675083,95.85738567857118,1,5,0,12239.581204810322,2076.674258457671,BENIGN
04/07/2017 09:22:14,8080,1452962,270,198,474331.7175113695,2075.8265445564384,8,100,4,264.0543097151196,158.46180760543984,DoS Hulk
04/07/2017 09:22:16,80,1318053,237,31,440942.56406004983,1020.9099428902916,13,85,2,65.62230467839099,103.9610610872551,DoS Hulk
04/07/2017 09:22:16,443,277688,300,35,56995.780001986015,2093.1966651225457,14,108,2,649.8852596419553,131.09004223769352,DoS Hulk
04/07/2017 09:22:14,8080,694593,271,102,357827.7245948003,2956.529741551251,15,88,2,231.6384702556501,278.5642737070381,DoS Hulk
04/07/2017 09:22:15,443,52330,28,17,30358.997951515554,10.795624514287525,1,1,0,11692.298031885135,2128.5260044452402,BENIGN
04/07/2017 09:22:15,80,304429,268,114,360094.16156843357,1659.0441102030302,6,46,3,620.2959337988541,97.99076318022095,DoS Hulk
04/07/2017 09:22:18,443,334613,185,63,341531.3801707177,981.1019413522299,14,117,4,488.1431989159287,168.01267421888107,DoS Hulk
04/07/2017 09:22:19,443,353028,79,79,125697.13568719708,2061.5545530238633,8,68,4,332.5056301418015,279.0127490125739,DoS Hulk
04/07/2017 09:22:18,443,392442,323,178,498116.2168869405,1279.8776290383812,13,133,0,132.5039391659827,112.7565180186754,DoS Hulk
04/07/2017 09:22:17,80,834636,145,72,274173.2829742551,2367.393356996322,8,124,2,287.956466639856,291.8126972680382,DoS Hulk
04/07/2017 09:22:17,8080,1711273,83,91,294051.08591267874,2375.589503578097,18,124,2,981.6432155403583,239.7262623310197,DoS Hulk
04/07/2017 09:22:18,8080,1744285,269,84,246936.15917902862,671.3113099834462,9,150,1,745.864674998427,39.799853501395916,DoS Hulk
04/07/2017 09:22:20,443,264945,181,122,269399.2558980036,2109.8538959984003,12,32,1,684.0932807523932,171.120571154165,DoS Hulk
04/07/2017 09:22:21,8080,1067871,350,73,360214.92904136586,727.564297481447,19,92,0,910.9801188843303,170.47102726324206,DoS Hulk
04/07/2017 09:22:18,8080,517189,211,86,189319.32602180648,1090.7210135584332,17,73,0,454.3749091595356,180.58834127523014,DoS Hulk
04/07/2017 09:22:21,80,249065,76,43,55300.418378829534,1893.1745024079753,6,100,1,252.30307621552168,238.44004525712177,DoS Hulk
04/07/2017 09:22:20,8080,1195901,249,51,378215.2166571229,736.9311964810788,16,93,0,699.3520597366753,266.73442321559435,DoS Hulk
04/07/2017 09:22:22,8080,244963,351,116,180248.8500085369,850.6598572883346,14,103,1,830.9785829675175,100.31225064562976,DoS Hulk
04/07/2017 09:22:21,8080,202344,229,160,408953.50639165693,2812.4809802080713,19,146,1,476.5869136227582,241.2924197917737,DoS Hulk
04/07/2017 09:22:23,443,846570,333,117,466354.1675377995,1315.0528481867852,14,105,1,161.780523783293,252.20718763337962,DoS Hulk
04/07/2017 09:22:21,80,690147,19,5,26586.196984468796,115.77122250266294,1,2,0,13576.933316478906,2854.9525001132665,BENIGN
04/07/2017 09:22:25,8080,240572,234,85,260651.70791736923,2563.803013105098,14,51,3,593.3505317289582,288.3480054907202,DoS Hulk
04/07/2017 09:22:23,3306,130655,32,25,1934.3614361557545,103.57234003432879,1,6,0,12746.56875395707,912.05738764416,BENIGN
04/07/2017 09:22:22,80,857451,323,173,401390.1401339414,2130.431360520114,11,24,5,145.70210019682628,165.72328087525875,DoS Hulk
04/07/2017 09:22:25,443,1626924,187,102,221419.11688182686,770.4514926645879,9,143,1,391.74705668231303,69.9491864800799,DoS Hulk
04/07/2017 09:22:23,8080,994112,175,182,397630.66221252066,1062.4752768781937,8,119,4,308.1965763213203,54.41013181368384,DoS Hulk
04/07/2017 09:22:24,8080,852707,83,122,465749.4038229301,2085.930005267487,17,111,3,544.9132474043893,115.81312155286244,DoS Hulk
04/07/2017 09:22:26,8080,622889,96,183,413587.61807556014,1749.0717778238013,7,62,4,626.8585388496,287.29127485704765,DoS Hulk
04/07/2017 09:22:27,443,1127857,131,123,272739.0792162591,867.8811509202699,10,26,0,365.2862854675462,159.03436019224776,DoS Hulk
04/07/2017 09:22:26,8080,644102,361,86,107288.08644546344,2301.890502344694,5,86,3,324.43719799044356,195.93580690115888,DoS Hulk
04/07/2017 09:22:25,8080,1680525,279,169,419212.02503911935,1549.397318094129,13,54,3,838.433848621562,119.2091889399313,DoS Hulk
04/07/2017 09:22:28,443,239702,207,102,189966.47083550066,2498.8338411913755,14,99,2,528.0658107496358,90.24973830453543,DoS Hulk
04/07/2017 09:22:28,8080,1007602,358,151,68929.72187989352,1188.7447472853019,15,89,5,458.92414609726177,263.973188859659,DoS Hulk
04/07/2017 09:22:28,443,807681,276,43,170899.27664927355,1164.4221660103967,8,118,3,250.77319124483748,275.0840783064286,DoS Hulk
04/07/2017 09:22:30,80,1635133,173,191,474821.1808631832,2766.1608369544024,15,50,4,273.235236691284,44.98951888748105,DoS Hulk
04/07/2017 09:22:29,8080,613200,241,82,443107.26603415725,1831.4368269971505,20,84,3,857.7442453658398,186.79333508673759,DoS Hulk
04/07/2017 09:22:31,8080,569996,67,148,142197.13024309964,1063.1227159961036,7,142,5,657.9936972743627,297.77452676154076,DoS Hulk
04/07/2017 09:22:31,80,349221,26,24,16200.538170756598,104.1400126077739,1,4,0,7873.724905423005,1023.8090360961824,BENIGN
04/07/2017 09:22:31,443,275354,30,15,4196.119353229177,81.16427022526098,1,10,0,4405.049085293882,2701.9854424278246,BENIGN
04/07/2017 09:22:31,3306,295710,24,33,14606.870315731023,42.13933293065879,1,9,0,4410.0234088764155,3163.4599302088864,BENIGN
04/07/2017 09:22:32,25,669269,9,10,2514.430363492007,59.86521690468191,1,3,0,12948.47497898623,3412.8206896519882,BENIGN
04/07/2017 09:22:33,443,1522598,252,144,272809.5834533599,1894.7478236780478,9,120,0,238.91326200570705,101.72267795701646,DoS Hulk
04/07/2017 09:22:33,443,1254893,366,125,89253.2680713314,1787.0131168925361,18,81,1,212.36906656329262,36.12437914341337,DoS Hulk
04/07/2017 09:22:32,8080,959918,215,178,67872.00081610207,1913.4354266912533,13,85,3,281.56301413823394,130.09210161258747,DoS Hulk
04/07/2017 09:22:35,8080,1594655,358,150,96383.09794394606,1697.4942266084734,9,68,1,321.2133480142272,250.61567781289318,DoS Hulk
04/07/2017 09:22:31,8080,1507010,95,88,302714.1061770385,1197.390254702362,17,73,5,615.1554534200836,120.94475713452859,DoS Hulk
04/07/2017 09:22:35,21,10146,27,6,1133.720280951868,53.49508866260656,0,5,0,12141.017283243622,3700.683428744799,BENIGN
04/07/2017 09:22:35,80,812345,266,91,339178.24754806515,1212.0042560750833,12,72,4,489.2723808117436,190.4925619876584,DoS Hulk
04/07/2017 09:22:33,80,1269224,144,33,273607.5416215148,2264.2401219522035,8,56,1,93.2991983112085,93.02834200432054,DoS Hulk
04/07/2017 09:22:33,8080,455448,198,24,160654.4026954841,753.1542056728397,6,139,5,439.0782474497658,227.92486071957114,DoS Hulk
04/07/2017 09:22:37,443,654586,212,152,358837.98912682594,2754.7125213979475,7,50,3,675.5332027863138,52.344808342537775,DoS Hulk
04/07/2017 09:22:38,80,725398,95,66,444676.9567849863,1357.4505983874333,8,57,1,856.5785195724523,155.94374589936325,DoS Hulk
04/07/2017 09:22:36,8080,911174,238,192,59452.66517612805,1368.9957484416532,11,133,0,349.4409396508108,98.46604018587657,DoS Hulk
04/07/2017 09:22:36,80,1068252,141,77,243964.37094686605,1031.0813770170598,15,115,1,497.7558027961141,39.749870051455304,DoS Hulk
04/07/2017 09:22:36,8080,1171746,291,29,345923.0779356983,2938.5064643480937,6,146,5,342.6649047853186,175.76850850678923,DoS Hulk
04/07/2017 09:22:36,8080,1915302,288,175,218553.6841330327,1952.5156981477624,11,139,3,397.96858754808943,212.44296532007354,DoS Hulk
04/07/2017 09:22:39,8080,982873,391,182,185628.96097016017,2860.0631640867027,14,27,1,500.63040116205946,221.01091536220105,DoS Hulk
04/07/2017 09:22:37,8080,273301,268,59,213298.6630925971,2302.2750007596546,6,69,4,838.432626985981,135.3249683005473,DoS Hulk
04/07/2017 09:22:38,80,1214750,265,47,330031.3829256508,2457.9650159228427,19,40,2,538.0013260262001,57.815604778386074,DoS Hulk
04/07/2017 09:22:40,8080,1826703,366,188,444357.2250813123,1837.6839396308953,7,25,3,642.831463179919,280.5069516462338,DoS Hulk
04/07/2017 09:22:40,80,1623870,102,95,198492.72040607492,2609.8750769343237,15,100,4,688.8259785375524,91.1317085359538,DoS Hulk
04/07/2017 09:22:39,443,1759952,87,72,364041.3086222998,1786.2376100161323,10,76,5,559.3043135539745,201.09617085631442,DoS Hulk
04/07/2017 09:22:40,80,1952001,272,137,195355.7456111797,509.3241428717153,10,92,0,943.5040270280259,137.7435550729017,DoS Hulk
04/07/2017 09:22:42,80,1925629,156,27,422054.6099213582,659.8306364167629,5,41,1,145.32810721874017,225.9481655712024,DoS Hulk
04/07/2017 09:22:41,443,561936,301,57,389215.34275409265,2933.9193961620927,12,109,3,798.0427116335761,240.42937898663584,DoS Hulk
04/07/2017 09:22:40,80,903555,201,97,263406.31248341757,921.4809750514909,11,97,1,826.7275889518048,220.577688588976,DoS Hulk
04/07/2017 09:22:41,8080,1802758,357,73,128241.64236901267,1333.3565001787965,5,147,1,715.3016596846976,168.3209053085588,DoS Hulk
04/07/2017 09:22:44,443,1762757,126,142,189106.11212954108,2399.3215761441293,6,36,2,620.1324450781643,62.52256049619771,DoS Hulk
04/07/2017 09:22:44,8080,376620,219,177,373423.98372909415,934.7161331960103,10,123,4,258.14927495873275,193.77114709329635,DoS Hulk
04/07/2017 09:22:44,443,635913,67,28,241952.29330281715,2245.2785557719185,12,57,1,856.495039003787,134.13557493055487,DoS Hulk
04/07/2017 09:22:43,8080,1015778,379,82,315633.0401867938,1308.1558149226294,19,67,4,548.7201999411653,40.53354518678216,DoS Hulk
04/07/2017 09:22:42,443,1479822,244,174,263359.99434231425,2690.32994157316,16,120,0,978.9611018266963,97.34596041149052,DoS Hulk
04/07/2017 09:22:43,8080,1688974,349,117,301812.79271798977,1516.541410525937,11,26,1,951.3841846459464,223.39264671249364,DoS Hulk
04/07/2017 09:22:46,8080,636362,3,25,9556.827985809548,39.42518462177714,0,8,0,5879.296447951434,192.41944632883707,BENIGN
04/07/2017 09:22:46,8080,1845984,229,138,245445.31628826546,1981.9798197556397,11,112,1,933.9766178196824,78.96845527745143,DoS Hulk
04/07/2017 09:22:44,443,701222,56,107,103952.31766602551,2055.142274072059,12,20,4,444.6826968983176,168.0934816242325,DoS Hulk
04/07/2017 09:22:46,80,898635,188,57,226270.89036616354,1759.6433855826042,14,100,5,580.8780463858868,187.4663661098068,DoS Hulk
04/07/2017 09:22:48,443,282841,373,101,364163.40754234785,1295.8778969663053,19,106,0,946.139176601656,227.44982764289088,DoS Hulk
04/07/2017 09:22:49,25,406946,20,4,12757.54442542216,78.83512236054965,1,5,0,1021.2691974145242,4836.076105346827,BENIGN
04/07/2017 09:22:47,443,1249683,164,67,75576.77021373848,1549.7751879359241,11,135,0,81.52458434167556,206.0250411550457,DoS Hulk
04/07/2017 09:22:49,80,943581,93,78,179484.16597273957,2282.185292358263,6,91,1,51.64936143168677,213.10193718167542,DoS Hulk
04/07/2017 09:22:48,443,1640608,97,28,133292.28847051342,2552.617356216482,5,66,3,261.16834310514014,97.66128178776823,DoS Hulk
04/07/2017 09:22:48,80,1949482,182,171,258053.74058605646,721.7275133244864,16,101,5,972.4569030651562,20.376088678241832,DoS Hulk
04/07/2017 09:22:47,8080,1970339,109,91,60930.82855167768,641.6442642017074,17,28,3,67.2881160298158,69.95874353641909,DoS Hulk
04/07/2017 09:22:49,8080,144615,37,26,19772.940216073224,38.11250453569515,1,8,0,2359.438589670727,1842.5791578926292,BENIGN
04/07/2017 09:22:48,25,152047,16,10,5552.075889886591,107.24574756282236,0,2,0,3555.5507264906537,3565.9930478410984,BENIGN
04/07/2017 09:22:51,443,1317894,203,84,212132.2383653299,1987.1822762766988,20,142,5,257.30438226884996,284.1339647564651,DoS Hulk
04/07/2017 09:22:49,8080,551256,121,47,178165.3634470788,2506.114883418776,9,74,3,335.80263019727545,95.67343061390497,DoS Hulk
04/07/2017 09:22:51,443,837845,68,175,148031.75247867568,992.5303339608179,17,137,0,570.3691875993957,44.909485962940664,DoS Hulk
04/07/2017 09:22:50,3306,435650,15,13,31833.942184000283,43.78420969592088,0,1,0,1198.1289834651857,3606.9905913410225,BENIGN
04/07/2017 09:22:54,80,1617507,400,67,104458.34795626845,1558.3032314329157,17,52,5,543.3663557836452,31.894760882549726,DoS Hulk
04/07/2017 09:22:54,443,1207017,139,163,221449.31782257467,801.596583940204,18,63,2,476.7662655945839,29.824889869560668,DoS Hulk
04/07/2017 09:22:52,443,1394145,262,77,186901.40143426412,2414.128863577017,11,35,2,260.73544289703227,43.86384608846733,DoS Hulk
04/07/2017 09:22:52,443,441552,296,199,223731.3568110687,2937.020388038954,13,95,5,746.500080779144,63.98960815930531,DoS Hulk
04/07/2017 09:22:52,53,700157,13,2,12084.406899251942,25.201296742343246,1,1,0,1245.880680109667,1532.116373442523,BENIGN
04/07/2017 09:22:54,22,154705,14,13,30214.075133602197,51.26322332598151,0,7,0,3990.382178090977,3091.2657909825753,BENIGN
04/07/2017 09:22:55,443,420238,348,24,107771.71076768768,2172.252321464541,8,43,2,604.8496108359107,24.20326681546946,DoS Hulk
04/07/2017 09:22:53,8080,1526479,185,78,462906.3598065195,1270.1843892284792,9,37,1,686.9339522367563,60.40702175942086,DoS Hulk
04/07/2017 09:22:54,80,912717,86,164,420748.23717232444,923.214025778742,11,46,2,437.41927399991886,63.98544194401193,DoS Hulk
04/07/2017 09:22:56,8080,1384723,233,41,59966.24465202458,2601.5725419585974,5,68,4,626.3867229621504,43.61400153321972,DoS Hulk
04/07/2017 09:22:58,8080,377264,111,68,409296.51409527165,2003.5327346616477,8,114,3,731.2792001549208,112.82493433115714,DoS Hulk
04/07/2017 09:22:57,445,69324,40,17,755.6514902512519,106.49369059914363,1,6,0,9322.239443132281,1239.111241536661,BENIGN
04/07/2017 09:22:57,443,1777026,140,126,226256.73447439875,1539.0220901204477,8,79,0,435.8145771463148,115.7563420646814,DoS Hulk
04/07/2017 09:22:58,443,1966823,224,31,145208.53836068534,2227.1114045320423,18,54,3,535.5530336181725,20.34426078372803,DoS Hulk
04/07/2017 09:22:56,443,234702,167,74,431347.79426785425,1915.6423999857054,18,55,1,958.279063800211,72.19455224345326,DoS Hulk
04/07/2017 09:22:56,80,295335,397,185,97347.49850827584,626.5953440474377,10,98,3,592.9600701405105,81.23606730268884,DoS Hulk
04/07/2017 09:22:59,443,1884052,108,114,192068.14053920982,1140.7752876861268,5,145,3,302.2796710951868,233.26478240461788,DoS Hulk
04/07/2017 09:23:00,443,1467882,119,174,190524.9939266326,569.8121225141942,12,77,1,202.26516012136543,25.948214297098318,DoS Hulk
04/07/2017 09:23:01,443,269641,82,137,300532.0812660669,761.5666250219581,17,91,5,359.6252057215713,130.96315950352673,DoS Hulk
04/07/2017 09:23:00,8080,654143,241,108,344954.68606772233,935.796570117177,6,149,2,736.4362101395052,190.91293969831128,DoS Hulk
04/07/2017 09:22:59,80,1044731,98,34,59926.30838886382,825.0686892563267,11,98,3,447.7781346460761,154.4889253897543,DoS Hulk
04/07/2017 09:23:01,8080,254368,50,164,63461.48537015522,555.9306881349037,14,57,0,151.91533976612922,29.12810335097255,DoS Hulk
04/07/2017 09:23:00,443,1280024,304,26,290902.7015023136,1014.9236723267043,13,114,1,877.6776320880859,110.23449973939378,DoS Hulk
04/07/2017 09:23:01,443,314218,375,84,309053.71847098845,1173.742307737963,18,68,5,434.2780549735389,229.9020122208499,DoS Hulk
04/07/2017 09:23:02,443,364320,308,86,135167.32948291407,2525.6406967725998,12,98,2,929.6691027545688,210.06078781412617,DoS Hulk
04/07/2017 09:23:01,8080,589675,210,51,367910.9301289226,1047.626252692372,7,135,4,300.45375074285477,84.62329854424596,DoS Hulk
04/07/2017 09:23:03,443,1266995,206,171,334308.67960011127,756.0170511041407,14,140,5,229.706858816112,210.56789546520847,DoS Hulk
04/07/2017 09:23:03,8080,1221788,370,192,187938.55860309108,716.2185042090908,12,122,4,780.4372855476132,132.45978096680832,DoS Hulk
04/07/2017 09:23:05,80,758216,190,150,462551.70783073193,1107.3964360265857,19,105,1,669.7402901598373,210.62511463632234,DoS Hulk
04/07/2017 09:23:04,21,304474,6,29,31058.532952785674,14.988210791104294,1,3,0,5009.228664831675,1713.0311527480467,BENIGN
04/07/2017 09:23:06,8080,214745,95,169,400259.5962399817,957.9168929689059,20,51,2,544.7672878577482,201.5754083682539,DoS Hulk
04/07/2017 09:23:06,443,173231,6,6,12382.909186413342,49.88840149528353,1,3,0,5157.007973845141,4346.870085020453,BENIGN
04/07/2017 09:23:05,80,645358,221,157,128972.911011509,1561.5548753303945,17,61,1,462.1883077319503,286.7225923833949,DoS Hulk
04/07/2017 09:23:05,80,1285803,138,88,474893.0601683555,1985.882718563772,7,33,4,195.53871319056054,158.41610777817772,DoS Hulk
04/07/2017 09:23:05,80,209772,340,65,400804.44656001753,1722.016566439893,14,72,0,89.06592758266797,271.5024564970737,DoS Hulk
04/07/2017 09:23:08,443,1146105,286,156,397199.9891225127,2743.1863708487535,11,142,5,199.94512382538105,207.43258057897467,DoS Hulk
04/07/2017 09:23:06,443,1039432,93,130,415621.8600999357,784.3034089448915,15,105,2,740.4566985964154,87.8609074042372,DoS Hulk
04/07/2017 09:23:08,8080,1420537,127,91,380773.0052711829,1567.9085916173226,7,39,0,434.29880270014417,76.63442118382312,DoS Hulk
04/07/2017 09:23:08,8080,342394,4,20,15291.839008709843,76.51715498157868,0,4,0,9468.0066899159,1850.295042621416,BENIGN
04/07/2017 09:23:08,80,1289134,250,67,497539.7006436515,2120.3354345955668,6,98,1,611.0056695245867,98.56996389255758,DoS Hulk
04/07/2017 09:23:09,443,496782,23,12,8648.573649627786,37.77772377985301,0,6,0,3498.8567860742883,1243.2692450462428,BENIGN
04/07/2017 09:23:10,8080,1813837,143,133,85521.80926690667,2466.4782629346973,17,103,3,108.35223615206729,202.8366717703626,DoS Hulk
04/07/2017 09:23:10,8080,1318385,330,40,66703.46347814996,1806.6799737972517,9,74,0,321.5972927472879,146.63463662215383,DoS Hulk
04/07/2017 09:23:10,8080,1206551,118,37,91570.3500189124,1702.0007121089893,12,30,0,263.67215657747056,185.44104629150544,DoS Hulk
04/07/2017 09:23:09,80,1101498,289,108,131172.70396159473,1962.4433676283816,15,146,1,640.9571151166249,113.11230510928245,DoS Hulk
04/07/2017 09:23:10,8080,1485596,354,195,383689.7713418042,2289.332549068097,20,82,4,873.1378153553358,273.7360842374068,DoS Hulk
04/07/2017 09:23:09,80,914018,136,180,138739.2859042511,1535.605328908899,9,48,2,974.3570293659005,79.85433466097862,DoS Hulk
04/07/2017 09:23:14,443,1809446,391,36,441570.96583312156,2513.490403328742,12,144,2,123.51409252024976,259.3322263809782,DoS Hulk
04/07/2017 09:23:11,443,602247,177,34,476988.0124180938,2565.8671728894924,10,126,0,931.9817717839048,140.42093552357738,DoS Hulk
04/07/2017 09:23:11,443,1487239,397,42,466683.436004444,2950.404886852084,11,133,5,907.4127102047312,213.30058772780518,DoS Hulk
04/07/2017 09:23:13,80,1768596,118,117,219987.3714929783,2345.6595919229594,18,99,3,752.2854908547087,37.810251404090735,DoS Hulk
04/07/2017 09:23:12,443,1305097,100,132,253037.26273651418,1813.3812162583401,19,123,0,528.2043647314692,110.01272583510804,DoS Hulk
04/07/2017 09:23:13,80,1165465,271,95,363571.89978001773,676.5545797081902,10,51,1,781.6231478674732,259.9370390295976,DoS Hulk
04/07/2017 09:23:15,8080,253320,281,157,378957.78644422337,1616.2243655923164,16,26,2,901.5547789807857,151.99001116628332,DoS Hulk
04/07/2017 09:23:14,8080,935871,157,128,456389.87501340685,2152.7015387850934,12,67,4,204.1025384586744,161.86040359843082,DoS Hulk
04/07/2017 09:23:14,443,928532,304,63,475207.377732938,2127.5871119429667,8,102,1,273.01997883756883,251.38434950213264,DoS Hulk
04/07/2017 09:23:16,8080,629784,91,85,445743.98095444415,1818.7376992781174,12,105,3,427.55239810892414,296.4342322929024,DoS Hulk
04/07/2017 09:23:16,8080,761475,364,86,122040.71113534189,1121.5324249580165,11,104,0,621.2297014311421,145.2798729400543,DoS Hulk
04/07/2017 09:23:16,443,651165,154,135,211126.92113791185,2740.994811812887,7,91,3,58.60241613140669,153.2338663014641,DoS Hulk
04/07/2017 09:23:16,443,369837,343,155,453434.08305711416,2158.9350679138856,15,107,2,364.27388612179294,24.578284052626774,DoS Hulk
04/07/2017 09:23:17,80,988294,232,97,447318.1637447113,593.7458822247484,11,124,0,404.1318980042375,29.511584752017068,DoS Hulk
04/07/2017 09:23:17,443,431140,226,82,115994.27802911632,2483.3272685839784,19,133,3,410.24844342639926,66.59309418190696,DoS Hulk
04/07/2017 09:23:19,53,404919,6,24,32797.51459081795,105.3540228264077,1,4,0,3044.4941019667604,4777.8968800279445,BENIGN
04/07/2017 09:23:16,443,1530117,130,191,96017.01058077262,1279.8179245646688,18,47,2,218.33058595328075,103.96328603851622,DoS Hulk
04/07/2017 09:23:20,445,118773,28,34,16272.235928579545,91.36804932883084,0,3,0,2263.274370496236,4601.931519865111,BENIGN
04/07/2017 09:23:21,21,7364,7,5,2323.997984907804,40.81723362090062,1,3,0,396.98635151214427,714.1975000200708,FTP-Patator
04/07/2017 09:23:19,21,261683,29,14,7873.297644085417,112.05991241006247,1,1,0,8759.400184808539,4567.519507832507,BENIGN
04/07/2017 09:23:21,21,28273,8,2,2097.6228227855063,6.551805223719653,1,2,1,2751.2415152182116,446.2596109312953,FTP-Patator
04/07/2017 09:23:19,443,1086946,375,85,128507.49536804696,2277.9542732090604,16,50,5,431.1994820747364,46.91332503236811,DoS Hulk
04/07/2017 09:23:21,21,5996,7,5,1576.036873635226,22.704538664023307,1,2,1,2043.227459779216,498.0018648574057,FTP-Patator
04/07/2017 09:23:23,21,22193,3,2,632.5307770981551,34.79301008886023,1,3,0,2959.084993575455,361.2890154772824,FTP-Patator
04/07/2017 09:23:23,21,7707,8,4,1363.5649958586578,29.985452793936535,1,2,0,3211.3240602760275,505.4225309378097,FTP-Patator
04/07/2017 09:23:24,21,14659,8,6,2087.6594737479254,9.629433819699669,1,2,1,1129.438084586123,705.4971683459612,FTP-Patator
04/07/2017 09:23:22,21,18273,3,3,1749.2372561050051,19.45113809064778,1,2,1,2729.510363794159,302.98818302442646,FTP-Patator
04/07/2017 09:23:24,21,26309,5,2,1360.4091651671185,32.52535992381678,1,3,1,857.7249116676267,371.26993017692837,FTP-Patator
04/07/2017 09:23:25,21,1994,3,5,2477.0387646490904,39.09337721558104,1,1,1,3294.350886973641,485.96376180362836,FTP-Patator
04/07/2017 09:23:24,21,3931,7,3,563.7834098968913,43.36023527180269,1,3,1,2711.700436861148,436.486152529807,FTP-Patator
04/07/2017 09:23:22,21,8092,8,3,267.28125030381733,42.391609109809785,1,2,0,2021.0767648654148,491.47712733668254,FTP-Patator
04/07/2017 09:23:26,21,9801,7,6,2610.366635964181,22.143746501464022,1,3,1,1841.8682048916771,688.5909333297858,FTP-Patator
04/07/2017 09:23:27,21,19014,3,5,1218.0070845509335,32.30371152651421,1,2,1,1250.8186275254097,740.3668765772062,FTP-Patator
04/07/2017 09:23:27,21,24332,7,4,504.5821986600977,11.385983457237433,1,2,0,1493.310969891853,93.81206389621866,FTP-Patator
04/07/2017 09:23:26,21,21317,7,2,1166.5414706151796,21.843883924911953,1,2,1,2990.7145025067525,288.84430483526495,FTP-Patator
04/07/2017 09:23:26,21,26991,3,2,1977.5870140221443,24.529977761692756,1,1,0,2551.5425801386245,740.7809268465903,FTP-Patator
04/07/2017 09:23:26,21,1521,4,5,532.0599236127956,6.029966297770577,1,2,0,1059.0523821063184,339.94143111956356,FTP-Patator
04/07/2017 09:23:28,21,19981,7,2,1059.2380319024403,27.573482184647165,1,1,1,1085.324055356973,527.228753073751,FTP-Patator
04/07/2017 09:23:26,21,14527,5,6,668.6467067042236,5.966725766166467,1,2,1,2582.177802598963,233.20404128578483,FTP-Patator
04/07/2017 09:23:28,21,21810,7,6,241.17655264660146,28.29312589303621,1,2,0,2846.444824945071,146.30807284915147,FTP-Patator
04/07/2017 09:23:28,21,18955,3,2,1216.0884532504747,25.51895454411644,1,3,1,2177.3559789435485,426.4628710481412,FTP-Patator
04/07/2017 09:23:27,21,17934,6,3,974.5004261145177,24.1431754912642,1,3,0,1163.409470635969,89.44545726954685,FTP-Patator
04/07/2017 09:23:28,21,10672,6,3,1154.4884739668164,15.305616087374974,1,3,1,3067.58354513491,363.8080455732659,FTP-Patator
04/07/2017 09:23:30,21,14918,6,3,1166.425855902456,19.195298183497506,1,2,0,2167.4106312887643,105.15986932043057,FTP-Patator
04/07/2017 09:23:30,21,27493,8,6,2443.1093893167917,14.784063144897743,1,2,0,677.7051104006016,663.6749264657025,FTP-Patator
04/07/2017 09:23:31,21,12541,8,6,2141.271306697509,41.31912071756242,1,3,1,2399.0724787541617,364.6149405820477,FTP-Patator
04/07/2017 09:23:31,21,3630,4,4,2710.766780551236,6.700438008641352,1,2,0,350.7995823325377,527.8365763087929,FTP-Patator
04/07/2017 09:23:31,22,689306,29,22,2835.904918993454,92.49342751301674,0,5,0,13893.668278943642,4665.171641371036,BENIGN
04/07/2017 09:23:30,21,5303,3,4,1827.6873245286233,22.640673013485877,1,3,0,367.8612472563504,733.621042276907,FTP-Patator
04/07/2017 09:23:32,21,26385,8,5,1450.156274179637,39.28456115198816,1,1,1,2414.177489168844,220.16822885007406,FTP-Patator
04/07/2017 09:23:32,21,6709,5,6,1753.4780641882962,20.560674925902056,1,2,0,412.3927287535654,78.60785885662372,FTP-Patator
04/07/2017 09:23:32,80,621540,27,25,34825.06207456318,47.48436364463988,0,9,0,11815.184903269896,2291.1103297419327,BENIGN
04/07/2017 09:23:33,21,28802,5,6,2232.8473750096655,25.73558440285476,1,1,1,2023.9192196442214,785.1554257699636,FTP-Patator
04/07/2017 09:23:36,21,700306,14,20,7705.3241187097365,101.26045396298186,1,7,0,6214.043857417506,1050.3515984563824,BENIGN
04/07/2017 09:23:33,21,27026,5,3,972.4061904856401,32.48860698663218,1,2,1,3299.670316398553,759.4753245518499,FTP-Patator
04/07/2017 09:23:35,53,447470,22,24,12932.52056233535,5.462950480660179,0,4,0,8758.547309690597,759.9132345995351,BENIGN
04/07/2017 09:23:36,21,2285,5,2,2246.5201021403973,27.184219761275486,1,1,0,2847.8586819515076,497.92448539568886,FTP-Patator
04/07/2017 09:23:36,21,27198,8,5,2801.2688883591527,27.988834647176333,1,2,0,3447.875860744765,105.88382736971245,FTP-Patator
04/07/2017 09:23:36,21,686778,22,18,21143.10509291915,98.21819426597011,1,6,0,14649.248110912547,2719.5533785107655,BENIGN
04/07/2017 09:23:37,21,22740,8,4,2385.3684457887994,37.44559732309395,1,3,0,2135.333430101907,723.8825845490862,FTP-Patator
04/07/2017 09:23:35,80,184364,20,7,22282.413488043785,28.379487772356793,1,8,0,10156.808922355454,4012.6177683861997,BENIGN
04/07/2017 09:23:36,21,1507,8,5,983.8195874139537,39.31008381076951,1,1,0,2614.5696629482545,300.1179257287728,FTP-Patator
04/07/2017 09:23:40,21,15825,7,2,1571.406767141221,37.56267971952531,1,1,1,3377.5766293829192,218.7018672465025,FTP-Patator
04/07/2017 09:23:37,53,364342,38,17,16934.196315851088,69.869743639596,0,5,0,4033.730136291367,1643.444067883498,BENIGN
04/07/2017 09:23:38,21,20534,5,4,796.1778200156797,40.13472033834076,1,3,0,1960.3962890080215,693.1786883887353,FTP-Patator
04/07/2017 09:23:37,21,19651,7,3,1370.257800035416,11.035035593697987,1,3,0,2484.08620130419,448.96798848565896,FTP-Patator
04/07/2017 09:23:41,21,16805,7,6,1722.5113339079815,33.90649977957115,1,1,0,1431.486072523433,417.1033859933104,FTP-Patator
04/07/2017 09:23:40,21,9292,3,4,452.2828888977924,44.58591614459073,1,2,1,1962.6409815283807,418.458480873447,FTP-Patator
04/07/2017 09:23:42,22,236759,11,29,10538.530285413563,89.73568837963916,1,6,0,7449.356080664399,4850.989818085675,BENIGN
04/07/2017 09:23:42,53,185257,7,7,22708.896533475458,26.336632634122882,1,9,0,12726.295049885857,4046.264716979505,BENIGN
04/07/2017 09:23:42,21,20983,7,6,1756.2420943963375,28.96093853641203,1,2,1,2812.9226272426304,158.0603432472488,FTP-Patator
04/07/2017 09:23:43,21,25469,4,4,613.130406995308,15.265901430381001,1,1,0,738.563125655337,529.6348613018303,FTP-Patator
04/07/2017 09:23:41,25,462609,27,2,15578.39351120895,21.15946174477778,0,10,0,2827.8624918209985,2806.429394580848,BENIGN
04/07/2017 09:23:43,22,602520,21,26,16287.281725643492,24.46481648054157,0,9,0,11748.215560638684,4105.788033459764,BENIGN
04/07/2017 09:23:42,21,16922,4,6,2827.417673451697,19.9487482300839,1,3,0,2448.0039461343495,511.4718972653125,FTP-Patator
04/07/2017 09:23:42,21,10212,4,5,1748.3876787703466,37.03567914673841,1,3,0,2947.015366233238,622.0372967148206,FTP-Patator
04/07/2017 09:23:45,21,16384,5,3,897.0157332223297,23.48882199099937,1,2,0,745.0879184653353,468.8872539408228,FTP-Patator
04/07/2017 09:23:46,21,6492,3,6,986.4769799203084,40.31235178138154,1,1,0,1021.5986918204745,438.7436550930556,FTP-Patator
04/07/2017 09:23:46,21,9296,3,2,345.65262174987447,31.678525172441567,1,3,0,1501.152108474837,425.1659506592011,FTP-Patator
04/07/2017 09:23:43,21,1686,3,4,1780.826383465173,41.9298820394793,1,2,1,866.9221348203504,428.6622851584076,FTP-Patator
04/07/2017 09:23:45,22,244773,8,8,19655.841669759804,80.9868880260998,1,3,0,8243.134047929263,642.4004826114231,BENIGN
04/07/2017 09:23:45,21,8066,8,4,1978.0888347100736,17.09200572684108,1,3,1,2385.7530171854737,775.0424320445478,FTP-Patator
04/07/2017 09:23:46,80,446448,34,16,30009.401087985625,114.93069228345747,1,10,0,11039.665798302145,2999.0295906733245,BENIGN
04/07/2017 09:23:48,21,4476,6,3,2242.340585836684,21.032817395110015,1,3,0,1320.8570424214138,617.5357719663225,FTP-Patator
04/07/2017 09:23:45,21,6236,8,3,2138.7983363137,19.01810631094702,1,1,1,1796.763666285606,555.775661890133,FTP-Patator
04/07/2017 09:23:48,21,26730,5,6,1014.3713243384508,5.727773578529032,1,2,0,1773.1305193675753,155.91945479603464,FTP-Patator
04/07/2017 09:23:49,21,24753,5,5,2917.36221177513,20.511726469797615,1,3,0,1341.1641736737324,654.5134445170927,FTP-Patator
04/07/2017 09:23:50,21,28433,3,2,2736.793483339553,18.848831639952735,1,2,1,2451.5575414532427,535.8116412477971,FTP-Patator
04/07/2017 09:23:50,3306,786206,9,17,3615.1163603105047,70.45901514867262,1,5,0,7090.64104345032,4671.773569366856,BENIGN
04/07/2017 09:23:47,3306,424681,26,3,26276.574668612,63.45435423394542,1,4,0,6126.868196192102,484.4752538661244,BENIGN
04/07/2017 09:23:50,21,25424,6,6,2539.5438090380226,35.46324987715755,1,2,1,1975.581658486372,650.5561402557531,FTP-Patator
04/07/2017 09:23:51,21,28030,4,5,290.89162837496997,15.085673818929962,1,2,1,643.5834203462498,789.441320498657,FTP-Patator
04/07/2017 09:23:52,21,19997,6,6,875.6487751406123,27.239032188595417,1,1,0,3074.31818245805,317.04062140161324,FTP-Patator
04/07/2017 09:23:50,21,27081,8,5,2734.933793644998,42.060650740591804,1,3,0,543.1743566828654,237.19522263091645,FTP-Patator
04/07/2017 09:23:53,21,24590,5,4,842.3523381508985,17.713592373445735,1,1,0,3038.636661291427,152.88544317637874,FTP-Patator
04/07/2017 09:23:52,21,18633,6,6,760.6088423405868,33.94495902916991,1,1,1,3128.4025447111853,282.02767001375435,FTP-Patator
04/07/2017 09:23:53,21,2951,8,2,2093.7067441041486,23.888208266688984,1,1,0,2770.8437766793445,721.0373737396585,FTP-Patator
04/07/2017 09:23:54,21,2532,6,4,346.88413260682825,28.847001841775494,1,1,1,2184.157012786238,693.1864827928861,FTP-Patator
04/07/2017 09:23:55,21,17108,7,3,1994.7138480727492,21.68077932483257,1,2,1,412.1885086883438,686.3798190357825,FTP-Patator
04/07/2017 09:23:52,21,28385,8,3,1139.8962593685392,43.25030609933683,1,3,0,2920.2001313032356,336.64204226647996,FTP-Patator
04/07/2017 09:23:54,21,28939,5,6,1041.7164071033108,13.841305630544415,1,3,0,2234.983271531611,255.99555662977355,FTP-Patator
04/07/2017 09:23:56,21,2937,6,5,1390.2363872982162,14.41726930322015,1,1,0,2848.1854690407326,331.3914687489094,FTP-Patator
04/07/2017 09:23:54,21,16883,6,6,2924.046638598904,19.281966466508457,1,3,0,1214.3425932827022,136.8850556695562,FTP-Patator
04/07/2017 09:23:56,21,28025,4,6,1452.0453074118802,7.235812064603726,1,1,0,3424.3056187923676,577.9035201421552,FTP-Patator
04/07/2017 09:23:57,21,7186,7,6,1033.6858659959794,17.52170919211345,1,2,1,1461.8096082759575,747.1652307298291,FTP-Patator
04/07/2017 09:23:57,21,2958,7,3,1720.5460014917223,37.47927998173822,1,1,1,1441.8295360077423,757.6022920839282,FTP-Patator
04/07/2017 09:23:56,21,9968,4,4,1160.7330363472547,8.211343202208848,1,3,0,835.5055200016302,571.2874582256098,FTP-Patator
04/07/2017 09:23:58,21,12276,5,6,2724.1346877063415,21.108233653146545,1,1,1,2744.632114142511,111.52512570005558,FTP-Patator
04/07/2017 09:23:58,21,11207,7,4,1565.5852529895408,43.96408198302786,1,3,0,2429.7372294235324,724.6195881253041,FTP-Patator
04/07/2017 09:23:56,21,25601,7,3,334.83551781641415,29.164457560722372,1,1,1,3174.7455035641474,492.976330375288,FTP-Patator
04/07/2017 09:23:58,21,16311,8,4,261.24114302961794,38.426085909709364,1,3,1,1347.9894903584902,524.4811637298978,FTP-Patator
04/07/2017 09:24:00,21,9822,6,6,1255.1355755205527,30.335278917232475,1,2,1,2049.578909559902,261.9868004307826,FTP-Patator
04/07/2017 09:24:00,21,26404,3,4,2646.9681988388243,10.564447090445892,1,3,1,1675.9765050996837,767.6849307232628,FTP-Patator
04/07/2017 09:24:00,21,12872,3,6,1926.8007991597274,22.839061793424907,1,1,0,2080.7655194927565,211.44768281198108,FTP-Patator
04/07/2017 09:24:02,21,28791,5,3,1911.3279782416455,34.94835981961698,1,1,1,3253.635947430406,701.6705634954382,FTP-Patator
04/07/2017 09:23:58,25,114162,21,11,30586.432867380143,88.63619852564263,0,10,0,1520.906248262238,1752.8377898101064,BENIGN
04/07/2017 09:23:59,21,21237,4,4,2337.0001134210893,6.226675905127386,1,2,1,764.529113441423,482.43180356965286,FTP-Patator
04/07/2017 09:24:01,22,297629,34,18,9198.050343723366,90.17512436715829,1,8,0,3439.9759468079296,2783.566147220605,BENIGN
04/07/2017 09:24:01,21,29249,5,2,2897.129327870422,15.077673619426006,1,1,0,2989.837110629235,697.353697692742,FTP-Patator
04/07/2017 09:24:02,21,4953,3,4,664.6419388576358,11.583164713855027,1,1,1,1206.4955104960231,263.60064997459443,FTP-Patator
04/07/2017 09:24:01,25,706342,30,5,26907.522035210084,71.9288934903571,1,7,0,1312.8154749795963,4210.872957241787,BENIGN
04/07/2017 09:24:01,21,16874,3,2,2473.0617544100432,28.219178492759987,1,3,1,3489.265013162925,744.2996196123829,FTP-Patator
04/07/2017 09:24:03,21,14416,3,3,1123.5216292050463,8.099832527929888,1,2,1,808.9028750248623,533.2065367145674,FTP-Patator
04/07/2017 09:24:04,21,9711,3,2,1888.4496025917292,34.399428317007455,1,3,1,397.6063997826966,721.8461604670428,FTP-Patator
04/07/2017 09:24:02,21,3606,7,2,2119.6809229306373,34.96280497541507,1,1,1,1043.2414668816687,623.0229665525325,FTP-Patator
04/07/2017 09:24:05,21,19145,8,5,1251.3413827915965,30.500437889885813,1,1,0,1343.727257696477,781.9079210125811,FTP-Patator
04/07/2017 09:24:05,21,13639,5,4,941.5484526965632,39.08930260456988,1,2,1,502.10629876494795,302.9217723256651,FTP-Patator
04/07/2017 09:24:04,21,11372,8,5,768.7721092806504,36.34832935985547,1,1,1,1089.3399880189393,326.96439898486193,FTP-Patator
04/07/2017 09:24:06,21,15004,7,6,241.69366937810867,43.24741522817141,1,1,0,1166.7867701874625,741.4354502094216,FTP-Patator
04/07/2017 09:24:04,21,20580,4,3,2693.86604520634,22.866573974550164,1,2,1,323.55743020379356,577.3653141599157,FTP-Patator
04/07/2017 09:24:05,21,11051,4,5,1462.5540352324476,41.11958647401718,1,1,1,3364.4201324826886,588.5216001465702,FTP-Patator
04/07/2017 09:24:08,21,29327,7,3,1583.2533678089123,6.6655653969844275,1,3,0,3372.893353821745,83.11249527713358,FTP-Patator
04/07/2017 09:24:08,21,23626,7,2,1829.9902880784973,22.14181689832527,1,3,1,717.9723666921991,104.95230232362476,FTP-Patator
04/07/2017 09:24:06,21,14736,6,5,542.606857485069,29.64605200681784,1,2,0,2253.5400532976223,181.51426869537266,FTP-Patator
04/07/2017 09:24:07,25,514933,11,23,8094.440417956594,85.29194993507659,0,9,0,8191.073335898546,4823.563975318864,BENIGN
04/07/2017 09:24:08,21,15916,4,2,1430.2459974297892,36.310693999167285,1,3,0,2996.9827641534876,157.56361419170346,FTP-Patator
04/07/2017 09:24:11,3306,675459,9,12,31428.398316002837,115.76734433987943,0,3,0,4659.609269519094,3907.362609200742,BENIGN
04/07/2017 09:24:09,21,10264,7,4,2575.2777737427496,16.682155595463925,1,2,1,808.1139428150287,295.8805095599017,FTP-Patator
04/07/2017 09:24:09,21,11388,8,6,367.37972321319324,16.720905120885252,1,2,0,320.7204728691625,83.79950390251426,FTP-Patator
04/07/2017 09:24:08,443,215576,5,32,30363.199527009354,77.28007386144608,0,3,0,8240.168966538837,3997.0841205332586,BENIGN
04/07/2017 09:24:09,21,2612,7,6,968.3106523519037,37.06333383874836,1,1,0,2095.9554540249787,620.0651079601217,FTP-Patator
04/07/2017 09:24:09,21,688152,11,12,27472.748160738738,6.194548482224088,1,2,0,3896.347998007021,1780.6421616600733,BENIGN
04/07/2017 09:24:11,21,22896,8,6,1065.7902117209878,16.896892123794093,1,3,0,2680.982977829921,326.2593950829486,FTP-Patator
04/07/2017 09:24:13,21,10536,5,5,1031.1813275429795,14.007543538265189,1,1,0,1750.1679934286021,188.4844048975623,FTP-Patator
04/07/2017 09:24:11,21,28737,4,2,545.8446620506527,17.430547604136013,1,3,1,1841.5684952691095,109.96347196233268,FTP-Patator
04/07/2017 09:24:11,21,17206,3,3,249.88479333278434,37.39385016312271,1,1,1,1772.1504271653637,348.1054137999478,FTP-Patator
04/07/2017 09:24:15,21,5192,4,5,1944.4535006183303,8.816947038856885,1,2,0,2037.8679367140435,570.6567743727855,FTP-Patator
04/07/2017 09:24:15,21,1717,3,6,1948.8760387330371,38.24667775328963,1,3,1,861.1719025266893,207.35018267625753,FTP-Patator
04/07/2017 09:24:15,21,10165,6,5,2268.488874161969,16.877335926707747,1,2,0,2212.8009668501854,353.1279097561029,FTP-Patator
04/07/2017 09:24:15,21,22195,5,3,2292.5003992875154,24.07715111700311,1,3,1,2771.6328597768197,408.25525524870636,FTP-Patator
04/07/2017 09:24:13,21,9569,4,4,2955.906174369801,41.672045465876906,1,2,1,1125.297365656285,228.08142776136205,FTP-Patator
04/07/2017 09:24:16,21,18517,8,6,2143.7269274953806,19.287026200162348,1,3,1,2424.714059244925,334.48440745024345,FTP-Patator
04/07/2017 09:24:15,21,14680,3,2,631.9406967135907,27.24229686167966,1,3,0,355.88849117451565,467.07240462447953,FTP-Patator
04/07/2017 09:24:16,21,664243,33,2,29852.15060569696,61.04563984186098,0,3,0,9485.861609644342,3445.9182000715587,BENIGN
04/07/2017 09:24:17,21,1045,8,2,309.1969787828824,24.772354936235313,1,1,1,2421.682316508419,363.1722163105357,FTP-Patator
04/07/2017 09:24:16,21,22360,6,6,2185.8617758739765,42.80228383223563,1,1,1,748.7267389271306,287.2531451866264,FTP-Patator
04/07/2017 09:24:19,21,22666,5,4,2134.7258395551767,20.429347115326205,1,2,1,2154.0040352128785,788.8078885211135,FTP-Patator
04/07/2017 09:24:16,21,1861,8,4,1690.450365487535,13.828983107332245,1,1,1,3329.5696857603516,204.73554638819013,FTP-Patator
04/07/2017 09:24:19,22,122600,5,25,8769.496186696255,116.50364927259888,1,6,0,6889.011678750032,2238.508850221946,BENIGN
04/07/2017 09:24:17,21,25480,6,2,1146.066094732902,24.039078001638398,1,3,0,2610.9619316784497,394.1249202461909,FTP-Patator
04/07/2017 09:24:19,21,23161,6,2,1607.685556667401,6.993312978010073,1,3,0,634.5608311514738,101.73242743542167,FTP-Patator
04/07/2017 09:24:19,80,283698,26,34,6046.428459646866,80.97616182657126,1,10,0,11698.7643733645,3665.6101650003134,BENIGN
04/07/2017 09:24:20,21,159855,31,12,34039.45286257481,83.50548804034032,0,7,0,2841.565994259218,4326.06048571558,BENIGN
04/07/2017 09:24:20,21,9061,3,4,1224.7528070562805,32.20325599290334,1,2,0,2321.365349312806,156.43986493282517,FTP-Patator
04/07/2017 09:24:20,21,6406,8,4,596.4363046202864,18.75890955430712,1,1,1,2647.02885930593,669.1377513716473,FTP-Patator
04/07/2017 09:24:20,21,18188,3,5,1364.4934731252888,6.694285607181389,1,3,0,1954.0021861034998,495.45091647232624,FTP-Patator
04/07/2017 09:24:21,21,25991,6,2,1274.731107938589,14.199364376485185,1,3,0,476.58337928870435,664.9252746553886,FTP-Patator
04/07/2017 09:24:21,443,519088,35,26,28882.114168163593,67.46019519013166,1,3,0,2382.927525777713,2991.5280472826435,BENIGN
04/07/2017 09:24:24,21,129032,19,35,11580.697220239232,73.19767116189617,0,5,0,14449.802703053181,4128.741050110356,BENIGN
04/07/2017 09:24:23,21,20702,6,6,858.3860923764245,21.41899276242285,1,2,0,2492.7936660538835,673.6500990104873,FTP-Patator
04/07/2017 09:24:24,21,23892,6,4,1526.1651626498174,10.713989011668502,1,2,1,1297.934238835685,207.98218527899596,FTP-Patator
04/07/2017 09:24:24,21,1133,4,4,2245.694517184433,41.44204275400818,1,3,1,2594.9247377067804,778.1142079125119,FTP-Patator
04/07/2017 09:24:24,21,10090,7,4,561.094939470763,27.704118534937265,1,3,1,3088.3223020142204,534.2578586074737,FTP-Patator
04/07/2017 09:24:24,21,13731,4,5,1872.2161889644112,17.114231109553593,1,1,0,680.3591888974037,438.93187229047305,FTP-Patator
04/07/2017 09:24:23,21,15416,4,4,2694.099367710853,33.60765046877394,1,2,0,1882.4623208818687,510.47116251172866,FTP-Patator
04/07/2017 09:24:26,21,24911,5,6,957.8715143402848,9.923254998411846,1,2,0,2568.9987864067666,717.5235221629464,FTP-Patator
04/07/2017 09:24:26,445,427343,27,16,19112.01516061329,27.36074775229534,1,3,0,9052.73021596325,1591.821856638262,BENIGN
04/07/2017 09:24:25,445,434086,18,16,32565.337849351596,52.656337055126286,1,4,0,12372.669926344974,1098.9348840694606,BENIGN
04/07/2017 09:24:27,21,4966,5,4,1545.5345344438188,30.820666330963874,1,2,0,1255.3437119282037,144.6602454362727,FTP-Patator
04/07/2017 09:24:27,21,13006,3,2,1692.2832279936308,6.081657920961763,1,1,0,2981.168360966592,649.646076738134,FTP-Patator
04/07/2017 09:24:29,21,8579,6,5,1879.4713381886668,35.79580369619567,1,1,0,1448.5332109787073,235.401084439718,FTP-Patator
04/07/2017 09:24:29,21,10451,8,4,2441.094550955201,44.54155515973596,1,3,1,2191.9487535941616,196.80623349666732,FTP-Patator
04/07/2017 09:24:30,21,29321,5,5,2109.2300890934475,13.244092020993502,1,2,0,362.0550434351934,792.9707197192523,FTP-Patator
04/07/2017 09:24:28,21,3402,8,3,2096.9487230715476,5.13101604053146,1,3,0,2398.5336169577977,591.4796275209694,FTP-Patator
04/07/2017 09:24:28,22,305940,37,13,10540.181400989639,112.21964060855986,1,6,0,10597.992658786106,3201.9323637436664,BENIGN
04/07/2017 09:24:30,443,419249,23,14,13908.572337344523,48.084104764616136,0,6,0,8211.639437470481,193.0401606066377,BENIGN
04/07/2017 09:24:30,21,3195,3,6,2955.22145765373,35.00631820292959,1,1,1,2410.9320194357215,500.24670694688757,FTP-Patator
04/07/2017 09:24:31,21,9499,7,5,2543.9787771513147,13.072400484517122,1,3,0,2991.6606431247537,424.7123341733149,FTP-Patator
04/07/2017 09:24:33,21,12687,6,4,2600.1187473543564,24.847176123937004,1,2,0,3094.8566637309314,304.51315861877265,FTP-Patator
04/07/2017 09:24:30,21,1264,4,2,2184.7685995426264,10.519258989022337,1,1,0,1862.6950600393684,337.90761829214455,FTP-Patator
04/07/2017 09:24:32,21,20903,8,2,681.251057501484,43.27384966512562,1,2,0,571.0834905238493,460.9689864865019,FTP-Patator
04/07/2017 09:24:31,21,13580,6,5,1562.574448625658,23.588396060457207,1,1,0,2659.794344683143,220.70681229692568,FTP-Patator
04/07/2017 09:24:32,21,12390,5,4,531.9954649010781,20.055048772129908,1,3,1,1272.9095190457683,571.2159785522772,FTP-Patator
04/07/2017 09:24:32,21,695568,14,18,921.4373811000846,88.3372906320479,1,3,0,12330.635897768212,3554.546847529857,BENIGN
04/07/2017 09:24:35,21,8445,6,4,1837.5992743136865,13.462889032644343,1,1,0,925.3277116856186,544.6320470302337,FTP-Patator
04/07/2017 09:24:32,443,394534,21,6,6814.512728417811,103.45760833055733,1,2,0,14631.333620030255,1480.6958821960066,BENIGN
04/07/2017 09:24:33,21,12663,3,6,1852.6058607811042,19.582891405488812,1,2,0,3352.0051414850527,254.31773959505523,FTP-Patator
04/07/2017 09:24:34,21,21363,5,5,1207.0084234208516,33.27477625941488,1,1,1,2229.571116000775,354.7797953761973,FTP-Patator
04/07/2017 09:24:33,21,16716,3,3,2363.78729480627,39.96097045166576,1,3,0,2586.0297051365806,175.0057462109323,FTP-Patator
04/07/2017 09:24:37,21,28592,3,5,2093.582284019398,41.669385884833716,1,2,0,2767.0475851497954,630.5905130963187,FTP-Patator
04/07/2017 09:24:37,21,13014,6,2,484.7164376447789,17.91720296245358,1,3,0,1337.6905468367045,541.7271721005177,FTP-Patator
04/07/2017 09:24:35,21,12265,4,3,1690.3144464440627,41.658934627810986,1,1,1,2047.7426078951864,554.665411659796,FTP-Patator
04/07/2017 09:24:36,21,25307,7,2,1069.1737216934043,22.378185011250864,1,2,0,781.1638030707184,540.0485089141746,FTP-Patator
04/07/2017 09:24:38,21,361688,37,27,33528.93408104137,106.16561342593768,0,5,0,5985.551466972906,774.468988078493,BENIGN
04/07/2017 09:24:38,21,6762,5,4,475.86455204843674,36.64282191370977,1,3,0,3092.169353235406,167.61336259309033,FTP-Patator
04/07/2017 09:24:38,21,28193,4,5,1900.8067278096532,24.59255616931236,1,3,0,2192.3811114719974,311.0091616507284,FTP-Patator
04/07/2017 09:24:38,21,4313,4,4,1121.7547112697541,41.312352326022,1,3,1,1174.367625551641,795.0144698420248,FTP-Patator
04/07/2017 09:24:38,21,24882,6,6,1440.4114563353394,30.155493522034256,1,3,1,2799.9952660324357,198.48326929506084,FTP-Patator
04/07/2017 09:24:39,21,3719,8,4,2487.9137637550134,7.50107774573515,1,3,0,1696.3574059797302,336.8719726203468,FTP-Patator
04/07/2017 09:24:40,21,9452,8,3,2396.3525436947325,14.336934231565802,1,2,0,3486.6939964006956,422.65205884105666,FTP-Patator
04/07/2017 09:24:42,21,24972,8,4,1514.307912589199,36.208324972538506,1,1,0,1018.7850056121473,316.6218575986181,FTP-Patator
04/07/2017 09:24:41,8080,345554,3,29,28616.48296734211,39.429584851881046,0,6,0,10725.622975231423,4622.648077635382,BENIGN
04/07/2017 09:24:40,21,25072,6,3,747.1678642503117,6.8823140478651945,1,1,0,2015.4698976196364,317.41062757006665,FTP-Patator
04/07/2017 09:24:39,21,19162,5,3,2471.0701968239528,15.142164349072527,1,1,0,2741.681292483305,276.47018094397686,FTP-Patator
04/07/2017 09:24:43,21,343250,36,27,33798.31408427499,106.7129315500218,1,4,0,14638.91051125872,2334.2486929880947,BENIGN
04/07/2017 09:24:44,21,24629,6,3,1736.6499426175826,40.10047280784004,1,1,0,3279.004956650556,274.42319065985646,FTP-Patator
04/07/2017 09:24:44,21,24978,3,5,1178.8363367185389,43.43586287471566,1,2,0,2990.2653449951413,344.4700151525486,FTP-Patator
04/07/2017 09:24:44,21,6719,7,5,695.8935956180871,21.418396178663535,1,2,0,2042.9893014554832,73.40860445302725,FTP-Patator
04/07/2017 09:24:42,21,7702,6,6,2631.646260669983,7.834676478310261,1,1,1,2860.4268882563138,77.35859839142493,FTP-Patator
04/07/2017 09:24:43,21,21328,5,3,275.8699098841164,38.32092359528546,1,3,1,3219.7883476647016,219.63940465094177,FTP-Patator
04/07/2017 09:24:43,21,7055,7,5,2101.162610339997,41.86995588847611,1,1,1,340.3310643946447,447.90810264340445,FTP-Patator
04/07/2017 09:24:46,21,22187,8,6,762.9907675838853,25.035712527322026,1,1,1,1395.3372755893038,250.76985778698264,FTP-Patator
04/07/2017 09:24:45,21,20863,3,5,2861.946043590604,12.092164734654421,1,1,1,2163.622937963529,107.48272204825192,FTP-Patator
04/07/2017 09:24:44,21,26899,7,6,2581.0292492979243,40.91262190245388,1,2,0,2070.179158510503,425.94310196003414,FTP-Patator
04/07/2017 09:24:46,21,15749,4,2,1026.5840218661724,43.48564525502175,1,2,1,1218.6733250105337,531.9304685964954,FTP-Patator
04/07/2017 09:24:47,53,463670,23,26,3399.1909932834374,64.30255558260535,0,9,0,1634.1303631613737,3278.2213358133176,BENIGN
04/07/2017 09:24:47,21,6792,5,5,1531.3307549538433,25.050262055178965,1,1,1,2738.64253251324,678.4759687361025,FTP-Patator
04/07/2017 09:24:46,21,27660,8,2,2258.587043659355,29.612537642493663,1,1,0,824.278411163775,478.82632028881216,FTP-Patator
04/07/2017 09:24:46,21,1954,5,4,553.0532193305213,17.371271442580444,1,2,1,3430.872133676086,210.8181780680143,FTP-Patator
04/07/2017 09:24:47,80,176298,10,8,20506.454861154798,82.74889445059875,1,3,0,9591.12457599682,4884.829990967287,BENIGN
04/07/2017 09:24:47,21,20727,3,6,207.86367208489315,26.93371046036958,1,3,0,1990.723132572772,584.202815374685,FTP-Patator
04/07/2017 09:24:48,21,7758,8,3,1165.466248738851,43.55590438330608,1,2,0,3344.550130477146,95.47661309056453,FTP-Patator
04/07/2017 09:24:51,21,7858,4,4,1248.1627312706064,28.81493275539171,1,2,1,902.1470832769722,484.2059619504914,FTP-Patator
04/07/2017 09:24:50,21,5204,7,4,593.3792159816876,34.485488394328556,1,2,1,2262.778620852513,389.73563412595155,FTP-Patator
04/07/2017 09:24:51,21,24510,7,3,1577.3403355364958,7.850372702880115,1,2,0,1157.3499875287557,511.8441132884549,FTP-Patator
04/07/2017 09:24:51,21,25941,4,5,2804.106406433251,9.82230863732283,1,2,1,2931.7958127140455,266.14172903836317,FTP-Patator
04/07/2017 09:24:52,21,16018,7,6,641.0802141127344,29.786782822140665,1,2,0,1258.562891364596,360.1764475370651,FTP-Patator
04/07/2017 09:24:50,21,14245,3,4,2017.4333199411108,12.475877101806216,1,1,0,2173.976499534263,262.0651839295712,FTP-Patator
04/07/2017 09:24:52,21,16981,4,6,608.1921746955768,27.861269373640376,1,2,0,1521.6477641982963,673.4860332485749,FTP-Patator
04/07/2017 09:24:52,21,27879,4,2,559.1469569068569,40.56979846921099,1,3,0,3375.070267826943,293.4135946770807,FTP-Patator
04/07/2017 09:24:52,21,28698,5,4,2731.3627459610148,42.998076244186116,1,2,0,2705.848079551553,56.287555115211035,FTP-Patator
04/07/2017 09:24:52,21,17588,5,5,1404.728500767624,5.020726317610342,1,3,1,2895.331967029411,465.706478028694,FTP-Patator
04/07/2017 09:24:54,21,9513,8,6,1899.3869326405047,44.31721939147919,1,2,1,1853.6207914902125,490.39915417351,FTP-Patator
04/07/2017 09:24:52,3306,288542,4,35,6864.349786698297,105.46704966532013,1,7,0,4100.3764595902685,4015.3803906315893,BENIGN
04/07/2017 09:24:55,21,16984,5,3,1263.7825015483802,14.689908965668481,1,2,0,2023.3569961334006,579.5871547445964,FTP-Patator
04/07/2017 09:24:55,21,20547,6,3,1094.143119009,12.443089683322231,1,1,1,3357.2737116987405,412.1812692653291,FTP-Patator
04/07/2017 09:24:55,21,17032,3,2,1295.4941637606146,32.169550351910814,1,1,1,2072.850288473762,341.7454721926398,FTP-Patator
04/07/2017 09:24:56,22,223440,31,29,27645.458434040986,59.125265564336274,1,2,0,10095.441419198103,3398.2932948223906,BENIGN
04/07/2017 09:24:54,21,3979,4,2,586.4628037713688,19.494739300441672,1,3,0,1625.9512280463116,695.934188496083,FTP-Patator
04/07/2017 09:24:55,21,26680,5,5,495.82980408060513,20.724749934152776,1,1,0,1305.7769337836078,418.2331314133569,FTP-Patator
04/07/2017 09:24:58,21,1531,8,5,2489.487958042412,42.43967913651116,1,2,0,1608.4940061815719,378.1149580460322,FTP-Patator
04/07/2017 09:24:57,21,8567,6,2,2148.0131077190395,12.431782261544502,1,3,0,2615.909845834946,90.29116668131547,FTP-Patator
04/07/2017 09:24:57,21,8047,4,3,843.0494330208068,36.84464459957859,1,2,0,1197.6007914935371,55.68827301353064,FTP-Patator
04/07/2017 09:24:57,21,7366,8,4,1982.1200811849715,15.542089060338586,1,2,0,1762.7993800731317,402.1954094325039,FTP-Patator
04/07/2017 09:24:57,21,5130,3,4,2342.6997154181777,16.86228114451517,1,1,0,1226.5998690520948,699.4914321265079,FTP-Patator
04/07/2017 09:24:59,21,5686,5,5,1009.9288098719444,6.79693763703046,1,1,1,2266.7608284153966,466.9849807613606,FTP-Patator
04/07/2017 09:25:01,21,8845,6,2,2706.52478765011,15.651177606015082,1,3,1,2981.5380811761156,65.5900978463454,FTP-Patator
04/07/2017 09:25:00,445,647068,20,25,25090.0915510224,108.9194469797322,1,5,0,6093.283232156144,2409.1314283324855,BENIGN
04/07/2017 09:25:02,21,28570,6,3,1941.2091537250421,17.369923558100094,1,3,1,2749.709538466772,282.0806953661994,FTP-Patator
04/07/2017 09:24:59,21,8277,8,4,1913.784455673644,19.77026004719992,1,2,0,933.687151138703,560.7302112653108,FTP-Patator
04/07/2017 09:25:00,21,25792,5,3,1463.3923522548507,5.303831572056881,1,2,0,2661.28561709473,361.652725864185,FTP-Patator
04/07/2017 09:25:01,21,16935,6,2,952.413167581445,40.00481090737133,1,3,0,2084.981731259506,317.6864149928822,FTP-Patator
04/07/2017 09:25:00,21,3901,4,4,211.5509323646514,38.85001466378149,1,1,1,3139.0923747914658,52.83545170243538,FTP-Patator
04/07/2017 09:25:04,21,26585,4,3,1366.6770596053077,10.829904079653051,1,1,1,2652.2606514793138,630.1469722606269,FTP-Patator
04/07/2017 09:25:04,21,20385,7,2,1473.0248051627946,29.17985975350549,1,1,1,2025.779574317437,351.4868010135082,FTP-Patator
04/07/2017 09:25:02,8080,411213,29,8,19378.452687617482,102.11625099536599,0,4,0,1377.7074608111132,2958.2493579472666,BENIGN
04/07/2017 09:25:03,21,1460,8,4,708.703967099897,26.243715363794642,1,3,0,1178.9479971895735,521.9702498222596,FTP-Patator
04/07/2017 09:25:04,21,14781,7,6,490.81555158451425,14.041827267337741,1,3,0,3213.1323337699323,54.19509265410714,FTP-Patator
04/07/2017 09:25:06,21,25607,3,4,799.2359448848124,39.356218185664616,1,1,0,1264.9117316823686,336.77439263861277,FTP-Patator
04/07/2017 09:25:04,21,22043,8,6,2770.237858549676,8.829584207201089,1,3,1,1877.1648786060944,57.638734070926105,FTP-Patator
04/07/2017 09:25:06,21,16417,6,3,462.9492734443873,44.93532555280602,1,1,0,2328.718055275198,167.5249296181517,FTP-Patator
04/07/2017 09:25:07,21,9368,6,3,428.24923284916827,8.300319490255585,1,3,0,1461.102223462919,634.5863118004099,FTP-Patator
04/07/2017 09:25:07,8080,461134,26,14,30680.298265279813,47.17838313841594,0,8,0,1782.454340430138,3647.8489687769775,BENIGN
04/07/2017 09:25:05,21,10309,4,6,1170.705459782465,40.80194594054547,1,2,1,2038.5170070662684,643.1175117264208,FTP-Patator
04/07/2017 09:25:05,21,22988,3,4,706.1398575231744,34.76386952412048,1,3,0,2729.8103072261074,218.37830506476473,FTP-Patator
04/07/2017 09:25:09,21,26289,4,5,1621.6976283695476,32.59990881843139,1,1,0,1337.6738894283758,709.2159481535066,FTP-Patator
04/07/2017 09:25:07,21,4968,5,6,1781.709635262564,6.655087292126387,1,2,1,1687.3973586541815,85.77124645367789,FTP-Patator
04/07/2017 09:25:09,21,23723,4,4,1834.4276713560403,8.6803467594188,1,2,1,1925.0918837035267,453.8667971806934,FTP-Patator
04/07/2017 09:25:08,21,10218,5,6,2431.3690978945997,40.68956719961767,1,1,0,1066.489692814848,389.141560720674,FTP-Patator
04/07/2017 09:25:09,21,24375,3,5,877.9172608203633,6.268826170150343,1,3,0,456.3470734123161,454.58272032733794,FTP-Patator
04/07/2017 09:25:09,21,21002,3,2,2179.1181439435413,20.796104126132747,1,1,0,2904.343745585658,354.91166265277326,FTP-Patator
04/07/2017 09:25:08,21,11741,4,6,555.5419771666171,15.598167509332047,1,2,1,2360.5181184337075,598.7142356964554,FTP-Patator
04/07/2017 09:25:09,21,16390,8,4,2528.6592363149252,10.522196194524994,1,3,1,2512.5990545367995,80.10112598863002,FTP-Patator
04/07/2017 09:25:10,21,15139,7,4,2061.515363204694,36.98097825973883,1,3,0,2043.1109524174094,115.97201604279581,FTP-Patator
04/07/2017 09:25:13,21,19168,6,4,1446.0283856355452,15.412738895286582,1,3,0,2564.2355625041373,251.40778440148304,FTP-Patator
04/07/2017 09:25:12,21,13331,6,3,1969.2289295502637,12.395148006085194,1,1,1,774.1480969756104,340.8278400349176,FTP-Patator
04/07/2017 09:25:10,21,3175,4,5,2075.161684052201,5.762713042683947,1,2,1,1608.0429761469009,623.848209321386,FTP-Patator
04/07/2017 09:25:14,21,9354,5,5,1929.7460860991227,17.886542674628345,1,1,0,2347.247652238736,332.94930384982723,FTP-Patator
04/07/2017 09:25:13,21,20955,3,6,203.08772093868393,44.16562825226246,1,1,1,2342.5268296664453,256.36870424805716,FTP-Patator
04/07/2017 09:25:14,21,6037,8,2,1481.182773291522,19.026645780187174,1,3,1,3191.574389324044,377.9255458274123,FTP-Patator
04/07/2017 09:25:14,443,480851,16,10,32644.951621684682,22.311522282943205,0,3,0,8266.50749391972,1918.3471543963726,BENIGN
04/07/2017 09:25:13,21,23931,8,4,1701.06533786375,7.576258191576373,1,2,1,560.2925898768844,579.4504956931046,FTP-Patator
04/07/2017 09:25:14,21,7114,8,2,2657.0100625292603,38.01512904316422,1,3,0,3324.260576014272,599.0683508987777,FTP-Patator
04/07/2017 09:25:17,8080,489176,5,29,8261.773386092085,18.352174544829563,1,10,0,14920.519376247707,2602.749251774759,BENIGN
04/07/2017 09:25:16,21,25293,3,4,2266.5136283754046,19.388706788615124,1,2,1,3311.007466479255,597.2435840119937,FTP-Patator
04/07/2017 09:25:14,21,29295,7,6,1858.7416390645458,36.2068240505255,1,3,1,400.54929462372434,731.2967199929903,FTP-Patator
04/07/2017 09:25:15,21,17198,5,5,1376.5823530889738,26.072370985043264,1,2,1,2072.7144645050166,425.7076763815615,FTP-Patator
04/07/2017 09:25:17,21,26812,8,4,1816.8669086331006,21.70102535724012,1,2,0,2087.2451064655793,220.38457903514424,FTP-Patator
04/07/2017 09:25:15,21,24618,5,6,1643.032886870564,36.49122421992908,1,2,1,2182.6112518172877,128.79747024398773,FTP-Patator
04/07/2017 09:25:17,443,408628,40,10,12261.167585394018,41.6481083440042,1,1,0,14945.413618158567,3932.1795290145865,BENIGN
04/07/2017 09:25:17,443,272421,26,22,3624.5676899560804,27.568995160669477,0,9,0,11791.4354396388,514.4028070635845,BENIGN
04/07/2017 09:25:20,21,21104,6,5,2989.988140289256,23.585631958106582,1,2,0,1093.0392194381661,131.05905139157557,FTP-Patator
04/07/2017 09:25:19,21,11269,8,5,1592.5187462060003,5.517505827095555,1,3,1,2897.794839105675,80.78701056940014,FTP-Patator
04/07/2017 09:25:21,21,7136,5,3,1574.4651117870812,16.27689951269549,1,3,0,1965.1861000530641,399.58055212560276,FTP-Patator
04/07/2017 09:25:19,21,13339,6,2,629.4850076102886,5.2901804598082425,1,3,0,1154.9285018388048,472.36783163493493,FTP-Patator
04/07/2017 09:25:21,21,22489,8,3,2637.0516677911605,19.29026317665884,1,2,1,3079.424130979127,399.44022095608545,FTP-Patator
04/07/2017 09:25:21,21,8013,5,2,1340.9919868440502,31.19517792682684,1,3,1,3393.489850045662,554.9905687441906,FTP-Patator
04/07/2017 09:25:21,21,393346,34,9,5296.5316263739305,108.52514112652797,1,6,0,12846.035549733642,994.4555032796364,BENIGN
04/07/2017 09:25:19,21,11036,8,4,1992.9727882343514,14.371683561573958,1,2,1,988.2671130880329,223.65914245952354,FTP-Patator
04/07/2017 09:25:20,21,14862,5,3,728.3873098658172,10.11330206476103,1,3,1,2606.4785265741084,527.9162639044773,FTP-Patator
04/07/2017 09:25:23,21,18492,8,6,547.1587094606462,24.012846413678496,1,1,1,1807.8450310103203,592.9957504606066,FTP-Patator
04/07/2017 09:25:23,21,20220,6,5,995.1580790468548,29.401327350509632,1,1,1,2037.6113774446217,193.69893570707987,FTP-Patator
04/07/2017 09:25:21,21,10180,3,2,1681.4560819150468,24.98537908732522,1,2,0,1740.1507304652841,601.1832341065904,FTP-Patator
04/07/2017 09:25:22,21,16495,3,5,2855.036641361999,44.152629726639866,1,2,1,3446.50394142441,619.6986596148494,FTP-Patator
04/07/2017 09:25:22,21,23684,8,4,1980.6391806889847,44.73497865983311,1,3,0,2622.2782537096855,91.58886766266862,FTP-Patator
04/07/2017 09:25:24,21,21927,3,4,2332.8986583826354,26.689404302354653,1,2,1,1837.22839355698,170.973817206145,FTP-Patator
04/07/2017 09:25:25,21,23357,7,2,606.0257923244526,34.941146574774024,1,3,1,1921.4362730441096,318.92977668077987,FTP-Patator
04/07/2017 09:25:24,21,28281,7,3,1566.7042257635803,30.239722994652183,1,1,1,2607.6444314832415,788.2248750156382,FTP-Patator
04/07/2017 09:25:27,21,28833,3,4,2041.0352504571758,15.1058417060432,1,2,1,2384.215306796834,720.5186496748706,FTP-Patator
04/07/2017 09:25:24,21,11908,4,5,1766.3051056137517,21.735547523793606,1,2,0,1310.54163588495,326.8184813116018,FTP-Patator
04/07/2017 09:25:25,21,13384,4,2,1090.892014509839,35.21338196369308,1,3,0,1977.847057878114,793.1100943560592,FTP-Patator
04/07/2017 09:25:26,21,10702,3,6,1437.0764811098995,41.72558394291825,1,3,1,3318.0238517451994,686.9353444338675,FTP-Patator
04/07/2017 09:25:29,445,27460,7,30,1277.573763327713,9.002910160762234,1,4,0,3309.137688878406,2674.7871752580027,BENIGN
04/07/2017 09:25:28,21,13869,8,6,2994.9578968470837,17.67255229780168,1,2,0,1503.559770560437,533.1576232372705,FTP-Patator
04/07/2017 09:25:28,21,20394,5,5,897.2093378799724,25.02578104292603,1,3,0,2577.8811583356537,259.307204883126,FTP-Patator
04/07/2017 09:25:27,21,25813,4,6,571.3663241509262,20.068945475593907,1,3,0,2758.333885548149,419.8415231927665,FTP-Patator
04/07/2017 09:25:28,21,19299,3,2,2004.8519868916885,29.723470917217867,1,2,1,952.8277857858914,480.13225174739785,FTP-Patator
04/07/2017 09:25:29,21,15821,4,6,1903.8395328819195,35.65031809883607,1,1,1,1271.6633904766163,89.44798446203788,FTP-Patator
04/07/2017 09:25:29,25,426046,30,12,28038.10132001657,44.00328884832235,1,1,0,6036.572751600244,1007.8532930788258,BENIGN
04/07/2017 09:25:30,21,20960,5,6,772.1068054698285,33.23088274351859,1,2,1,2096.588228598551,576.4551231061597,FTP-Patator
04/07/2017 09:25:29,21,16725,8,2,921.6186661482094,37.679266698589906,1,1,0,751.8197929601371,134.79514082491033,FTP-Patator
04/07/2017 09:25:32,21,28138,5,3,2925.9468927543203,8.47783359654903,1,3,1,830.577920425494,210.2591514842658,FTP-Patator
04/07/2017 09:25:33,21,10464,8,3,785.3745884367427,35.333847896067084,1,2,0,760.9555168485895,605.7087665409524,FTP-Patator
04/07/2017 09:25:30,21,10437,8,2,1007.4755302358425,19.693655070130536,1,2,0,2545.0291653228737,439.3517918730492,FTP-Patator
04/07/2017 09:25:32,21,21807,7,3,975.4259017504771,30.856661624538027,1,2,0,2583.321566566665,535.1894911728957,FTP-Patator
04/07/2017 09:25:33,21,20909,6,2,2763.2692731060456,35.980164628882264,1,1,0,2592.6956853087936,478.7620546880815,FTP-Patator
04/07/2017 09:25:31,21,8855,5,5,1659.23886456068,40.03067464277528,1,1,0,3349.0881801593573,427.0766127071437,FTP-Patator
04/07/2017 09:25:33,8080,633754,4,25,34159.83052269233,80.50497685481359,1,8,0,9326.75978376369,3190.41803880132,BENIGN
04/07/2017 09:25:32,21,20083,5,6,2709.3524919724996,34.64821212792303,1,3,1,3231.311139803247,79.26306695857537,FTP-Patator
04/07/2017 09:25:35,21,23005,3,6,2782.0480626282447,24.285824364903608,1,1,0,2654.3455774679655,781.523934115786,FTP-Patator
04/07/2017 09:25:33,80,257358,21,19,4046.9848483894243,34.90043750526443,0,4,0,6154.313128014331,1926.5436011099507,BENIGN
04/07/2017 09:25:35,21,21282,4,3,995.9176175828246,31.235263317979978,1,3,1,2146.406753889395,86.90776056032804,FTP-Patator
04/07/2017 09:25:36,21,1040,4,3,1625.8442115888308,9.87287969010107,1,3,1,1898.1785200705992,705.8941487070554,FTP-Patator
04/07/2017 09:25:34,21,14233,8,5,2523.400312864515,42.555320670171135,1,2,0,2567.351282984171,331.3391624397675,FTP-Patator
04/07/2017 09:25:35,21,19070,5,4,1711.3848699272282,11.200942695012085,1,2,0,2607.0767952190677,141.9673118904622,FTP-Patator
04/07/2017 09:25:38,21,12738,6,5,2740.29523848434,29.963653271718073,1,3,1,969.7643279964723,106.30277739434838,FTP-Patator
04/07/2017 09:25:38,21,23185,3,5,1336.6632014074748,44.39180242303716,1,1,0,3125.0671423615254,83.158822710746,FTP-Patator
04/07/2017 09:25:38,21,9085,8,6,2969.8940280053607,26.378513891345147,1,2,1,1925.2684892954396,228.2564804772376,FTP-Patator
04/07/2017 09:25:38,21,23359,5,2,1295.4914368775503,16.269763246144826,1,3,0,3492.026184977061,213.56697327484852,FTP-Patator
04/07/2017 09:25:37,21,18982,5,2,1221.3663622779663,27.420732004969473,1,1,1,1690.8562951114363,312.9365534775424,FTP-Patator
04/07/2017 09:25:39,21,14151,5,2,1289.6626625579886,25.44142503071887,1,2,1,3031.1357525830276,155.66030110892154,FTP-Patator
04/07/2017 09:25:39,21,5991,6,6,2021.0382913738922,13.957247691318289,1,2,0,1685.7671525877804,173.64485311997413,FTP-Patator
04/07/2017 09:25:41,21,172739,29,19,25069.68086669473,35.46119202027261,1,6,0,7934.077279918834,1501.6335705038302,BENIGN
04/07/2017 09:25:42,21,646220,18,12,1734.484380723291,89.42057643706421,0,8,0,14677.864046435234,3757.6488275061274,BENIGN
04/07/2017 09:25:40,21,18714,3,4,1901.6898966572307,5.662004766006041,1,2,0,1783.355645325003,594.7724692234182,FTP-Patator
04/07/2017 09:25:40,21,486450,22,6,5302.97461667773,112.49354170774423,0,6,0,4017.6211457269064,750.3512413638596,BENIGN
04/07/2017 09:25:40,21,10107,7,4,2833.160833627196,27.50839007641797,1,1,0,1219.4256823122387,586.1297451986583,FTP-Patator
04/07/2017 09:25:43,21,6725,7,3,1909.8148200382996,23.19897632829015,1,2,0,1191.7776750923704,109.97892902162377,FTP-Patator
04/07/2017 09:25:43,53,448704,11,32,25843.163916400426,64.55681762148711,1,3,0,13053.061328105481,2125.4063566656005,BENIGN
04/07/2017 09:25:42,21,348714,8,12,11722.923700953193,25.451596227970605,1,3,0,6728.399639535608,1139.9627902406344,BENIGN
04/07/2017 09:25:44,21,14973,8,6,890.1092583066619,40.19267429157873,1,1,1,1230.1009483193993,399.2573247478631,FTP-Patator
04/07/2017 09:25:41,21,19791,5,4,1942.0400235328425,39.96492287195811,1,1,1,2719.8523124324547,695.4126517986994,FTP-Patator
04/07/2017 09:25:44,445,104695,35,3,27584.00164161355,101.66534462391844,1,10,0,6425.7031008727035,423.63491680987096,BENIGN
04/07/2017 09:25:46,21,10964,8,6,2771.185504468421,16.727275407323333,1,2,0,709.4683457099354,623.4018823368268,FTP-Patator
04/07/2017 09:25:45,21,25421,8,2,1898.5600364764657,23.37859139497862,1,3,0,2063.08106231059,592.830355061353,FTP-Patator
04/07/2017 09:25:45,21,6345,3,3,2443.481791639293,35.366865631972914,1,2,1,965.7060053178245,340.7997109093266,FTP-Patator
04/07/2017 09:25:44,21,27240,6,4,225.5883797272524,6.2964094185022645,1,3,1,1109.05377573148,289.3057622698011,FTP-Patator
04/07/2017 09:25:45,21,24195,6,3,2675.6835845920386,11.810371785112244,1,2,1,989.8731175623816,522.190566501431,FTP-Patator
04/07/2017 09:25:46,21,16822,8,5,2173.9624060975266,23.269766158416232,1,2,1,2932.406976085312,335.7357368804295,FTP-Patator
04/07/2017 09:25:46,21,11812,7,3,805.3387705736556,16.144272394312896,1,1,0,1605.6014658819602,110.62596708687165,FTP-Patator
04/07/2017 09:25:48,21,5573,3,4,1867.2363137277603,17.495847447591682,1,2,0,2653.5324926724943,557.5576700147517,FTP-Patator
04/07/2017 09:25:47,21,26215,7,4,703.2143235327533,12.044552024559035,1,1,1,2146.707227323588,95.6247724562487,FTP-Patator
04/07/2017 09:25:47,21,2575,6,6,663.9103785065205,38.23453232526902,1,2,1,2098.946364504026,171.43023015988055,FTP-Patator
04/07/2017 09:25:48,21,22995,7,5,1402.3449772401077,16.197510598332713,1,2,1,2539.7856522773154,729.5096312297574,FTP-Patator
04/07/2017 09:25:49,21,16027,5,4,1777.6048651660612,8.025048875873232,1,3,1,1273.4674785638883,393.7951287849267,FTP-Patator
04/07/2017 09:25:50,21,8373,6,5,648.8559877042226,24.441388133580368,1,2,0,1846.6662243486971,592.5351229363287,FTP-Patator
04/07/2017 09:25:49,21,27291,8,5,2048.541162545559,21.646792833670432,1,2,0,3262.7367850362343,188.06835379773906,FTP-Patator
04/07/2017 09:25:51,21,3925,6,6,2479.5876873669054,7.17092002126583,1,1,0,2765.5840585438095,778.8498073232022,FTP-Patator
04/07/2017 09:25:51,21,26036,8,6,1932.9417948194134,39.8412458214877,1,3,0,748.3054543638116,110.31767304113598,FTP-Patator
04/07/2017 09:25:52,21,29053,7,3,1021.8374090983857,12.50422105890907,1,1,1,3444.4671791268534,110.74302030519692,FTP-Patator
04/07/2017 09:25:52,21,24368,3,5,2306.2404548253708,30.40345394709377,1,2,1,553.3066130328955,781.1957371061253,FTP-Patator
04/07/2017 09:25:51,21,25400,6,6,592.2918278710152,36.50763894721994,1,1,1,680.3505314905007,498.9371124191155,FTP-Patator
04/07/2017 09:25:51,21,11591,8,6,2632.919472950627,38.2854916358004,1,3,1,3443.383938370238,365.8759432531324,FTP-Patator
04/07/2017 09:25:53,21,26945,3,4,2992.4965656490663,13.84125765072335,1,1,1,2773.428082098549,387.07547237122895,FTP-Patator
04/07/2017 09:25:54,21,2824,5,4,1560.50382853437,40.893140054110205,1,2,1,2935.4565334793865,611.7760685003832,FTP-Patator
04/07/2017 09:25:54,21,7270,7,3,2042.7326502399987,37.90479146633063,1,2,0,1395.8771174718595,190.16842927616602,FTP-Patator
04/07/2017 09:25:55,21,2594,4,6,1333.4838855016424,5.818855770678089,1,2,0,1212.9439743730964,220.8529649804698,FTP-Patator
04/07/2017 09:25:56,21,14799,5,5,1603.392659196282,13.587015176224217,1,3,0,1407.1119528827212,489.1069181469137,FTP-Patator
04/07/2017 09:25:56,21,18849,8,3,1584.9216103188044,24.047248703624025,1,3,0,784.0164074831115,416.15654573217694,FTP-Patator
04/07/2017 09:25:54,21,19150,6,5,1750.2133851580777,18.50519608684816,1,3,1,2404.6866042428605,364.8963022976742,FTP-Patator
04/07/2017 09:25:56,21,13881,5,3,1455.8647748806488,37.278373953748556,1,2,0,1985.970378330694,327.56208231313764,FTP-Patator
04/07/2017 09:25:54,8080,399596,9,2,6950.442574564262,115.74285696449091,1,4,0,13677.369213645827,3712.5189148695335,BENIGN
04/07/2017 09:25:58,8080,658374,32,27,25327.765469876213,10.445854086866051,0,7,0,10449.567416644002,4409.041770659241,BENIGN
04/07/2017 09:25:56,21,19477,5,2,1043.7342327908332,37.269005712672794,1,1,1,2808.2595162082716,78.48851963796709,FTP-Patator
04/07/2017 09:25:56,80,176163,9,10,30921.5484680377,31.39649111242792,1,2,0,2623.62885201354,3625.9810973806134,BENIGN
04/07/2017 09:25:57,21,7879,5,5,2791.0743438780946,29.368193027036355,1,3,0,515.4012814399878,208.57422876134234,FTP-Patator
04/07/2017 09:25:56,21,505199,35,13,32397.29422095428,92.28211192964261,1,4,0,5827.395468188955,4215.519787870833,BENIGN
04/07/2017 09:26:00,445,137951,9,26,15665.992147161242,90.95565341952545,1,10,0,3292.5647101112845,3194.1084313935207,BENIGN
04/07/2017 09:25:57,21,4112,4,4,2367.0895989346136,12.350597920574522,1,2,1,3037.559468059504,220.5000199599649,FTP-Patator
04/07/2017 09:26:00,21,6664,3,3,2667.46496230941,16.085085481612435,1,1,1,2052.8630741938364,362.4033173862163,FTP-Patator
04/07/2017 09:26:00,21,13237,6,4,2147.7006241506388,7.198600349332582,1,1,1,1102.8550357494769,291.80422784541753,FTP-Patator
04/07/2017 09:26:02,21,5094,3,5,446.96522155509814,7.637863249221812,1,3,1,3467.767362184482,563.2874888477444,FTP-Patator
04/07/2017 09:26:00,21,12866,7,4,2970.595290071246,32.97813696965149,1,3,0,1087.3615128741487,198.91690358012255,FTP-Patator
04/07/2017 09:26:02,21,4220,6,4,2843.022608860815,31.928864247139515,1,3,1,369.85886551132586,658.5002666419546,FTP-Patator
04/07/2017 09:26:02,21,19749,4,4,213.62660700517498,34.031191532876576,1,2,1,309.8489222139026,652.3356001990362,FTP-Patator
04/07/2017 09:26:02,21,1397,7,4,1382.755179477561,26.72937394895659,1,2,0,2512.7103728216543,307.1581347863748,FTP-Patator
04/07/2017 09:26:02,21,27815,3,3,2538.042053221791,9.065500936337386,1,2,0,365.97425878101717,665.97985425928,FTP-Patator
04/07/2017 09:26:03,21,25460,4,2,2411.2472448338904,24.79814626482385,1,3,1,3012.8869063230663,143.4278378172926,FTP-Patator
04/07/2017 09:26:03,21,23570,5,4,1041.001738262587,36.730404938262055,1,3,0,1673.8710570515814,111.6212874615328,FTP-Patator
04/07/2017 09:26:04,21,28287,6,3,2630.746422403455,42.25518700751182,1,3,0,2675.651886112652,739.7286281743677,FTP-Patator
04/07/2017 09:26:02,21,10149,7,3,783.6378895121828,43.09627693663562,1,3,1,369.7928259807675,199.8709185695701,FTP-Patator
04/07/2017 09:26:05,21,29469,6,5,1751.4750773842882,19.472751024701186,1,3,0,1382.6156998508773,246.61382778812936,FTP-Patator
04/07/2017 09:26:06,21,7985,4,2,471.3532177142869,9.113397796249414,1,3,1,2549.804425097984,355.6006881722555,FTP-Patator
04/07/2017 09:26:07,21,15396,8,3,1385.6651309316405,7.044310784904777,1,1,0,2896.0951758136366,406.62118030754306,FTP-Patator
04/07/2017 09:26:05,21,16546,4,5,2649.6049998371445,7.070944483241743,1,2,0,1543.5057565192096,172.64626577817762,FTP-Patator
04/07/2017 09:26:04,21,17603,3,4,909.9901663399365,9.10079476535219,1,2,0,1792.2103233917926,79.28793104991853,FTP-Patator
04/07/2017 09:26:06,21,8259,5,3,2727.7742021219656,7.907476887425737,1,3,0,3157.340524169486,198.60499989732554,FTP-Patator
04/07/2017 09:26:05,21,763902,15,32,22271.554162455614,11.534901907087125,1,10,0,10275.038573929194,3763.7013380018575,BENIGN
04/07/2017 09:26:06,21,12524,7,5,1187.2927169633222,35.854263139292065,1,2,1,1897.1456126677729,120.2513809809914,FTP-Patator
04/07/2017 09:26:08,21,9929,7,4,2436.8950999286317,32.09763164203554,1,2,1,2557.922814706076,227.50096380991823,FTP-Patator
04/07/2017 09:26:09,443,262922,6,11,11122.52129637782,73.89448258886128,1,9,0,4932.073428740197,1628.1338204766303,BENIGN
04/07/2017 09:26:10,25,54992,37,6,18549.753504304066,35.331399174987084,0,4,0,7067.309006807994,2203.0043582419203,BENIGN
04/07/2017 09:26:08,21,20553,7,5,1130.7552999482048,6.353804616839778,1,2,1,2168.462739541189,681.5348625680108,FTP-Patator
04/07/2017 09:26:11,21,25048,4,3,2225.3867686477347,43.88813230519687,1,3,1,2008.6602106789528,719.2917666635723,FTP-Patator
04/07/2017 09:26:11,21,12182,4,6,1384.2297516329957,17.45571086906999,1,2,0,1000.6293263274977,488.9566193799422,FTP-Patator
04/07/2017 09:26:09,21,28962,7,3,2746.3430442273275,39.57802939708379,1,2,1,2750.6143855872883,339.07970198796306,FTP-Patator
04/07/2017 09:26:13,21,20283,5,2,1478.6635876833154,43.382441086490786,1,3,0,2342.792751876231,563.7942882203738,FTP-Patator
04/07/2017 09:26:12,21,8048,8,6,280.50081681669724,7.002610961754643,1,3,1,3386.297795664144,99.17002750118013,FTP-Patator
04/07/2017 09:26:11,21,10078,5,4,2700.3216540677313,20.030715798590293,1,2,0,1522.9413301822583,78.0055178687734,FTP-Patator
04/07/2017 09:26:11,53,225821,10,10,25162.124540001798,97.77715851317467,1,8,0,11100.109196405441,772.5610628685683,BENIGN
04/07/2017 09:26:11,21,29405,8,3,1157.1845782637574,23.703196636676246,1,1,0,2953.204406890163,490.2368328362804,FTP-Patator
04/07/2017 09:26:11,21,28209,5,6,2407.384839412489,9.125907863302913,1,2,0,1047.64559453026,613.5626476028385,FTP-Patator
04/07/2017 09:26:11,21,28763,7,3,1885.9405853285527,44.72525700693518,1,2,1,1871.7056602874488,409.85284846168986,FTP-Patator
04/07/2017 09:26:12,21,12813,6,6,1032.7104895273715,20.546740221718633,1,3,1,3205.532666243025,377.32542798736665,FTP-Patator
04/07/2017 09:26:15,22,602593,15,9,2817.2294421768943,114.13958213988988,1,4,0,5475.789661156167,633.1425495939831,BENIGN
04/07/2017 09:26:15,21,14631,3,4,1473.7236417025729,14.972113956162016,1,3,0,1901.1311271148145,638.8866301702935,FTP-Patator
04/07/2017 09:26:16,80,411493,10,10,12921.294360852136,92.04886579393899,0,1,0,2561.5154421605534,3212.2473478695565,BENIGN
04/07/2017 09:26:16,21,3968,6,2,923.8516885674928,8.352763811044328,1,1,0,2258.4182771616493,263.8365180116481,FTP-Patator
04/07/2017 09:26:17,21,18063,4,6,976.3175808434661,9.295869659537352,1,3,1,2925.066392245717,148.16910087458962,FTP-Patator
04/07/2017 09:26:17,21,1939,5,3,2827.039602764323,31.44377041739464,1,3,1,1864.8870236081052,415.68781995312486,FTP-Patator
04/07/2017 09:26:15,21,4316,8,4,1140.2022140304218,24.4166975407748,1,3,1,721.3986209913205,612.7261781590719,FTP-Patator
04/07/2017 09:26:16,21,29663,8,3,1482.8955629563766,16.977097046094087,1,1,1,2106.3447459774106,147.9253481088018,FTP-Patator
04/07/2017 09:26:17,21,19747,8,4,2471.4764562734867,36.812713664963226,1,2,0,2058.334695566522,397.90526700612645,FTP-Patator
04/07/2017 09:26:16,22,322906,26,19,12302.622892947786,39.39107736083533,1,9,0,1503.6066115092185,4019.2521272798267,BENIGN
04/07/2017 09:26:20,21,21963,6,3,1315.118973547178,33.179809473561555,1,1,1,2305.307045820281,614.2751272344437,FTP-Patator
04/07/2017 09:26:17,3306,785911,12,26,29172.677564967722,89.82904514805712,1,3,0,7948.871391313733,1758.1027638715693,BENIGN
04/07/2017 09:26:21,21,383001,7,18,12827.314786630064,53.003259155518315,1,3,0,14001.845377959975,1198.471276756608,BENIGN
04/07/2017 09:26:20,21,5837,8,6,2313.7287317873192,26.33268997283363,1,3,0,3152.6541772275723,661.6482524270164,FTP-Patator
04/07/2017 09:26:21,53,755236,17,5,19341.32636368314,19.218676860731975,0,7,0,8805.266676360876,2563.601168445187,BENIGN
04/07/2017 09:26:22,8080,2240,5,11,22193.381121480186,112.01023131132499,1,8,0,7271.140422184177,1431.2564039891224,BENIGN
04/07/2017 09:26:21,22,45555,11,17,6684.86808604053,102.0261542077983,1,1,0,526.6934912708347,3993.4242824760354,BENIGN
04/07/2017 09:26:21,445,92724,13,20,5708.21420954567,18.417617884624867,0,9,0,6186.7953021998055,3446.985573540305,BENIGN
04/07/2017 09:26:23,3306,173990,24,35,6142.903405883878,34.16510441796524,1,6,0,14405.163233375151,2831.184251871897,BENIGN
04/07/2017 09:26:21,21,15396,3,3,2468.2525985207903,39.22179885610945,1,2,0,854.6344260634552,655.2657905265137,FTP-Patator
04/07/2017 09:26:23,8080,642125,30,29,840.6213446751221,81.71645041252354,1,9,0,2452.5731949884193,3727.849908759674,BENIGN
04/07/2017 09:26:24,21,3152,4,2,1605.637399579634,11.507415409391397,1,3,0,2274.4778924628017,764.3903879977549,FTP-Patator
04/07/2017 09:26:22,21,17594,4,4,1090.6489109587221,42.39504395875408,1,2,1,717.3370112578243,128.61919587354146,FTP-Patator
04/07/2017 09:26:22,21,15898,4,2,1665.045857738618,33.57400665519857,1,3,1,857.7954787612849,708.2574946054619,FTP-Patator
04/07/2017 09:26:25,3306,442646,26,33,7096.710655311143,84.22844536847627,0,4,0,13944.247502961858,2198.7995876918862,BENIGN
04/07/2017 09:26:23,21,14662,7,5,2893.6132484119335,26.170481199034725,1,2,0,3218.290793253973,71.4731922120129,FTP-Patator
04/07/2017 09:26:23,21,19701,5,4,1620.2379699106677,33.98871854846196,1,1,1,1738.2053994744929,467.65623095984745,FTP-Patator
04/07/2017 09:26:24,3306,416780,36,18,33285.16124884006,22.09037616676759,1,7,0,8294.54360003578,1414.4187426785302,BENIGN
04/07/2017 09:26:25,21,9851,3,6,1163.7201118274702,20.058528149809916,1,3,0,3325.814701499987,571.2934796132178,FTP-Patator
04/07/2017 09:26:27,21,3095,6,5,1893.7354466691684,17.474262706010872,1,3,0,2646.7362293047886,238.3994755498925,FTP-Patator
04/07/2017 09:26:28,21,25793,6,2,2244.275957803573,7.816679213502145,1,2,0,2702.9697008308767,670.1834116207705,FTP-Patator
04/07/2017 09:26:27,21,3896,3,6,2864.6481645191584,39.628382670993226,1,2,1,1799.7898297427066,574.1368478721213,FTP-Patator
04/07/2017 09:26:29,21,5809,4,4,1766.3248870831317,25.740245074775526,1,1,1,1145.9636293040603,570.6806480211968,FTP-Patator
04/07/2017 09:26:30,21,10392,8,5,2577.5152731122494,27.22511260768369,1,2,1,3459.521508022068,102.42733079150878,FTP-Patator
04/07/2017 09:26:29,21,25399,4,4,2500.548785874177,34.507828400015995,1,1,1,1237.0912894049216,201.0212871546501,FTP-Patator
04/07/2017 09:26:28,21,29041,8,2,1959.708647566321,41.5211532596631,1,2,0,2215.8545681670475,164.63657711545056,FTP-Patator
04/07/2017 09:26:31,21,11009,3,2,2715.148811561418,8.958544402502874,1,3,0,335.0916146465167,477.60687420134127,FTP-Patator
04/07/2017 09:26:30,21,28443,5,3,1455.3336809424507,31.018589792368047,1,2,1,2632.2418249544994,312.38697512829367,FTP-Patator
04/07/2017 09:26:30,21,26687,8,3,356.6049064143971,43.34913779049408,1,3,0,793.601805408165,362.45990775589826,FTP-Patator
04/07/2017 09:26:32,21,5425,6,4,553.2757438466576,22.66354115722585,1,1,0,2443.049915802024,532.3522482784023,FTP-Patator
04/07/2017 09:26:32,21,4831,6,4,2914.7459571599215,20.797588106299433,1,1,0,1565.528906828398,588.4332868634818,FTP-Patator
04/07/2017 09:26:30,21,6910,6,4,1542.6513365500793,12.414540222810594,1,3,1,510.0907999628557,88.32372323393149,FTP-Patator
04/07/2017 09:26:32,21,6053,7,4,2772.038172673202,41.99159462117779,1,3,0,1997.861110890257,776.1413150898782,FTP-Patator
04/07/2017 09:26:33,21,26866,7,2,2227.097208827833,29.269602777706982,1,1,0,703.4307806460777,272.6949049897504,FTP-Patator
04/07/2017 09:26:34,21,26563,7,5,983.0108086226038,26.370943492796208,1,3,1,2347.612106578187,564.0942652497712,FTP-Patator
04/07/2017 09:26:33,21,1473,5,6,1640.6188712755654,22.629107086570635,1,2,0,3118.661670290907,71.38703348508811,FTP-Patator
04/07/2017 09:26:31,21,16206,5,2,643.9614730384617,39.65800381287414,1,2,0,3440.5551593395057,404.7008892821633,FTP-Patator
04/07/2017 09:26:35,21,8157,5,6,1713.4757990778746,16.696100801134477,1,3,0,2873.158301299551,327.2219249385694,FTP-Patator
04/07/2017 09:26:34,21,19222,5,5,2321.7093626895316,29.6939462517916,1,3,1,3366.1985677405423,371.33879646000145,FTP-Patator
04/07/2017 09:26:33,21,13184,7,6,2953.9242256945026,25.845150774954963,1,1,1,1008.3635689135327,91.15308073787978,FTP-Patator
04/07/2017 09:26:34,445,270382,3,32,30554.260195739032,42.538964877189464,0,1,0,6712.7301151925,2830.33928667154,BENIGN
04/07/2017 09:26:35,53,409489,18,2,22513.40670571595,48.96387494652808,0,1,0,6895.090279502868,4734.641486066777,BENIGN
04/07/2017 09:26:36,21,2511,6,3,246.06754800035048,41.8270062910674,1,2,0,2853.264593321127,535.2606527345068,FTP-Patator
04/07/2017 09:26:36,21,16546,3,5,979.1845807007285,17.413133139581575,1,3,1,3109.9487646311477,304.84255960114115,FTP-Patator
04/07/2017 09:26:35,21,4098,7,6,2034.2560500886555,9.12647987465936,1,3,1,3153.945149590827,116.63479285470738,FTP-Patator
04/07/2017 09:26:36,21,26242,4,2,575.1410306051334,30.14438322618199,1,3,0,1937.5584723801267,529.6444432401458,FTP-Patator
04/07/2017 09:26:39,21,739568,38,8,6040.68391440436,87.33337282334472,0,9,0,795.3332354548918,1844.359687645148,BENIGN
04/07/2017 09:26:39,443,473854,15,10,18109.359833133603,73.62775494796006,1,4,0,6063.594517669183,4879.398372857114,BENIGN
04/07/2017 09:26:39,21,14263,3,2,1425.8213076586123,5.269417925631612,1,2,1,1857.218200895045,570.6443730340285,FTP-Patator
04/07/2017 09:26:37,21,4714,5,6,986.0719894359188,36.92382444623619,1,1,0,1008.7938858160641,71.1780026338553,FTP-Patator
04/07/2017 09:26:41,21,24322,7,2,1403.8243416829264,13.297468118120182,1,3,0,2589.3751432132267,519.7007950519774,FTP-Patator
04/07/2017 09:26:39,21,21921,4,2,2968.9835321710584,26.768721702381786,1,3,1,2111.362893313366,468.6183765737669,FTP-Patator
04/07/2017 09:26:40,21,9184,6,2,2070.781983103365,38.93748125974039,1,2,0,1863.8202229089843,273.4860274544153,FTP-Patator
04/07/2017 09:26:42,21,12544,3,6,2031.3459224112894,5.276627350319152,1,3,0,810.0001269948908,117.47729676529718,FTP-Patator
04/07/2017 09:26:41,21,14433,8,3,1076.0515629465249,14.804493653788157,1,1,1,1343.532095435523,577.4698283129137,FTP-Patator
04/07/2017 09:26:41,21,17904,8,6,1897.0060893112013,20.97459742083609,1,1,0,1660.6445590068226,292.9515469529066,FTP-Patator
04/07/2017 09:26:40,21,29923,6,6,212.56215316031478,6.510708280869206,1,1,1,2004.0617962428253,512.280407442935,FTP-Patator
04/07/2017 09:26:40,21,8895,8,3,2763.7454930342515,27.958876651562115,1,3,1,1448.2315284179156,671.8276739048971,FTP-Patator
04/07/2017 09:26:41,445,764073,35,21,6934.447947700119,92.23528786403314,0,7,0,8230.775304485047,4199.310382869669,BENIGN
04/07/2017 09:26:43,443,216426,11,28,17506.560465012324,83.06174417599043,1,1,0,750.5673000516231,1757.8284375142503,BENIGN
04/07/2017 09:26:43,21,17379,4,5,1908.8567368682623,23.774938089244554,1,1,0,2905.5505883470187,95.46244149498656,FTP-Patator
04/07/2017 09:26:43,21,15055,5,5,1007.24436141262,15.38828666780486,1,2,1,3493.650017335372,546.8207041864368,FTP-Patator
04/07/2017 09:26:46,21,6414,7,5,2456.4880230487884,30.70774874488201,1,1,1,2270.4182506021325,543.5379133296492,FTP-Patator
04/07/2017 09:26:43,21,27404,4,2,1586.7051306301737,38.592070560119964,1,1,0,1028.0908196789132,650.9046998926826,FTP-Patator
04/07/2017 09:26:46,21,15908,6,6,681.3572004051223,33.43501098367078,1,1,1,1010.089806176974,494.17225129070687,FTP-Patator
04/07/2017 09:26:44,21,20167,6,2,2503.9833727314985,30.99276136690692,1,2,1,2683.0909869473926,666.9796586917965,FTP-Patator
04/07/2017 09:26:47,3306,265494,32,6,3589.0595059307393,68.38201084751186,1,1,0,2215.666663129199,3600.2472427782195,BENIGN
04/07/2017 09:26:45,21,18017,5,6,1339.7453772340984,7.2977350835083366,1,3,1,1120.5739670060282,266.5531201139962,FTP-Patator
04/07/2017 09:26:48,21,28835,3,6,1814.4559501633457,19.893505639365387,1,3,0,3495.226364981533,88.86353642491386,FTP-Patator
04/07/2017 09:26:49,21,18479,6,4,817.2679263446444,15.186163335385547,1,3,0,2510.705732492172,239.74126866632344,FTP-Patator
04/07/2017 09:26:48,21,28021,8,4,1655.6084230541253,10.764883845846086,1,2,0,3274.5077772423533,134.36698587817705,FTP-Patator
04/07/2017 09:26:47,21,1689,8,4,2794.5462279891262,42.61752371995459,1,1,1,1619.061234906297,226.41229138263608,FTP-Patator
04/07/2017 09:26:49,21,23124,3,4,2532.7207539796736,30.572102174141325,1,1,0,1445.751263713821,313.771921342511,FTP-Patator
04/07/2017 09:26:49,21,3967,4,2,2174.05928857186,22.69567663371199,1,1,0,3113.5160714252984,314.92920192062456,FTP-Patator
04/07/2017 09:26:49,21,8326,4,6,635.0387708699811,26.3687396710553,1,3,1,2311.558554675159,726.5567510992191,FTP-Patator
04/07/2017 09:26:51,21,6836,8,4,1027.993023292614,10.045840005087818,1,2,0,2481.536962686465,245.36197170125945,FTP-Patator
04/07/2017 09:26:51,8080,564047,25,31,30720.901102854063,5.75526419294225,1,8,0,2845.459353037011,2436.9476698554,BENIGN
04/07/2017 09:26:50,53,619391,19,26,23825.748575086927,66.79606537847314,1,4,0,3233.339068298772,4452.303289704926,BENIGN
04/07/2017 09:26:52,21,11149,4,4,1980.372202134464,11.212380147522708,1,2,0,1802.0889244554112,113.21641247460025,FTP-Patator
04/07/2017 09:26:51,21,4403,8,5,841.6376788320947,20.354051954354276,1,1,0,1910.2723648615765,90.9097898216938,FTP-Patator
04/07/2017 09:26:51,21,356939,13,25,5498.305400653192,44.649357728048514,0,8,0,3070.7040081075406,3562.7536173509775,BENIGN
04/07/2017 09:26:53,21,29082,5,5,1044.3849886001294,40.83788233439926,1,1,1,2199.2340880649376,315.2646091033602,FTP-Patator
04/07/2017 09:26:54,21,24506,5,2,1093.343132460238,21.9920549909424,1,1,0,324.47864436878183,447.5951625105731,FTP-Patator
04/07/2017 09:26:52,445,99595,10,6,15814.21275112878,33.765109618529216,0,5,0,12078.050157635327,2751.49955813415,BENIGN
04/07/2017 09:26:54,21,1430,3,4,1795.1404765639863,21.700260411169733,1,2,1,473.4206152621766,544.4697414678321,FTP-Patator
04/07/2017 09:26:55,21,29264,4,5,1823.2454070970193,44.175703798945804,1,1,1,2376.066648325214,173.10592594027366,FTP-Patator
04/07/2017 09:26:53,21,12911,5,4,480.54908905264244,22.544450014880326,1,1,1,1651.46893081986,624.5485820605963,FTP-Patator
04/07/2017 09:26:56,21,9103,7,2,2352.887548446147,19.80235877475242,1,2,1,2036.69292091131,361.00033183714373,FTP-Patator
04/07/2017 09:26:54,80,75176,17,15,25629.87493963911,94.4741461283638,0,2,0,3912.552816225868,1268.062529622494,BENIGN
04/07/2017 09:26:55,21,20908,5,4,2734.921192364459,35.175884766497816,1,1,0,613.3212587610626,592.0142675019848,FTP-Patator
04/07/2017 09:26:57,21,17611,8,5,1976.526205528337,29.279600527516646,1,1,0,802.5436375367033,585.1712066693235,FTP-Patator
04/07/2017 09:26:58,21,12094,7,5,645.2268007285369,23.80454422611944,1,1,1,1239.2203665953698,682.0085448281084,FTP-Patator
04/07/2017 09:26:58,21,16044,8,6,1012.727827127228,33.162498908925585,1,2,1,1956.4905505721924,134.21125601044986,FTP-Patator
04/07/2017 09:26:57,21,3289,7,3,2546.135971620174,31.546254779799213,1,2,0,3064.544916489996,218.48069063684835,FTP-Patator
04/07/2017 09:26:56,21,2660,6,6,2916.677633984238,6.2582420104438885,1,2,1,608.5832798545266,160.99464437203733,FTP-Patator
04/07/2017 09:26:57,21,13181,6,4,1093.6481714812387,44.415527977321815,1,2,0,2305.301539883385,406.44666490615145,FTP-Patator
04/07/2017 09:26:59,21,1742,4,6,2697.9451204305965,6.022868824991425,1,2,1,1197.6678948913523,144.82686831108563,FTP-Patator
04/07/2017 09:27:01,21,28557,3,2,981.1975715483535,30.763928695542198,1,1,0,2428.623499089431,791.3335691822084,FTP-Patator
04/07/2017 09:27:01,21,24353,3,5,798.9850075020076,24.33464714101008,1,3,0,1843.8236014329898,647.2240555793362,FTP-Patator
04/07/2017 09:26:59,21,28879,5,6,251.93088602701977,17.39136789958064,1,3,1,2671.0063235709813,195.31284573258023,FTP-Patator
04/07/2017 09:26:59,21,19593,8,5,618.7179202824099,43.120910862264736,1,3,1,455.09923774992524,510.25032488501597,FTP-Patator
04/07/2017 09:27:00,21,2388,5,4,2237.070399568439,41.528280754891426,1,3,0,3187.163471907374,433.82048013120595,FTP-Patator
04/07/2017 09:27:03,21,24912,8,2,2309.6156264390456,24.59859597258163,1,1,1,1824.8045329479958,327.33123802905726,FTP-Patator
04/07/2017 09:27:01,21,26779,7,6,1699.2193655750912,18.523992032200702,1,3,0,683.3360984086909,180.80994118460043,FTP-Patator
04/07/2017 09:27:01,21,23580,5,3,2402.607331943677,8.458937093053276,1,3,0,2793.0155742302254,708.0343909994618,FTP-Patator
04/07/2017 09:27:03,25,52475,22,20,11149.37187498176,75.94243429658859,0,9,0,13821.54766751286,646.6838044942986,BENIGN
04/07/2017 09:27:01,3306,170035,16,27,17883.13428514129,7.018836964060576,0,1,0,4207.207880010528,2529.401587892495,BENIGN
04/07/2017 09:27:01,21,26920,5,4,1239.5472031513418,6.211717430266881,1,3,1,3002.6371482832838,308.0642438880237,FTP-Patator
04/07/2017 09:27:02,21,18619,5,6,2327.7581582077632,28.215953787695575,1,2,1,3169.67586571694,796.0233124036337,FTP-Patator
04/07/2017 09:27:04,21,15212,3,2,1151.2266137692955,31.470216093422295,1,3,1,1961.9896065903272,305.9554261201426,FTP-Patator
04/07/2017 09:27:04,21,29325,4,4,246.58580508685588,9.395438646966845,1,2,0,2607.3249720651133,323.7583567318295,FTP-Patator
04/07/2017 09:27:03,21,11929,3,3,2801.295332247208,36.12847825121632,1,2,0,496.69867499994956,579.4483940897894,FTP-Patator
04/07/2017 09:27:07,21,12451,5,4,1769.312920805113,28.838461721563633,1,3,0,450.9133708592493,301.8233538228138,FTP-Patator
04/07/2017 09:27:05,21,13735,6,2,2675.411651597666,44.32867026208809,1,2,1,449.6858141132332,108.22659914798386,FTP-Patator
04/07/2017 09:27:07,21,26967,12,20,25558.4509566196,22.913269516456793,1,7,0,9076.564183015624,3755.452906137282,BENIGN
04/07/2017 09:27:08,21,644929,5,3,20291.790486820973,69.13406876666123,0,10,0,14704.019937867646,363.76890299906023,BENIGN
04/07/2017 09:27:07,443,278159,34,17,8190.68628921809,94.63738605327889,0,10,0,14677.935239584987,592.8508079806298,BENIGN
04/07/2017 09:27:07,21,23845,6,4,342.0286248478865,22.914605178842436,1,3,0,1860.7316431434945,302.8020206570185,FTP-Patator
04/07/2017 09:27:06,21,21563,5,6,588.2178507967337,20.896306140823878,1,1,1,1997.3486692991778,184.8886882299201,FTP-Patator
04/07/2017 09:27:07,21,16996,6,4,421.9203472517645,15.709303919246151,1,3,1,2313.7442891141254,143.8436086061339,FTP-Patator
04/07/2017 09:27:07,21,28529,5,4,922.0746620373571,18.633763892413185,1,2,0,3176.6860194124083,316.67858095612576,FTP-Patator
04/07/2017 09:27:09,21,22835,4,3,806.4629361377345,33.30274301825552,1,1,0,1630.1299331298899,234.9456700648142,FTP-Patator
04/07/2017 09:27:09,21,2537,6,4,1930.543467118992,11.718769492762306,1,3,1,2303.3301337060116,241.03691873896838,FTP-Patator
04/07/2017 09:27:09,21,13896,4,5,2126.268598938147,44.884455958339885,1,1,0,2072.874452373422,449.47509929069554,FTP-Patator
04/07/2017 09:27:09,21,20672,6,3,2972.6592908425864,44.052227848030995,1,3,1,2043.749054482432,75.90468882016586,FTP-Patator
04/07/2017 09:27:12,21,7815,8,5,2793.726931241209,29.75689759202679,1,2,1,405.1885845765039,710.4719418872878,FTP-Patator
04/07/2017 09:27:12,21,14581,3,6,1643.4835172807516,35.51564117563867,1,3,0,1160.9204965593417,379.59764176645047,FTP-Patator
04/07/2017 09:27:13,21,23759,6,5,832.0370557119886,26.678267392633174,1,1,0,696.0899933725447,460.6853271294885,FTP-Patator
04/07/2017 09:27:11,21,731913,8,7,25249.429096671134,5.93643312960113,1,1,0,8418.403460773534,1683.1795540246483,BENIGN
04/07/2017 09:27:14,21,25608,7,3,1586.2178482563515,13.708357991980705,1,3,0,2213.489988466362,166.06804064969225,FTP-Patator
04/07/2017 09:27:14,21,21413,6,3,1676.0396781832042,37.34022757476427,1,3,1,1662.5046968166955,222.13291906194638,FTP-Patator
04/07/2017 09:27:14,21,25082,4,2,1932.0816234923266,12.55646782394292,1,3,0,2355.311712192798,195.94784623632776,FTP-Patator
04/07/2017 09:27:13,21,3180,7,5,1068.587645825611,40.753194964210195,1,1,0,1356.9591773075076,63.10042416470466,FTP-Patator
04/07/2017 09:27:15,21,1518,8,3,743.5438639399231,15.902986908124879,1,1,1,1944.5459572820787,107.79162023304363,FTP-Patator
04/07/2017 09:27:15,21,14014,5,2,400.3621469165791,17.10154980711602,1,1,0,2308.9511975168857,565.7917086812922,FTP-Patator
04/07/2017 09:27:14,21,15262,3,4,1038.996211062367,26.17567897564308,1,2,0,939.7466587208719,786.9357613757323,FTP-Patator
04/07/2017 09:27:17,21,14446,5,2,531.7445336373999,30.694409270985304,1,3,1,788.4547164339028,200.18307785759526,FTP-Patator
04/07/2017 09:27:15,21,161286,32,8,21835.8693120925,15.698907175124782,1,1,0,13252.136046941929,1871.703425614434,BENIGN
04/07/2017 09:27:16,21,11250,5,6,1719.153373202316,31.357709151752772,1,3,1,3435.186395640644,410.2421808515091,FTP-Patator
04/07/2017 09:27:17,21,26353,4,5,2031.7577201061679,19.17663633889843,1,3,0,2763.902242431761,63.87239399524323,FTP-Patator
04/07/2017 09:27:19,21,743686,26,28,4318.7072553967655,21.1669874215524,1,3,0,14467.573484688737,758.4273713224014,BENIGN
04/07/2017 09:27:17,21,16402,6,2,2756.189498287222,7.590093338155981,1,2,0,1326.547121083976,83.84305023883155,FTP-Patator
04/07/2017 09:27:16,21,12174,6,3,1012.9166589586641,6.198765116393492,1,2,0,2815.14859209508,636.0311568561536,FTP-Patator
04/07/2017 09:27:18,21,1361,3,4,405.2096366177369,11.216443676711272,1,2,0,1737.1121723827293,63.75914768490938,FTP-Patator
04/07/2017 09:27:19,21,8512,7,2,894.5051146300045,42.452271972871955,1,1,1,2942.0947911994776,368.77396981628334,FTP-Patator
04/07/2017 09:27:21,21,372446,14,15,17408.21760410587,73.63041517709289,0,7,0,14194.347573466242,648.0337327319546,BENIGN
04/07/2017 09:27:20,8080,794725,24,8,3785.2605707136895,108.80377710953553,0,6,0,3891.900425882454,4485.997735440327,BENIGN
04/07/2017 09:27:20,21,4284,7,2,2596.190129843074,7.38004197246056,1,1,1,1176.0429662316117,390.180264568297,FTP-Patator
04/07/2017 09:27:20,21,11367,4,6,385.6328979816751,13.303131940823999,1,3,0,1174.587381623133,545.1180189649326,FTP-Patator
04/07/2017 09:27:20,21,16519,8,6,2695.865578772728,24.892449770520425,1,3,0,892.2309302078802,189.51105553473963,FTP-Patator
04/07/2017 09:27:23,21,3324,5,6,2473.8615246433483,5.994694727685186,1,1,0,2177.6640823722682,104.8794009361348,FTP-Patator
04/07/2017 09:27:23,21,20811,7,6,671.7290550110869,9.98014483609941,1,1,1,1764.9668090011971,288.7006814119727,FTP-Patator
04/07/2017 09:27:21,445,221513,21,15,10981.046992513691,49.88680232172321,0,5,0,3912.612513589368,4110.9575909999985,BENIGN
04/07/2017 09:27:24,22,555095,35,12,19971.00462041278,79.83132493770566,0,9,0,10086.229733640615,4254.662605050709,BENIGN
04/07/2017 09:27:22,21,11440,7,5,2901.6426746643333,23.339848970769225,1,1,1,1281.889594530693,463.0778419075694,FTP-Patator
04/07/2017 09:27:24,21,23476,5,6,1072.5416957259054,36.06022287050588,1,3,0,1072.0363331813292,647.0947305344909,FTP-Patator
04/07/2017 09:27:22,21,541919,5,16,3657.4799860544817,84.55636900120803,1,8,0,2351.6793607119926,843.2178918278669,BENIGN
04/07/2017 09:27:23,21,12722,6,2,2728.537133335289,34.25410873630275,1,1,0,484.55798159676425,222.65180645089043,FTP-Patator
04/07/2017 09:27:25,21,8111,3,4,1878.6062924290216,12.284980863748206,1,3,1,2766.2609465753344,357.34762556356213,FTP-Patator
04/07/2017 09:27:25,21,14852,6,3,1845.5590894760792,37.18528067665303,1,1,1,3065.5794311193767,371.96015608094456,FTP-Patator
04/07/2017 09:27:26,21,3609,3,4,1996.0529118840805,10.985588196170415,1,3,1,1876.046384365873,358.54992912855437,FTP-Patator
04/07/2017 09:27:27,21,8540,4,3,1848.1118435295602,14.181495104210269,1,2,0,806.9281907693245,211.4763954173692,FTP-Patator
04/07/2017 09:27:26,21,26789,8,2,1284.7388517911577,28.720625760140777,1,3,1,1681.7442665492213,289.84790549801613,FTP-Patator
04/07/2017 09:27:27,21,28759,5,2,2982.7235781102686,35.58502251858852,1,2,1,2768.2775318817994,293.24293517867443,FTP-Patator
04/07/2017 09:27:29,21,14107,6,4,1757.7431260760372,17.729669586340492,1,2,0,301.74045024226893,248.50143281818382,FTP-Patator
04/07/2017 09:27:27,21,15408,6,5,1137.1473804083003,9.459096071326192,1,2,0,2247.65519704372,128.22401176733635,FTP-Patator
04/07/2017 09:27:27,21,20912,7,3,2068.5709611646453,35.80162300814834,1,3,1,2455.5955230259055,734.6047697754648,FTP-Patator
04/07/2017 09:27:27,21,10744,6,2,302.64099229354497,12.40296154073706,1,2,1,2469.1647126644757,80.61617800829522,FTP-Patator
04/07/2017 09:27:27,21,13530,5,5,2690.6669713946694,35.44682236278081,1,2,0,927.9832755142493,734.8664767843809,FTP-Patator
04/07/2017 09:27:30,80,258096,28,24,26448.95041952278,89.5827124393309,1,1,0,11545.412121398358,3329.022746608855,BENIGN
04/07/2017 09:27:31,21,9826,8,2,2728.9840475121955,7.131254058080838,1,2,0,1218.8801748590959,241.39320480565885,FTP-Patator
04/07/2017 09:27:31,3306,681270,37,24,812.6973366863199,50.100795157776545,1,7,0,9921.19347919892,2638.6316055435886,BENIGN
04/07/2017 09:27:30,21,24146,5,3,1042.1628599690935,37.25453858467504,1,3,0,1368.6846944892036,460.4320343288234,FTP-Patator
04/07/2017 09:27:31,21,12684,5,5,2538.1105794926943,37.88504321465451,1,1,0,1123.233759197952,741.7332762201376,FTP-Patator
04/07/2017 09:27:31,21,23179,3,3,1349.2850951511703,31.794333518160443,1,3,0,1264.536265477182,599.9961013283437,FTP-Patator
04/07/2017 09:27:31,22,144852,11,3,3181.678894253195,74.43704698327602,1,3,0,7525.238867644815,4979.142233981706,BENIGN
04/07/2017 09:27:33,21,12029,6,6,299.34795878017013,24.478713607951267,1,1,0,2306.320677080932,225.1417452314708,FTP-Patator
04/07/2017 09:27:34,21,1571,6,4,1381.484871863269,8.32793351440204,1,1,0,2330.8499608308334,203.54000883483621,FTP-Patator
04/07/2017 09:27:31,443,155514,4,23,19170.889805411913,111.33511829435533,1,8,0,3226.704346697714,1064.3103315485655,BENIGN
04/07/2017 09:27:32,21,1950,6,3,1208.4154277678028,44.09977866644778,1,3,1,3176.6208986321,789.6144570391884,FTP-Patator
04/07/2017 09:27:36,21,28285,3,6,1039.0742575975773,22.681388606175158,1,3,1,1295.8857159090933,400.6779405925362,FTP-Patator
04/07/2017 09:27:35,21,7662,5,2,2419.5918579295785,41.81475448986952,1,1,0,736.9302253213199,146.1439576672625,FTP-Patator
04/07/2017 09:27:33,21,20669,7,5,518.2934191411099,27.469350245157198,1,2,0,2549.2146530612167,711.4797893619487,FTP-Patator
04/07/2017 09:27:35,443,649064,39,16,10842.96289484739,20.369730570557394,0,6,0,8848.632104503185,2653.431771650264,BENIGN
04/07/2017 09:27:37,21,11449,6,3,1666.566685641632,26.25663470333553,1,2,0,3233.557401122632,223.8488887133424,FTP-Patator
04/07/2017 09:27:38,443,719983,23,24,19367.70300492719,38.960811892702566,0,6,0,11600.185283588653,1370.8785561741124,BENIGN
04/07/2017 09:27:38,21,27080,3,2,1762.3589722749111,42.64372125289581,1,3,0,3412.1319564117184,103.11931354670865,FTP-Patator
04/07/2017 09:27:37,21,17397,8,3,495.5402741372383,26.854219813893362,1,1,0,2100.828555813495,512.8286021008969,FTP-Patator
04/07/2017 09:27:38,21,510819,6,27,22292.371983204936,98.55756217616383,1,1,0,1671.2081486808372,3126.3083206894275,BENIGN
04/07/2017 09:27:36,21,27615,4,6,2481.4833604766973,18.93048708227109,1,3,1,1726.292441420452,116.83782648937567,FTP-Patator
04/07/2017 09:27:37,21,3472,7,3,1819.371192985927,28.952215733811194,1,3,0,602.7704979463408,449.01343571912935,FTP-Patator
04/07/2017 09:27:40,21,4224,5,6,1547.0830801050006,16.625356420612754,1,3,0,1896.8384884812224,764.228724117574,FTP-Patator
04/07/2017 09:27:41,21,15677,8,6,2344.727833699684,22.17458999798675,1,3,1,2045.37221972787,403.3481477703931,FTP-Patator
04/07/2017 09:27:38,21,1215,4,3,1404.6854005905498,25.578198581748943,1,1,1,1371.5272429521906,263.0749948303644,FTP-Patator
04/07/2017 09:27:41,21,25121,7,4,1182.2561220264022,27.91781732061182,1,2,0,3051.535770478166,374.7264948848441,FTP-Patator
04/07/2017 09:27:39,21,5113,3,5,1299.0762173848345,17.778022757851218,1,1,1,1926.8057880802153,306.15153483813486,FTP-Patator
04/07/2017 09:27:39,21,4030,6,2,2044.6125637017608,12.819024644937809,1,1,1,806.3545644888318,623.8027553212238,FTP-Patator
04/07/2017 09:27:39,21,24705,8,2,1822.9769152462632,44.864382514764294,1,2,0,600.3711642186072,294.48775315500734,FTP-Patator
04/07/2017 09:27:42,21,9980,7,5,522.8158501461382,11.439599482101336,1,1,1,2939.763416972828,795.6856476331782,FTP-Patator
04/07/2017 09:27:41,21,29907,3,5,1924.3543756939318,17.381104136042083,1,1,1,1560.5827340482235,783.0011435288508,FTP-Patator
04/07/2017 09:27:43,21,2658,5,2,1623.9760809871618,28.83013958875264,1,2,0,583.5154424003601,781.3000741762087,FTP-Patator
04/07/2017 09:27:42,21,29869,8,3,1075.648786721773,24.63165057663007,1,3,0,1321.9357687144443,108.8586672996913,FTP-Patator
04/07/2017 09:27:43,21,23890,6,2,574.8474608011188,37.591073862124674,1,2,0,3032.373038745742,614.6533141695353,FTP-Patator
04/07/2017 09:27:44,21,4971,6,6,877.9757099487256,39.90203946721346,1,1,1,935.7652769068927,499.68294195349813,FTP-Patator
04/07/2017 09:27:44,21,28996,4,4,448.77772001516286,43.49033437049141,1,2,1,2286.268337004442,280.11922508265565,FTP-Patator
04/07/2017 09:27:44,21,7371,6,6,320.6296158914828,38.786736699779844,1,2,0,3015.5450743860706,510.6779636629334,FTP-Patator
04/07/2017 09:27:46,21,323895,20,13,9527.452639206736,91.50805591169654,0,6,0,12301.99738872043,3725.562003132788,BENIGN
04/07/2017 09:27:47,21,16280,4,3,379.14307959216114,10.009657511316789,1,2,1,713.2258504995146,418.8202819206946,FTP-Patator
04/07/2017 09:27:44,21,17221,4,3,1649.6836401335609,35.03781900065948,1,2,1,2836.1607951484375,605.0640936084811,FTP-Patator
04/07/2017 09:27:46,443,293379,37,20,2370.022972093746,93.88859871760383,1,9,0,8881.483957004646,602.00023877845,BENIGN
04/07/2017 09:27:44,21,10537,6,6,1926.631045750878,39.4764658582026,1,3,1,2135.2677565367403,216.57587829414663,FTP-Patator
04/07/2017 09:27:47,21,26022,6,2,1423.4070396981956,29.342782805749845,1,3,0,1633.7803711018744,743.1906475950989,FTP-Patator
04/07/2017 09:27:46,80,114801,23,19,29841.2466372407,60.97188361766207,0,8,0,767.4556735288543,2235.1017423143467,BENIGN
04/07/2017 09:27:47,21,23186,7,6,1955.9448168674598,13.19753369260444,1,2,1,2213.814646019413,448.47969596933365,FTP-Patator
04/07/2017 09:27:46,21,27376,8,3,2237.94036349859,21.13368496682267,1,1,0,734.41884538885,714.1254607515185,FTP-Patator
04/07/2017 09:27:49,445,481822,39,15,12913.269597403603,108.89325485177609,0,2,0,4752.030214154872,1164.1599327997455,BENIGN
04/07/2017 09:27:50,21,9414,5,2,423.7049999469038,38.68124444143858,1,3,1,3085.46462868178,125.80580824593054,FTP-Patator
04/07/2017 09:27:51,21,17081,7,3,2693.611337000928,33.820490108888905,1,1,0,1054.6043182467158,291.504616981951,FTP-Patator
04/07/2017 09:27:48,80,640566,29,12,20350.531640994257,45.49897055761746,1,4,0,12678.75585504077,1791.3200174444007,BENIGN
04/07/2017 09:27:50,8080,364442,39,3,22328.53858350507,18.310026180089032,0,8,0,14962.933126703227,2997.2276994905574,BENIGN
04/07/2017 09:27:51,80,396470,12,2,32378.601053104274,47.00428877511037,0,7,0,7547.866072618559,4876.475138253744,BENIGN
04/07/2017 09:27:52,21,9211,5,4,1224.341951905356,21.152979831756014,1,2,0,2062.4856348227077,431.70527707148165,FTP-Patator
04/07/2017 09:27:51,8080,339912,29,6,15124.219944463222,102.37826917702569,0,1,0,7024.354149854679,3640.0951152343446,BENIGN
04/07/2017 09:27:52,21,24041,8,5,2497.8924244835925,26.19233103018307,1,2,1,1197.4417091266314,525.571382458332,FTP-Patator
04/07/2017 09:27:50,21,8382,8,3,2617.9928216774715,5.4031990645787875,1,3,0,2012.2625408710633,567.0496036920839,FTP-Patator
04/07/2017 09:27:53,25,487762,14,33,5153.87289825292,32.041047758453175,0,5,0,3307.143585426501,356.4058903264105,BENIGN
04/07/2017 09:27:52,21,24321,6,3,1659.4630966061595,37.72116366960537,1,3,1,2528.8184895062896,422.7685974889719,FTP-Patator
04/07/2017 09:27:54,21,22021,5,5,2526.841634981381,7.373229653120532,1,1,0,1862.5864178156417,587.2956914209614,FTP-Patator
04/07/2017 09:27:53,21,25545,3,4,1144.08078281021,19.459911258087892,1,2,0,1455.5990510550766,325.50290030786516,FTP-Patator
04/07/2017 09:27:53,21,23150,6,3,462.64156706002757,12.246580324580778,1,1,1,2895.7952277119343,238.16371988166046,FTP-Patator
04/07/2017 09:27:54,21,11115,4,6,2578.10587131679,36.22433381668501,1,2,0,1629.575476280539,390.4200185999017,FTP-Patator
04/07/2017 09:27:57,21,426708,32,10,11327.617581000062,93.72255401808994,1,5,0,11091.909679000351,1990.4697986471356,BENIGN
04/07/2017 09:27:55,21,11185,4,6,1136.685044123656,44.724387426188635,1,2,0,1019.5146882306183,588.4408995003552,FTP-Patator
04/07/2017 09:27:56,21,26719,8,3,853.3590063382578,37.07996873529048,1,3,0,412.02933441022617,261.0621727145206,FTP-Patator
04/07/2017 09:27:56,21,6185,6,4,2134.90393772278,22.387583518687137,1,1,0,735.4759710025317,66.20001208288124,FTP-Patator
04/07/2017 09:27:58,21,21101,4,5,1174.239683677122,29.492182616189076,1,3,0,3413.2157476038283,607.3883085437827,FTP-Patator
04/07/2017 09:27:58,21,2216,3,6,2861.224449069344,11.269090367778043,1,2,0,1041.422272149472,741.5052240299564,FTP-Patator
04/07/2017 09:27:57,25,281332,11,11,23516.200978186385,103.10947594318729,1,1,0,6168.255473629607,1851.0787977655139,BENIGN
04/07/2017 09:27:57,21,29047,6,4,324.321013754663,26.402806235652292,1,3,0,2748.5672102428143,420.0411871828659,FTP-Patator
04/07/2017 09:27:59,21,4155,5,6,438.6535831289917,29.62785608145621,1,3,1,1067.3532462412318,426.39678114936964,FTP-Patator
04/07/2017 09:27:59,21,14748,7,3,372.1555107320338,39.3173321775468,1,2,0,1080.6405305682752,704.9497453575578,FTP-Patator
04/07/2017 09:27:59,21,11331,3,5,620.0577880370934,34.86264386872673,1,2,1,614.7673731888101,198.576656468072,FTP-Patator
04/07/2017 09:27:58,3306,635121,39,7,13974.815509077873,90.66832413759532,0,3,0,4010.113149588329,2990.1588156739535,BENIGN
04/07/2017 09:28:02,21,22909,6,6,495.440637752617,7.203315574920972,1,2,0,3406.6893046328587,232.20409544891834,FTP-Patator
04/07/2017 09:28:00,21,5427,8,6,2342.3100485748305,14.43793782381967,1,3,1,1917.9268101390026,207.19769735965787,FTP-Patator
04/07/2017 09:28:00,445,282143,16,26,22780.105405605063,30.565856413864573,1,6,0,4623.461880517291,1646.0012701759406,BENIGN
04/07/2017 09:28:02,21,23796,5,4,2987.226163739545,30.742726970279616,1,2,1,3139.563438244875,93.77534775254993,FTP-Patator
04/07/2017 09:28:03,21,18490,3,5,876.204662611308,24.73006114852698,1,1,0,1760.2595964035359,78.9300750118679,FTP-Patator
04/07/2017 09:28:00,21,17617,6,4,1996.5390222178787,13.132382675652469,1,1,0,2107.5607250598714,570.4616461203412,FTP-Patator
04/07/2017 09:28:01,21,17663,5,2,1014.2762584379518,10.7957164911915,1,3,1,3009.8137625122713,475.37539922886276,FTP-Patator
04/07/2017 09:28:02,21,22656,6,5,1689.380699860524,19.47533598909765,1,3,1,3126.2671698677586,275.08408985436006,FTP-Patator
04/07/2017 09:28:04,21,11679,4,2,2205.5060770810583,9.162385041084772,1,3,1,3200.1759020448853,521.0472626027575,FTP-Patator
04/07/2017 09:28:03,21,19434,5,2,2126.5664576594736,17.85014155175851,1,3,0,1628.3993878695474,148.99343355550377,FTP-Patator
04/07/2017 09:28:06,21,14659,5,3,2264.2410573320785,35.19011547229738,1,3,1,2512.6774947016247,503.3647767403528,FTP-Patator
04/07/2017 09:28:04,25,387760,10,34,19809.92100165489,57.106994873469326,0,10,0,5580.900400689144,3125.9999820400753,BENIGN
04/07/2017 09:28:06,21,18462,8,6,2117.2827156859234,43.03399653623869,1,1,0,2668.1190128431035,290.02364160229274,FTP-Patator
04/07/2017 09:28:05,21,3922,6,2,2752.518601116068,44.21216116254109,1,3,1,1612.9210830960506,603.195972470878,FTP-Patator
04/07/2017 09:28:05,21,22744,5,2,2891.9961286696375,42.39883335219855,1,2,1,1367.5422655102964,355.5503228508206,FTP-Patator
04/07/2017 09:28:06,21,6945,7,6,1325.9222184945638,8.0861722268514,1,1,1,2786.726068770937,662.9934814123018,FTP-Patator
04/07/2017 09:28:07,21,2417,8,6,2534.8962045631697,18.508311139752877,1,1,1,2594.603807019018,415.2106524624021,FTP-Patator
04/07/2017 09:28:09,21,28052,7,5,2811.200813212312,32.691375557037546,1,1,1,1325.0324847351048,563.9826784208311,FTP-Patator
04/07/2017 09:28:08,21,11969,3,4,1105.4697565913498,42.967035705056546,1,2,1,1460.3584762609821,317.4482630248293,FTP-Patator
04/07/2017 09:28:09,21,1069,7,6,2712.8897284557306,18.096005126275795,1,2,1,586.6293122724642,80.27100960982138,FTP-Patator
04/07/2017 09:28:10,21,16994,4,3,2580.5450861560894,29.436264197573756,1,1,1,2494.263062019713,146.73118122797712,FTP-Patator
04/07/2017 09:28:09,21,17950,6,2,823.1148646501078,11.949228784005852,1,2,1,3019.479485032011,353.2229963995986,FTP-Patator
04/07/2017 09:28:09,21,22634,8,2,1964.7690143687496,32.00247296211716,1,1,1,2453.058424020437,572.8318513821143,FTP-Patator
04/07/2017 09:28:08,25,280813,18,2,34784.611355987465,84.51521963573904,0,9,0,6573.001138358421,1197.131302076059,BENIGN
04/07/2017 09:28:12,21,9305,3,5,512.8035532575168,38.527718698419264,1,2,1,1375.1572925737005,300.57244147171133,FTP-Patator
04/07/2017 09:28:10,21,7587,5,3,2879.5632153817924,28.468436499453876,1,1,0,1144.9276414764072,241.10715518044626,FTP-Patator
04/07/2017 09:28:13,21,23264,4,3,439.78419782324374,42.40834615551356,1,3,1,530.0894639843325,144.06847610911694,FTP-Patator
04/07/2017 09:28:11,21,9304,7,3,333.18142121325235,14.541990796868456,1,1,0,2794.6963595404136,195.8818459945162,FTP-Patator
04/07/2017 09:28:12,8080,447966,40,24,13658.152221091039,92.77049000758056,1,3,0,6245.954267431221,103.93953164862248,BENIGN
04/07/2017 09:28:14,21,26579,5,5,1840.7945718267185,14.433910230295117,1,1,1,2322.792352888315,588.2250217687432,FTP-Patator
04/07/2017 09:28:13,8080,90462,29,19,16618.84545038172,81.54872553269139,0,2,0,13276.788700128649,1296.0366437163075,BENIGN
04/07/2017 09:28:13,21,29203,5,6,983.9046051514725,23.858996408761158,1,1,0,863.376087828982,107.08585844099738,FTP-Patator
04/07/2017 09:28:12,21,1883,8,6,2629.5199826455346,11.12453352538894,1,3,1,2075.6911739945954,665.3830109014323,FTP-Patator
04/07/2017 09:28:16,21,23923,4,2,488.73106551751647,39.82535449476243,1,2,0,1819.1132496897878,702.8249136289872,FTP-Patator
04/07/2017 09:28:16,21,26289,8,2,2428.82026093398,21.193744232146695,1,1,0,1010.7254141693005,487.269288577123,FTP-Patator
04/07/2017 09:28:15,445,80397,21,11,29194.447713584632,92.66822906930544,1,3,0,8982.276869558365,3922.5028739267527,BENIGN
04/07/2017 09:28:15,21,9221,7,3,1007.4384846910297,22.871749938268255,1,2,0,1986.0362024609658,738.7893459370728,FTP-Patator
04/07/2017 09:28:14,21,20456,8,5,1390.1377490864172,23.282611520937348,1,3,0,1642.410082120475,207.32839876128747,FTP-Patator
04/07/2017 09:28:14,25,294945,19,15,10115.816156459196,33.91103393619126,1,8,0,3128.732685346124,1024.267100881963,BENIGN
04/07/2017 09:28:15,21,14914,8,3,2522.3633560883136,40.747570305447766,1,3,1,2811.0416752632805,265.178220168763,FTP-Patator
04/07/2017 09:28:18,21,14420,4,6,2839.4889902077125,9.008756337334688,1,3,0,1300.72467498523,93.49609731359732,FTP-Patator
04/07/2017 09:28:18,21,4620,7,3,2249.5033343407035,21.428419540584763,1,3,0,1190.6585671448747,601.6961872692455,FTP-Patator
04/07/2017 09:28:18,3306,287136,11,7,14631.11800080316,92.13423303579265,0,7,0,13547.715046407346,554.5453535568273,BENIGN
04/07/2017 09:28:17,21,14784,7,5,2917.683748788469,12.980452242347216,1,1,1,3431.326325903556,450.09193614509167,FTP-Patator
04/07/2017 09:28:17,21,1080,8,3,2799.8887253901307,32.69735430636199,1,2,0,2527.5113283035166,299.08960578924655,FTP-Patator
04/07/2017 09:28:18,53,628820,5,31,17986.107494884403,17.808210678809026,1,1,0,8353.097808679064,3818.772198594562,BENIGN
04/07/2017 09:28:22,21,10035,5,5,974.8423117918012,20.255617405729925,1,2,1,605.4927879568627,75.59434387692869,FTP-Patator
04/07/2017 09:28:22,21,3805,3,2,2386.3337907725354,20.94157428917783,1,3,0,380.73546218530475,799.1581361087168,FTP-Patator
04/07/2017 09:28:22,443,592634,14,32,10081.60700925287,107.52083701866142,0,6,0,4165.656740689261,3067.007798599373,BENIGN
04/07/2017 09:28:20,25,136778,17,31,30012.530484586317,6.471790976371214,1,1,0,14632.952315078544,1910.4798609702755,BENIGN
04/07/2017 09:28:20,21,6800,3,3,576.6256066202573,33.84044209083478,1,3,1,1013.1405113111324,691.3570177057571,FTP-Patator
04/07/2017 09:28:21,21,24887,7,4,2764.376949172399,5.491370686111545,1,1,0,2905.412111962079,341.6529658011441,FTP-Patator
04/07/2017 09:28:23,21,14705,5,2,665.9005780266418,22.876297266757902,1,2,0,2850.096855352832,128.24613116245138,FTP-Patator
04/07/2017 09:28:23,21,23226,8,2,2727.9452413982403,30.912509686674777,1,3,0,802.0414167567101,385.59166948073437,FTP-Patator
04/07/2017 09:28:22,21,11316,3,3,925.9649674269496,20.741318237014255,1,1,1,3354.970743260845,311.9353544342826,FTP-Patator
04/07/2017 09:28:25,21,16882,7,5,2189.5172814582725,38.641126867733576,1,2,1,2771.202006740928,114.04837371463456,FTP-Patator
04/07/2017 09:28:24,21,8398,7,2,2006.257095866881,15.336186235483735,1,3,0,2189.570672523584,83.78452484844831,FTP-Patator
04/07/2017 09:28:24,21,2238,4,6,1476.8562947867938,18.815920057785736,1,3,1,1622.2911203943556,338.4438525626663,FTP-Patator
04/07/2017 09:28:25,443,32131,38,18,12954.58870950441,112.02423239038873,0,7,0,8322.675025649027,4585.5338122097555,BENIGN
04/07/2017 09:28:26,21,5638,5,2,2190.0579965397455,27.290026158892534,1,1,0,1849.0009634830938,543.6635218251564,FTP-Patator
04/07/2017 09:28:25,22,770639,5,2,22738.046259266535,76.17568981734321,1,1,0,643.5131192976567,1685.3199853611316,BENIGN
04/07/2017 09:28:25,21,14171,8,5,1216.3114552138159,22.731018728703354,1,3,0,435.1477135357776,530.2518509039473,FTP-Patator
04/07/2017 09:28:28,21,22937,6,6,2833.071342915457,31.43235522201426,1,2,0,1731.0113225235814,107.4763805914042,FTP-Patator
04/07/2017 09:28:27,21,15602,5,3,1367.6237511410668,16.0248678946775,1,1,1,377.8296506111644,692.7872639715962,FTP-Patator
04/07/2017 09:28:26,21,21914,5,2,847.2265418938294,28.80795575393913,1,1,0,2799.9749073662824,141.3973485025092,FTP-Patator
04/07/2017 09:28:28,21,23535,5,2,2790.321023562717,17.806136272475932,1,2,0,701.5063721610104,369.9304434246631,FTP-Patator
04/07/2017 09:28:28,21,11876,3,6,2118.839925660326,10.26680826049487,1,1,0,2615.0882519564734,55.64721094833734,FTP-Patator
04/07/2017 09:28:30,21,16062,3,6,2147.317917505463,9.39104803578763,1,3,1,814.6541454914402,457.6619946803045,FTP-Patator
04/07/2017 09:28:28,21,20071,3,6,2159.649309437147,28.628124540509155,1,2,1,1448.506122088275,227.3747463847146,FTP-Patator
04/07/2017 09:28:28,21,19901,6,2,1065.9511735676408,21.186232871465624,1,1,1,907.381799213314,547.8007584775598,FTP-Patator
04/07/2017 09:28:30,21,5546,8,4,1336.8593920748904,42.37824290526844,1,2,0,3060.8028165191467,495.7639900605631,FTP-Patator
04/07/2017 09:28:29,21,1919,4,4,1943.806761736157,35.79014258858348,1,1,0,3082.151082724763,277.97470120871503,FTP-Patator
04/07/2017 09:28:32,21,27382,8,2,376.4376576725182,41.027844938672246,1,2,0,2212.653415031509,488.60774629786323,FTP-Patator
04/07/2017 09:28:30,21,18063,8,5,871.9558589010096,9.07699315920118,1,2,0,605.6060065504728,482.8969394699041,FTP-Patator
04/07/2017 09:28:30,21,12793,8,6,1633.638725261113,38.95753029555812,1,3,0,944.5628190482189,602.2106725930388,FTP-Patator
04/07/2017 09:28:32,21,3100,7,2,2970.0544450429825,41.234662641043265,1,2,1,2838.6133398433194,483.2655963377556,FTP-Patator
04/07/2017 09:28:31,53,712781,10,31,34649.996882959735,33.42572392895735,1,9,0,5321.611012418528,766.1768882066465,BENIGN
04/07/2017 09:28:32,21,29127,3,2,880.327259162571,6.497602978438817,1,1,1,1963.3381811560344,798.40581063625,FTP-Patator
04/07/2017 09:28:31,21,26190,4,4,2326.6894311743463,34.36859223022334,1,2,1,1920.6739886633277,398.4314525166895,FTP-Patator
04/07/2017 09:28:35,21,29217,4,2,503.14464474679124,20.654951086005532,1,3,1,1990.127362860655,181.35055779916928,FTP-Patator
04/07/2017 09:28:35,445,609624,21,12,16992.686067574574,6.562892933240285,0,7,0,1455.8461588662576,434.9307038548146,BENIGN
04/07/2017 09:28:36,445,319900,19,13,28554.55043572992,104.77206708285496,1,5,0,4457.829377331789,4000.581342681472,BENIGN
04/07/2017 09:28:34,21,690619,31,12,12290.332988973872,92.00211649066344,1,1,0,8477.007307756225,3806.851663830136,BENIGN
04/07/2017 09:28:36,21,26322,3,4,1544.228974017746,21.377579231776057,1,1,0,369.6962333348054,85.19619809250014,FTP-Patator
04/07/2017 09:28:36,21,25049,6,4,1084.9892566601857,11.835964215083745,1,3,0,800.8085030404668,593.9692668893548,FTP-Patator
04/07/2017 09:28:36,25,218296,20,3,33730.69425090158,61.893946159564635,0,6,0,8853.184184318412,1914.7848610098742,BENIGN
04/07/2017 09:28:36,21,8104,8,4,1424.6276769483543,42.61637827634195,1,1,1,1178.966764706249,744.9797918889769,FTP-Patator
04/07/2017 09:28:36,21,12205,7,5,740.5248467223787,20.141474348357104,1,2,0,1006.2086385893242,59.77621961993788,FTP-Patator
04/07/2017 09:28:38,21,545812,34,27,31606.50338582777,92.43962540581354,0,5,0,11359.178306262602,1964.7257198147192,BENIGN
04/07/2017 09:28:38,21,11213,5,5,206.46573112191203,13.209898500262991,1,3,1,1542.2845486084664,84.57964695523971,FTP-Patator
04/07/2017 09:28:38,21,21523,4,3,1707.0286982478772,28.188992235324335,1,1,1,476.7420216677572,674.9611903445157,FTP-Patator
04/07/2017 09:28:37,21,6726,5,2,1670.3097455108104,17.229550561770903,1,1,0,3311.8883034218047,207.2807103664433,FTP-Patator
04/07/2017 09:28:40,21,3254,6,2,2384.504434711718,40.27724689335819,1,1,0,1729.2575643633668,199.95166461611643,FTP-Patator
04/07/2017 09:28:38,21,2028,3,5,1480.2680299872445,40.010444928553035,1,2,1,2773.5672501992035,429.81704316166923,FTP-Patator
04/07/2017 09:28:40,21,22951,6,3,2354.7388446788846,17.311249991319283,1,1,0,1922.5176031493113,365.2431537272178,FTP-Patator
04/07/2017 09:28:40,21,20744,5,5,1192.8385549780837,30.039759937672706,1,3,1,3029.478704908967,427.4420723822477,FTP-Patator
04/07/2017 09:28:41,21,29514,8,5,1414.7037680545056,10.952925548504515,1,2,1,849.8916173694944,717.7570802289035,FTP-Patator
04/07/2017 09:28:41,21,3457,7,2,1758.3329209821832,13.894870552837677,1,3,0,1152.95999723454,440.4832299863264,FTP-Patator
04/07/2017 09:28:43,21,4089,3,2,2157.2303616386976,39.31790356550296,1,2,1,3278.014319841375,496.43883286277344,FTP-Patator
04/07/2017 09:28:44,21,22783,5,4,1271.5633906875514,30.156403606695964,1,3,1,2818.3013392337075,621.8006917195386,FTP-Patator
04/07/2017 09:28:42,21,20588,5,5,572.6994110494984,41.766516696095636,1,2,1,1104.1072238410657,509.37813952018774,FTP-Patator
04/07/2017 09:28:42,21,4857,5,3,1185.9891253033156,17.164329644946758,1,1,0,728.7572064431398,508.1887502912702,FTP-Patator
04/07/2017 09:28:44,21,11078,5,2,2429.205371076664,15.055578289538554,1,1,1,1325.74038160883,344.8294869627935,FTP-Patator
04/07/2017 09:28:44,21,7700,5,6,1903.800923666318,36.55033024879775,1,1,0,3276.404950550374,493.5224624578017,FTP-Patator
04/07/2017 09:28:42,21,19039,7,5,2531.5759417030017,22.67410075968481,1,1,1,2685.3815380099886,638.4272970727907,FTP-Patator
04/07/2017 09:28:46,21,13498,6,5,645.6150071848116,6.957224698369915,1,3,0,3448.371144185134,394.0707607044197,FTP-Patator
04/07/2017 09:28:45,21,254811,26,31,13713.598890047659,74.92290570732358,0,1,0,10132.211645799023,4707.115735685417,BENIGN
04/07/2017 09:28:44,21,14062,4,3,723.4857573412899,28.79623148009573,1,1,1,2599.43239860219,502.550572607698,FTP-Patator
04/07/2017 09:28:47,21,8133,6,2,1547.1285567993548,24.376120847864165,1,3,0,710.7066181086847,205.01236116972115,FTP-Patator
04/07/2017 09:28:47,21,18066,4,5,1368.383027668804,38.87338200746494,1,3,0,670.2400019296682,592.5665325163174,FTP-Patator
04/07/2017 09:28:47,21,7066,7,4,2176.7917745423674,25.7137959051514,1,2,0,820.298562986952,415.83737589881434,FTP-Patator
04/07/2017 09:28:48,21,22241,4,6,2229.7052369723315,18.872259193055143,1,1,1,859.1500294647631,262.0996782228048,FTP-Patator
04/07/2017 09:28:49,21,23548,3,3,2670.111710681175,11.047667378209756,1,3,0,2595.898716989708,594.4713919628825,FTP-Patator
04/07/2017 09:28:49,21,29400,3,4,2721.288540878169,31.717705633899662,1,1,1,498.2064756826549,288.5591572901004,FTP-Patator
04/07/2017 09:28:48,21,11550,4,5,427.26819282554277,20.402234816035197,1,3,0,1577.5139944167108,517.2264304734912,FTP-Patator
04/07/2017 09:28:49,22,592935,12,35,31989.246681663783,70.76308301174986,1,3,0,14404.465641127148,352.08560353361065,BENIGN
04/07/2017 09:28:48,21,24007,5,5,1137.7631957258686,22.599447210332112,1,2,1,618.6978374199817,539.5187331426357,FTP-Patator
04/07/2017 09:28:49,21,18496,4,4,2320.587406036533,32.65553957260475,1,3,1,2114.04019189477,585.2764433499115,FTP-Patator
04/07/2017 09:28:51,21,25488,7,3,476.8126081571922,15.18964275700947,1,2,0,2431.361854355693,380.2846493677524,FTP-Patator
04/07/2017 09:28:51,21,23523,5,5,2623.054093255909,20.01353293747065,1,1,1,1171.457542129702,384.491923341557,FTP-Patator
04/07/2017 09:28:52,21,7677,4,2,2725.289599744103,41.26273814540407,1,1,0,3241.3692162538623,727.6637494362219,FTP-Patator
04/07/2017 09:28:53,443,323503,27,28,30112.41047671784,40.02359780720678,0,4,0,1870.1041833950148,4604.276750611667,BENIGN
04/07/2017 09:28:50,21,4185,3,2,1077.337464748487,19.798511638218233,1,1,0,2671.1377451768394,718.0562325045985,FTP-Patator
04/07/2017 09:28:52,21,1128,3,6,2416.6676813844942,7.697496865840581,1,1,1,1885.3315449431343,604.7337873867722,FTP-Patator
04/07/2017 09:28:53,21,17978,4,4,2493.0302707695073,39.47680225175645,1,2,0,1986.9247834644898,377.930157128731,FTP-Patator
04/07/2017 09:28:52,21,12670,4,2,335.0123471527146,38.80736559028428,1,2,0,2820.1402058154167,536.2863218002342,FTP-Patator
04/07/2017 09:28:55,3306,630219,30,2,16419.042098923215,61.53693474595479,1,10,0,5640.765087542817,2801.8766322244137,BENIGN
04/07/2017 09:28:55,21,18572,8,5,456.447038321787,33.437943306697406,1,1,1,596.4526853248095,339.7562327552958,FTP-Patator
04/07/2017 09:28:55,21,8632,8,6,952.091236573056,25.5012054063967,1,1,1,905.4885222084035,56.32586832652915,FTP-Patator
04/07/2017 09:28:53,21,5615,3,6,1219.9832878829334,13.801644950322562,1,2,1,3228.6055084888703,184.16197099303082,FTP-Patator
04/07/2017 09:28:56,21,2486,6,3,2648.0061927490447,41.36154158613236,1,1,0,3127.940162635955,410.35676976370866,FTP-Patator
04/07/2017 09:28:56,443,268104,16,17,15857.237793694401,93.27858017629389,0,3,0,9730.594801321426,603.2984566780797,BENIGN
04/07/2017 09:28:55,21,15106,4,2,1483.623449203166,9.79230357941216,1,1,0,2515.826703560056,672.8039443594755,FTP-Patator
04/07/2017 09:28:55,21,11530,8,4,1283.2195077731074,39.776186043286344,1,2,0,1351.4700596353111,266.91557812759464,FTP-Patator
04/07/2017 09:28:57,21,21163,5,3,2443.5421280450864,13.06927709934605,1,3,0,495.87880475449424,66.27232332339376,FTP-Patator
04/07/2017 09:28:56,21,24223,3,4,1152.9973412391914,32.60593261792439,1,2,0,2870.9253884853556,776.9813133153256,FTP-Patator
04/07/2017 09:28:57,25,449853,19,4,17753.629151761714,93.55200623823816,1,3,0,7700.148088798953,4942.329699062364,BENIGN
04/07/2017 09:28:57,53,158658,23,5,16551.93958278382,111.3791882131127,1,7,0,8082.135916291021,3512.317334363823,BENIGN
04/07/2017 09:28:57,21,5482,4,2,1274.4277718223912,5.207155397717953,1,2,0,1313.2408426897596,299.136580642935,FTP-Patator
04/07/2017 09:28:57,21,16824,8,4,1862.341393885906,35.522856746014,1,2,0,1630.1517983892386,551.347953348259,FTP-Patator
04/07/2017 09:28:58,21,14779,8,3,2082.128331668162,13.452789674165096,1,1,1,1607.9368765668803,61.514963460769025,FTP-Patator
04/07/2017 09:28:58,21,18784,6,5,590.4891528643755,35.14660117581552,1,1,1,874.8258081409422,467.005448232041,FTP-Patator
04/07/2017 09:29:00,21,21439,5,5,2602.375706642938,38.64359407372375,1,3,0,1172.428105106936,754.1978960814242,FTP-Patator
04/07/2017 09:29:02,21,29758,3,5,977.9640226062745,37.55187610878512,1,1,0,1260.150383376681,391.66235106266055,FTP-Patator
04/07/2017 09:28:59,21,9148,6,4,2387.0505509299487,40.65753623177238,1,1,0,3350.7674630505358,102.1964655043127,FTP-Patator
04/07/2017 09:29:00,21,15657,6,5,1545.5445866272416,44.07709904940471,1,2,0,2611.561655973871,69.36806058149645,FTP-Patator
04/07/2017 09:29:02,21,5997,3,6,860.0558401164512,34.50300115281715,1,1,0,3341.4427391259596,260.9130854766092,FTP-Patator
04/07/2017 09:29:01,21,8450,8,2,1299.5905406983982,10.448597141676451,1,2,1,1310.8627922580915,715.3359078777843,FTP-Patator
04/07/2017 09:29:03,21,1546,7,5,1355.832449745581,42.06880880480107,1,1,0,3267.4398559329697,346.52628220885026,FTP-Patator
04/07/2017 09:29:03,21,2183,5,6,1859.5298314782929,22.08591069110385,1,2,0,891.7788966287358,312.6958937786415,FTP-Patator
04/07/2017 09:29:05,21,18017,8,4,385.9565644132356,9.47724590475914,1,2,1,1447.388012344911,154.50690765711795,FTP-Patator
04/07/2017 09:29:04,21,22012,5,3,758.5523799500367,12.119607559093858,1,1,0,983.2275139914057,76.99877724475513,FTP-Patator
04/07/2017 09:29:04,443,123507,3,31,31755.149097982223,49.03282798988019,1,8,0,504.65906491219584,4958.577534911543,BENIGN
04/07/2017 09:29:03,21,29930,5,6,522.4499950444488,7.144558229030813,1,2,0,328.5498986866745,172.23584804222122,FTP-Patator
04/07/2017 09:29:06,21,6078,3,4,2750.569741025943,27.91681701139886,1,3,0,665.416796373416,120.77551668771198,FTP-Patator
04/07/2017 09:29:04,8080,83663,28,7,7716.288580155189,27.58831239961395,0,1,0,6055.948904385145,4016.230197580845,BENIGN
04/07/2017 09:29:05,21,11278,8,3,1599.5623056755614,42.775315340337,1,2,0,1124.3956292059001,650.8254870554512,FTP-Patator
04/07/2017 09:29:08,21,25241,6,6,437.3301207002901,21.598016170034143,1,2,1,621.5879151214189,467.23506866962674,FTP-Patator
04/07/2017 09:29:07,21,29997,7,3,2220.595929439358,21.738571838155387,1,2,1,1101.7506776340979,695.1555846292706,FTP-Patator
04/07/2017 09:29:05,21,29094,7,6,719.2459208476361,19.185888956691922,1,3,0,1598.260743858767,442.6483940541606,FTP-Patator
04/07/2017 09:29:07,443,65140,33,7,15585.779691424526,95.24231154708475,0,2,0,7910.913482490638,4679.87784059842,BENIGN
04/07/2017 09:29:06,8080,126408,26,3,4243.423971869681,24.69506633634593,1,1,0,1780.9911232395484,1424.0722163468927,BENIGN
04/07/2017 09:29:09,21,4760,8,3,2795.8038577722273,12.615984390177232,1,2,0,1711.3576057480605,603.1404740391135,FTP-Patator
04/07/2017 09:29:09,21,23930,3,6,853.8289302946089,22.43586415481881,1,2,0,537.2808775079556,354.1665421911869,FTP-Patator
04/07/2017 09:29:09,21,5223,8,2,690.7456818647634,36.17375983844211,1,2,1,735.847680742236,66.33390564809167,FTP-Patator
04/07/2017 09:29:10,8080,791856,36,7,9891.393372506043,24.90157569413646,0,1,0,8260.152041917125,3106.630353829571,BENIGN
04/07/2017 09:29:09,21,1026,7,2,1106.9144064790278,40.67093367973584,1,2,0,725.6364886488893,346.68512235765786,FTP-Patator
04/07/2017 09:29:12,22,721093,22,18,19680.246980736894,86.12978166701087,1,9,0,7293.059689032357,4506.0065571834075,BENIGN
04/07/2017 09:29:10,3306,655310,9,34,8300.861133069928,11.339147127657181,0,7,0,2103.967253979743,4076.940825241675,BENIGN
04/07/2017 09:29:13,53,163101,36,13,18018.56215165776,88.65593478101484,0,6,0,11982.161404975177,3464.8463991028766,BENIGN
04/07/2017 09:29:13,25,722858,39,6,29508.563384503857,119.8116664627005,1,2,0,2674.478163489962,839.7103233921531,BENIGN
04/07/2017 09:29:14,80,697070,24,6,15016.442846867121,44.73775055705848,0,10,0,8946.698437449162,3631.500437219057,BENIGN
04/07/2017 09:29:12,445,445083,14,35,33169.29626528036,102.83406761228152,1,1,0,8146.18804100102,4523.024072738303,BENIGN
04/07/2017 09:29:14,443,66209,14,18,21627.22146809091,60.71089915044555,1,9,0,4769.0380092668165,2675.2336790824525,BENIGN
04/07/2017 09:29:12,25,449840,36,24,6249.827380328898,5.3182534628299205,0,2,0,12078.007027735846,1383.0844701571916,BENIGN
04/07/2017 09:29:13,443,404545,39,31,26842.14532249812,83.55292832152888,1,2,0,10175.384462979924,3266.6600359122194,BENIGN
04/07/2017 09:29:15,21,80107,5,9,16557.46776030674,61.67306596330744,0,6,0,11945.336837156114,3890.629570334672,BENIGN
04/07/2017 09:29:14,21,354234,39,34,27418.02403796282,114.30549409651233,1,4,0,14708.592006195215,1983.2270930362429,BENIGN
04/07/2017 09:29:14,3306,319724,32,24,16938.920756493593,37.1296342179367,0,6,0,13894.822466775118,720.8478671647011,BENIGN
04/07/2017 09:29:17,3306,288475,34,8,13483.048286607052,27.92504636732554,0,2,0,3767.2218549438467,3506.3421985746954,BENIGN
04/07/2017 09:29:17,80,723026,5,5,32194.168313813978,19.709526114062072,0,10,0,7268.736480211532,3571.256690262787,BENIGN
04/07/2017 09:29:18,53,532642,37,10,3929.663580582505,51.44731644441823,1,5,0,7473.207676862769,2295.7383178533355,BENIGN
04/07/2017 09:29:17,21,749271,15,31,13736.57570778508,97.7909507624269,1,4,0,11789.68644056551,366.02320851509745,BENIGN
04/07/2017 09:29:17,8080,489742,29,34,34566.54263473065,99.13998184693625,0,7,0,10153.14682791245,1288.424928676191,BENIGN
04/07/2017 09:29:17,443,753953,13,28,5212.57001983717,63.68994868119453,1,5,0,14150.811459284827,1574.0647965900966,BENIGN
04/07/2017 09:29:18,3306,647873,18,11,17732.61412918001,28.18075801149695,0,5,0,12106.146476087677,3253.712731974121,BENIGN
04/07/2017 09:29:17,21,602657,19,4,22251.23393452462,76.97280878979299,0,5,0,12440.475929416418,3019.235128395262,BENIGN
04/07/2017 09:29:20,3306,681471,3,24,13650.96017104968,89.51734184461401,0,4,0,12560.013120091224,147.74175863222314,BENIGN
04/07/2017 09:29:18,80,264144,19,3,1377.7467624712885,28.251144251332395,1,1,0,3726.893604287449,3556.2789915443955,BENIGN
04/07/2017 09:29:19,3306,202693,22,13,20383.03144290239,8.206072408753817,0,3,0,2054.0291797725595,3764.463488501109,BENIGN
04/07/2017 09:29:20,21,101028,11,23,3911.028083821983,105.72943867969295,1,7,0,12034.017074838592,2319.9903716504623,BENIGN
04/07/2017 09:29:22,3306,272713,9,20,6990.899546571801,112.9238321001497,0,4,0,2476.7619163851405,1037.2911241680267,BENIGN
04/07/2017 09:29:22,445,331788,8,20,21402.670547027552,11.45961781328992,1,10,0,2144.230847564969,4913.722799323137,BENIGN
04/07/2017 09:29:22,443,94953,33,32,7059.545160013347,50.40911398016608,1,6,0,11093.704418380816,465.91849628191824,BENIGN
04/07/2017 09:29:23,21,657761,33,32,14464.308951474393,40.67405058375992,1,1,0,8897.543746487485,4073.1150838192875,BENIGN
04/07/2017 09:29:22,22,360985,36,2,31613.578206570048,68.40384972972616,1,4,0,10281.693506981117,241.73246406679306,BENIGN
04/07/2017 09:29:23,3306,78938,39,6,6842.938732841289,91.72676217206826,0,1,0,13685.353559182604,2491.6807968255453,BENIGN
04/07/2017 09:29:23,8080,208434,6,8,19164.923559306804,71.82472275908829,0,2,0,12398.671552034013,1444.2476313091936,BENIGN
04/07/2017 09:29:24,21,604633,17,20,15856.346070565649,59.946624143913034,1,2,0,13226.75028913496,3207.9661883869067,BENIGN
04/07/2017 09:29:22,21,330466,39,33,10105.772527812742,59.518893535426855,1,1,0,5684.189149667051,1561.892309561095,BENIGN
04/07/2017 09:29:25,8080,487896,18,20,13219.299099950487,73.86412877654189,1,5,0,12083.030842334023,1795.16674777469,BENIGN
04/07/2017 09:29:23,445,366305,6,35,33211.724891878584,33.61143477860591,1,2,0,9499.586706213531,3499.111371900103,BENIGN
04/07/2017 09:29:24,8080,17864,37,33,6358.423010223024,94.99432016570148,1,2,0,5835.181143412375,4943.263035469853,BENIGN
04/07/2017 09:29:25,80,261110,7,30,9215.110738362757,37.69187720705374,0,1,0,3229.986450110411,2813.139866480321,BENIGN
04/07/2017 09:29:26,53,335796,8,23,18694.144957909346,74.2300919655158,0,3,0,10868.255954759676,2203.1768157180104,BENIGN
04/07/2017 09:29:25,8080,754003,5,23,27586.959640696405,114.86447910638758,1,3,0,1497.2171270763286,4351.230958804011,BENIGN
04/07/2017 09:29:28,53,763923,10,29,19326.525502300985,102.42568976095127,0,7,0,5780.063671803849,3942.6530242249723,BENIGN
04/07/2017 09:29:25,53,345928,20,31,19625.14154304981,117.90999772810756,0,2,0,3717.5574426109047,3588.383279911888,BENIGN
04/07/2017 09:29:27,25,600875,21,27,13911.279270961928,9.224522553516985,0,1,0,5506.459243262479,1926.603808023739,BENIGN
04/07/2017 09:29:28,3306,187263,14,22,31506.16945677231,48.746162777452476,0,4,0,13132.00767985316,1977.9180128709918,BENIGN
04/07/2017 09:29:27,25,605027,4,29,26630.268949549434,88.45471887340842,0,2,0,11634.201330315862,778.155547104688,BENIGN
04/07/2017 09:29:30,443,511288,19,14,23971.67920772707,29.925791348111154,0,1,0,6884.52489366456,3741.075349577083,BENIGN
04/07/2017 09:29:29,445,376565,33,34,28120.339411692126,59.960103103481174,0,2,0,12555.634979407452,1803.5098221124647,BENIGN
04/07/2017 09:29:30,25,771804,5,35,19868.502109658977,102.45998458264154,1,3,0,3725.4266122304116,3438.586009992475,BENIGN
04/07/2017 09:29:29,443,267821,37,20,1773.6988727783958,34.71960619936658,1,1,0,6036.411297459072,855.793089369827,BENIGN
04/07/2017 09:29:32,22,635412,25,32,18510.76435572994,30.820064402966068,0,3,0,14869.787349258924,3030.2632168681225,BENIGN
04/07/2017 09:29:32,8080,524488,18,11,22123.74344632929,40.88394620812865,1,6,0,3965.7861978872193,914.5601258063082,BENIGN
04/07/2017 09:29:30,25,729768,7,35,16176.797324161302,8.247560068078936,0,3,0,4646.492992223067,426.7688839338531,BENIGN
04/07/2017 09:29:33,443,213268,10,26,24052.029294724816,89.20985625959919,0,10,0,4073.7883965381457,3878.361906017622,BENIGN
04/07/2017 09:29:32,53,625467,10,33,22879.640288345443,83.57472004971027,1,10,0,3542.5865568077993,2880.5891981642612,BENIGN
04/07/2017 09:29:32,80,388096,34,33,15871.977256552369,75.98027213183806,1,2,0,6268.534232067754,4702.97579025204,BENIGN
04/07/2017 09:29:33,21,732663,11,16,21560.06929832599,37.76545354997774,1,10,0,8699.012494522936,521.230080898872,BENIGN
04/07/2017 09:29:33,80,380684,29,24,1595.1078713429695,116.77847521848115,0,1,0,9305.146004973143,3295.831284223824,BENIGN
04/07/2017 09:29:35,8080,146895,40,29,10298.525687162193,55.50002404027722,1,8,0,3945.364506795325,692.3665901193036,BENIGN
04/07/2017 09:29:34,53,23568,35,2,14654.005729596858,15.911698399968508,0,9,0,2188.5239034344386,3459.9086923455698,BENIGN
04/07/2017 09:29:36,21,62310,6,23,29538.90355275406,74.64081386251625,0,10,0,3079.88940717563,842.1564467018583,BENIGN
04/07/2017 09:29:36,3306,85496,24,17,11280.07110069475,49.81532617771993,1,6,0,7723.455069596864,3621.638863445598,BENIGN
04/07/2017 09:29:34,53,220227,26,8,21338.19148098757,78.47716748282011,0,7,0,10715.645366619394,931.7238287439538,BENIGN
04/07/2017 09:29:36,22,250109,8,7,15711.969821032726,56.558812551505476,0,1,0,4439.719186426003,4790.68838806034,BENIGN
04/07/2017 09:29:36,80,626471,9,8,30556.65013449612,12.232868117741038,0,9,0,5114.392308415072,2347.8523104025953,BENIGN
04/07/2017 09:29:37,22,51113,22,32,15987.818514891664,9.903696603079997,1,3,0,9666.629023599851,2840.240291744588,BENIGN
04/07/2017 09:29:37,21,634501,10,3,11366.558531787468,11.636541952970811,0,2,0,7659.906292715757,1358.82053221686,BENIGN
04/07/2017 09:29:37,21,66735,27,20,13638.696117240295,42.84957537369134,1,1,0,2275.135917958411,1756.7938919343385,BENIGN
04/07/2017 09:29:39,443,415047,11,33,5643.709628703844,112.12659162761256,0,7,0,9907.807453508267,351.94659486723754,BENIGN
04/07/2017 09:29:40,22,484846,10,29,22156.26795273172,90.62446947090787,1,6,0,5962.148375403948,418.9556243854329,BENIGN
04/07/2017 09:29:41,8080,147692,37,14,24247.001743707915,66.92678911327074,0,10,0,593.4391139926396,1776.9519460817955,BENIGN
04/07/2017 09:29:40,80,159383,20,16,34029.043804059,94.52160595366863,1,3,0,6945.872991056816,1133.457860484691,BENIGN
04/07/2017 09:29:38,21,599976,27,9,26244.815154904787,43.62400493861972,0,4,0,12579.685082013899,2394.8252145949104,BENIGN
04/07/2017 09:29:41,8080,606121,39,22,18715.031923404862,19.39525032857928,0,1,0,10687.604931400163,2181.9091438759033,BENIGN
04/07/2017 09:29:42,22,758317,12,16,15931.307416354492,112.94865120316123,0,8,0,9323.60597995202,2919.0935496275606,BENIGN
04/07/2017 09:29:41,3306,455280,38,34,27297.99820226828,16.496127691582547,0,5,0,2498.9384387385444,4771.338026629893,BENIGN
04/07/2017 09:29:42,445,326258,7,32,4092.000818692619,16.916251927653178,0,8,0,3251.0474578658573,2805.0894713393263,BENIGN
04/07/2017 09:29:42,25,628886,35,22,9741.189835350788,74.1588952628774,0,6,0,9849.404825951524,3233.5091660453095,BENIGN
04/07/2017 09:29:44,8080,604614,5,31,23846.916985856828,9.057673441210456,0,6,0,8620.074290099892,1694.0060258785595,BENIGN
04/07/2017 09:29:44,25,226760,8,26,27420.235517578025,83.53676174524915,1,1,0,4801.918185774706,3385.701654792617,BENIGN
04/07/2017 09:29:41,25,2508,33,14,18760.671390399482,97.64227655425053,1,8,0,2321.9893488669995,4533.366185102158,BENIGN
04/07/2017 09:29:44,8080,253346,25,17,4777.973589631973,29.48440891464277,1,5,0,9710.236214819723,1154.8276191306472,BENIGN
04/07/2017 09:29:44,53,50149,30,4,6802.436060026815,69.20545917075098,1,8,0,9726.531340835994,2817.9897413901645,BENIGN
04/07/2017 09:29:43,22,123698,25,16,5284.503265185842,5.62460320433475,1,1,0,8597.211867727756,461.9713256684457,BENIGN
04/07/2017 09:29:44,443,379471,5,30,15616.427206031656,66.94274803580683,0,1,0,2120.9556940284947,2747.246295018365,BENIGN
04/07/2017 09:29:46,22,414754,8,4,21115.961851993292,57.691375383484925,1,6,0,10261.455035629351,1406.4594227088105,BENIGN
04/07/2017 09:29:44,22,82221,40,6,20150.24064546594,88.9131801681442,1,7,0,1313.6977054765791,4018.330834041176,BENIGN
04/07/2017 09:29:45,80,692257,15,31,16134.462431200187,113.00689922544925,1,9,0,5385.062920669052,1863.3858718345161,BENIGN
04/07/2017 09:29:47,53,524329,11,14,14579.859725062845,110.01111105986398,0,5,0,10554.940777645728,2523.9032964326034,BENIGN
04/07/2017 09:29:48,25,512115,16,27,3269.4039785435725,70.85519784892176,1,3,0,11806.773998482464,1317.2680619517914,BENIGN
04/07/2017 09:29:49,22,310509,3,8,18226.729250427772,35.595769277083804,0,5,0,10621.424841066335,1028.3082941701791,BENIGN
04/07/2017 09:29:46,25,587583,29,32,13989.316832187045,102.27447090400119,0,1,0,11978.333841911986,4382.1119527193605,BENIGN
04/07/2017 09:29:48,21,249578,21,33,26112.72437504236,56.02249306774053,0,5,0,507.61447005936327,853.5555850883948,BENIGN
04/07/2017 09:29:48,80,643930,31,5,18596.87370548858,56.87961796480976,0,2,0,9651.146930402729,1343.7422365026098,BENIGN
04/07/2017 09:29:47,3306,547035,21,32,29903.050209590154,51.29138226862989,1,10,0,9847.414482421258,1319.9693674921143,BENIGN
04/07/2017 09:29:49,21,63533,27,32,26813.13643685319,102.11370986256348,0,3,0,1410.015824671647,2969.8705232075226,BENIGN
04/07/2017 09:29:50,22,186806,20,29,23372.2218439249,86.26321943514873,0,3,0,10871.182835355867,2124.772428243924,BENIGN
04/07/2017 09:29:51,445,650701,28,11,24689.162178971288,116.60068667835432,1,2,0,12086.462334177975,508.86746399930223,BENIGN
04/07/2017 09:29:51,3306,215861,14,6,9452.910567598603,17.113527035382994,1,9,0,13868.368976811922,1152.1082148639287,BENIGN
04/07/2017 09:29:53,80,311383,3,17,9310.337492404682,20.776412733222248,1,7,0,5767.327218374599,1670.0968879813015,BENIGN
04/07/2017 09:29:50,8080,637144,39,7,10852.563376175483,13.95620330522991,0,3,0,691.6391184665625,177.46548780155217,BENIGN
04/07/2017 09:29:52,8080,639187,5,18,33531.176230184465,103.64630206541423,0,5,0,13808.155012295327,680.075196238082,BENIGN
04/07/2017 09:29:51,22,283299,17,32,4025.3490021762414,70.71339017147453,0,3,0,4420.153499909144,1873.7941253007418,BENIGN
04/07/2017 09:29:53,3306,707450,16,11,34414.099631207755,43.37366666592703,1,3,0,3312.988556262883,4699.484327855123,BENIGN
04/07/2017 09:29:52,3306,472778,14,16,23845.21196430227,112.34993241068779,1,6,0,2056.1844192183494,2935.566384784676,BENIGN
04/07/2017 09:29:52,53,719642,18,25,5242.786426912753,86.5305162369496,0,6,0,8339.558894111751,2643.325075796541,BENIGN
04/07/2017 09:29:55,8080,123901,31,24,30799.31883854646,104.98323890497751,1,1,0,10186.487685901946,677.1947115054571,BENIGN
04/07/2017 09:29:54,80,555898,11,31,19405.567349665474,96.77499572414777,1,2,0,7538.417349559816,1203.2549370388735,BENIGN
04/07/2017 09:29:53,443,230364,37,14,29528.30616790409,105.06948656017869,0,9,0,14518.333378985357,3543.6403641333386,BENIGN
04/07/2017 09:29:55,443,631652,25,28,23782.927534328926,26.283283562036893,0,1,0,10207.47203704547,761.8162077544323,BENIGN
04/07/2017 09:29:57,53,163905,25,24,30055.15913394852,113.11537755307376,1,10,0,8656.08387894111,2137.105088299276,BENIGN
04/07/2017 09:29:58,22,767472,28,11,7934.809065900963,13.163406424252905,0,1,0,13376.441331963102,153.90395185859978,BENIGN
04/07/2017 09:29:57,80,707315,40,28,10902.956016074108,7.852664835794645,0,6,0,9764.330916836148,521.9345897608723,BENIGN
04/07/2017 09:29:56,22,138536,9,15,10825.1367444241,56.806945182344,1,6,0,13685.726433740143,3726.615603239751,BENIGN
04/07/2017 09:29:58,22,365518,35,35,15963.52487580807,106.25289108188063,0,4,0,2324.0378242633324,4110.832959832896,BENIGN
04/07/2017 09:29:58,8080,616447,5,10,8752.14879320964,46.26199819349133,0,3,0,11185.25681559457,3059.0871349325703,BENIGN
04/07/2017 09:30:00,21,66100,34,7,21216.063183322705,43.53902877189244,1,9,0,11645.285863977937,3161.5380120423943,BENIGN
04/07/2017 09:29:58,25,209554,38,14,25832.873627960296,111.56382797439801,1,2,0,6888.942840636329,4461.317123976215,BENIGN
04/07/2017 09:30:01,3306,121092,11,19,9368.207676178698,32.288408045158974,1,7,0,9999.578609325521,1758.1560927478479,BENIGN
04/07/2017 09:29:58,21,604597,11,21,23239.82116066022,25.035206395890313,0,9,0,14216.581576533245,1784.9088448636437,BENIGN
04/07/2017 09:30:00,445,500020,11,15,9397.824765302763,90.72605277359226,0,7,0,4372.103412257153,752.172681967276,BENIGN
04/07/2017 09:30:00,53,412140,29,24,29998.513330961054,81.59705951451045,1,3,0,7912.405197197947,3035.65053487353,BENIGN
04/07/2017 09:30:01,53,44822,6,15,34642.85229982719,61.93311934892814,0,8,0,13103.340577968458,748.0624909054874,BENIGN
04/07/2017 09:30:02,80,193157,26,16,3523.2219661276495,15.565669512216173,1,3,0,3398.916247067193,3600.4862049036055,BENIGN
04/07/2017 09:30:01,80,424948,35,19,23616.67475129693,108.79998311623355,0,10,0,7064.447565249267,3397.5280853872987,BENIGN
04/07/2017 09:30:01,25,711084,11,13,22222.839602062897,9.986816001372052,0,1,0,1944.814442697652,3479.491445008522,BENIGN
04/07/2017 09:30:03,22,556442,20,26,21778.257694386888,43.882273066665384,1,2,0,12615.824363922387,2483.1125269857034,BENIGN
04/07/2017 09:30:01,443,683676,5,33,14945.858699007182,68.57415918389313,0,2,0,9137.3512430407,2783.252279996144,BENIGN
04/07/2017 09:30:01,80,492594,38,33,27600.694033765303,30.55237716294447,1,10,0,11955.358454580031,228.15985489306374,BENIGN
04/07/2017 09:30:04,8080,719745,37,31,22807.910543015354,87.81839161740413,1,9,0,6146.895456547885,637.753988857019,BENIGN
04/07/2017 09:30:05,21,335271,24,18,5531.726697088594,108.10974561228964,0,10,0,9334.263306811117,4248.557490570811,BENIGN
04/07/2017 09:30:05,443,796216,13,6,16576.48085621091,70.9611001349337,0,2,0,4067.7055551132617,859.7419934452505,BENIGN
04/07/2017 09:30:06,443,728598,23,34,5942.074709467422,34.277524661460006,1,5,0,14316.813691441981,2445.8240994162675,BENIGN
04/07/2017 09:30:07,80,355671,11,5,3478.438384560614,68.34577252980782,1,5,0,8149.74970063862,2298.191637197728,BENIGN
04/07/2017 09:30:07,443,7261,38,13,9556.167321101997,59.99742701307829,1,4,0,4523.624829846853,4489.799306080765,BENIGN
04/07/2017 09:30:05,25,259434,40,19,18865.950501610332,21.76854888339292,0,9,0,6124.926693450339,2440.933451789878,BENIGN
04/07/2017 09:30:06,445,495604,13,34,1014.2562895796917,118.98242330815465,0,9,0,6426.503490382125,4240.575181858283,BENIGN
04/07/2017 09:30:09,25,332805,24,30,4769.702609734037,50.4063995130223,0,5,0,11803.24932238362,378.7514942322844,BENIGN
04/07/2017 09:30:07,22,565691,4,16,13707.059460938444,93.1650745712782,0,7,0,10155.360476210175,694.3243539025149,BENIGN
04/07/2017 09:30:07,443,5124,7,5,7809.636028124227,73.99980342089897,0,8,0,8728.681337956321,230.24033127129897,BENIGN
04/07/2017 09:30:07,443,796382,13,13,26666.833221005007,42.3476148590987,1,6,0,3220.223519475292,688.0950137998638,BENIGN
04/07/2017 09:30:08,53,275829,10,11,20637.297196928812,52.14697213003245,1,3,0,5306.99433412358,3065.1495654955993,BENIGN
04/07/2017 09:30:07,25,487325,12,33,32633.50931657153,15.129652261756485,0,4,0,13260.78001074088,3695.2343556045516,BENIGN
04/07/2017 09:30:08,445,126172,23,31,17536.250675989897,83.95852786889377,0,3,0,12199.631829383921,4315.894752821896,BENIGN
04/07/2017 09:30:10,21,743980,34,28,19197.704410742135,26.355489033072914,1,7,0,7306.905739832009,327.82778807080325,BENIGN
04/07/2017 09:30:11,25,78323,3,21,17004.46190557772,77.52865397674103,1,1,0,1159.0018837279229,1934.5639255364656,BENIGN
04/07/2017 09:30:10,443,786058,6,30,34889.75206605554,52.762211096756964,1,6,0,10263.22994660438,693.8032547178797,BENIGN
04/07/2017 09:30:13,80,360480,23,9,15990.173357252743,60.35265785697699,1,1,0,3186.1566719013167,3170.288048860929,BENIGN
04/07/2017 09:30:12,25,524798,39,8,14827.80518517397,75.74500733524721,0,3,0,11011.719623723584,4849.017435204199,BENIGN
04/07/2017 09:30:14,8080,276883,13,30,13023.79290411511,42.3122190650649,1,5,0,6746.859881474488,3716.6952640008467,BENIGN
04/07/2017 09:30:14,25,331049,24,10,32235.21130548997,106.51544630308419,1,7,0,9668.341962863547,3620.8457819174855,BENIGN
04/07/2017 09:30:13,25,257195,24,14,21843.061196117935,16.055046203344517,1,4,0,13635.568213666082,2378.6015610904997,BENIGN
04/07/2017 09:30:12,25,95305,10,28,19615.681988308395,57.402946077431984,0,10,0,5416.731983187179,2114.225511197742,BENIGN
04/07/2017 09:30:15,25,490021,18,19,26256.019379175996,87.2871599291319,1,4,0,11652.543435837677,4292.2858661279415,BENIGN
04/07/2017 09:30:16,21,466811,9,12,34446.26055070175,37.12501878684389,0,8,0,8463.165896985014,893.1195028892972,BENIGN
04/07/2017 09:30:15,3306,27200,39,6,2746.33881452858,119.23376600734521,1,5,0,8541.31776660166,1670.5377610478913,BENIGN
04/07/2017 09:30:16,22,294721,29,24,16672.930550399902,27.278987678918753,0,8,0,709.6220202178222,3569.1479228428507,BENIGN
04/07/2017 09:30:15,445,52922,5,16,3097.149246519255,21.70042110484277,1,1,0,4792.898803764349,1434.2849303415567,BENIGN
04/07/2017 09:30:15,445,66401,12,17,3847.8586553202153,103.75894302052488,0,8,0,14333.6449047345,4029.7194755779637,BENIGN
04/07/2017 09:30:15,8080,142614,18,18,15649.97865542209,94.47419161581982,1,10,0,12272.807962138548,2756.482359021099,BENIGN
04/07/2017 09:30:17,3306,92622,5,17,19794.030277830698,17.931510725631902,1,3,0,3606.559438795643,989.0036221008527,BENIGN
04/07/2017 09:30:16,80,302178,10,10,24089.539937272126,79.5087250442846,1,10,0,8232.020334933633,626.9609042186432,BENIGN
04/07/2017 09:30:19,443,749836,19,33,20968.433128956633,42.259049216849576,0,4,0,2028.6146033419182,2304.2120185411495,BENIGN
04/07/2017 09:30:16,22,341169,20,31,2423.747742256339,85.62064324614705,0,6,0,4995.557008779808,961.8330418528705,BENIGN
04/07/2017 09:30:17,445,239435,5,33,27750.58223095224,80.84700929309149,0,2,0,2162.4471372823355,4833.4533719633155,BENIGN
04/07/2017 09:30:19,25,560700,4,30,17138.298806476094,26.184742482268305,0,9,0,4899.911258840126,830.6232236685711,BENIGN
04/07/2017 09:30:18,53,336384,27,20,3433.046049290391,105.41096356395259,0,4,0,12354.282989035908,3701.2144605505714,BENIGN
04/07/2017 09:30:19,21,234106,33,30,11499.572653101124,54.923590825744554,0,6,0,1598.265144554704,3342.072397495966,BENIGN
04/07/2017 09:30:21,53,640209,5,17,12478.269457928347,19.032569815806305,1,7,0,12476.44355187158,3524.383229815443,BENIGN
04/07/2017 09:30:22,8080,170485,24,31,26009.77904717959,81.76459361472803,1,2,0,10838.250842459845,2009.9218127057607,BENIGN
04/07/2017 09:30:22,80,773547,32,17,21793.94893661889,14.211552902769405,0,4,0,14889.736260730382,614.1987243327588,BENIGN
04/07/2017 09:30:22,21,633593,37,3,13554.217288243068,19.63584431203181,1,6,0,10118.867543359027,4742.077832617772,BENIGN
04/07/2017 09:30:22,22,393402,29,11,12068.62753454536,44.26241201053318,1,3,0,5257.503560450938,3758.317235911207,BENIGN
04/07/2017 09:30:22,21,706327,15,22,11535.807734687633,61.344185503075,0,4,0,5292.566199839929,4962.145555211185,BENIGN
04/07/2017 09:30:23,21,721817,21,18,31357.796556437264,34.98646925698445,0,9,0,12820.865842794872,4961.232557001395,BENIGN
04/07/2017 09:30:23,21,465153,3,4,24133.04268185332,75.06872250004888,1,6,0,7898.7172187048545,1682.3405897588163,BENIGN
04/07/2017 09:30:24,22,298139,16,12,9565.93923007343,18.791286218752255,0,9,0,7023.668094098595,280.40529314039,BENIGN
04/07/2017 09:30:25,8080,44741,11,7,27486.29100131056,7.491383780941636,0,2,0,537.5451802266484,4745.471486062352,BENIGN
04/07/2017 09:30:23,21,497067,9,22,30151.9270771694,62.58373821515563,1,5,0,10968.75802666688,127.57819574721731,BENIGN
04/07/2017 09:30:24,53,183417,32,34,34464.74768393044,74.10787568246114,1,5,0,14380.863600866962,4212.824324987215,BENIGN
04/07/2017 09:30:25,443,558084,13,2,33679.10043423214,107.22377304142947,0,9,0,7077.1993663289795,3264.898631505747,BENIGN
04/07/2017 09:30:27,53,657854,38,25,18941.32470608758,42.3363216537706,1,6,0,8002.62026489063,4148.0126296007875,BENIGN
04/07/2017 09:30:25,443,682992,30,20,10165.854404675654,95.08913723379993,0,5,0,9628.08240293837,2633.3918672010027,BENIGN
04/07/2017 09:30:28,3306,572402,37,3,23177.881219713938,113.35148094809314,1,7,0,13331.091793119358,2461.6404724131753,BENIGN
04/07/2017 09:30:25,21,351294,33,31,31469.47907858153,91.31244725367284,0,7,0,6585.554721900282,2660.9221897638645,BENIGN
04/07/2017 09:30:28,80,15267,37,18,31980.842175869526,118.91314830028124,0,7,0,3361.1929220304064,588.9256822956017,BENIGN
04/07/2017 09:30:26,445,747196,9,15,12994.58352493575,58.5980526132553,1,10,0,10637.908422364142,2311.6667190082103,BENIGN
04/07/2017 09:30:28,445,740450,9,18,5648.210067638372,75.61565794806293,1,9,0,5824.19061586929,1338.8986201186572,BENIGN
04/07/2017 09:30:27,21,236139,15,20,4545.8299790906385,24.789466812515432,1,1,0,12053.301130471218,4525.499226222901,BENIGN
04/07/2017 09:30:30,8080,389866,11,25,19148.81789775103,69.65680637118814,1,4,0,3916.8106186016,2113.665918163184,BENIGN
04/07/2017 09:30:29,80,699744,32,26,34251.132043451056,55.86709787384699,1,3,0,5001.320103218148,4089.945956024322,BENIGN
04/07/2017 09:30:30,445,391293,27,29,34863.26172790738,77.46621336503355,0,4,0,10922.128952479628,2229.989240732503,BENIGN
04/07/2017 09:30:31,53,275898,10,9,18266.247309664326,50.46837318985287,0,5,0,8549.60504042677,1227.095360225226,BENIGN
04/07/2017 09:30:29,80,686813,23,31,12103.124083280461,59.85457136065081,0,3,0,3599.1335284318716,1772.1429104673357,BENIGN
04/07/2017 09:30:29,445,518083,38,7,27391.97869329736,73.27698639091798,1,9,0,11351.999501919621,1047.0620503096354,BENIGN
04/07/2017 09:30:32,445,4588,19,32,1048.592835595895,83.03897925451534,1,10,0,2276.6046440349132,2246.1692286949983,BENIGN
04/07/2017 09:30:34,21,723680,31,30,33801.4327112062,43.05502195205127,0,6,0,7564.952618421291,2998.3029003722777,BENIGN
04/07/2017 09:30:32,80,8440,13,30,18292.718185923535,113.02117267676991,0,9,0,9426.419844921076,1624.468998358694,BENIGN
04/07/2017 09:30:32,443,279027,28,26,22816.93278332048,79.62749891065788,1,4,0,6784.358015508338,1479.4766942868814,BENIGN
04/07/2017 09:30:35,21,262783,37,35,15741.042040745986,19.84692776852026,0,3,0,910.2650679751118,324.701921568531,BENIGN
04/07/2017 09:30:32,22,498240,11,11,7792.127313094886,57.319492628639225,1,7,0,9202.379853729368,2938.6430465253598,BENIGN
04/07/2017 09:30:35,8080,268420,8,17,13701.1812097474,76.21036962597945,1,6,0,12834.38153804499,1156.990689084918,BENIGN
04/07/2017 09:30:36,443,408533,13,4,25202.028172185168,84.69575157468347,1,5,0,1617.2871226121042,2229.691135888274,BENIGN
04/07/2017 09:30:35,3306,553475,38,14,13720.858754859584,74.37080062443688,0,10,0,2935.255446828069,4066.6441889864204,BENIGN
04/07/2017 09:30:37,21,557191,4,8,11285.6818446179,40.409217889186365,0,10,0,4564.704323027381,4420.77664735714,BENIGN
04/07/2017 09:30:36,445,318944,39,29,7810.818208440471,55.49689440867086,1,5,0,7279.87644039029,2336.529761211454,BENIGN
04/07/2017 09:30:36,53,709601,23,16,31037.12051880685,95.0826446207824,1,9,0,10084.365387665926,1745.2336991180969,BENIGN
04/07/2017 09:30:38,445,268472,31,32,12253.876326897924,55.024880249432115,0,7,0,7961.397379889911,502.02209703065046,BENIGN
04/07/2017 09:30:38,53,162969,20,13,18661.262189377052,16.006448665058905,0,3,0,9740.82262780707,212.91072191183616,BENIGN
04/07/2017 09:30:38,443,606767,4,30,9696.415524760512,103.54607380135425,1,5,0,11800.726633501068,2084.4771128538314,BENIGN
04/07/2017 09:30:36,53,756441,15,22,6183.383094457748,111.04229330245678,0,9,0,11010.835034108728,2321.260950367611,BENIGN
04/07/2017 09:30:39,22,178800,27,8,24897.960642544327,15.559032398823565,0,6,0,6035.714497893379,1549.281945573668,BENIGN
04/07/2017 09:30:38,22,132923,22,5,18475.397612020697,101.52452075996338,1,6,0,9329.787324894713,4991.034170886858,BENIGN
04/07/2017 09:30:37,445,139973,8,24,9228.218342314716,100.39716861370178,1,7,0,1961.3855731019892,1232.1870255016597,BENIGN
04/07/2017 09:30:40,445,505273,27,18,2576.674401597334,37.4478948390491,1,4,0,8390.983522990598,1551.9291271533154,BENIGN
04/07/2017 09:30:38,445,351070,7,16,5446.498355077814,62.677918133969285,1,2,0,12309.628414676885,1916.2597771620005,BENIGN
04/07/2017 09:30:39,21,74458,31,9,22567.1616965349,111.75244903144124,0,6,0,2170.463122373124,1307.3684920172047,BENIGN
04/07/2017 09:30:41,80,674046,40,17,11069.147390075706,21.072666915477757,1,8,0,1091.7306721513896,4261.7858949257925,BENIGN
04/07/2017 09:30:42,21,324025,5,34,27759.56115953588,37.857933705849916,1,5,0,13440.271145243523,3591.5032865665085,BENIGN
04/07/2017 09:30:43,443,373035,11,12,12465.940503232021,22.170359639869716,1,9,0,14123.518330096147,2252.8348894336805,BENIGN
04/07/2017 09:30:42,53,799415,27,31,29731.611443179343,112.1567410741883,0,9,0,13418.831056420515,4411.0969387946325,BENIGN
04/07/2017 09:30:44,443,611312,3,21,5710.835882798552,81.42566683473667,0,8,0,14962.489518152377,2889.9826508958395,BENIGN
04/07/2017 09:30:41,443,443498,16,18,2137.0323886112774,74.58576444774108,1,4,0,10728.231361557491,4003.244192663216,BENIGN
04/07/2017 09:30:45,3306,321823,15,14,22914.317239548254,96.09676987011811,0,2,0,14781.10606756956,3723.1076257373743,BENIGN
04/07/2017 09:30:43,443,473194,31,21,31248.239089471215,65.548610774188,0,2,0,13267.897409276351,1374.5843618198687,BENIGN
04/07/2017 09:30:45,22,466702,21,11,505.2561182417318,74.70992524095841,1,3,0,9990.700583812473,3282.142545921226,BENIGN
04/07/2017 09:30:45,21,268107,37,32,30006.34852737943,111.25774554271064,1,1,0,11293.717655867806,2280.2751739917335,BENIGN
04/07/2017 09:30:46,3306,341984,6,10,10760.024664703655,42.98346820849659,0,9,0,14373.928529672028,2494.51361628953,BENIGN
04/07/2017 09:30:44,53,66270,19,13,17038.161606470116,104.31940418576576,0,9,0,8944.651146833716,1302.4055450250448,BENIGN
04/07/2017 09:30:45,445,734206,38,30,30372.589996782346,37.96065994921441,1,4,0,4391.171460769116,1276.6307105643082,BENIGN
04/07/2017 09:30:44,80,626896,25,35,21242.976459126112,50.66479967436333,1,3,0,7973.371931116589,575.6337367312802,BENIGN
04/07/2017 09:30:45,443,262058,13,27,14287.756253207828,106.14651689909674,0,4,0,6166.348030682221,3582.453203049715,BENIGN
04/07/2017 09:30:45,443,2894,17,7,20760.147898038795,105.61089123898462,0,5,0,6492.033621586101,4226.236302576216,BENIGN
04/07/2017 09:30:46,8080,635350,27,31,28287.783580521052,76.4343255436856,1,1,0,7435.229045916161,1250.5011851793954,BENIGN
04/07/2017 09:30:48,53,49952,25,21,16110.182796234327,70.78623914820697,0,6,0,1140.1482259843888,4858.288597131957,BENIGN
04/07/2017 09:30:47,443,326812,38,11,13993.580832084865,92.99951830845976,0,2,0,14235.220392703153,115.44870941626601,BENIGN
04/07/2017 09:30:49,21,503150,31,7,5765.609593530256,112.90401290651222,0,2,0,8833.981079528608,3891.063196039491,BENIGN
04/07/2017 09:30:48,8080,547606,9,15,7410.691150879116,82.32649054920734,1,8,0,4062.6692343366612,4069.591186545948,BENIGN
04/07/2017 09:30:49,80,789381,35,6,10486.846709823762,42.48846176673469,1,8,0,4573.190608682911,4314.690801654434,BENIGN
04/07/2017 09:30:51,53,451861,3,24,10160.990070124753,70.47713116488413,1,7,0,3920.5069647803202,290.6344498292965,BENIGN
04/07/2017 09:30:51,21,600369,17,3,17620.66421221463,40.540677142994525,0,4,0,8761.239007096568,4634.2327686479475,BENIGN
04/07/2017 09:30:51,53,10598,6,4,26518.70148832123,90.89189577817756,0,3,0,7499.234428886342,434.79461699116416,BENIGN
04/07/2017 09:30:53,21,233297,20,8,22667.338267529412,68.4714426579653,1,8,0,13100.666187919483,3760.8738190861436,BENIGN
04/07/2017 09:30:51,8080,686822,11,29,14961.27330843114,49.17790869534777,1,2,0,3832.754482024412,2477.8687574072806,BENIGN
04/07/2017 09:30:53,445,72234,9,29,20196.081598050238,18.23134285844523,0,3,0,9528.558847240432,715.702718306622,BENIGN
04/07/2017 09:30:51,21,97652,11,20,13391.85950489339,41.985304128990904,1,5,0,991.3184355745067,2520.990689016883,BENIGN
04/07/2017 09:30:54,53,150504,19,21,5917.899116761303,5.513123720198606,1,5,0,776.5554459293962,3249.85579590184,BENIGN
04/07/2017 09:30:54,8080,466151,8,15,28703.25634404311,81.19387444441321,1,4,0,11331.743120739013,538.351245585485,BENIGN
04/07/2017 09:30:53,3306,725410,22,24,2456.853442537807,21.443173740259894,0,3,0,9635.29859831892,2789.339426633161,BENIGN
04/07/2017 09:30:56,21,568131,25,9,20065.777109508843,76.15158530494224,1,6,0,7999.931742631698,3054.1007067259966,BENIGN
04/07/2017 09:30:53,21,797324,12,22,14136.021236518634,45.102252623121664,0,6,0,4778.123989730411,3073.6739065252887,BENIGN
04/07/2017 09:30:57,443,203322,16,34,34060.03286557741,53.30487671888637,0,3,0,3333.4548583557626,1852.1536083286692,BENIGN
04/07/2017 09:30:54,80,459830,14,31,18646.434770937303,72.17902973210876,0,2,0,13537.973703503863,126.58250744590353,BENIGN
04/07/2017 09:30:55,3306,377344,34,7,10706.86128680848,94.36968161373757,1,5,0,14931.396869924958,1183.7395108248359,BENIGN
04/07/2017 09:30:56,25,636595,12,18,22212.296550502375,27.275188732195318,0,3,0,985.5980907290112,2243.043290352945,BENIGN
04/07/2017 09:30:58,8080,360332,37,30,31466.31156900525,110.20548221293585,0,8,0,1021.6912550477344,4894.2091397181075,BENIGN
04/07/2017 09:30:57,80,396317,28,9,17749.78718286651,86.95601241846887,0,5,0,12228.643871739721,868.1530898656497,BENIGN
04/07/2017 09:30:58,80,214364,39,19,3037.348249472366,99.0187052457617,0,9,0,12025.460544971758,4481.840635341341,BENIGN
04/07/2017 09:30:59,21,26769,26,13,19952.76144607291,71.29460038359296,1,9,0,10100.23735359563,2182.9248334415456,BENIGN
04/07/2017 09:30:57,443,798929,24,22,32396.382368350398,32.454186477751584,0,7,0,5755.182967467513,512.4655694077092,BENIGN
04/07/2017 09:31:00,3306,663235,22,5,3114.957062637737,112.49170467532751,1,7,0,14740.080950261772,2618.448677648534,BENIGN
04/07/2017 09:31:00,3306,286005,21,5,14228.400779075235,88.60392912978736,0,8,0,5957.740570596065,2231.7408601835377,BENIGN
04/07/2017 09:31:01,25,497853,17,18,3137.892167054711,51.89494230274966,0,4,0,12942.539682237475,3177.481101084147,BENIGN
04/07/2017 09:31:01,443,508144,13,15,34072.01668341923,71.49200070898753,1,9,0,13352.713181138088,1926.4082911097985,BENIGN
04/07/2017 09:31:00,8080,413108,31,8,26916.65442932756,96.76533944071477,1,8,0,5088.132786195069,2129.6722979152714,BENIGN
04/07/2017 09:30:59,22,182789,27,26,29422.470696757806,67.25333955700582,1,9,0,3645.225119358535,1681.8824270564528,BENIGN
04/07/2017 09:31:02,22,647796,25,12,32307.699182949327,65.11144745035998,0,9,0,3853.0994891294145,1322.8744395272465,BENIGN
04/07/2017 09:31:02,25,271994,33,8,582.7534194929325,100.33709093200552,1,6,0,14672.964292514072,823.4259521721762,BENIGN
04/07/2017 09:31:00,25,458302,30,10,8219.656705692836,79.78064644327335,1,5,0,13749.295589679863,844.9778581102344,BENIGN
04/07/2017 09:31:02,22,472614,29,34,3346.753703154261,65.32552647822955,0,6,0,5014.022374718302,3205.868027548524,BENIGN
04/07/2017 09:31:04,3306,523737,9,7,33190.00308979287,61.74869894534911,1,8,0,3495.517376359438,308.6486955128105,BENIGN
04/07/2017 09:31:02,443,573571,27,18,17201.97980288594,93.13782298097652,0,2,0,3099.6262664094015,617.6273101171547,BENIGN
04/07/2017 09:31:03,80,517159,36,34,32551.66097095409,96.85503923503828,0,8,0,7744.6006985317945,2436.22442184283,BENIGN
04/07/2017 09:31:05,80,546340,29,10,8756.135047672546,71.0658190490214,1,4,0,6518.66714350421,4719.382250049516,BENIGN
04/07/2017 09:31:06,3306,701404,28,22,32225.58821361331,76.18653643264257,1,8,0,13578.573375837248,3328.829059126673,BENIGN
04/07/2017 09:31:04,445,470300,24,28,13496.416110799595,39.02344041023261,0,1,0,14990.847619452934,1930.088892040188,BENIGN
04/07/2017 09:31:04,25,234947,35,2,8338.446396387077,91.05722657488948,0,2,0,11613.638612596582,2187.001804593444,BENIGN
04/07/2017 09:31:05,22,153145,12,12,8837.615685610466,103.2374691925162,0,4,0,9058.217860415649,2816.0533000471723,BENIGN
04/07/2017 09:31:04,53,499449,20,5,26039.524385864042,24.672570192964546,0,9,0,8256.010056507988,239.70856719528706,BENIGN
04/07/2017 09:31:08,53,669548,37,2,22439.380885217557,71.87222572932339,0,3,0,9403.691561564821,4059.907885357981,BENIGN
04/07/2017 09:31:06,21,296078,34,2,3180.2841601067253,68.5442185195758,1,9,0,12590.752296624765,3965.83357116182,BENIGN
04/07/2017 09:31:07,53,667103,23,16,18231.562081754724,35.95555855175217,1,10,0,2522.5208437506953,1399.7371740395351,BENIGN
04/07/2017 09:31:06,53,154657,34,24,28542.694828146392,84.63109786796763,0,7,0,3506.2198509033346,1767.031329010314,BENIGN
04/07/2017 09:31:08,445,647443,31,10,17776.941154960015,78.16042701617799,0,9,0,3901.4342068614055,277.3574608002028,BENIGN
04/07/2017 09:31:11,22,748510,16,7,1594.3464755564787,106.4373969677711,1,1,0,13760.076435251107,3818.963369188405,BENIGN
04/07/2017 09:31:10,445,133953,5,27,18623.34245982189,98.07524225777946,0,2,0,11481.053594084617,3631.52148582532,BENIGN
04/07/2017 09:31:10,80,90630,28,20,20819.93486884358,73.48631282958296,0,1,0,10981.413756036874,2050.0692210737516,BENIGN
04/07/2017 09:31:10,443,561509,21,3,14294.308181428272,44.62043543667653,1,8,0,8510.89072081691,1223.3411507810185,BENIGN
04/07/2017 09:31:11,443,791317,24,27,21575.9865492042,59.17212027672283,1,6,0,8801.540301440322,3085.7749991529818,BENIGN
04/07/2017 09:31:10,25,378495,35,15,22821.1728883482,115.06883564016881,0,7,0,9707.84898809958,1310.436753573747,BENIGN
04/07/2017 09:31:10,3306,276160,40,13,10534.977090471675,42.541246473334716,0,8,0,6342.127100652689,4228.883555010607,BENIGN
04/07/2017 09:31:13,443,496904,26,22,11432.725193074317,53.71374531565968,1,8,0,3795.9957000445056,4254.8576184750655,BENIGN
04/07/2017 09:31:11,22,632406,37,33,21545.28938948465,18.304663419688488,1,2,0,7590.342969242618,582.0723686601551,BENIGN
04/07/2017 09:31:14,445,555106,28,29,34558.690877923975,24.443858698895294,1,3,0,5477.064435149669,981.6666615943584,BENIGN
04/07/2017 09:31:15,80,742225,16,15,17877.317990165724,28.190167954470184,0,5,0,9931.210827258066,853.4618853217078,BENIGN
04/07/2017 09:31:13,443,159904,25,13,23756.521581901565,64.95440071259435,0,3,0,3669.600493753973,3472.45406450028,BENIGN
04/07/2017 09:31:14,8080,429800,28,31,24388.09383666277,79.90247199934073,1,8,0,8580.303892517548,4853.941250963085,BENIGN
04/07/2017 09:31:13,53,777257,26,12,15506.704004077003,52.139125840284784,1,5,0,4989.819206822476,2307.547778596062,BENIGN
04/07/2017 09:31:13,443,340009,37,20,24487.134889355602,49.50035627048896,0,9,0,12611.467907160455,4016.5236205180126,BENIGN
04/07/2017 09:31:16,445,546963,38,29,31200.769700481203,113.08163595477397,0,1,0,3069.1716811041806,274.13274342456936,BENIGN
04/07/2017 09:31:14,80,210824,35,24,22588.90015967472,79.37861965590959,1,4,0,4127.270631154769,3430.4355231149093,BENIGN
04/07/2017 09:31:18,80,648683,8,15,5378.715920349096,60.42629214072583,0,1,0,6312.699038253859,4703.972790439675,BENIGN
04/07/2017 09:31:15,80,152182,10,7,4005.790590147787,73.39901143599866,1,1,0,4710.283593205154,1344.8497010891028,BENIGN
04/07/2017 09:31:19,8080,530495,14,31,28668.5999040962,100.96570606459954,0,6,0,13318.08487783848,1000.3099270489503,BENIGN
04/07/2017 09:31:16,21,318715,33,7,14382.168477910167,50.79877135537243,0,8,0,2666.071142447338,1486.9834075879996,BENIGN
04/07/2017 09:31:19,8080,449227,8,5,32524.67284841242,98.26887950922796,0,4,0,7549.162211280857,473.5297494650914,BENIGN
04/07/2017 09:31:16,3306,708781,21,11,5196.960105544371,29.921333530471557,0,5,0,9002.89884166874,4688.208622028571,BENIGN
04/07/2017 09:31:19,21,76399,4,14,19778.480418377847,78.88238933739527,0,9,0,9759.386391758377,2687.0985621615314,BENIGN
04/07/2017 09:31:19,443,536674,20,30,5707.773216050024,59.34274565580809,1,4,0,4394.9411497581805,3111.6190347790093,BENIGN
04/07/2017 09:31:19,445,206109,30,20,23788.894191526342,106.5050045323483,0,8,0,8176.17601702686,1965.5644638527501,BENIGN
04/07/2017 09:31:20,445,506743,35,23,2237.126817547081,38.87423457505952,1,3,0,10738.14661315213,3037.908984787988,BENIGN
04/07/2017 09:31:21,53,566361,8,12,31507.06442227879,29.144256514083725,0,3,0,13332.466153853436,2696.3737170268664,BENIGN
04/07/2017 09:31:22,8080,276514,27,29,1610.1627383197822,74.45703967226638,0,8,0,14085.18994132893,743.4000330935816,BENIGN
04/07/2017 09:31:21,25,188619,38,23,18404.651420994942,26.222721201056356,1,9,0,9577.938889347122,4588.7345369399,BENIGN
04/07/2017 09:31:23,8080,469403,19,14,31896.75052865553,116.37940981334229,0,9,0,12897.112043843912,207.92403433767402,BENIGN
04/07/2017 09:31:22,53,553224,14,17,8164.97888584316,43.09392468451242,0,4,0,1910.5548237850164,3459.789377433529,BENIGN
04/07/2017 09:31:23,8080,707043,12,5,17052.597571240964,36.340603893634025,0,10,0,6441.8658598350385,399.71476153102236,BENIGN
04/07/2017 09:31:21,3306,343044,9,23,4726.312195503007,58.66693875298697,0,3,0,2456.7268034263807,1831.549331084222,BENIGN
04/07/2017 09:31:21,3306,683211,35,6,21029.72218922543,99.33425496970112,1,7,0,9994.33503320375,728.2408047502477,BENIGN
04/07/2017 09:31:22,25,618163,36,20,33862.72639330757,45.51072975820517,1,6,0,1557.9896249433673,1346.2178247429385,BENIGN
04/07/2017 09:31:25,445,508573,8,31,10434.76906212334,113.71372741559848,0,3,0,2929.3677219444858,4087.7599179126714,BENIGN
04/07/2017 09:31:23,8080,638213,11,29,7689.764264885381,7.605782047489521,1,7,0,2623.948164705505,4598.377439735023,BENIGN
04/07/2017 09:31:25,8080,97418,29,28,25470.656810900287,114.18046311341767,1,4,0,11612.342986174779,1946.6255228394023,BENIGN
04/07/2017 09:31:26,21,730531,22,6,6758.538237063795,118.66758618645679,1,9,0,12088.573299741576,4214.77983919013,BENIGN
04/07/2017 09:31:27,53,434350,19,13,23480.50662010192,36.79198027822713,0,6,0,6515.143977518296,3380.540177117673,BENIGN
04/07/2017 09:31:25,21,47028,13,6,2890.001268704312,100.28975303840447,1,4,0,5455.255731900155,3271.568390303218,BENIGN
04/07/2017 09:31:26,3306,698849,15,34,7597.750507371812,95.24006986562341,0,2,0,9310.539122053051,762.3948181356943,BENIGN
04/07/2017 09:31:28,53,168741,18,29,582.0603589344792,20.616814537357417,1,3,0,6565.94500026922,4797.7808885993445,BENIGN
04/07/2017 09:31:28,25,217298,3,12,7896.355358024663,117.53704482885281,0,5,0,828.5864286859596,1059.663280091031,BENIGN
04/07/2017 09:31:26,53,680963,29,27,17972.27591297234,42.38277753074477,1,1,0,4702.814676860785,1366.0839329387413,BENIGN
04/07/2017 09:31:30,21,687869,28,7,29518.43066653146,110.0852536510112,0,9,0,5221.577154826535,3562.329027319823,BENIGN
04/07/2017 09:31:29,3306,363829,7,34,5787.860924567937,119.49460356294937,1,4,0,5196.540517889495,3791.1972260023003,BENIGN
04/07/2017 09:31:28,80,128439,15,34,14788.384429098298,52.43985705872267,0,2,0,11811.777578445357,323.95867622820765,BENIGN
04/07/2017 09:31:30,443,337178,10,11,8212.035040679626,13.354128713285942,1,6,0,10545.429954694964,366.29536751334496,BENIGN
04/07/2017 09:31:28,21,793066,13,2,28685.3559982591,21.924955624090735,0,10,0,3697.3829810192433,587.9724722009,BENIGN
04/07/2017 09:31:30,22,759675,6,34,33918.06634779199,74.17372791492446,1,8,0,5408.1632083845225,4629.762739686016,BENIGN
04/07/2017 09:31:32,25,720993,33,5,30605.541024253118,46.86942136754095,1,4,0,5514.304135269522,737.1133697521353,BENIGN
04/07/2017 09:31:32,443,278785,7,19,21045.02065495155,17.473833452626092,1,6,0,6115.936525548958,3999.1505723345877,BENIGN
04/07/2017 09:31:32,22,495339,15,6,31426.607551890338,13.93291234794546,1,9,0,4495.626117678437,1031.9452541190099,BENIGN
04/07/2017 09:31:31,443,356881,39,16,29179.42288915507,110.87709077021162,1,3,0,6342.573310362814,1028.4584296629705,BENIGN
04/07/2017 09:31:33,3306,349756,32,15,34050.0498776551,48.104618964583,1,1,0,11533.688895955785,4690.6730316392195,BENIGN
04/07/2017 09:31:34,443,708194,20,27,12264.788241932081,99.70892822479253,1,7,0,14913.486035476464,4059.2998060372893,BENIGN
04/07/2017 09:31:32,3306,226235,34,20,30645.04435105162,67.52175942156968,0,10,0,7759.105402638042,906.7773059426688,BENIGN
04/07/2017 09:31:35,80,340791,20,21,30098.441985355126,100.77402699353642,1,1,0,5308.561301033721,849.0005670167546,BENIGN
04/07/2017 09:31:34,80,741529,30,23,32489.046093555076,60.82658880026585,0,2,0,724.8869239280216,4118.31256785456,BENIGN
04/07/2017 09:31:35,8080,468066,16,12,33800.34228785805,5.333883908767303,0,5,0,3026.4712089784052,920.5751636799282,BENIGN
04/07/2017 09:31:36,3306,587253,29,7,11966.84639538146,8.917609264915281,1,1,0,10345.540917676364,3749.6914171759154,BENIGN
04/07/2017 09:31:34,443,744722,38,33,21584.155347190044,52.11573920740369,1,6,0,10100.775562202401,197.46632833770576,BENIGN
04/07/2017 09:31:35,445,774632,36,30,1289.2460618162345,78.83463707591102,0,10,0,11842.648625714,4059.4158502559767,BENIGN
04/07/2017 09:31:35,22,620797,25,35,15119.462560733253,100.51964244826365,0,5,0,12847.902188148346,2401.0850558459174,BENIGN
04/07/2017 09:31:38,53,682604,38,30,27797.999307949005,61.97605183052884,1,3,0,5969.868349447343,4202.606467546828,BENIGN
04/07/2017 09:31:36,22,58705,29,20,2995.5058189018646,27.90468678621671,1,10,0,11053.183474290454,4350.73301900055,BENIGN
04/07/2017 09:31:39,21,677909,19,12,2606.6721891753364,22.888987782030586,0,3,0,7583.466166795704,150.7084311176637,BENIGN
04/07/2017 09:31:39,443,86982,8,23,32566.67778256263,48.327744415248965,0,8,0,8616.197037296264,2773.9694252309105,BENIGN
04/07/2017 09:31:38,445,42799,13,2,20549.962348622164,88.90613722326059,0,10,0,5857.813175703909,3279.7087358646495,BENIGN
04/07/2017 09:31:40,25,576507,33,5,5967.958610905733,48.1472666768432,1,1,0,9089.284444985073,2324.8015575378276,BENIGN
04/07/2017 09:31:39,22,256937,31,18,5002.0043974181945,69.95329465435715,1,6,0,4318.790030299324,1351.3370100265076,BENIGN
04/07/2017 09:31:38,80,249680,21,27,26994.263624861123,52.42102778246271,1,6,0,10795.571433205805,404.1998389587002,BENIGN
04/07/2017 09:31:41,443,741127,38,6,26358.081142541254,109.9570130165719,0,5,0,13528.263588358574,1189.7975064183106,BENIGN
04/07/2017 09:31:41,445,143857,32,27,12935.759500334188,79.16557349550038,0,9,0,11536.770068305155,4262.742916161098,BENIGN
04/07/2017 09:31:39,25,540398,3,5,31175.386542572945,33.39643835989881,1,9,0,577.3392876591147,3540.055900425196,BENIGN
04/07/2017 09:31:41,22,114088,15,28,4157.409017532117,79.28506448447628,1,7,0,13472.773422403707,798.3441135312995,BENIGN
04/07/2017 09:31:40,3306,211095,21,20,24915.828913169076,66.2399742437065,0,7,0,13736.660776646422,4180.429050840111,BENIGN
04/07/2017 09:31:42,8080,798591,38,24,8109.8567445743,25.71697331781305,0,1,0,9103.066377563013,4951.441172546988,BENIGN
04/07/2017 09:31:41,21,195114,38,15,1038.7823948324722,85.90260263593233,0,10,0,4794.683786375571,3545.9683040937216,BENIGN
04/07/2017 09:31:45,8080,100789,18,11,26065.475678128078,82.837807991824,0,4,0,11861.253861289339,832.0236282895462,BENIGN
04/07/2017 09:31:43,80,310545,12,9,7504.6059561662905,18.65684587966748,1,5,0,3242.768566500138,1828.7199891111995,BENIGN
04/07/2017 09:31:44,25,536022,6,31,15391.85628233642,35.52040146858994,1,1,0,10962.924163182675,3113.8241391464185,BENIGN
04/07/2017 09:31:45,445,478940,14,8,32676.54413124329,39.43102109805457,1,10,0,1764.2270040998303,268.51751722669815,BENIGN
04/07/2017 09:31:46,25,99712,31,27,10961.659422938113,60.887466707433695,1,6,0,9470.023764897753,1721.7493922575502,BENIGN
04/07/2017 09:31:45,443,91705,3,32,1296.2090694986093,35.355544533031335,0,10,0,6759.808530945971,2139.484467273567,BENIGN
04/07/2017 09:31:47,443,87032,33,32,14621.242845779007,84.39977862523905,0,3,0,12148.624938778545,1187.6366436986186,BENIGN
04/07/2017 09:31:45,22,745358,13,19,24754.235885719125,109.96803278327818,0,5,0,4845.818324352417,2947.454189247813,BENIGN
04/07/2017 09:31:46,8080,599636,37,9,2897.902312768726,15.041152558161139,0,2,0,711.9011708350262,1480.2861039215231,BENIGN
04/07/2017 09:31:45,53,544758,30,19,26321.985390973,93.10735302579275,0,8,0,8380.894466587535,2945.303482615344,BENIGN
04/07/2017 09:31:48,25,464095,26,12,5700.945258753295,41.60985715376948,0,2,0,7006.505083678227,3080.821799223631,BENIGN
04/07/2017 09:31:46,53,682984,30,13,24445.29296679474,85.63684424213025,0,1,0,13849.670472980317,856.095629212318,BENIGN
04/07/2017 09:31:49,8080,28550,19,29,899.8497266948063,81.88373928183002,0,5,0,13003.586697924127,4832.964569102519,BENIGN
04/07/2017 09:31:48,80,528053,10,20,30019.096092997945,55.03280429016079,1,8,0,2595.4954956193606,3752.3265615396026,BENIGN
04/07/2017 09:31:49,8080,138138,17,31,14908.579320174127,62.1343299643809,0,4,0,12021.105697072657,3412.135109607588,BENIGN
04/07/2017 09:31:48,22,263574,25,30,28549.839575990667,79.78925001390562,0,8,0,2040.1437144846313,654.2677244008273,BENIGN
04/07/2017 09:31:49,3306,135074,21,23,22645.37346135221,28.72677519142031,0,1,0,2323.120187696346,1718.03717062508,BENIGN
04/07/2017 09:31:48,21,799828,14,20,3166.1190693341587,109.0916523933673,1,9,0,11167.31135998951,4643.701063380018,BENIGN
04/07/2017 09:31:50,445,92156,8,7,27583.476815161983,52.46454252086826,1,7,0,10846.658120650312,2420.770967532328,BENIGN
04/07/2017 09:31:52,8080,42436,28,18,14819.35668987482,86.97568898704782,1,6,0,518.9980688818584,3368.966752738586,BENIGN
04/07/2017 09:31:52,8080,683172,31,10,21262.015725823945,72.01894978861881,1,3,0,9719.748435610076,3078.8189433156867,BENIGN
04/07/2017 09:31:53,445,206712,11,14,24118.33937538013,102.92986609124728,1,2,0,11605.048737981304,1273.3160136876404,BENIGN
04/07/2017 09:31:52,22,651522,11,28,12844.681662145007,103.2159744200881,1,10,0,5210.984186750372,3067.7427807986205,BENIGN
04/07/2017 09:31:54,8080,564324,15,21,19492.521820730748,72.07657630557574,0,2,0,8457.351459901152,4228.686017926614,BENIGN
04/07/2017 09:31:54,21,742547,11,13,9658.149488371151,91.23013190267956,0,3,0,10197.45001808309,4959.93740269825,BENIGN
04/07/2017 09:31:54,21,689263,24,27,28793.482171651107,47.403200318425625,0,7,0,663.7867212461463,197.4325455600242,BENIGN
04/07/2017 09:31:53,80,69307,28,14,22899.74567135287,28.152496069561387,1,6,0,14824.146869121918,4872.901451827824,BENIGN
04/07/2017 09:31:56,8080,476739,16,21,26255.639093497542,79.77922870417594,0,3,0,5058.5509137127265,2199.1173523578486,BENIGN
04/07/2017 09:31:55,445,282767,33,15,17783.25995550982,74.96434111591347,0,10,0,11679.988867213911,3302.9418757362737,BENIGN
04/07/2017 09:31:53,22,736205,37,30,18677.189682968583,87.6170547472156,1,10,0,13823.206661353504,1557.72187436389,BENIGN
04/07/2017 09:31:54,8080,31252,37,27,6177.349311370932,20.111320883921223,0,3,0,9119.348741599128,2901.9252536922645,BENIGN
04/07/2017 09:31:56,22,476749,12,12,31807.939336063762,78.95961148278764,0,3,0,9706.980577094366,338.7906017820105,BENIGN
04/07/2017 09:31:55,25,769943,36,19,30632.794327470416,35.02507635579039,0,3,0,14442.905637513844,2531.3540030258405,BENIGN
04/07/2017 09:31:55,21,795056,14,11,12772.616458943356,27.149877071760617,0,6,0,1752.4018810652244,3853.473419272682,BENIGN
04/07/2017 09:31:57,53,552769,12,3,9616.730348893401,109.92557043874602,1,7,0,1575.2244647190498,4016.918083646689,BENIGN
04/07/2017 09:31:59,25,300513,29,29,16407.292139429002,78.91671955142704,1,3,0,2422.417415346584,1962.1135421430415,BENIGN
04/07/2017 09:31:59,22,574223,10,35,3579.2963379487883,37.176105196289214,1,5,0,10851.287562365482,4771.099063038226,BENIGN
04/07/2017 09:31:59,445,565273,16,9,11196.50970390653,90.69358482882998,0,9,0,6092.34691651613,2099.78158363847,BENIGN
04/07/2017 09:32:01,22,255074,8,16,23947.146579859287,103.21655498105687,1,5,0,6422.0218772488515,4167.848932294546,BENIGN
04/07/2017 09:32:00,53,595186,14,2,740.5749823479268,115.67528946118813,0,6,0,14741.426701723596,3394.860649336383,BENIGN
04/07/2017 09:32:01,443,358213,5,25,1723.8733042898286,5.787306804686491,1,3,0,7785.280480557765,4739.529911384396,BENIGN
04/07/2017 09:31:58,22,114901,16,35,26001.23264615282,22.02086801556892,1,3,0,9325.607630255721,4510.611186787029,BENIGN
04/07/2017 09:32:02,22,441932,39,18,9180.381508382316,106.30716108527525,0,2,0,10633.405580967064,4522.960594097007,BENIGN
04/07/2017 09:32:02,22,649102,38,7,6245.33984853373,37.410238332674176,1,1,0,7010.531978609453,3677.257108311576,BENIGN
04/07/2017 09:32:03,8080,326832,4,3,5318.678004702513,57.14148961424727,1,5,0,11505.546325011192,3076.6779790463984,BENIGN
04/07/2017 09:32:00,443,540519,34,29,29704.651784821304,51.24969876409289,1,10,0,3518.465515857142,4979.765900415446,BENIGN
04/07/2017 09:32:04,3306,478006,24,26,527.4331779048919,55.44652597535698,1,9,0,13511.601312957615,4601.533683189983,BENIGN
04/07/2017 09:32:01,3306,499390,37,13,32693.17840943865,38.902689747477936,1,1,0,7050.146417131353,1226.123380673901,BENIGN
04/07/2017 09:32:03,22,737039,6,8,25266.756015177798,89.43361991188466,1,7,0,5508.667854177896,2543.825916354743,BENIGN
04/07/2017 09:32:03,53,773625,26,34,26290.505792399665,36.296041052166885,1,6,0,11675.647097272362,1277.333472739571,BENIGN
04/07/2017 09:32:04,3306,545341,7,24,27325.536461330103,47.745928936649406,0,6,0,6494.148948798412,2313.447538815693,BENIGN
04/07/2017 09:32:04,21,664068,11,5,10142.796103235503,26.850153952557612,0,2,0,1025.205565053343,2965.3714385066123,BENIGN
04/07/2017 09:32:03,3306,586628,19,31,29439.472205386886,34.50059362742064,1,3,0,3081.3087993246536,428.73145506055437,BENIGN
04/07/2017 09:32:05,8080,215636,10,7,20079.41340937901,40.97574984087805,0,3,0,2239.187023578856,946.5180882441642,BENIGN
04/07/2017 09:32:04,80,140121,34,19,32998.21037031965,58.666347236687656,0,1,0,7159.084153889239,1905.586882498535,BENIGN
04/07/2017 09:32:04,22,468234,40,7,9776.809179785849,5.189249511195883,0,6,0,2817.8627419135323,797.0329753425228,BENIGN
04/07/2017 09:32:06,21,82272,18,32,14416.469565921798,95.57526576332747,1,1,0,14945.582059872122,1068.987114760856,BENIGN
04/07/2017 09:32:06,445,458698,12,4,31354.06430510309,74.11624253625767,1,9,0,13318.648520856737,3247.6252158038524,BENIGN
04/07/2017 09:32:07,443,477814,34,8,28417.31726772267,95.4678289958471,0,5,0,9810.992988784838,4782.698360435187,BENIGN
04/07/2017 09:32:08,445,94875,24,5,29123.04963267745,9.23798932282942,0,4,0,1562.4161592413693,2088.7715223341147,BENIGN
04/07/2017 09:32:07,53,526749,22,27,8533.65960064427,39.290464544531645,0,5,0,6167.694885249816,1551.0087570852322,BENIGN
04/07/2017 09:32:09,21,369340,20,8,1605.0165904538178,20.60092950445513,0,8,0,8961.082209655193,4357.300738322127,BENIGN
04/07/2017 09:32:10,22,401079,5,16,22097.333682418834,119.64414864286884,1,4,0,7791.599347332785,2186.652435256885,BENIGN
04/07/2017 09:32:11,445,238151,15,11,27861.475382184057,74.75303974640174,1,1,0,5117.194047666218,1080.3029980730416,BENIGN
04/07/2017 09:32:09,8080,267690,34,30,9231.717034237588,38.661456351639465,0,6,0,10679.807217319418,796.7708977885064,BENIGN
04/07/2017 09:32:11,8080,516703,17,14,34514.88226465599,78.42055047519453,0,1,0,12593.578727745577,4761.8504902004,BENIGN
04/07/2017 09:32:11,3306,7285,26,27,11065.389619486243,114.58033925089939,0,6,0,4748.856928086776,2534.6524583425153,BENIGN
04/07/2017 09:32:12,21,358052,34,3,16678.415058278955,114.04296746836822,0,10,0,11259.703762814079,712.623498322636,BENIGN
04/07/2017 09:32:12,80,166079,13,24,1851.2743196837084,60.340804978823,0,6,0,6283.551385507816,2904.7004459719456,BENIGN
04/07/2017 09:32:11,443,713685,11,23,31645.08342717098,93.46871579720396,0,8,0,8495.05389456411,3121.8381016137996,BENIGN
04/07/2017 09:32:11,21,184100,5,3,6181.20053579891,45.601085616142406,0,8,0,938.5882855813284,2819.748683706259,BENIGN
04/07/2017 09:32:13,445,645203,10,5,24502.004911647367,71.12139114826891,0,5,0,675.3172380023913,3994.3924116733074,BENIGN
04/07/2017 09:32:13,3306,323449,37,7,14506.185237749507,40.72531283262549,1,8,0,11914.350281650763,3276.7332270476963,BENIGN
04/07/2017 09:32:15,443,790178,35,33,22041.460977296283,44.17702760117009,1,5,0,3436.078774870151,3094.951686522445,BENIGN
04/07/2017 09:32:15,445,28589,40,25,31450.919322225818,91.44384591435862,1,10,0,10745.000598199467,3858.9054635980765,BENIGN
04/07/2017 09:32:15,21,737480,35,4,24017.445682060188,71.22591724801886,0,6,0,13830.835471907838,3938.604109603246,BENIGN
04/07/2017 09:32:15,443,593722,38,17,20767.933987018157,115.91995127264106,1,1,0,12536.301067177363,3918.3976551185588,BENIGN
04/07/2017 09:32:16,25,302246,13,35,26540.858784090302,17.743313054169437,1,4,0,1869.1517591507213,1179.0022533224046,BENIGN
04/07/2017 09:32:15,25,104227,30,23,26537.487607849598,102.46935214869129,1,10,0,8316.478357428368,2983.837857853003,BENIGN
04/07/2017 09:32:18,3306,666699,30,31,21539.757205895516,59.629233181286686,1,3,0,13893.118500208144,885.1646561296217,BENIGN
04/07/2017 09:32:16,22,534759,25,3,14151.991528834198,22.975188039556482,0,6,0,1808.9934219093655,1338.3724906616303,BENIGN
04/07/2017 09:32:17,22,229251,24,6,13060.292328347008,25.86667101888099,0,9,0,12481.435153014138,4957.3270927243375,BENIGN
04/07/2017 09:32:18,445,473988,15,29,32120.199538820736,57.696590514250225,0,7,0,5158.824128433687,3271.029577273944,BENIGN
04/07/2017 09:32:19,445,437356,19,9,28060.781973250952,74.57669154611366,1,9,0,6842.375541551637,1386.3526019201731,BENIGN
04/07/2017 09:32:19,445,432797,8,2,24336.035174094835,29.87855580431971,0,7,0,12686.329571964143,1480.3075942161104,BENIGN
04/07/2017 09:32:20,22,198748,15,33,21356.40909011865,20.865607207066578,1,8,0,14329.369387674842,2529.7840365888537,BENIGN
04/07/2017 09:32:18,3306,782483,8,32,6583.451789335729,41.422414259969464,1,9,0,1071.7775723960033,1867.2816861621022,BENIGN
04/07/2017 09:32:19,21,730327,28,32,9990.6860687932,105.41249877357711,0,1,0,3825.021821813404,4995.359763702085,BENIGN
04/07/2017 09:32:20,8080,235485,21,5,34310.11085363817,59.38779903387885,1,5,0,8651.330036189112,362.39183627280755,BENIGN
04/07/2017 09:32:21,21,386316,32,27,21698.25635579679,111.2938872121443,0,2,0,14043.490923879785,657.9113976529843,BENIGN
04/07/2017 09:32:20,443,730115,19,33,34817.374494736076,34.69606951355931,0,4,0,9426.08573621506,4804.053183367654,BENIGN
04/07/2017 09:32:22,445,505882,4,33,24000.47344010287,106.9528598126592,1,2,0,13372.943265858434,1251.1234674631075,BENIGN
04/07/2017 09:32:21,53,437685,40,27,2119.4230213079445,53.78531740089105,0,3,0,6495.941642358802,746.0502833564138,BENIGN
04/07/2017 09:32:23,21,606636,7,9,17126.53391450388,31.444607708774942,1,7,0,947.2421107017828,2019.4626638673983,BENIGN
04/07/2017 09:32:22,80,659864,35,2,20916.13222778154,100.07721685873605,1,9,0,1340.7748431045923,4484.172754900082,BENIGN
04/07/2017 09:32:25,8080,80701,4,10,28316.86874611035,6.181133342324282,1,10,0,2953.071086109449,3588.9883753116346,BENIGN
04/07/2017 09:32:22,22,475015,21,26,7125.7617929271755,55.081002960586744,0,10,0,4389.174207416205,2231.2435400258314,BENIGN
04/07/2017 09:32:24,445,455983,29,33,34025.19584942233,78.78231256890959,0,8,0,13171.41706001961,3163.597652417571,BENIGN
04/07/2017 09:32:23,443,641557,40,18,29894.384675250705,71.51699896714354,1,4,0,8897.013606918892,713.7784944914455,BENIGN
04/07/2017 09:32:23,25,778081,11,7,25525.072520942158,19.927744321870023,0,2,0,3616.216645704677,862.80019540065,BENIGN
04/07/2017 09:32:25,3306,634184,7,5,3984.062084401539,54.771708836639284,0,4,0,12210.378308301048,4469.685375392958,BENIGN
04/07/2017 09:32:27,8080,494566,29,11,3765.527348034957,24.61220974459751,0,8,0,10299.45268318996,3079.3036571049406,BENIGN
04/07/2017 09:32:27,80,411916,33,2,14698.785590269152,114.20285298907896,0,3,0,13475.10172063021,2465.3060324978323,BENIGN
04/07/2017 09:32:27,25,77797,36,26,16505.614191950983,52.40583155252216,1,5,0,10368.838795188654,2665.2340085352203,BENIGN
04/07/2017 09:32:27,443,799891,19,22,33521.49802400365,17.920548936858047,0,6,0,8796.792586490088,4254.9882419272435,BENIGN
04/07/2017 09:32:25,22,699352,36,9,3756.8224629528863,106.08190886244272,0,1,0,500.92568348062866,2266.0658144037084,BENIGN
04/07/2017 09:32:27,80,635988,30,11,8479.322217941026,113.7156033089692,0,2,0,10085.199139172364,3973.6657478250313,BENIGN
04/07/2017 09:32:27,80,79176,35,27,16879.84283581688,28.491212294898588,0,5,0,13192.792436862095,4298.709196465695,BENIGN
04/07/2017 09:32:26,443,460991,9,18,12076.02231667356,53.98971404429866,1,1,0,10922.512414209108,2916.9964765130107,BENIGN
04/07/2017 09:32:28,8080,177771,22,11,10359.334923534421,112.87437268683232,1,10,0,2213.7253899957186,4737.385760392659,BENIGN
04/07/2017 09:32:30,445,197407,6,16,24003.978691820656,97.10975672540592,1,4,0,14137.294973456857,3526.3508238720146,BENIGN
04/07/2017 09:32:28,8080,286353,37,2,949.7068329597889,96.9921568615655,1,1,0,7001.381456477841,4868.028664851999,BENIGN
04/07/2017 09:32:31,25,404981,34,31,32910.573679297086,76.47937299642213,0,10,0,6252.389171137895,2247.207188207976,BENIGN
04/07/2017 09:32:30,8080,580633,18,15,1106.9032933748454,20.857219367169,1,10,0,595.1804464292591,3400.638780561764,BENIGN
04/07/2017 09:32:29,445,574600,39,30,9327.533409659214,82.2588726622441,0,5,0,10762.608422612917,4287.300436953327,BENIGN
04/07/2017 09:32:30,445,459379,12,30,3811.511445441547,96.28074749726791,0,5,0,7496.07769768739,2936.442493722569,BENIGN
04/07/2017 09:32:30,3306,287654,31,32,17280.13749547362,66.21702125394799,1,6,0,11349.634561949917,1354.0840653207163,BENIGN
04/07/2017 09:32:31,445,797309,21,13,34451.78406979416,53.48338321062748,1,1,0,14001.79053835191,4588.812010386473,BENIGN
04/07/2017 09:32:33,21,658290,11,5,25981.40202246048,61.57789511593749,0,1,0,3038.7928821657283,2399.754914577204,BENIGN
04/07/2017 09:32:33,3306,94060,4,30,5759.443432651844,15.404245977403026,1,10,0,13658.73942710483,3742.016148879763,BENIGN
04/07/2017 09:32:35,445,527850,39,24,25235.562654771453,83.26163493474422,0,9,0,8625.60760022881,1504.0081166754228,BENIGN
04/07/2017 09:32:34,3306,602440,15,28,25566.995940869707,60.5242875878783,0,8,0,13348.532206760343,2170.1243907464836,BENIGN
04/07/2017 09:32:33,445,387639,19,18,21157.27677547066,38.28444560681333,0,4,0,7694.801995332709,4825.803368879282,BENIGN
04/07/2017 09:32:35,443,178789,3,8,14166.896353669608,76.2800201194327,1,7,0,13771.322442254173,3979.030997286215,BENIGN
04/07/2017 09:32:37,80,730100,6,25,27199.993837082628,73.74087131671372,0,7,0,11786.93323107403,1150.7614779774685,BENIGN
04/07/2017 09:32:37,445,441101,20,10,27651.715897851613,87.62271547734504,0,10,0,14071.893048142687,4282.895785773238,BENIGN
04/07/2017 09:32:37,53,559896,31,15,26974.047921152825,86.58897455447021,0,10,0,9398.66818479888,1611.2240092155844,BENIGN
04/07/2017 09:32:35,443,220562,28,12,4778.584559391981,35.95649942331971,0,3,0,5794.260508657866,2827.391076997571,BENIGN
04/07/2017 09:32:36,25,582546,37,33,24325.84861528534,47.42620327473382,0,9,0,10376.733367231733,1580.167448782378,BENIGN
04/07/2017 09:32:36,445,343605,19,29,31143.00013173202,53.15150738436465,1,9,0,13576.686407316907,2492.139599636355,BENIGN
04/07/2017 09:32:37,22,466395,35,11,1025.505193105975,62.31266499714496,0,1,0,6919.784009996159,4807.06267402309,BENIGN
04/07/2017 09:32:36,443,4981,35,21,30955.864772749217,21.82977032415162,1,10,0,6666.7595986512515,999.9810578382727,BENIGN
04/07/2017 09:32:38,8080,137260,13,4,20753.116863852585,17.55079974821197,1,8,0,11124.515205896121,3980.6693722988966,BENIGN
04/07/2017 09:32:39,8080,416007,16,15,29441.95440741289,110.6879984240079,0,9,0,10802.22111698339,2684.0266206842534,BENIGN
04/07/2017 09:32:40,53,387318,12,31,20358.877745989557,85.17331732518372,1,10,0,2770.4745130590945,4149.224587338473,BENIGN
04/07/2017 09:32:41,25,74526,10,8,31527.990921179986,66.41483480538926,0,3,0,1825.7967408866675,2011.4566093627325,BENIGN
04/07/2017 09:32:40,25,655986,24,2,32653.632781813376,26.018725547283125,0,9,0,8782.329485879038,4669.000306225274,BENIGN
04/07/2017 09:32:41,80,657291,38,7,27128.11124011107,82.75679157065345,0,8,0,13755.939607728485,4491.863410279764,BENIGN
04/07/2017 09:32:40,22,409881,23,29,3653.376965620278,16.77649168526281,0,1,0,12282.850927238856,2345.1910518755317,BENIGN
04/07/2017 09:32:40,25,580321,20,2,16853.405080140117,118.4712716896158,0,8,0,1471.7554710296336,4665.075874619886,BENIGN
04/07/2017 09:32:43,22,340011,4,25,20746.81256966131,98.5789813665227,0,6,0,3420.7949768974972,3559.8572244645866,BENIGN
04/07/2017 09:32:43,53,242145,23,32,27581.238441182933,59.303227610587825,0,9,0,1340.0141430095182,3539.0160112172625,BENIGN
04/07/2017 09:32:41,3306,729948,33,23,24213.76768524308,30.19139017981522,0,1,0,12418.685266783958,4421.309428401838,BENIGN
04/07/2017 09:32:41,445,324131,20,28,815.9747621593526,72.47985291669711,1,3,0,13930.887342427552,2800.1566083656717,BENIGN
04/07/2017 09:32:44,80,461526,23,17,33338.44184794549,79.4700104361286,1,8,0,7403.539115823406,1465.6430927641143,BENIGN
04/07/2017 09:32:43,53,340197,3,33,9618.991546574887,70.623774990879,1,6,0,887.4440365697553,4755.919829837998,BENIGN
04/07/2017 09:32:42,8080,152305,8,26,10267.797521475564,32.22849620929873,0,3,0,7296.404851168081,233.4801157818922,BENIGN
04/07/2017 09:32:44,21,100924,24,30,29151.285025885347,17.558890301109727,1,10,0,3834.959603946099,2652.3164485466777,BENIGN
04/07/2017 09:32:45,25,323520,12,33,34121.09821686432,117.15975631035731,0,9,0,10389.684122458952,4301.940081721087,BENIGN
04/07/2017 09:32:44,53,331433,19,25,11701.149017123595,30.080596344569685,0,8,0,13335.800408462537,3496.227600025569,BENIGN
04/07/2017 09:32:46,53,112480,21,16,21424.79678596442,6.316367350373087,0,8,0,6341.236076317335,3493.048907415886,BENIGN
04/07/2017 09:32:45,445,752927,19,21,2733.3523564699,48.834162976646276,0,3,0,6319.555514068752,3765.524036793992,BENIGN
04/07/2017 09:32:48,22,431710,37,30,16819.29226407482,83.25438388765812,0,8,0,6065.616919558277,3700.7013175610737,BENIGN
04/07/2017 09:32:48,445,124916,21,30,25937.2462313915,11.634895395753126,1,6,0,1424.6943413020713,1648.378282922871,BENIGN
04/07/2017 09:32:46,443,170260,18,32,25968.230748764738,119.17176754194368,0,7,0,14111.476887760626,3095.826297365026,BENIGN
04/07/2017 09:32:48,25,725075,21,20,28981.521594886064,48.67819056128138,0,9,0,7530.339977634166,4680.276172263808,BENIGN
04/07/2017 09:32:47,443,98327,28,31,8798.621895598331,13.071408606758709,1,7,0,9422.157989607475,399.49374381030685,BENIGN
04/07/2017 09:32:49,22,592384,29,28,4347.543042517607,73.2997855694594,1,5,0,5928.429379883493,1136.9908421901407,BENIGN
04/07/2017 09:32:51,22,744195,22,12,25095.297143236065,117.11561464399355,1,1,0,5319.503490059743,1211.2542935355464,BENIGN
04/07/2017 09:32:51,3306,156424,30,15,9396.867940274873,53.20618328446174,0,8,0,5867.387497257776,4375.880654257894,BENIGN
04/07/2017 09:32:48,8080,682988,20,3,22245.114108244827,39.578515816267135,1,8,0,11038.606291189792,4094.2520641746974,BENIGN
04/07/2017 09:32:51,443,614160,24,9,24589.018853863978,53.32788461903976,0,5,0,7378.675475492399,3825.446965579511,BENIGN
04/07/2017 09:32:52,443,312722,4,18,16180.202731915086,81.0612797557,0,8,0,13865.421638232578,1776.1723903814363,BENIGN
04/07/2017 09:32:50,80,374645,8,27,7251.2269114135715,101.84890944103007,1,6,0,14799.207691345304,4348.20619470323,BENIGN
04/07/2017 09:32:50,80,200465,19,30,20181.46866212002,116.60261435661207,1,8,0,8316.818277980572,1130.3781245490172,BENIGN
04/07/2017 09:32:50,8080,238931,32,32,29203.564338829416,69.65864092947761,1,7,0,5840.32130160727,3133.953021839753,BENIGN
04/07/2017 09:32:53,443,388804,16,16,9267.723287241897,63.31363690830649,0,4,0,9274.708790404706,2688.733251487817,BENIGN
04/07/2017 09:32:52,8080,40948,13,18,14469.986054286312,25.85272085554299,0,8,0,8976.205158202587,1035.2154978168842,BENIGN
04/07/2017 09:32:53,25,260840,29,6,15772.491394136669,37.58155683269235,1,6,0,11437.099298659135,2719.433497513216,BENIGN
04/07/2017 09:32:54,53,532785,24,5,16266.753721801795,35.88414279090071,0,4,0,1404.23254882108,4009.26728579462,BENIGN
04/07/2017 09:32:56,22,208398,7,15,34522.22905550237,38.69225663420553,0,5,0,11457.936522248863,2333.822678121479,BENIGN
04/07/2017 09:32:55,22,336936,40,33,4394.475686601349,118.67352398614807,0,8,0,13490.152803939745,1696.5157419513096,BENIGN
04/07/2017 09:32:55,445,77807,4,6,29823.365941137068,9.642447143265784,1,5,0,13477.47585503634,4301.804247540038,BENIGN
04/07/2017 09:32:57,8080,488427,16,32,31085.321803710365,38.12617152303413,0,6,0,8677.149090223451,2939.1374139907857,BENIGN
04/07/2017 09:32:57,25,345700,25,27,12469.545434069289,81.81155644813502,1,9,0,12497.169824750916,3159.815899323457,BENIGN
04/07/2017 09:32:57,445,287996,15,7,19262.778175714207,12.378026214206017,0,10,0,3786.0440170669262,1153.2114164871841,BENIGN
04/07/2017 09:32:57,53,176576,24,9,10535.021748095298,31.20288729615005,0,8,0,3658.461567582118,2150.5120565315183,BENIGN
04/07/2017 09:32:59,25,152535,5,24,18581.758992431856,92.75663165609507,1,5,0,5466.654397247742,3585.9395279766627,BENIGN
04/07/2017 09:32:57,443,39001,30,17,30082.72238614564,26.083980210056357,1,1,0,11632.65042040724,2563.875968070655,BENIGN
04/07/2017 09:32:57,3306,549848,40,20,31639.33126236579,60.170822331100695,0,1,0,14995.01880733336,925.9006807593494,BENIGN
04/07/2017 09:32:57,8080,534943,24,23,13706.597299829413,48.92437437183342,1,8,0,10474.875675723644,2075.8751301854163,BENIGN
04/07/2017 09:32:57,8080,153173,16,5,27865.826842213704,66.92700762075012,0,5,0,3928.4398122251228,2941.402563222342,BENIGN
04/07/2017 09:32:58,53,172234,29,4,29493.990611115943,40.99356962634634,0,10,0,1138.5851798635083,2485.2650366270364,BENIGN
04/07/2017 09:32:58,22,193350,34,21,2650.322325418898,39.13621649426866,0,9,0,11717.36369383991,2712.4352547921753,BENIGN
04/07/2017 09:32:59,445,297528,21,6,8541.50926054046,5.201297905101689,0,7,0,8528.084821991642,4835.964634147127,BENIGN
04/07/2017 09:32:59,443,508159,36,22,34692.31083784712,101.0540156423469,1,7,0,13004.806608024188,1741.8568479855323,BENIGN
04/07/2017 09:33:02,53,374915,22,4,25336.41675315824,15.002205969128845,1,8,0,1898.5850281097416,2488.26738497934,BENIGN
04/07/2017 09:33:00,25,509764,40,29,20983.417905031525,104.33751138397713,0,4,0,2653.025223578798,682.9494151696931,BENIGN
04/07/2017 09:33:03,443,696632,26,7,31785.02976858168,101.15447830868877,1,2,0,12221.794924789538,589.442708530561,BENIGN
04/07/2017 09:33:01,8080,69686,10,12,26677.357297538638,98.76344013838613,1,4,0,10324.75982848911,2538.312054078558,BENIGN
04/07/2017 09:33:01,22,574249,17,10,16385.211077544554,101.37152260796117,0,1,0,6255.432140147126,3731.869574722996,BENIGN
04/07/2017 09:33:02,3306,606291,7,5,33015.26453027075,31.943490237473217,1,8,0,2719.2161367649082,3167.2599600854724,BENIGN
04/07/2017 09:33:02,8080,68005,18,20,8159.8761223959345,27.78808837092986,0,10,0,6547.404733233545,1284.5630094640244,BENIGN
04/07/2017 09:33:06,21,515784,37,14,26349.555174981426,103.89101631283336,0,5,0,7645.957272176022,3580.0885732993834,BENIGN
04/07/2017 09:33:02,25,226326,29,14,24125.13863664935,118.5763408460101,1,9,0,13163.305004887523,3850.5062042205427,BENIGN
04/07/2017 09:33:04,445,422238,25,33,8786.116521658358,14.450586815208158,1,7,0,4250.267308514033,1864.5080242386714,BENIGN
04/07/2017 09:33:03,3306,645905,27,17,10224.578730779162,73.29198527974935,0,5,0,6864.984812733015,4280.058427325424,BENIGN
04/07/2017 09:33:05,25,492755,37,2,29423.957961798293,90.94074895831217,0,10,0,12636.77284216478,4421.628989446386,BENIGN
04/07/2017 09:33:05,445,680520,39,23,26368.673853004988,56.385612756341295,1,3,0,2937.0069818290194,2591.80065050694,BENIGN
04/07/2017 09:33:06,25,88792,36,10,3704.706498802789,79.57143207319653,0,7,0,8085.227659320854,836.0103323927009,BENIGN
04/07/2017 09:33:06,443,636039,38,2,21847.297914962586,10.77793793021305,1,10,0,11401.37188511296,1911.0937721040473,BENIGN
04/07/2017 09:33:05,3306,711014,17,9,11438.935730568513,69.70184254876948,0,2,0,996.1428353976592,1851.0421275288106,BENIGN
04/07/2017 09:33:09,22,795956,3,10,25484.201600976518,31.473890653893143,1,5,0,13677.13491099413,3038.144267842883,BENIGN
04/07/2017 09:33:07,443,157803,29,6,1200.3005813178215,18.9084900898517,1,1,0,8175.329458417507,3218.377536612059,BENIGN
04/07/2017 09:33:10,8080,423902,16,25,10152.452512137774,115.33327264433784,0,5,0,8047.036068453685,2215.651667685733,BENIGN
04/07/2017 09:33:09,445,783655,10,24,11375.023978663914,59.16615783957979,0,2,0,8384.976889411033,1032.4498278560204,BENIGN
04/07/2017 09:33:10,8080,317875,14,9,19550.831031854752,114.32855929962001,1,3,0,6470.754188621144,195.00729757347676,BENIGN
04/07/2017 09:33:11,25,126730,26,8,12737.933447088535,103.11975955642298,0,5,0,9731.636178247312,4848.25277109403,BENIGN
04/07/2017 09:33:11,22,793666,33,13,6260.772563388993,111.68065663922862,1,3,0,4043.148090735448,2668.90760007052,BENIGN
04/07/2017 09:33:11,3306,81164,27,14,17880.23516840492,41.955138163982845,0,1,0,6163.558422275917,2952.5961629187714,BENIGN
04/07/2017 09:33:10,22,131713,13,25,27839.669917572963,37.35809974555177,1,9,0,5923.209075112105,4842.918823634408,BENIGN
04/07/2017 09:33:10,25,652961,25,35,16646.244381431243,40.02164986098191,1,3,0,6615.889718661974,3417.326819167067,BENIGN
04/07/2017 09:33:10,8080,562888,24,21,745.4169979476569,57.981600297792845,0,9,0,12071.356718114766,3702.2567639650965,BENIGN
04/07/2017 09:33:14,25,615633,37,22,27362.178421812492,59.74007418417302,0,2,0,11668.721572176242,4000.415462270226,BENIGN
04/07/2017 09:33:14,443,364652,8,8,1740.1565471868648,51.64140824444853,0,8,0,7311.587212274997,2490.1688671828315,BENIGN
04/07/2017 09:33:14,21,362200,4,17,6454.903644259065,100.32120770249263,1,7,0,13844.949538230772,4449.2144622939895,BENIGN
04/07/2017 09:33:15,80,786475,29,4,12834.297516641005,47.84543306271662,1,7,0,7725.935995481507,4961.069309819564,BENIGN
04/07/2017 09:33:15,22,260032,5,6,31541.805152318928,52.108873083017684,1,8,0,9139.300035889468,1135.2431160652366,BENIGN
04/07/2017 09:33:14,443,674344,29,2,5698.531311181581,60.161852436337746,1,8,0,12723.148647142601,2795.0518421302604,BENIGN
04/07/2017 09:33:15,21,21834,29,18,18287.066846996135,37.42310139979484,0,5,0,5443.962092782899,165.54797829970968,BENIGN
04/07/2017 09:33:14,80,316684,30,23,25557.822075944354,21.62470093722872,1,2,0,5745.512106370045,142.57184226452262,BENIGN
04/07/2017 09:33:15,22,392125,35,32,19816.55090290181,32.15177015706196,0,8,0,11327.49621826657,4976.95327090563,BENIGN
04/07/2017 09:33:14,443,372635,14,13,7287.619599387876,112.81915883663612,1,10,0,10331.884203847501,3937.5845357853,BENIGN
04/07/2017 09:33:16,445,249838,27,11,27869.57537180188,21.590527183761417,0,4,0,10022.54803651081,3465.7120746254145,BENIGN
04/07/2017 09:33:19,22,71897,38,32,9179.34642589704,108.32413339252422,0,7,0,715.045934699906,3966.378491100529,BENIGN
04/07/2017 09:33:19,443,183416,33,8,8567.114060692758,41.44841460008072,1,1,0,10104.13929307422,4801.20933603439,BENIGN
04/07/2017 09:33:16,25,354437,8,25,19092.122772814357,119.10722671801206,0,3,0,14751.609819690653,3042.067366549201,BENIGN
04/07/2017 09:33:17,443,421378,22,18,23114.409938645906,70.81911884150344,0,10,0,1455.8383253771049,4227.945675363121,BENIGN
04/07/2017 09:33:18,53,209585,9,22,32816.40659696027,33.85939905227299,0,4,0,7640.295271355985,2851.4182970335705,BENIGN
04/07/2017 09:33:18,443,226186,30,34,19993.014822771474,74.69447573434815,0,10,0,5127.297491238853,1859.1271136218159,BENIGN
04/07/2017 09:33:21,3306,638101,18,31,2278.847473821421,45.53705884156305,1,6,0,5445.621892289905,2761.456432935926,BENIGN
04/07/2017 09:33:19,80,196669,33,29,14456.583436637608,53.12074358145567,1,8,0,8811.853026055975,229.65411766929006,BENIGN
04/07/2017 09:33:19,8080,10226,15,12,11323.582873270978,6.983875047668473,1,3,0,7958.8141634843805,4538.125637527344,BENIGN
04/07/2017 09:33:19,25,203605,10,27,27000.873668812226,44.63263967116549,1,2,0,1421.183892502254,457.2571971793502,BENIGN
04/07/2017 09:33:23,443,304674,21,24,15097.7175196442,93.37036496370779,0,4,0,14488.635326639736,3177.4709295475245,BENIGN
04/07/2017 09:33:21,80,766009,14,26,34503.31680297883,13.830578827091216,0,7,0,6954.996488081003,3558.365666832101,BENIGN
04/07/2017 09:33:22,3306,318845,29,15,5614.457478549814,23.68832798225902,0,10,0,3340.2718573272523,1868.405424284745,BENIGN
04/07/2017 09:33:22,445,572828,39,31,18246.780625448824,82.72839618561123,1,4,0,1063.1956513084665,608.2639445005924,BENIGN
04/07/2017 09:33:23,443,448853,36,32,1201.9083093229247,12.774559203014427,0,4,0,5384.25068775022,2929.537681320695,BENIGN
04/07/2017 09:33:25,22,784145,37,5,25418.35441827995,90.9592040093807,0,1,0,1567.240888272118,922.9501019400003,BENIGN
04/07/2017 09:33:25,25,305083,39,4,17287.140765735898,75.42705253844444,1,2,0,8505.675017716421,4822.42676543153,BENIGN
04/07/2017 09:33:26,443,323668,32,22,25273.053010959877,89.53787837478923,0,4,0,12102.267562730998,2717.3262785563134,BENIGN
04/07/2017 09:33:23,25,327943,32,25,16644.72907279915,48.73081100942899,0,9,0,10855.971584093179,774.724824115642,BENIGN
04/07/2017 09:33:26,8080,776903,12,29,21142.910555078142,80.10719238142899,1,7,0,8893.178220729966,1438.3351140192676,BENIGN
04/07/2017 09:33:24,3306,20543,30,4,26225.663275682524,56.791906068069515,0,1,0,8355.197135559254,3760.1271230519687,BENIGN
04/07/2017 09:33:24,3306,405663,15,21,27096.90340695259,64.32819670748941,1,1,0,12163.071206409908,4667.480159557811,BENIGN
04/07/2017 09:33:28,8080,751773,6,27,10429.110288384412,61.18380574449175,0,6,0,6713.169785723243,195.22607348422343,BENIGN
04/07/2017 09:33:25,22,606872,8,27,5969.128756213709,119.96886622306656,1,5,0,2090.2531607003402,1279.9208875007669,BENIGN
04/07/2017 09:33:29,80,393083,12,21,26868.56862820391,72.19109695357236,1,3,0,3672.0151590958158,3222.4804821033977,BENIGN
04/07/2017 09:33:29,8080,641252,3,34,14295.141102075782,13.303215204443154,1,3,0,13011.273716069458,2854.9342756232154,BENIGN
04/07/2017 09:33:27,21,765691,15,9,2662.1538558000793,109.57899242004935,1,7,0,8555.267444988134,2815.608798970508,BENIGN
04/07/2017 09:33:29,445,35074,30,20,1072.3289025408967,77.13857327815708,1,3,0,5851.365350413642,891.8653911329998,BENIGN
04/07/2017 09:33:29,8080,533926,10,3,3041.0797440304264,86.38298662114283,1,7,0,894.521592257212,2593.0242686064494,BENIGN
04/07/2017 09:33:29,53,67394,11,19,19097.370101562545,101.55397368033505,1,8,0,1001.2868503361847,629.9120239983994,BENIGN
04/07/2017 09:33:30,22,782187,14,33,9256.415983900752,85.49714727584683,0,3,0,13342.663038428122,1530.4583149569203,BENIGN
04/07/2017 09:33:29,53,726855,37,18,33016.16736121809,59.06574585456772,1,10,0,2715.9183732465167,3984.7631428470777,BENIGN
04/07/2017 09:33:31,8080,713508,6,12,1391.2707037443356,19.627237147109376,0,6,0,12205.912874229045,277.9819462243303,BENIGN
04/07/2017 09:33:30,21,777050,4,9,15069.626652599292,24.85000171494292,1,2,0,9797.500549310367,1035.966539906221,BENIGN
04/07/2017 09:33:32,3306,542418,5,4,7441.991785946618,74.55558602840894,1,7,0,11154.638271430651,2484.4461794213526,BENIGN
04/07/2017 09:33:31,8080,792710,28,13,13180.75989888111,78.59981653809297,1,2,0,10584.694326043653,4581.327574338767,BENIGN
04/07/2017 09:33:33,21,152865,34,31,15802.208706532085,99.15264102230418,1,9,0,3989.0709618172996,4736.712971872191,BENIGN
04/07/2017 09:33:32,22,91197,29,14,19471.16351205033,93.83505363048455,0,8,0,8049.609852296438,824.2091557951056,BENIGN
04/07/2017 09:33:34,445,32688,16,10,28365.486921038075,79.44486888799707,1,10,0,2660.0648937619585,4308.6686044706175,BENIGN
04/07/2017 09:33:35,3306,389407,12,19,26222.761848159436,37.186783236170164,0,2,0,4404.346155967371,923.3326788678324,BENIGN
04/07/2017 09:33:32,445,21479,17,3,22762.567974718633,25.891253316575877,0,8,0,4764.7166999066685,141.99478899318942,BENIGN
04/07/2017 09:33:34,445,730429,40,21,26958.15019336401,11.089577982916431,0,8,0,14727.320919148262,2392.7566434091887,BENIGN
04/07/2017 09:33:36,25,649610,16,8,31044.328784317204,53.99248087644672,0,5,0,6910.072120003534,2156.490767153303,BENIGN
04/07/2017 09:33:33,25,177930,15,21,17941.49961407867,17.152944850267936,1,7,0,13861.309602016552,4526.765589852814,BENIGN
04/07/2017 09:33:35,445,342579,5,33,571.7688975264244,12.924544136098206,0,8,0,12105.524280704649,728.7363092890098,BENIGN
04/07/2017 09:33:37,443,548756,32,23,23108.250701067966,54.48290505253247,1,7,0,1381.5234772176223,3376.8005682698686,BENIGN
04/07/2017 09:33:38,443,14833,19,35,20508.931035163012,72.84350995197089,0,10,0,12701.584077867054,2705.780538185835,BENIGN
04/07/2017 09:33:35,53,149719,24,12,19522.382864865533,90.66785651431032,0,3,0,1299.7858248718035,3473.3508721554904,BENIGN
04/07/2017 09:33:37,53,195741,16,32,17173.11779350214,76.23376449364743,1,10,0,5411.670285984869,2637.688587740433,BENIGN
04/07/2017 09:33:38,3306,492111,33,31,15167.100773133227,63.56759666346023,0,10,0,7081.188249956309,2031.4879609850352,BENIGN
04/07/2017 09:33:38,21,475483,17,9,8449.05545257734,97.11330696620021,0,9,0,5850.295036329436,3707.1795613460345,BENIGN
04/07/2017 09:33:39,25,763684,32,28,4413.397977928238,90.20396621056295,1,10,0,12892.29224395509,1692.4315763139823,BENIGN
04/07/2017 09:33:41,3306,8902,12,22,19678.578262445648,30.36324201071788,1,9,0,7149.1972965185005,4135.148695801301,BENIGN
04/07/2017 09:33:40,25,445955,6,23,19312.9186854384,117.25868519266656,0,9,0,12401.170125732606,2341.3365601198434,BENIGN
04/07/2017 09:33:41,80,522737,9,13,25525.030529329826,104.79654988197228,0,9,0,2587.5458800235315,1266.5042731608469,BENIGN
04/07/2017 09:33:40,3306,582447,34,25,10551.099616855798,117.91066356863742,0,6,0,8072.068507170787,869.6469808728721,BENIGN
04/07/2017 09:33:39,80,736639,30,11,15685.435749255657,85.92801660148317,1,1,0,6999.401312387187,4004.5740449400146,BENIGN
04/07/2017 09:33:40,443,163257,35,19,17680.18815384665,34.2610874254392,1,2,0,12063.944133397023,2558.4265995555547,BENIGN
04/07/2017 09:33:43,53,375480,8,30,27044.37258236009,89.66506748452946,0,3,0,4455.321876522576,677.5022358420974,BENIGN
04/07/2017 09:33:42,53,17832,25,3,13256.15986239361,31.695771717066272,0,9,0,809.6229286008827,1438.1154836242852,BENIGN
04/07/2017 09:33:44,8080,439645,18,27,17985.215257669857,111.24033401765578,1,6,0,5158.706796491713,4897.906664592929,BENIGN
04/07/2017 09:33:42,22,787045,15,13,23030.210654413724,47.961207938628796,1,7,0,5485.573369953156,3577.537683193858,BENIGN
04/07/2017 09:33:45,8080,730022,37,4,5412.695814082355,31.791584603789293,1,10,0,3626.3417703664327,3543.625332215872,BENIGN
04/07/2017 09:33:43,3306,138695,10,31,14709.792909318116,14.329563350183626,0,1,0,9302.11945548199,3984.5312097799797,BENIGN
04/07/2017 09:33:43,21,718255,35,3,21160.265917949084,18.683393300497023,1,5,0,12974.235931082954,3490.0454240161766,BENIGN
04/07/2017 09:33:45,22,774120,3,5,11816.134413014726,69.16323511425544,1,3,0,4982.68117939523,1042.6937036857437,BENIGN
04/07/2017 09:33:46,25,190777,23,2,27317.048151995998,28.04583574080843,0,2,0,7432.801341599721,2935.2277780272757,BENIGN
04/07/2017 09:33:43,21,59778,6,21,1859.8049834667518,114.99387049160002,0,3,0,5627.4751870312975,1054.6811408805993,BENIGN
04/07/2017 09:33:45,8080,440976,8,14,13615.149811686138,112.11396477604566,0,9,0,8560.29097228402,3807.96687757473,BENIGN
04/07/2017 09:33:48,8080,665230,7,2,10953.955727973711,84.49061324056069,0,4,0,12635.933397993378,4577.787906897636,BENIGN
04/07/2017 09:33:48,22,271843,6,29,2443.684829757158,38.14532718885319,0,5,0,5692.603448947479,4352.3689160151225,BENIGN
04/07/2017 09:33:47,445,36346,21,34,7408.306918244322,47.62688384040935,0,3,0,9923.356936296512,3629.6868503753917,BENIGN
04/07/2017 09:33:45,8080,607152,17,18,18854.94455339809,101.24651439610207,1,9,0,6614.509463971429,4755.805428206123,BENIGN
04/07/2017 09:33:47,443,701380,24,4,9281.72455401557,48.380030497080874,1,6,0,9269.779066772744,4531.0522596503215,BENIGN
04/07/2017 09:33:47,53,453990,28,15,19491.850058625267,116.67522452823013,0,10,0,7947.441676335243,4303.912001323531,BENIGN
04/07/2017 09:33:47,3306,605823,22,12,20680.014358874767,77.29336225057216,1,3,0,11491.724227575078,2240.7685638428475,BENIGN
04/07/2017 09:33:47,8080,636948,36,17,7839.550344344034,18.17939271678828,0,8,0,3204.8621359424073,410.3518016699132,BENIGN
04/07/2017 09:33:48,25,579771,36,22,32885.477970463995,96.8821258993513,1,5,0,2913.9503620009086,4897.056445771255,BENIGN
04/07/2017 09:33:48,445,247544,33,10,32286.147337364167,113.76070051737983,1,5,0,2902.1150435809436,490.1078928282883,BENIGN
04/07/2017 09:33:49,22,310237,34,32,11923.577815312234,63.87503380022594,0,10,0,6076.6820427982775,2203.057158295632,BENIGN
04/07/2017 09:33:50,53,545629,10,31,31832.477254024798,44.758335114274246,1,10,0,4129.30893877634,1283.572218121688,BENIGN
04/07/2017 09:33:49,22,64814,5,18,32981.51102012118,57.05411225728174,0,8,0,11349.112205046753,4395.120196211278,BENIGN
04/07/2017 09:33:53,443,161859,30,19,28652.07582997093,15.092314203004213,1,5,0,2449.141980849401,160.4814930633759,BENIGN
04/07/2017 09:33:50,445,397440,28,4,20390.533242310335,117.45578011650453,0,9,0,5712.013808597212,4646.9790154407965,BENIGN
04/07/2017 09:33:53,53,673957,25,21,34188.70037810047,91.60567302190452,0,10,0,4144.021372334973,1561.6703996074093,BENIGN
04/07/2017 09:33:54,25,578914,13,3,2522.3589034099828,26.604767019043788,1,2,0,14043.276319932454,723.6232388385189,BENIGN
04/07/2017 09:33:54,8080,169961,13,11,22752.13648484691,58.001786648035896,0,5,0,763.2138735829126,1469.5663936801486,BENIGN
04/07/2017 09:33:53,21,656398,8,10,17275.43828004534,118.39410776838831,1,3,0,10670.614028927092,1188.59103285943,BENIGN
04/07/2017 09:33:54,21,758799,36,21,33770.600339002216,25.633886775224344,1,6,0,9768.34878887286,1378.4200428273693,BENIGN
04/07/2017 09:33:52,80,26506,16,35,34157.59201934741,113.10494529244383,1,8,0,2433.6103346555965,2164.376374352115,BENIGN
04/07/2017 09:33:57,445,21304,33,20,18777.040875000264,74.44056981318921,1,6,0,14831.940733304027,1294.4282301768335,BENIGN
04/07/2017 09:33:57,443,50209,39,17,12472.760757364274,9.422224147631567,0,2,0,2940.3373710461597,4261.8256756968285,BENIGN
04/07/2017 09:33:56,22,223556,12,19,29752.656218044765,49.46953561738258,0,9,0,6996.175303329006,1031.983715873543,BENIGN
04/07/2017 09:33:55,443,156423,16,32,12777.674667470852,47.54618905077734,0,10,0,3915.7988359149645,4684.206898897037,BENIGN
04/07/2017 09:33:56,80,699763,21,23,2228.6578153419696,114.6784758956409,0,7,0,3587.59220871564,969.1997994038509,BENIGN
04/07/2017 09:33:55,21,371807,14,19,22552.732722575114,63.32556818536892,0,10,0,7186.680348690904,1608.990538618078,BENIGN
04/07/2017 09:33:58,443,287519,12,17,24753.05335882259,83.0292020773733,0,9,0,8958.95415130707,4485.285466353359,BENIGN
04/07/2017 09:33:59,443,4577,29,29,34816.14317657146,79.64969104464636,1,7,0,2668.3228023843976,3712.9713017482095,BENIGN
04/07/2017 09:33:59,21,626602,26,13,22879.973925408285,70.7639986834094,0,9,0,13915.28737109369,1053.0943645785044,BENIGN
04/07/2017 09:33:59,445,502980,17,27,19217.51660727268,62.76929930112868,1,9,0,4174.900387531401,2590.28509419974,BENIGN
04/07/2017 09:33:58,8080,223978,14,8,23476.0605794767,112.88251432258122,0,7,0,11335.630472761206,4004.138439846277,BENIGN
04/07/2017 09:34:01,25,513108,24,29,20812.174330245452,67.87249581877992,0,8,0,12641.153175247204,3882.562565353928,BENIGN
04/07/2017 09:34:01,8080,439099,19,9,18786.47997898897,91.95032169388942,1,5,0,9966.073939881948,354.33750976162435,BENIGN
04/07/2017 09:34:01,53,691187,33,30,10137.556665895072,117.39295901442438,1,10,0,12922.334188171526,4675.973268084141,BENIGN
04/07/2017 09:34:02,8080,653878,34,26,24053.89992509619,60.05409786753301,0,10,0,7539.976085191444,2604.6198069553043,BENIGN
04/07/2017 09:34:02,80,195983,9,31,17198.27016188949,66.72863677488081,1,6,0,5817.606377327784,489.5520245423064,BENIGN
04/07/2017 09:34:00,22,536119,15,34,13285.788003380496,89.02440038977632,0,6,0,10133.915560674855,2728.798442038514,BENIGN
04/07/2017 09:34:03,443,121310,17,12,22342.571890375148,43.639482252150195,0,10,0,9644.219982441256,992.7160607424524,BENIGN
04/07/2017 09:34:01,22,634462,31,11,15974.59138893759,85.05587272295894,0,7,0,4265.754585705578,3861.0890061557743,BENIGN
04/07/2017 09:34:02,25,533132,16,4,33642.76908636808,19.768871551740038,1,4,0,14839.959733019161,2483.85205765459,BENIGN
04/07/2017 09:34:05,53,124875,37,28,24432.97439538004,79.88018544540176,0,4,0,7637.793122574133,2679.6339439032326,BENIGN
04/07/2017 09:34:04,21,332679,40,3,11884.573564478673,27.96183812806,1,5,0,14386.74054353802,2593.7102829447217,BENIGN
04/07/2017 09:34:03,445,174861,10,11,28901.596745527255,14.834381247453145,0,1,0,14663.774094120197,3893.8487077372765,BENIGN
04/07/2017 09:34:04,25,586842,10,29,12576.88904182023,99.69702947799045,0,5,0,14416.260730546684,2391.606411669004,BENIGN
04/07/2017 09:34:05,445,364031,35,7,25805.1795349995,47.462692663242166,0,5,0,1920.0833574809367,4390.208090110708,BENIGN
04/07/2017 09:34:07,21,408758,10,26,21021.74182707361,80.31468855266625,1,7,0,12000.663605656851,4684.899309715865,BENIGN
04/07/2017 09:34:07,21,420720,29,23,17788.36821697941,31.36307104370172,0,3,0,8171.4991965113,4558.79889439559,BENIGN
04/07/2017 09:34:07,22,569109,28,35,6326.498866045056,59.196213713849744,1,9,0,11777.533273455923,3522.9152237790267,BENIGN
04/07/2017 09:34:05,25,314023,38,6,28334.78605293025,101.00900484520402,0,8,0,13009.671890499107,3959.580806047302,BENIGN
04/07/2017 09:34:06,8080,75761,32,3,23234.518199811504,62.36158284729638,0,6,0,8066.470144565591,3167.807438437321,BENIGN
04/07/2017 09:34:09,445,611402,33,22,3929.2001039879165,6.966521992979587,0,1,0,11436.63115636135,2939.112539424266,BENIGN
04/07/2017 09:34:07,21,544342,5,9,8193.95672768944,82.1819170314173,1,1,0,5822.23012199582,1373.2117236434794,BENIGN
04/07/2017 09:34:08,445,286720,3,18,31108.215722385612,38.495648202499105,1,3,0,14688.912250099811,1210.2656117330632,BENIGN
04/07/2017 09:34:07,25,189523,6,28,6481.410941465198,78.12814079100869,0,8,0,7739.161273413809,4571.329999231577,BENIGN
04/07/2017 09:34:11,22,331314,28,19,11619.449370722772,22.05784951821585,0,2,0,14133.308965707089,4946.50417690348,BENIGN
04/07/2017 09:34:10,445,509352,18,4,30872.71711372483,32.69123465421076,0,1,0,10213.437658677849,3518.297267244623,BENIGN
04/07/2017 09:34:09,53,197677,8,16,13760.823147941608,116.92935749757604,1,4,0,3598.314041249618,4747.259584218925,BENIGN
04/07/2017 09:34:12,53,348804,35,16,7184.870652204419,15.502592196737176,0,1,0,13822.427637250343,843.2449316683428,BENIGN
04/07/2017 09:34:10,8080,683887,29,31,7547.274384178957,29.85595602246871,1,3,0,13681.574374595435,864.615786905135,BENIGN
04/07/2017 09:34:09,8080,38168,29,2,16432.587760624257,10.942836617043366,0,1,0,10844.388637800821,4126.336461730894,BENIGN
04/07/2017 09:34:11,8080,798625,40,9,656.3805952322004,94.83988453364506,1,7,0,621.3346659497169,1365.1978499628788,BENIGN
04/07/2017 09:34:11,3306,302083,37,17,15299.131462487829,31.573010526224223,1,1,0,6187.544576354948,4668.888292717326,BENIGN
04/07/2017 09:34:11,21,24771,3,34,23592.48918217151,115.32470006317254,1,6,0,1042.5854030965152,4061.4405430428947,BENIGN
04/07/2017 09:34:13,22,703577,4,20,28875.962475344233,72.27992023317591,1,7,0,11723.57051254694,2950.547148529753,BENIGN
04/07/2017 09:34:15,80,633547,25,14,18541.141566555663,18.86504305213974,1,5,0,7110.84628758378,2776.1374769443837,BENIGN
04/07/2017 09:34:15,21,696564,29,32,8359.590362126994,86.83436175925361,1,2,0,12308.068797845988,2847.466399707547,BENIGN
04/07/2017 09:34:16,25,531758,13,7,3292.498522622997,31.786954340161728,1,6,0,10919.394124987977,1907.8800933961943,BENIGN
04/07/2017 09:34:15,22,540256,32,15,1718.1140622048215,102.99536833046723,0,1,0,9085.545871854496,2832.367211419482,BENIGN
04/07/2017 09:34:16,445,654789,9,21,28231.555294537884,17.92892637875834,1,6,0,13928.484205316696,4837.6552163055985,BENIGN
04/07/2017 09:34:15,21,377506,11,15,32589.34886875102,110.07276641936197,1,6,0,1763.7664901825956,4394.810078465005,BENIGN
04/07/2017 09:34:15,3306,694098,10,29,19505.90046054274,73.1464946110698,1,6,0,2649.5936062938085,2653.7002300924323,BENIGN
04/07/2017 09:34:16,445,615545,38,35,13610.715060533037,28.419914214755124,1,2,0,7367.166780488006,153.7424803075546,BENIGN
04/07/2017 09:34:17,445,695265,7,22,16609.09238158249,47.7769018956512,1,3,0,12678.916588441463,1003.3347289728944,BENIGN
04/07/2017 09:34:17,53,281553,38,28,23863.062978982653,19.744414655646516,0,4,0,7224.9744802059595,2211.4180251615653,BENIGN
04/07/2017 09:34:16,21,119221,15,35,4734.205647682848,118.14738016423142,0,10,0,8186.270991251171,1888.2828257246615,BENIGN
04/07/2017 09:34:17,80,702575,11,12,30933.01417932574,10.260426026023804,0,3,0,5567.143496429302,2819.3267309511193,BENIGN
04/07/2017 09:34:20,25,397575,6,25,16638.13049948732,86.40158902683882,0,3,0,10156.423959706039,783.645041436375,BENIGN
04/07/2017 09:34:17,443,97022,40,5,26641.66560021687,19.866910258849387,0,7,0,7592.481149911584,4309.670533825976,BENIGN
04/07/2017 09:34:21,3306,155758,3,5,8664.523752041048,114.20760625171651,0,8,0,9966.407927823198,931.0936805042238,BENIGN
04/07/2017 09:34:21,8080,9652,28,11,23254.841416687806,19.59931387640058,0,8,0,10530.553926150764,4837.2855816664605,BENIGN
04/07/2017 09:34:20,445,475508,8,30,23907.40675303396,59.23722292277803,1,6,0,8379.101395816297,4935.078055175875,BENIGN
04/07/2017 09:34:19,445,215113,13,24,6479.805415397322,110.46280240296741,1,6,0,11919.207433854428,839.5127096216885,BENIGN
04/07/2017 09:34:19,443,255023,11,24,10028.681221129313,60.8885809334417,0,4,0,7438.880901418959,2968.080383694251,BENIGN
04/07/2017 09:34:22,80,432842,24,5,5052.762354405874,101.91348691656049,1,4,0,14816.244265179137,3810.925608620056,BENIGN
04/07/2017 09:34:21,80,437686,27,34,29926.486998766755,14.023058517996018,0,10,0,8982.561293233903,2425.6979472199764,BENIGN
04/07/2017 09:34:20,25,92599,34,7,4156.132634613056,108.52518660805491,0,4,0,8041.145334466357,1878.60702826196,BENIGN
04/07/2017 09:34:23,8080,440800,29,13,12142.044857355882,119.31778295575988,1,10,0,11798.248815650455,3927.2873614763853,BENIGN
04/07/2017 09:34:23,8080,378345,20,20,27812.04484659986,99.56100473924567,1,5,0,12269.736064711704,2447.291546184601,BENIGN
04/07/2017 09:34:24,3306,157025,22,24,5120.3435112120915,37.11133201651428,0,5,0,7576.685727558083,3642.6446624605146,BENIGN
04/07/2017 09:34:24,53,631691,32,32,29250.76645640804,28.13037541988751,1,6,0,14627.791511722853,3307.815355167488,BENIGN
04/07/2017 09:34:22,8080,23221,16,21,8933.715011699365,11.523950891736664,0,3,0,14039.991892299806,2839.0036454585215,BENIGN
04/07/2017 09:34:24,22,569733,37,27,23605.014157911148,8.141948094617481,1,2,0,3210.902133787552,3552.4156924190775,BENIGN
04/07/2017 09:34:25,25,170216,3,26,29922.2914104796,101.4368338400281,1,4,0,2276.8686409811444,3139.420270186427,BENIGN
04/07/2017 09:34:27,25,243692,32,17,26018.635374042227,44.98606870956104,0,6,0,6050.731340127577,3066.0115096188233,BENIGN
04/07/2017 09:34:27,21,355376,25,2,13452.09034515959,52.63920282326147,1,6,0,5939.526311662082,4479.519525138544,BENIGN
04/07/2017 09:34:28,443,288836,10,14,16721.637719090126,73.54198455527191,0,1,0,14030.059687510706,4860.892334406119,BENIGN
04/07/2017 09:34:26,21,651332,34,28,29319.478809677374,62.52531192223236,0,3,0,5852.290541222304,3093.405470416639,BENIGN
04/07/2017 09:34:26,53,388368,12,35,26080.158561161898,82.78011087868674,1,10,0,2969.903958976145,1591.093594208969,BENIGN
04/07/2017 09:34:27,8080,267656,33,11,20753.473662626457,78.08930365046345,1,10,0,3242.7810932109965,3376.7006976366765,BENIGN
04/07/2017 09:34:28,3306,266300,21,22,3801.2418607074387,7.841964410836731,1,2,0,7449.358836141351,2096.509843287039,BENIGN
04/07/2017 09:34:30,445,288732,33,10,5563.278840849433,13.632388552315255,1,2,0,4166.992843831127,1953.851434349602,BENIGN
04/07/2017 09:34:27,3306,509446,25,28,33584.01969682586,6.542635858637855,0,8,0,11507.285765570226,2661.287128575823,BENIGN
04/07/2017 09:34:28,3306,345049,21,24,14117.145294989736,29.419594109186647,1,1,0,10693.264557656861,4630.196141523689,BENIGN
04/07/2017 09:34:30,445,562628,22,21,21447.74696323074,99.7149079575689,1,3,0,12111.948083551157,1338.2995239770673,BENIGN
04/07/2017 09:34:29,21,127463,38,34,26967.922186718606,96.93000722194012,1,7,0,5818.370733410473,3273.8838010156546,BENIGN
04/07/2017 09:34:31,21,11424,36,23,6890.061647002139,89.10463161823024,1,3,0,10020.4273046754,364.7074231352252,BENIGN
04/07/2017 09:34:30,445,326045,38,33,30281.84086434302,74.61146611803198,0,10,0,5531.054659571565,126.27327182826856,BENIGN
04/07/2017 09:34:32,21,351492,27,21,34172.87708972044,45.10076439620524,0,6,0,766.9643950361444,3461.090041036487,BENIGN
04/07/2017 09:34:33,8080,653835,20,9,22952.40696991283,114.47180560739385,0,1,0,5969.898842952854,4682.873832171956,BENIGN
04/07/2017 09:34:33,25,129405,28,15,31485.273234792425,108.82566661929482,1,5,0,5186.545489961179,1322.5108309405841,BENIGN
04/07/2017 09:34:32,21,135578,8,12,6466.968729183957,83.48927409861793,0,8,0,4476.601284660595,3474.3318912899645,BENIGN
04/07/2017 09:34:31,53,707746,8,20,10127.876077294644,11.725946530185379,0,2,0,6883.15391332126,1677.3087562603014,BENIGN
04/07/2017 09:34:35,25,289606,22,24,18229.00083373497,51.002468219295466,0,10,0,12735.023769309326,2039.2000083739952,BENIGN
04/07/2017 09:34:35,8080,426568,20,7,22365.02475129129,68.99134244623002,1,5,0,6557.569124696676,3363.330260012372,BENIGN
04/07/2017 09:34:34,25,620608,25,29,20472.10584938395,95.45605496427301,1,4,0,5900.226724840425,4290.425977314402,BENIGN
04/07/2017 09:34:37,445,493366,34,25,33213.320125269835,68.09941250471664,0,4,0,11590.79239142694,3853.251179864696,BENIGN
04/07/2017 09:34:35,21,426893,33,17,8855.0294593573,25.81928905886871,0,3,0,3992.3112773627736,4645.956965676324,BENIGN
04/07/2017 09:34:36,22,301873,13,22,1751.7651198569508,82.32832537849299,0,5,0,3240.32200569354,2086.807593235093,BENIGN
04/07/2017 09:34:35,21,169942,29,7,3097.933707325764,100.034765647712,0,3,0,14753.189133998161,3427.571685485492,BENIGN
04/07/2017 09:34:36,25,141144,25,16,16068.249326416286,75.0953592744671,1,10,0,2984.6947343496913,383.199400391034,BENIGN
04/07/2017 09:34:37,3306,319903,38,11,16772.680007090486,13.229051120494951,1,6,0,10891.359699783918,2369.3071475319703,BENIGN
04/07/2017 09:34:35,53,665226,27,19,26422.630034759743,18.48251532568323,1,8,0,8957.348355769935,2437.6504466757465,BENIGN
04/07/2017 09:34:39,22,742597,15,11,19778.932550763024,115.89619965940994,0,5,0,11431.104338832809,3347.3991804938682,BENIGN
04/07/2017 09:34:37,25,20466,39,18,19029.435170978406,5.285107917556197,1,8,0,13484.462429802095,2342.8475590093694,BENIGN
04/07/2017 09:34:37,445,468716,12,35,3553.559564704262,23.512075333976625,0,2,0,6375.633263205278,632.7514431331268,BENIGN
04/07/2017 09:34:39,22,167174,38,4,7721.618967158628,106.15912510585645,1,9,0,1769.7768100257506,1785.0346455443125,BENIGN
04/07/2017 09:34:37,22,172272,31,6,14939.385032309903,41.8875650545591,0,5,0,8733.241780336532,1401.6338495664156,BENIGN
04/07/2017 09:34:39,22,536962,7,5,9724.23533987671,40.70963483357272,1,4,0,14909.749852752115,2920.8053425134503,BENIGN
04/07/2017 09:34:38,53,612962,8,30,2260.9873253871765,11.97482522572723,0,1,0,12427.345142141829,1638.6435667021697,BENIGN
04/07/2017 09:34:41,25,133769,20,27,25816.173147849815,31.092597092188807,0,2,0,12374.180013272147,185.00677866014246,BENIGN
04/07/2017 09:34:41,445,715580,7,9,24681.65320047492,106.93614047396999,0,3,0,5449.86476882916,3090.733352914041,BENIGN
04/07/2017 09:34:42,8080,312766,3,11,26739.384136783232,16.63056218849615,1,8,0,8626.803801945209,4094.05551085446,BENIGN
04/07/2017 09:34:44,445,539864,14,20,33494.58154733878,43.601286385339854,1,9,0,14734.59313182639,1742.4091367127394,BENIGN
04/07/2017 09:34:42,3306,502967,3,33,5117.501934667173,100.34998888316801,1,6,0,13133.726727130135,477.64597909267394,BENIGN
04/07/2017 09:34:42,8080,204813,32,12,19161.646413660685,11.727254317309669,1,4,0,10953.667030491573,212.80801406522613,BENIGN
04/07/2017 09:34:42,53,447380,11,32,5964.0450798469765,22.230205000925245,0,5,0,5264.294144941076,635.2530897613099,BENIGN
04/07/2017 09:34:45,80,439675,35,15,26841.75761880406,119.59455470418013,0,3,0,9000.643064556642,710.5682485755182,BENIGN
04/07/2017 09:34:43,22,480005,38,25,1717.3327517385412,108.32784152811159,0,3,0,11100.239698706138,1520.0133380464188,BENIGN
04/07/2017 09:34:44,80,519808,21,26,13277.465424238997,9.872910043630984,0,4,0,536.017868316789,1591.8782390392282,BENIGN
04/07/2017 09:34:43,53,69658,7,23,4608.631736803373,38.72351777253021,1,6,0,3401.172611927402,4368.919924659732,BENIGN
04/07/2017 09:34:47,53,768625,3,26,18440.41146682472,33.906603056489075,1,3,0,13716.186345467439,4070.5704212671394,BENIGN
04/07/2017 09:34:47,3306,329904,35,24,10810.892285553093,25.069862764565517,0,7,0,10122.710009816445,4259.504524803284,BENIGN
04/07/2017 09:34:46,25,324509,32,12,17841.447356124838,109.93106302998802,1,9,0,8143.001208353233,2977.745419982221,BENIGN
04/07/2017 09:34:45,21,288476,26,33,29794.636164557676,69.73708819165059,0,7,0,7261.653110856843,899.5428926226504,BENIGN
04/07/2017 09:34:47,21,447021,26,28,10910.22748983736,68.88263837305573,0,3,0,9807.329658949928,2512.313485828014,BENIGN
04/07/2017 09:34:45,53,279160,3,12,30166.490876384658,34.63632235462927,1,6,0,14841.682558416764,3083.172633534108,BENIGN
04/07/2017 09:34:48,8080,90593,8,22,33938.01937707599,101.03427585517491,1,1,0,14176.771635771265,273.68131864062434,BENIGN
04/07/2017 09:34:50,443,667327,33,23,25867.760264270462,32.27522170440608,1,5,0,9462.281505025046,3527.73966075268,BENIGN
04/07/2017 09:34:47,8080,168301,12,20,11141.286125187164,33.42706383803194,0,6,0,9220.189549613753,1149.5890441194197,BENIGN
04/07/2017 09:34:50,443,748762,14,21,24558.773274363877,33.34416868979858,1,4,0,14199.047969529913,2091.3194913764596,BENIGN
04/07/2017 09:34:51,53,113449,11,17,13276.384089641357,86.34008210440584,1,4,0,7192.813349190479,704.2615033253812,BENIGN
04/07/2017 09:34:48,3306,521827,31,9,20170.732286216222,62.3444538618579,0,7,0,7750.199598353467,3162.022958574185,BENIGN
04/07/2017 09:34:50,25,773734,17,7,24389.718107778448,63.958818522382,0,8,0,2866.5026005972877,4118.586371918331,BENIGN
04/07/2017 09:34:49,53,366592,39,6,553.7805266091466,66.45577028114657,1,9,0,5335.810389384918,438.3576743458923,BENIGN
04/07/2017 09:34:52,25,46524,14,25,8212.487327397535,82.23519657130275,1,9,0,4765.137974971973,4310.352814625385,BENIGN
04/07/2017 09:34:50,21,671948,31,34,13038.856753771564,44.912837385955974,1,10,0,9988.019085578577,2553.818440482722,BENIGN
04/07/2017 09:34:52,443,685912,20,9,10780.326085901985,16.28716087804024,1,2,0,10079.876902799253,4489.408202620023,BENIGN
04/07/2017 09:34:54,443,311322,36,34,24120.923074613784,46.91688107943413,1,2,0,1003.7218329698559,2642.5609563326875,BENIGN
04/07/2017 09:34:55,80,107944,6,35,30544.582818232022,72.00528138055212,0,2,0,776.2822785848543,3660.6065992157755,BENIGN
04/07/2017 09:34:54,25,511660,18,31,2381.8415332961076,77.25365983011844,1,2,0,1230.0807954168026,979.6129597618404,BENIGN
04/07/2017 09:34:52,445,79595,15,32,13312.301179182974,35.92712863754508,1,1,0,3487.0839249030846,3178.524880846799,BENIGN
04/07/2017 09:34:54,21,691968,34,4,19077.48479129778,43.942498895012015,0,2,0,10930.839280803913,3418.708402971871,BENIGN
04/07/2017 09:34:54,80,316694,20,5,5788.504820076921,22.339883265531533,0,3,0,6752.4204775656635,2076.4521416750426,BENIGN
04/07/2017 09:34:56,25,99942,24,5,15915.763825980184,72.09546553526205,0,10,0,522.2917396507573,2938.7992686380335,BENIGN
04/07/2017 09:34:55,8080,729651,40,12,4690.579691748043,49.80442916544893,0,8,0,9747.350348457221,2508.9193112261814,BENIGN
04/07/2017 09:34:54,21,553683,35,19,12701.502072739955,62.380959938880665,1,5,0,11857.298856043119,608.0216772881756,BENIGN
04/07/2017 09:34:56,443,657031,24,29,19255.563813263954,38.465364087015004,1,9,0,6660.146600524997,4718.40230459835,BENIGN
04/07/2017 09:34:55,53,226172,36,15,28316.02778625012,81.07379706630826,1,4,0,14982.368028760322,3354.8358896790182,BENIGN
04/07/2017 09:34:58,21,493293,22,16,24425.604451074385,114.99562231009875,1,2,0,3528.094312307949,415.2542188804172,BENIGN
04/07/2017 09:34:58,80,203423,21,15,24950.443583150187,41.006566155231496,0,8,0,11559.11574763779,3128.3674575899054,BENIGN
04/07/2017 09:34:58,443,785016,26,13,34212.303902866945,46.30488135713947,0,7,0,3843.789882444314,3393.618463756918,BENIGN
04/07/2017 09:34:56,8080,470637,31,8,6701.530102991231,33.702370068342276,1,4,0,7733.274568866501,940.6545434836875,BENIGN
04/07/2017 09:34:59,22,5863,27,11,34916.33427989548,117.20507732248873,0,9,0,981.0236199160508,3979.5087263490764,BENIGN
04/07/2017 09:34:57,8080,793901,27,4,11632.995905123425,33.648993636068596,0,3,0,10165.433740137816,3022.71403552648,BENIGN
04/07/2017 09:35:00,445,715742,27,10,34768.08307026081,40.909963673300894,1,7,0,2985.7539641515873,3185.002127666571,BENIGN
04/07/2017 09:34:58,21,549206,4,27,30054.522372349165,22.05819019906576,1,8,0,8238.444414141348,3085.6313988652532,BENIGN
04/07/2017 09:35:01,3306,389527,14,29,15152.435704731623,85.20220339812165,1,6,0,8201.409253199483,1185.6749621327042,BENIGN
04/07/2017 09:35:00,25,199728,26,7,29804.962544013368,26.12123929885003,1,6,0,3451.775687782082,4215.448944005752,BENIGN
04/07/2017 09:35:01,80,219633,8,29,18776.295308255383,100.66740879476998,1,10,0,4550.648538344454,598.1319372846884,BENIGN
04/07/2017 09:00:12,80,0,1,0,inf,inf,1,0,0,,0.0,BENIGN
